Term	Overlap	P-value	Adjusted P-value	Old P-value	Old Adjusted P-value	Z-score	Combined Score	Genes
extracellular matrix organization (GO:0030198)	21/92	1.9644e-13	1.8033444e-10	5.2525e-13	4.8218508e-10	-1.2118166276141993	35.45582209522603	col27a1a;col27a1b;col2a1a;col28a1a;col5a2a;col5a3b;col8a1a;col11a2;col17a1a;zgc:113232;col10a1a;col11a1b;col8a2;col4a5;col9a3;col9a2;col9a1a;loxl3a;col1a1a;col1a1b;col1a2
notochord morphogenesis (GO:0048570)	6/15	2.51269103346e-6	5.7666259218102e-4	9.55440508548e-6	0.00219273596711821	-2.624105940006256	33.83563201814143	col27a1a;col27a1b;col8a1a;fbn2b;loxl5b;ngs
entrainment of circadian clock by photoperiod (GO:0043153)	3/8	0.0012677818666351	0.14547796919637845	0.00224922644737592	0.18770817079010016	-3.390705551737746	22.61765549723996	per2;per3;per1a
pyrimidine dimer repair (GO:0006290)	2/6	0.01196531135148581	0.4576731591943323	0.01603738302583007	0.5031595967231233	-4.855453875701777	21.48899360524863	cry-dash;ddb2
response to light stimulus (GO:0009416)	14/84	1.4761602466e-7	4.517050354727e-5	1.4444008443e-7	4.419866583768e-5	-1.325649107437397	20.850672639874546	per2;per3;cry5;rhol;opn4a;rlbp1a;opn1sw1;opn1sw2;per1a;rho;opn1lw2;opn1mw1;npas2;ddb2
skeletal system development (GO:0001501)	18/137	1.1334075909e-7	4.517050354727e-5	6.308312029e-8	2.895515221424e-5	-1.220741505102137	19.52315651876011	col27a1a;col27a1b;col2a1a;cmn;egf;vcanb;col11a2;spp1;myhz2;matn1;camk1da;and2;and1;wisp3;col1a1a;col1a1b;col1a2;ucmab
photoperiodism (GO:0009648)	4/16	0.0010153294785597	0.13315320875968717	0.00139029608473806	0.1418102006432825	-2.812929463878709	19.388234781524165	per2;per3;per1a;npas2
quaternary ammonium group transport (GO:0015697)	2/6	0.01196531135148581	0.4576731591943323	0.01603738302583007	0.5031595967231233	-4.112556073147927	18.201118457608477	slc25a47a;slc22a21
AMP biosynthetic process (GO:0006167)	2/6	0.01196531135148581	0.4576731591943323	0.01603738302583007	0.5031595967231233	-3.8987185274894	17.25472832213345	adssl1;adss
cellular response to radiation (GO:0071478)	8/47	6.084999335233e-5	0.01117205877948899	6.380282656319e-5	0.01171419895700214	-1.7435732805551285	16.925038182692273	opn1sw1;opn1sw2;rhol;rho;opn4a;opn1lw2;opn1mw1;bbc3
cardiac cell development (GO:0055006)	3/13	0.00580166759541624	0.313290050152477	0.00695459960029891	0.3546845796152445	-3.195607826356892	16.456133655356677	fbn2b;mef2ca;mef2cb
response to hydrogen peroxide (GO:0042542)	2/8	0.02148063678002576	0.5329520152449635	0.02493314435466147	0.5201960572177099	-4.1663847953377475	16.00143146289366	per2;per1a
purine ribonucleoside monophosphate metabolic process (GO:0009167)	2/8	0.02148063678002576	0.5329520152449635	0.02493314435466147	0.5201960572177099	-4.120760429802452	15.826206371114337	adssl1;adss
myoblast differentiation (GO:0045445)	2/7	0.01642742305144983	0.510832861715386	0.02027985302696684	0.5031595967231233	-3.8216267806253374	15.702312358178482	ankrd1b;tnni3k
cation transmembrane transport (GO:0098655)	3/16	0.01064022062824496	0.4576731591943323	0.01138291334413342	0.47497792954156726	-3.2413649509035887	14.725890680570735	rhcga;zgc:175280;rhcgb
skeletal muscle cell differentiation (GO:0035914)	3/14	0.00722434551861571	0.3490499571625909	0.00828955182742891	0.39037826848281887	-2.9101173102536086	14.347747401692596	ankrd1b;tnni3k;myf6
cellular response to ketone (GO:1901655)	2/8	0.02148063678002576	0.5329520152449635	0.02493314435466147	0.5201960572177099	-3.6830783242917144	14.145243004095972	pck1;cftr
cardiocyte differentiation (GO:0035051)	4/21	0.00297154409033288	0.21245191771319424	0.00328836816937826	0.21562299853494596	-2.3961313719054935	13.942306273247262	plekha7a;ptch1;mef2ca;mef2cb
IMP metabolic process (GO:0046040)	2/6	0.01196531135148581	0.4576731591943323	0.01603738302583007	0.5031595967231233	-3.0032077739746983	13.29142739325222	adssl1;adss
cellular response to xenobiotic stimulus (GO:0071466)	5/32	0.0022531078706117	0.1880320932019588	0.00220658050964295	0.18770817079010016	-2.1229412874204225	12.940271303782968	cyp1a;tiparp;nt5c2l1;ahrrb;ahrra
ammonium transmembrane transport (GO:0072488)	2/9	0.02708646000071774	0.5443763931889657	0.0299740150015062	0.5375143095488398	-3.57464987088155	12.899915153841407	rhcga;rhcgb
pronephric duct morphogenesis (GO:0039023)	2/10	0.03320814598974082	0.5443763931889657	0.03538012572218009	0.5375143095488398	-3.720851687820996	12.669351430935157	slc12a3;tbx16
peptidyl-lysine oxidation (GO:0018057)	2/10	0.03320814598974082	0.5443763931889657	0.03538012572218009	0.5375143095488398	-3.698555676778844	12.593434403571331	loxl3a;loxl5b
development of primary male sexual characteristics (GO:0046546)	1/6	0.16395076509277215	0.639121023225342	0.163736854881302	0.58694553693977	-6.890756124360816	12.459790177394073	col9a3
synaptic vesicle cycle (GO:0099504)	2/9	0.02708646000071774	0.5443763931889657	0.0299740150015062	0.5375143095488398	-3.39284133582525	12.2438188196032	slc32a1;slc17a7a
thymus development (GO:0048538)	3/19	0.01725034718210998	0.510832861715386	0.01711555478007512	0.5031595967231233	-3.0088022960515604	12.215505671898114	foxn1;ndrg1b;rag2
visual perception (GO:0007601)	4/26	0.00661016233401307	0.33711827903466696	0.006456266359064	0.3486383833894562	-2.3985537563176336	12.03869405002707	arr3a;crx;grk7a;pcdh15b
embryonic skeletal system development (GO:0048706)	4/25	0.00572412216308309	0.313290050152477	0.0057064516221172	0.3274076618189747	-2.3301732996485063	12.03083871288713	col2a1a;cmn;myhz2;ucmab
regulation of oligodendrocyte progenitor proliferation (GO:0070445)	1/6	0.16395076509277215	0.639121023225342	0.163736854881302	0.58694553693977	-6.564307948604617	11.869510141312748	ihhb
intrinsic apoptotic signaling pathway in response to endoplasmic reticulum stress (GO:0070059)	1/6	0.16395076509277215	0.639121023225342	0.163736854881302	0.58694553693977	-6.43380351130304	11.633533439097452	bbc3
regulation of synaptic transmission, glutamatergic (GO:0051966)	5/38	0.00486089561444077	0.305421988750586	0.00431121258880275	0.26384621043472883	-2.169747814971135	11.557232416501694	grm3;drd4a;cacng7a;grm6a;shank2
cellular response to light stimulus (GO:0071482)	7/46	3.6219107044948e-4	0.05541523377877084	3.4117019082425e-4	0.05219903919611155	-1.4345913158218704	11.366752843225884	opn1sw1;opn1sw2;rhol;rho;opn4a;opn1lw2;opn1mw1
nephric duct morphogenesis (GO:0072178)	2/11	0.03981062472145036	0.5800976745125624	0.04113000958587696	0.574664871070756	-3.4165113955869417	11.013539417333474	slc12a3;tbx16
cAMP metabolic process (GO:0046058)	2/10	0.03320814598974082	0.5443763931889657	0.03538012572218009	0.5375143095488398	-3.227310629375165	10.988863833025086	adcy1b;adcy1a
neurotransmitter loading into synaptic vesicle (GO:0098700)	2/10	0.03320814598974082	0.5443763931889657	0.03538012572218009	0.5375143095488398	-3.181474823566731	10.83279474437855	slc32a1;slc17a7a
connective tissue development (GO:0061448)	8/90	0.0049905553717416	0.305421988750586	0.00325638185523921	0.21562299853494596	-2.0166956544623593	10.688906599595834	camk1da;arid5b;egf;and2;and1;col11a2;wisp3;matn1
growth plate cartilage chondrocyte differentiation (GO:0003418)	3/20	0.01986002963466433	0.5329520152449635	0.01932370381986254	0.5031595967231233	-2.703117040943435	10.593640373347718	matn3b;matn3a;matn1
chondrocyte morphogenesis involved in endochondral bone morphogenesis (GO:0003414)	3/20	0.01986002963466433	0.5329520152449635	0.01932370381986254	0.5031595967231233	-2.7028773026186914	10.592700827794353	matn3b;matn3a;matn1
T cell differentiation in thymus (GO:0033077)	2/11	0.03981062472145036	0.5800976745125624	0.04113000958587696	0.574664871070756	-3.2535862071271904	10.488330285148011	ptger4a;rag2
sensory perception of light stimulus (GO:0050953)	3/21	0.02267477722536543	0.5337293716124479	0.0216817645954514	0.5103553820160099	-2.7670593803163284	10.477476175726189	arr3a;crx;grk7a
pancreas regeneration (GO:1990798)	3/21	0.02267477722536543	0.5337293716124479	0.0216817645954514	0.5103553820160099	-2.7099325737878166	10.261165402399245	camk1da;fhl1b;glis3
regulation of ossification (GO:0030278)	2/13	0.05432566701683801	0.639121023225342	0.05357941450641453	0.58694553693977	-3.507420819896965	10.216269717312876	col1a1a;mef2ca
purine ribonucleotide metabolic process (GO:0009150)	2/12	0.04686043633775733	0.6213990296765941	0.0472030424754315	0.5777652398992816	-3.3144190856153233	10.144049850787775	adssl1;adss
adenylate cyclase-inhibiting G-protein coupled glutamate receptor signaling pathway (GO:0007196)	1/6	0.16395076509277215	0.639121023225342	0.163736854881302	0.58694553693977	-5.382391731013835	9.73238210882032	grm6a
notochord development (GO:0030903)	7/59	0.00166214252171798	0.1591270069462563	0.00130588853188329	0.1418102006432825	-1.5133393556204762	9.68483892792018	col27a1a;col27a1b;col2a1a;col8a1a;fbn2b;loxl5b;ngs
histone monoubiquitination (GO:0010390)	1/6	0.16395076509277215	0.639121023225342	0.163736854881302	0.58694553693977	-5.315744120930534	9.6118706261215	ddb2
detection of visible light (GO:0009584)	2/12	0.04686043633775733	0.6213990296765941	0.0472030424754315	0.5777652398992816	-3.0697529597389424	9.39522922383065	grk7a;pcdh15b
myelination of posterior lateral line nerve axons (GO:0048932)	1/6	0.16395076509277215	0.639121023225342	0.163736854881302	0.58694553693977	-5.183220924658337	9.37224362592167	egr2b
animal organ regeneration (GO:0031100)	3/23	0.02891938455374644	0.5443763931889657	0.026848160242577	0.5357958935366455	-2.6131805187620483	9.259134006550108	camk1da;fhl1b;glis3
cardiac muscle tissue development (GO:0048738)	6/49	0.0030085783554156	0.21245191771319424	0.00249401746587097	0.19079233613912944	-1.593029526792988	9.249587618062863	mybpha;plekha7a;lrrc39;mef2ca;mef2cb;mybpc1
positive regulation of cysteine-type endopeptidase activity (GO:2001056)	2/13	0.05432566701683801	0.639121023225342	0.05357941450641453	0.58694553693977	-3.173499398443927	9.243637267108925	bcl2l16;bbc3
neurotransmitter transport (GO:0006836)	2/10	0.03320814598974082	0.5443763931889657	0.03538012572218009	0.5375143095488398	-2.665989398157065	9.077587453150883	slc32a1;slc17a7a
pyruvate metabolic process (GO:0006090)	3/22	0.02569472056183779	0.5443763931889657	0.02418995501666528	0.5201960572177099	-2.473014819690476	9.054868913518522	agxtb;me1;pck1
carnitine metabolic process (GO:0009437)	2/11	0.03981062472145036	0.5800976745125624	0.04113000958587696	0.574664871070756	-2.8065296389712504	9.047189142893046	zgc:154046;cpt1b
L-arginine import across plasma membrane (GO:0097638)	1/7	0.18853798875729025	0.639121023225342	0.18483677942362425	0.58694553693977	-5.251480186346527	8.7618623682189	zgc:175280
intrinsic apoptotic signaling pathway (GO:0097193)	4/34	0.0170564805994092	0.510832861715386	0.01487003839982333	0.5031595967231233	-2.149009691927287	8.749102098338916	bcl2l16;znf385b;diabloa;bbc3
positive regulation of stress-activated MAPK cascade (GO:0032874)	2/12	0.04686043633775733	0.6213990296765941	0.0472030424754315	0.5777652398992816	-2.852040067434575	8.728901165837138	lepb;dusp22b
hepatocyte differentiation (GO:0070365)	1/6	0.16395076509277215	0.639121023225342	0.163736854881302	0.58694553693977	-4.754735022721064	8.597460084644464	pck1
cardiac muscle cell differentiation (GO:0055007)	3/22	0.02569472056183779	0.5443763931889657	0.02418995501666528	0.5201960572177099	-2.345236603589023	8.587012842624976	plekha7a;mef2ca;mef2cb
negative regulation of nuclear division (GO:0051784)	1/6	0.16395076509277215	0.639121023225342	0.163736854881302	0.58694553693977	-4.718286598783219	8.53155444143693	wnt4b
striated muscle cell differentiation (GO:0051146)	4/32	0.0138465397777656	0.47078235244403066	0.01233868927211678	0.492474641382748	-1.9924802858061983	8.527257555630495	plekha7a;ihhb;mef2ca;mef2cb
positive regulation of cell division (GO:0051781)	1/6	0.16395076509277215	0.639121023225342	0.163736854881302	0.58694553693977	-4.515270904017063	8.164463673188498	fgf1a
negative regulation of translational initiation (GO:0045947)	1/7	0.18853798875729025	0.639121023225342	0.18483677942362425	0.58694553693977	-4.8820730714662615	8.145522939416162	gra
cAMP biosynthetic process (GO:0006171)	2/10	0.03320814598974082	0.5443763931889657	0.03538012572218009	0.5375143095488398	-2.391850183886582	8.144154374385218	adcy1b;adcy1a
endocardial cell differentiation (GO:0060956)	1/6	0.16395076509277215	0.639121023225342	0.163736854881302	0.58694553693977	-4.478789744162756	8.098498837253343	fbn2b
triglyceride biosynthetic process (GO:0019432)	2/13	0.05432566701683801	0.639121023225342	0.05357941450641453	0.58694553693977	-2.7288366880754116	7.948442189122934	pck1;lpin1
collagen fibril organization (GO:0030199)	3/23	0.02891938455374644	0.5443763931889657	0.026848160242577	0.5357958935366455	-2.2408405318710796	7.939842893721129	col2a1a;col11a2;loxl3a
pronephric glomerulus morphogenesis (GO:0035775)	2/15	0.07038209245709774	0.639121023225342	0.06716684242180938	0.58694553693977	-2.9810974462209345	7.911285342511186	abrab;tbx16
growth plate cartilage morphogenesis (GO:0003422)	3/24	0.03234773604969452	0.5443763931889657	0.02965595476986835	0.5375143095488398	-2.301932255447659	7.89841583664902	matn3b;matn3a;matn1
synaptic vesicle endocytosis (GO:0048488)	2/15	0.07038209245709774	0.639121023225342	0.06716684242180938	0.58694553693977	-2.9475303829455264	7.822204518931089	syt5b;dnm1a
heart formation (GO:0060914)	2/12	0.04686043633775733	0.6213990296765941	0.0472030424754315	0.5777652398992816	-2.5530326558753567	7.813764603362082	mef2ca;mef2cb
embryonic organ morphogenesis (GO:0048562)	8/76	0.00173340966172392	0.1591270069462563	0.00121926930824585	0.1418102006432825	-1.1770719969950303	7.483429328804965	col27a1a;col27a1b;col8a1a;fbn2b;loxl5b;ngs;mef2cb;tbx16
lung development (GO:0030324)	1/6	0.16395076509277215	0.639121023225342	0.163736854881302	0.58694553693977	-4.131363869210963	7.470287153952994	loxl3a
response to reactive oxygen species (GO:0000302)	2/9	0.02708646000071774	0.5443763931889657	0.0299740150015062	0.5375143095488398	-2.054844780553359	7.415362142003347	per2;per1a
positive regulation of TOR signaling (GO:0032008)	2/14	0.06217588726194246	0.639121023225342	0.06024010235110865	0.58694553693977	-2.6686616544568795	7.412976370507953	rragd;lepb
alpha-amino acid catabolic process (GO:1901606)	2/14	0.06217588726194246	0.639121023225342	0.06024010235110865	0.58694553693977	-2.6671758907971057	7.408849234014772	hal;hpdb
positive regulation of excitatory postsynaptic potential (GO:2000463)	1/6	0.16395076509277215	0.639121023225342	0.163736854881302	0.58694553693977	-4.074591237958935	7.367631500429274	shank2
peptidyl-threonine modification (GO:0018210)	2/15	0.07038209245709774	0.639121023225342	0.06716684242180938	0.58694553693977	-2.7280034052706816	7.239620221672909	camk1da;camk1db
regulation of T cell differentiation (GO:0045580)	1/6	0.16395076509277215	0.639121023225342	0.163736854881302	0.58694553693977	-3.960113270779998	7.160633686946727	ndrg1b
protein targeting to peroxisome (GO:0006625)	1/7	0.18853798875729025	0.639121023225342	0.18483677942362425	0.58694553693977	-4.278909893917678	7.139171861295663	agxtb
peptidyl-threonine phosphorylation (GO:0018107)	2/15	0.07038209245709774	0.639121023225342	0.06716684242180938	0.58694553693977	-2.663263304372688	7.067811879092137	camk1da;camk1db
respiratory tube development (GO:0030323)	1/6	0.16395076509277215	0.639121023225342	0.163736854881302	0.58694553693977	-3.8928633569734594	7.039033125215189	loxl3a
one-carbon compound transport (GO:0019755)	1/6	0.16395076509277215	0.639121023225342	0.163736854881302	0.58694553693977	-3.861808428846748	6.982879942393215	slc14a2
regulation of skeletal muscle fiber development (GO:0048742)	1/7	0.18853798875729025	0.639121023225342	0.18483677942362425	0.58694553693977	-4.118220451904462	6.871068636112366	myf6
postsynaptic neurotransmitter receptor diffusion trapping (GO:0098970)	2/16	0.07891664557008891	0.639121023225342	0.07434210490673453	0.58694553693977	-2.6938584232380447	6.840684684437701	cacng7a;dlg4b
neurotransmitter receptor diffusion trapping (GO:0099628)	2/16	0.07891664557008891	0.639121023225342	0.07434210490673453	0.58694553693977	-2.6758771256553207	6.795023640813662	cacng7a;dlg4b
neurotransmitter receptor internalization (GO:0099590)	2/17	0.08775322210675349	0.639121023225342	0.0817490686176303	0.58694553693977	-2.7759716977563818	6.754568448275764	dnm1a;cacng7a
regulation of muscle organ development (GO:0048634)	1/7	0.18853798875729025	0.639121023225342	0.18483677942362425	0.58694553693977	-4.016338170006203	6.701082555983276	ptch1
skeletal muscle myosin thick filament assembly (GO:0030241)	3/25	0.03597822885131531	0.579438843605394	0.03261262349543554	0.5375143095488398	-1.9975503553497105	6.64153787553867	mybpha;mef2ca;mybpc1
axon choice point recognition (GO:0016198)	1/6	0.16395076509277215	0.639121023225342	0.163736854881302	0.58694553693977	-3.651612162859546	6.602805343465917	adcy1b
synaptic vesicle budding (GO:0070142)	1/6	0.16395076509277215	0.639121023225342	0.163736854881302	0.58694553693977	-3.605447688478848	6.519331243664347	dnm1a
regulation of cell fate specification (GO:0042659)	2/15	0.07038209245709774	0.639121023225342	0.06716684242180938	0.58694553693977	-2.4532752961850988	6.510542255657468	eve1;tbx16
monocarboxylic acid metabolic process (GO:0032787)	4/44	0.03975718952195825	0.5800976745125624	0.03228484410005828	0.5375143095488398	-2.0160078309014566	6.501553859271206	agxtb;me1;pck1;cpt1b
pronephric duct development (GO:0039022)	2/19	0.10623339341918187	0.639121023225342	0.09719421274946692	0.58694553693977	-2.850862309117914	6.391966222523258	slc12a3;tbx16
response to insulin (GO:0032868)	2/17	0.08775322210675349	0.639121023225342	0.0817490686176303	0.58694553693977	-2.61665486632646	6.36691448057661	lepb;pck1
somatic muscle development (GO:0007525)	1/8	0.2124033247537588	0.639121023225342	0.20540639523297924	0.58694553693977	-4.104802775619858	6.359440967724397	tbx16
epidermal cell differentiation (GO:0009913)	2/16	0.07891664557008891	0.639121023225342	0.07434210490673453	0.58694553693977	-2.4994557023631896	6.3470255879425155	capn12;cdh23
regulation of blood vessel size (GO:0050880)	1/7	0.18853798875729025	0.639121023225342	0.18483677942362425	0.58694553693977	-3.799289230896216	6.338946003208298	uts2b
cellular lipid catabolic process (GO:0044242)	1/6	0.16395076509277215	0.639121023225342	0.163736854881302	0.58694553693977	-3.5037695089907825	6.335477866882966	lpin1
ammonium transport (GO:0015696)	2/15	0.07038209245709774	0.639121023225342	0.06716684242180938	0.58694553693977	-2.3737351126541166	6.299457210817014	rhcga;rhcgb
production of siRNA involved in RNA interference (GO:0030422)	1/6	0.16395076509277215	0.639121023225342	0.163736854881302	0.58694553693977	-3.473935915939987	6.2815330888437995	henmt1
positive regulation of signal transduction (GO:0009967)	5/57	0.02579145466179943	0.5443763931889657	0.01972894217098734	0.5031595967231233	-1.7131876149399292	6.266346994344503	zranb1b;zgc:165461;fgf1a;loxl3a;shank2
sarcomere organization (GO:0045214)	5/51	0.01667842945826641	0.510832861715386	0.01314267587015701	0.5027073520335057	-1.5235152455211838	6.236721492681147	tnnt2e;mybpha;vcla;lrrc39;mybpc1
sodium-independent organic anion transport (GO:0043252)	2/14	0.06217588726194246	0.639121023225342	0.06024010235110865	0.58694553693977	-2.244866654260842	6.235763696452422	slco3a1;slco4a1
regulation of granulocyte chemotaxis (GO:0071622)	1/7	0.18853798875729025	0.639121023225342	0.18483677942362425	0.58694553693977	-3.699410836559111	6.172303320824071	cftr
axon extension involved in axon guidance (GO:0048846)	1/7	0.18853798875729025	0.639121023225342	0.18483677942362425	0.58694553693977	-3.693600364033277	6.16260880446694	col4a5
amino acid import across plasma membrane (GO:0089718)	1/7	0.18853798875729025	0.639121023225342	0.18483677942362425	0.58694553693977	-3.6791952363771023	6.138574486247828	zgc:175280
positive regulation of lipid catabolic process (GO:0050996)	1/6	0.16395076509277215	0.639121023225342	0.163736854881302	0.58694553693977	-3.3728868902109057	6.098817341037352	zgc:162608
L-arginine transmembrane transport (GO:1903400)	1/7	0.18853798875729025	0.639121023225342	0.18483677942362425	0.58694553693977	-3.6546956028607047	6.09769793157652	zgc:175280
modulation of excitatory postsynaptic potential (GO:0098815)	1/6	0.16395076509277215	0.639121023225342	0.163736854881302	0.58694553693977	-3.362154173881063	6.0794105602588875	shank2
adenylate cyclase-inhibiting G-protein coupled receptor signaling pathway (GO:0007193)	4/43	0.03697103359521841	0.5800976745125624	0.03017172899689521	0.5375143095488398	-1.8372417662852367	6.058526201524157	drd4a;adcy1b;grm6a;adcy1a
L-arginine import (GO:0043091)	1/7	0.18853798875729025	0.639121023225342	0.18483677942362425	0.58694553693977	-3.6231972057578594	6.045144249482817	zgc:175280
cyclic-nucleotide-mediated signaling (GO:0019935)	2/18	0.09686675697356129	0.639121023225342	0.08937159664563248	0.58694553693977	-2.5675109654835695	5.993646083302972	adcy1b;adcy1a
secondary alcohol biosynthetic process (GO:1902653)	2/15	0.07038209245709774	0.639121023225342	0.06716684242180938	0.58694553693977	-2.231187858478014	5.921162967531469	zgc:162608;fdft1
cAMP-mediated signaling (GO:0019933)	5/48	0.01305617682650601	0.47078235244403066	0.01049089949803491	0.45860217805695475	-1.3639268232008206	5.917388253180188	tbxa2r;ptger4a;adcy1b;adcy1a;rxfp1
regulation of mesodermal cell differentiation (GO:1905770)	1/6	0.16395076509277215	0.639121023225342	0.163736854881302	0.58694553693977	-3.27035537690944	5.913420975348172	eve1
negative regulation of synaptic transmission (GO:0050805)	1/7	0.18853798875729025	0.639121023225342	0.18483677942362425	0.58694553693977	-3.542757781273777	5.910934628328634	drd4a
fatty acid transport (GO:0015908)	1/6	0.16395076509277215	0.639121023225342	0.163736854881302	0.58694553693977	-3.2662787628838292	5.906049686265141	slco3a1
anion transmembrane transport (GO:0098656)	2/19	0.10623339341918187	0.639121023225342	0.09719421274946692	0.58694553693977	-2.6295412828575087	5.895738635639761	lrrk2;slc13a2
L-alpha-amino acid transmembrane transport (GO:1902475)	1/7	0.18853798875729025	0.639121023225342	0.18483677942362425	0.58694553693977	-3.518142483670472	5.869865093245239	zgc:175280
regulation of neutrophil migration (GO:1902622)	1/9	0.23556793284832145	0.639121023225342	0.22545897865318565	0.58694553693977	-4.051785305459605	5.857892692915605	cftr
ornithine transport (GO:0015822)	1/7	0.18853798875729025	0.639121023225342	0.18483677942362425	0.58694553693977	-3.496192418823704	5.833242381107643	zgc:175280
regulation of cation channel activity (GO:2001257)	3/32	0.06683258966460166	0.639121023225342	0.0573657442957401	0.58694553693977	-2.154811807879995	5.829982219915297	kcng1;cacng7a;shank2
retinol metabolic process (GO:0042572)	1/7	0.18853798875729025	0.639121023225342	0.18483677942362425	0.58694553693977	-3.486196718363261	5.816564997093884	dhrs9
T cell differentiation (GO:0030217)	2/20	0.11583043384384244	0.639121023225342	0.10520207854622209	0.58694553693977	-2.6980937565939613	5.816086271675085	ptger4a;rag2
mitochondrial transmembrane transport (GO:1990542)	2/17	0.08775322210675349	0.639121023225342	0.0817490686176303	0.58694553693977	-2.3855254078388826	5.804524111456837	bcl2l16;ucp3
cholesterol biosynthetic process (GO:0006695)	2/16	0.07891664557008891	0.639121023225342	0.07434210490673453	0.58694553693977	-2.252492472835366	5.719896275103728	zgc:162608;fdft1
regulation of cysteine-type endopeptidase activity involved in apoptotic process (GO:0043281)	2/20	0.11583043384384244	0.639121023225342	0.10520207854622209	0.58694553693977	-2.64692329935702	5.705781804632839	bcl2l16;bbc3
endoplasmic reticulum to cytosol transport (GO:1903513)	1/6	0.16395076509277215	0.639121023225342	0.163736854881302	0.58694553693977	-3.154951273977081	5.704748533282758	zgc:136908
cardiac muscle tissue morphogenesis (GO:0055008)	3/29	0.05247504723162162	0.639121023225342	0.04590470007884643	0.5777652398992816	-1.926289761996843	5.677580180002156	mybpha;lrrc39;mybpc1
receptor internalization (GO:0031623)	2/20	0.11583043384384244	0.639121023225342	0.10520207854622209	0.58694553693977	-2.6292166017195138	5.667612752577283	dnm1a;cacng7a
anion transport (GO:0006820)	3/32	0.06683258966460166	0.639121023225342	0.0573657442957401	0.58694553693977	-2.089540634719884	5.653386854322401	lrrk2;slc13a2;slc17a7a
regulation of lymphocyte differentiation (GO:0045619)	1/7	0.18853798875729025	0.639121023225342	0.18483677942362425	0.58694553693977	-3.3842011037035165	5.646389826266038	ndrg1b
non-motile cilium assembly (GO:1905515)	1/10	0.2580523536105222	0.639121023225342	0.2450074750214496	0.58694553693977	-4.140971079562199	5.60932958319228	arl13a
cellular macromolecular complex assembly (GO:0034622)	1/7	0.18853798875729025	0.639121023225342	0.18483677942362425	0.58694553693977	-3.3619330687319233	5.609236595042001	rag2
glutamate receptor signaling pathway (GO:0007215)	2/19	0.10623339341918187	0.639121023225342	0.09719421274946692	0.58694553693977	-2.4953869371881896	5.594948926020878	grm3;grm6a
cyclic purine nucleotide metabolic process (GO:0052652)	2/19	0.10623339341918187	0.639121023225342	0.09719421274946692	0.58694553693977	-2.494681466013653	5.593367177262203	adcy1b;adcy1a
JAK-STAT cascade (GO:0007259)	1/8	0.2124033247537588	0.639121023225342	0.20540639523297924	0.58694553693977	-3.60957991554991	5.5922078711216265	lepb
negative regulation of intrinsic apoptotic signaling pathway by p53 class mediator (GO:1902254)	1/7	0.18853798875729025	0.639121023225342	0.18483677942362425	0.58694553693977	-3.3367068199761336	5.567147714988841	bcl6a
somatic motor neuron differentiation (GO:0021523)	1/6	0.16395076509277215	0.639121023225342	0.163736854881302	0.58694553693977	-3.0757919415568407	5.561613490518453	tbx6
Wnt signaling pathway involved in dorsal/ventral axis specification (GO:0044332)	1/7	0.18853798875729025	0.639121023225342	0.18483677942362425	0.58694553693977	-3.3280258609318376	5.552663918864461	egf
auditory receptor cell development (GO:0060117)	1/7	0.18853798875729025	0.639121023225342	0.18483677942362425	0.58694553693977	-3.3225711466103895	5.543562969332795	cdh23
protein exit from endoplasmic reticulum (GO:0032527)	1/6	0.16395076509277215	0.639121023225342	0.163736854881302	0.58694553693977	-3.06520533638337	5.542470906341655	zgc:136908
mitochondrial calcium ion transmembrane transport (GO:0006851)	1/8	0.2124033247537588	0.639121023225342	0.20540639523297924	0.58694553693977	-3.5650204112333035	5.5231732419950825	bcl2l16
excitatory synapse assembly (GO:1904861)	1/6	0.16395076509277215	0.639121023225342	0.163736854881302	0.58694553693977	-3.04333037302672	5.502916835838641	shank2
tyrosine phosphorylation of STAT protein (GO:0007260)	1/6	0.16395076509277215	0.639121023225342	0.163736854881302	0.58694553693977	-3.039013095637379	5.495110381882359	lepb
neuron projection extension involved in neuron projection guidance (GO:1902284)	1/7	0.18853798875729025	0.639121023225342	0.18483677942362425	0.58694553693977	-3.2908944955972985	5.490711878475706	col4a5
regulation of reactive oxygen species metabolic process (GO:2000377)	1/6	0.16395076509277215	0.639121023225342	0.163736854881302	0.58694553693977	-3.0018634263396025	5.427936754452204	mpx
postsynaptic density organization (GO:0097106)	1/6	0.16395076509277215	0.639121023225342	0.163736854881302	0.58694553693977	-2.997993351343408	5.420938926992762	shank2
postsynaptic specialization assembly (GO:0098698)	1/6	0.16395076509277215	0.639121023225342	0.163736854881302	0.58694553693977	-2.984509801942166	5.396558119813697	shank2
positive regulation of synaptic transmission, glutamatergic (GO:0051968)	2/20	0.11583043384384244	0.639121023225342	0.10520207854622209	0.58694553693977	-2.5010659325490625	5.391367590285689	cacng7a;shank2
neuromuscular process controlling balance (GO:0050885)	1/7	0.18853798875729025	0.639121023225342	0.18483677942362425	0.58694553693977	-3.224026074420319	5.37914487596543	cdh23
striated muscle myosin thick filament assembly (GO:0071688)	3/26	0.03980884622558245	0.5800976745125624	0.03571718178919305	0.5375143095488398	-1.664310800236969	5.3651823472218645	mybpha;mef2ca;mybpc1
skin development (GO:0043588)	2/17	0.08775322210675349	0.639121023225342	0.0817490686176303	0.58694553693977	-2.2040704025370133	5.363002948044284	capn12;col1a1a
signal transduction in response to DNA damage (GO:0042770)	1/9	0.23556793284832145	0.639121023225342	0.22545897865318565	0.58694553693977	-3.6636523304103576	5.296747136817915	phkg1b
sensory perception of sound (GO:0007605)	3/29	0.05247504723162162	0.639121023225342	0.04590470007884643	0.5777652398992816	-1.7825754754672007	5.253994174988033	cdh23;col11a2;adcy1b
muscle tissue development (GO:0060537)	1/7	0.18853798875729025	0.639121023225342	0.18483677942362425	0.58694553693977	-3.139984461098291	5.238925162094059	foxo1a
positive regulation of myoblast fusion (GO:1901741)	1/8	0.2124033247537588	0.639121023225342	0.20540639523297924	0.58694553693977	-3.345692648422629	5.183375683763575	myf6
regulation of neutrophil chemotaxis (GO:0090022)	1/9	0.23556793284832145	0.639121023225342	0.22545897865318565	0.58694553693977	-3.579412816747354	5.174957359142294	cftr
dendritic spine morphogenesis (GO:0060997)	1/8	0.2124033247537588	0.639121023225342	0.20540639523297924	0.58694553693977	-3.3299541220406383	5.158992483177251	shank2
cartilage development (GO:0051216)	8/107	0.01365766769401801	0.47078235244403066	0.00850497316956032	0.39037826848281887	-1.1890834590572616	5.105275346754771	camk1da;egf;and2;and1;col11a2;wisp3;mef2ca;matn1
columnar/cuboidal epithelial cell development (GO:0002066)	1/7	0.18853798875729025	0.639121023225342	0.18483677942362425	0.58694553693977	-3.0569399959875843	5.10036914589997	cdh23
cardiac muscle cell development (GO:0055013)	4/45	0.04265970939852883	0.6119002066851479	0.0344826373789772	0.5375143095488398	-1.615772387934607	5.096954608499251	mybpha;mef2ca;mef2cb;mybpc1
muscle tissue morphogenesis (GO:0060415)	3/31	0.06186514749026856	0.639121023225342	0.0534073218758229	0.58694553693977	-1.8225874908162736	5.071893376972992	mybpha;lrrc39;mybpc1
L-ornithine transmembrane transport (GO:1903352)	1/7	0.18853798875729025	0.639121023225342	0.18483677942362425	0.58694553693977	-3.028972738882779	5.053707014677235	zgc:175280
triglyceride homeostasis (GO:0070328)	1/7	0.18853798875729025	0.639121023225342	0.18483677942362425	0.58694553693977	-3.026497731527934	5.04957757439869	zgc:162608
bone development (GO:0060348)	2/20	0.11583043384384244	0.639121023225342	0.10520207854622209	0.58694553693977	-2.334046463739355	5.03133575771035	spp1;mef2ca
growth plate cartilage chondrocyte morphogenesis (GO:0003429)	3/20	0.01986002963466433	0.5329520152449635	0.01932370381986254	0.5031595967231233	-1.2834752272331762	5.029998619913082	matn3b;matn3a;matn1
retrograde protein transport, ER to cytosol (GO:0030970)	1/6	0.16395076509277215	0.639121023225342	0.163736854881302	0.58694553693977	-2.778705155546667	5.0244243996033395	zgc:136908
female gonad development (GO:0008585)	1/9	0.23556793284832145	0.639121023225342	0.22545897865318565	0.58694553693977	-3.40654733136273	4.925036055975656	col9a3
regulation of phosphatidylinositol 3-kinase activity (GO:0043551)	1/8	0.2124033247537588	0.639121023225342	0.20540639523297924	0.58694553693977	-3.159000494304346	4.894139440720634	pik3ip1
cellular response to glucocorticoid stimulus (GO:0071385)	1/6	0.16395076509277215	0.639121023225342	0.163736854881302	0.58694553693977	-2.703616572377036	4.8886500412997815	pck1
regulation of AMPA receptor activity (GO:2000311)	2/22	0.13563044961653084	0.639121023225342	0.12171726290331436	0.58694553693977	-2.4396958302750837	4.8740764757585575	cacng7a;shank2
postsynaptic density assembly (GO:0097107)	1/6	0.16395076509277215	0.639121023225342	0.163736854881302	0.58694553693977	-2.6702183261245898	4.828259696163743	shank2
energy reserve metabolic process (GO:0006112)	1/8	0.2124033247537588	0.639121023225342	0.20540639523297924	0.58694553693977	-3.116193471160241	4.827819875184908	lepb
embryonic liver development (GO:1990402)	1/10	0.2580523536105222	0.639121023225342	0.2450074750214496	0.58694553693977	-3.558535984240874	4.820367200286498	ptger4a
regulation of neuronal synaptic plasticity (GO:0048168)	1/8	0.2124033247537588	0.639121023225342	0.20540639523297924	0.58694553693977	-3.1059196320265583	4.811902941521102	nptx2b
development of primary female sexual characteristics (GO:0046545)	1/10	0.2580523536105222	0.639121023225342	0.2450074750214496	0.58694553693977	-3.5368340627828987	4.7909699338706195	col9a3
regulation of synaptic vesicle cycle (GO:0098693)	1/7	0.18853798875729025	0.639121023225342	0.18483677942362425	0.58694553693977	-2.861339262354112	4.774017975105313	dmxl2
regulation of myoblast fusion (GO:1901739)	1/9	0.23556793284832145	0.639121023225342	0.22545897865318565	0.58694553693977	-3.275655993606848	4.735799126276303	myf6
autophagosome maturation (GO:0097352)	1/9	0.23556793284832145	0.639121023225342	0.22545897865318565	0.58694553693977	-3.251690648539697	4.701151086173364	zgc:136908
histone H2A monoubiquitination (GO:0035518)	1/10	0.2580523536105222	0.639121023225342	0.2450074750214496	0.58694553693977	-3.4605300851541965	4.687609115646027	ddb2
adenylate cyclase-activating G-protein coupled receptor signaling pathway (GO:0007189)	6/79	0.02874077855768064	0.5443763931889657	0.02019368830108288	0.5031595967231233	-1.3205423983699294	4.687183777444222	drd4a;tbxa2r;ptger4a;adcy1b;adcy1a;rxfp1
cardioblast differentiation (GO:0010002)	1/10	0.2580523536105222	0.639121023225342	0.2450074750214496	0.58694553693977	-3.437795457660418	4.656812953076065	ptch1
positive regulation of phosphatidylinositol 3-kinase signaling (GO:0014068)	1/9	0.23556793284832145	0.639121023225342	0.22545897865318565	0.58694553693977	-3.2107681298985744	4.641987111566782	lepb
sterol biosynthetic process (GO:0016126)	3/28	0.04806027353707863	0.6213990296765941	0.04236479474236701	0.574664871070756	-1.5263724796089897	4.632997406075716	zgc:162608;fdft1;msmo1
protein complex subunit organization (GO:0071822)	3/31	0.06186514749026856	0.639121023225342	0.0534073218758229	0.58694553693977	-1.6512998528693923	4.595234428726259	col2a1a;col11a2;loxl3a
response to UV (GO:0009411)	2/21	0.12563629242975405	0.639121023225342	0.11338097137418172	0.58694553693977	-2.214243014440543	4.593146249319037	per2;ddb2
regulation of gliogenesis (GO:0014013)	1/10	0.2580523536105222	0.639121023225342	0.2450074750214496	0.58694553693977	-3.3823531801394413	4.581711243481211	ihhb
protein deubiquitination involved in ubiquitin-dependent protein catabolic process (GO:0071947)	1/6	0.16395076509277215	0.639121023225342	0.163736854881302	0.58694553693977	-2.506974650309681	4.533084259429073	zranb1b
basement membrane organization (GO:0071711)	1/9	0.23556793284832145	0.639121023225342	0.22545897865318565	0.58694553693977	-3.1000386978383285	4.481899376887851	col4a5
positive regulation of myotube differentiation (GO:0010831)	1/9	0.23556793284832145	0.639121023225342	0.22545897865318565	0.58694553693977	-3.084850773406937	4.459941344850141	myf6
spinal cord motor neuron cell fate specification (GO:0021520)	1/10	0.2580523536105222	0.639121023225342	0.2450074750214496	0.58694553693977	-3.2924185049849606	4.459886380615433	drd4a
regulation of glutamate receptor signaling pathway (GO:1900449)	2/23	0.1457934081991481	0.639121023225342	0.13019789836630624	0.58694553693977	-2.3122309019477	4.4523501375659835	cacng7a;shank2
regulation of neurotransmitter receptor activity (GO:0099601)	2/23	0.1457934081991481	0.639121023225342	0.13019789836630624	0.58694553693977	-2.307581789219789	4.443397970342443	cacng7a;shank2
transcription from mitochondrial promoter (GO:0006390)	1/9	0.23556793284832145	0.639121023225342	0.22545897865318565	0.58694553693977	-3.067402332480753	4.434715157651492	mterf3
activation of adenylate cyclase activity (GO:0007190)	1/10	0.2580523536105222	0.639121023225342	0.2450074750214496	0.58694553693977	-3.267736689644391	4.426452571420276	rxfp1
cholesterol metabolic process (GO:0008203)	3/28	0.04806027353707863	0.6213990296765941	0.04236479474236701	0.574664871070756	-1.451211123425414	4.404860189971792	zgc:162608;zgc:123299;fdft1
detection of light stimulus involved in visual perception (GO:0050908)	1/9	0.23556793284832145	0.639121023225342	0.22545897865318565	0.58694553693977	-3.045507190592706	4.403060126101938	pcdh15b
pronephros morphogenesis (GO:0072114)	2/22	0.13563044961653084	0.639121023225342	0.12171726290331436	0.58694553693977	-2.200456333665616	4.396118695929484	slc12a3;tbx16
signal transduction by p53 class mediator (GO:0072331)	1/8	0.2124033247537588	0.639121023225342	0.20540639523297924	0.58694553693977	-2.8362748680572634	4.39415084660839	znf385b
positive regulation of myoblast differentiation (GO:0045663)	1/9	0.23556793284832145	0.639121023225342	0.22545897865318565	0.58694553693977	-3.038194602340532	4.392487908163591	myf6
establishment or maintenance of apical/basal cell polarity (GO:0035088)	2/22	0.13563044961653084	0.639121023225342	0.12171726290331436	0.58694553693977	-2.1891149258403164	4.37346058896496	crb2b;dlg4b
regulation of adenylate cyclase activity (GO:0045761)	1/7	0.18853798875729025	0.639121023225342	0.18483677942362425	0.58694553693977	-2.609917640304668	4.354532121475128	drd4a
positive regulation of homeostatic process (GO:0032846)	1/8	0.2124033247537588	0.639121023225342	0.20540639523297924	0.58694553693977	-2.802334041149582	4.341567398166691	spp1
acylglycerol homeostasis (GO:0055090)	1/7	0.18853798875729025	0.639121023225342	0.18483677942362425	0.58694553693977	-2.600005438119011	4.3379940506389305	zgc:162608
heterophilic cell-cell adhesion via plasma membrane cell adhesion molecules (GO:0007157)	2/22	0.13563044961653084	0.639121023225342	0.12171726290331436	0.58694553693977	-2.169649322483522	4.334571790521139	igsf21a;crb2b
tyrosine metabolic process (GO:0006570)	1/7	0.18853798875729025	0.639121023225342	0.18483677942362425	0.58694553693977	-2.5912891769086004	4.323451354412137	hpdb
cofactor transport (GO:0051181)	1/8	0.2124033247537588	0.639121023225342	0.20540639523297924	0.58694553693977	-2.786398375034326	4.316878775233757	slc25a47a
skeletal myofibril assembly (GO:0014866)	3/33	0.07197596208913391	0.639121023225342	0.06145911293426671	0.58694553693977	-1.6201650559484722	4.263339714475768	mybpha;mef2ca;mybpc1
respiratory system development (GO:0060541)	1/10	0.2580523536105222	0.639121023225342	0.2450074750214496	0.58694553693977	-3.125026671500525	4.233138609257341	loxl3a
inhibition of cysteine-type endopeptidase activity involved in apoptotic process (GO:1990001)	1/6	0.16395076509277215	0.639121023225342	0.163736854881302	0.58694553693977	-2.3211783370036887	4.197129389202002	birc7
positive regulation of dendritic spine development (GO:0060999)	1/9	0.23556793284832145	0.639121023225342	0.22545897865318565	0.58694553693977	-2.884126478705937	4.169743002495905	shank2
negative regulation of cysteine-type endopeptidase activity involved in apoptotic process (GO:0043154)	1/11	0.2798765265104438	0.639121023225342	0.2640645067801188	0.58694553693977	-3.252969442510925	4.142353245052077	birc7
regulation of metal ion transport (GO:0010959)	1/10	0.2580523536105222	0.639121023225342	0.2450074750214496	0.58694553693977	-3.057226266736612	4.141296669555884	drd4a
cell migration in hindbrain (GO:0021535)	1/9	0.23556793284832145	0.639121023225342	0.22545897865318565	0.58694553693977	-2.860708369990389	4.1358861326015735	prickle1a
positive regulation of syncytium formation by plasma membrane fusion (GO:0060143)	1/8	0.2124033247537588	0.639121023225342	0.20540639523297924	0.58694553693977	-2.6531771433464635	4.110483339234141	myf6
cardiac muscle cell action potential (GO:0086001)	1/8	0.2124033247537588	0.639121023225342	0.20540639523297924	0.58694553693977	-2.635041979575616	4.082387104227259	vcla
purine nucleobase metabolic process (GO:0006144)	1/11	0.2798765265104438	0.639121023225342	0.2640645067801188	0.58694553693977	-3.1981682212484697	4.072568999998079	zgc:103559
regulation of mesodermal cell fate specification (GO:0042661)	1/9	0.23556793284832145	0.639121023225342	0.22545897865318565	0.58694553693977	-2.816460273555671	4.071914184129601	eve1
sterol catabolic process (GO:0016127)	1/7	0.18853798875729025	0.639121023225342	0.18483677942362425	0.58694553693977	-2.4355854701877275	4.063666607997827	zgc:123299
negative regulation of fibroblast growth factor receptor signaling pathway (GO:0040037)	1/9	0.23556793284832145	0.639121023225342	0.22545897865318565	0.58694553693977	-2.8100473808080353	4.062642706315559	spry1
fin regeneration (GO:0031101)	5/71	0.05774936140306317	0.639121023225342	0.0425677682274634	0.574664871070756	-1.4140441856411454	4.0323491861358685	hoxc13b;hoxc13a;ctsba;col1a1a;col10a1a
cellular response to organic cyclic compound (GO:0071407)	2/24	0.15610665111390823	0.639121023225342	0.1388103765437874	0.58694553693977	-2.168050298022702	4.026537364804549	cyp1a;cftr
regulation of intrinsic apoptotic signaling pathway by p53 class mediator (GO:1902253)	1/8	0.2124033247537588	0.639121023225342	0.20540639523297924	0.58694553693977	-2.5817663267186286	3.9998488221511295	bcl6a
myelination in peripheral nervous system (GO:0022011)	1/11	0.2798765265104438	0.639121023225342	0.2640645067801188	0.58694553693977	-3.1353601757281715	3.992588810889521	lama2
piRNA metabolic process (GO:0034587)	1/9	0.23556793284832145	0.639121023225342	0.22545897865318565	0.58694553693977	-2.754609022117416	3.9824923696618817	henmt1
myosin filament assembly (GO:0031034)	2/22	0.13563044961653084	0.639121023225342	0.12171726290331436	0.58694553693977	-1.9910110849107077	3.9776845012862143	mybpha;mybpc1
muscle cell differentiation (GO:0042692)	3/33	0.07197596208913391	0.639121023225342	0.06145911293426671	0.58694553693977	-1.5100457846063478	3.9735693227997335	capzb;ankrd1b;tnni3k
ion homeostasis (GO:0050801)	1/10	0.2580523536105222	0.639121023225342	0.2450074750214496	0.58694553693977	-2.9315554128344057	3.9710638364849498	pck1
telomere maintenance via telomerase (GO:0007004)	1/10	0.2580523536105222	0.639121023225342	0.2450074750214496	0.58694553693977	-2.931499624500466	3.970988266009824	smg7
nucleic acid-templated transcription (GO:0097659)	2/18	0.09686675697356129	0.639121023225342	0.08937159664563248	0.58694553693977	-1.6971924339304387	3.9619580679464512	mef2ca;mef2cb
insulin receptor signaling pathway (GO:0008286)	2/22	0.13563044961653084	0.639121023225342	0.12171726290331436	0.58694553693977	-1.9716153496354551	3.9389352867890577	foxo1a;irs2a
regulation of potassium ion transport (GO:0043266)	1/8	0.2124033247537588	0.639121023225342	0.20540639523297924	0.58694553693977	-2.534325569336686	3.926350358881104	drd4a
negative regulation of multicellular organismal process (GO:0051241)	2/24	0.15610665111390823	0.639121023225342	0.1388103765437874	0.58694553693977	-2.1108257130509744	3.92025895890952	crx;ptch1
inhibition of cysteine-type endopeptidase activity (GO:0097340)	1/7	0.18853798875729025	0.639121023225342	0.18483677942362425	0.58694553693977	-2.328466839667989	3.8849439118470865	birc7
cellular glucose homeostasis (GO:0001678)	1/7	0.18853798875729025	0.639121023225342	0.18483677942362425	0.58694553693977	-2.32655783401471	3.8817588203679887	pck1
intrinsic apoptotic signaling pathway by p53 class mediator (GO:0072332)	1/11	0.2798765265104438	0.639121023225342	0.2640645067801188	0.58694553693977	-3.0445518833454432	3.876952918429714	znf385b
arginine catabolic process (GO:0006527)	1/7	0.18853798875729025	0.639121023225342	0.18483677942362425	0.58694553693977	-2.308455187327173	3.8515553552213286	arg1
alcohol catabolic process (GO:0046164)	1/8	0.2124033247537588	0.639121023225342	0.20540639523297924	0.58694553693977	-2.4784522628444043	3.839787614278695	zgc:123299
regulation of cell morphogenesis (GO:0022604)	1/12	0.30105980743976885	0.6412451541545819	0.28264238153850996	0.58694553693977	-3.194372188344085	3.834672396209735	zranb1b
neuron cell-cell adhesion (GO:0007158)	1/10	0.2580523536105222	0.639121023225342	0.2450074750214496	0.58694553693977	-2.8085109142443123	3.8043886453934337	nlgn1
sensory perception of mechanical stimulus (GO:0050954)	3/35	0.0827722584941421	0.639121023225342	0.07004046299939531	0.58694553693977	-1.5248900670423795	3.799511116201129	cdh23;col11a2;adcy1b
membrane assembly (GO:0071709)	1/9	0.23556793284832145	0.639121023225342	0.22545897865318565	0.58694553693977	-2.617833184292304	3.7847478890045463	nlgn1
fructose 2,6-bisphosphate metabolic process (GO:0006003)	1/10	0.2580523536105222	0.639121023225342	0.2450074750214496	0.58694553693977	-2.7811792368777417	3.7673653521936217	pfkfb3
regulation of cholesterol transport (GO:0032374)	2/12	0.04686043633775733	0.6213990296765941	0.0472030424754315	0.5777652398992816	-1.2162055694394291	3.722296307893993	zgc:162608;abca1a
regulation of voltage-gated calcium channel activity (GO:1901385)	1/12	0.30105980743976885	0.6412451541545819	0.28264238153850996	0.58694553693977	-3.097478927457988	3.7183572359868826	drd4a
peripheral nervous system axon ensheathment (GO:0032292)	1/11	0.2798765265104438	0.639121023225342	0.2640645067801188	0.58694553693977	-2.913828219137495	3.7104885220660906	lama2
regulation of TOR signaling (GO:0032006)	3/38	0.100167868419786	0.639121023225342	0.08385758021216191	0.58694553693977	-1.608463794770548	3.70092691748101	rragd;lepb;tsc1b
ER-associated misfolded protein catabolic process (GO:0071712)	1/11	0.2798765265104438	0.639121023225342	0.2640645067801188	0.58694553693977	-2.902673831376472	3.696284449401093	zgc:136908
regulation of skeletal muscle tissue development (GO:0048641)	1/11	0.2798765265104438	0.639121023225342	0.2640645067801188	0.58694553693977	-2.8990712768310307	3.691696932126333	tbx6
cholesterol catabolic process (GO:0006707)	1/7	0.18853798875729025	0.639121023225342	0.18483677942362425	0.58694553693977	-2.2115426351835583	3.6898610493296538	zgc:123299
postsynapse assembly (GO:0099068)	1/9	0.23556793284832145	0.639121023225342	0.22545897865318565	0.58694553693977	-2.5515184314346113	3.688872940824507	nlgn1
4-hydroxyproline metabolic process (GO:0019471)	1/8	0.2124033247537588	0.639121023225342	0.20540639523297924	0.58694553693977	-2.3788756393673647	3.685516704473064	p4ha1b
triglyceride metabolic process (GO:0006641)	2/24	0.15610665111390823	0.639121023225342	0.1388103765437874	0.58694553693977	-1.982874232374361	3.6826254416906967	zgc:162608;lpin1
negative regulation of peptidase activity (GO:0010466)	3/38	0.100167868419786	0.639121023225342	0.08385758021216191	0.58694553693977	-1.5937960451523616	3.6671777777382895	serpine3;serpinb1l2;serping1
chemical homeostasis (GO:0048878)	2/27	0.1877767755788948	0.639121023225342	0.16532175410319205	0.58694553693977	-2.183466823082521	3.651851286950102	pck1;rhcgb
protein complex disassembly (GO:0043241)	1/10	0.2580523536105222	0.639121023225342	0.2450074750214496	0.58694553693977	-2.6787534840792464	3.6286201655660246	zgc:136908
heart morphogenesis (GO:0003007)	7/102	0.0308430613089988	0.5443763931889657	0.02014486397193083	0.5031595967231233	-1.0282074770358796	3.576972868297705	mybpha;fbn2b;lrrc39;mef2ca;mef2cb;mybpc1;tbx16
positive regulation of fibroblast growth factor receptor signaling pathway (GO:0045743)	1/11	0.2798765265104438	0.639121023225342	0.2640645067801188	0.58694553693977	-2.804912499718832	3.5717945097968484	zgc:165461
positive regulation of RNA splicing (GO:0033120)	1/12	0.30105980743976885	0.6412451541545819	0.28264238153850996	0.58694553693977	-2.974580475341144	3.5708242391779956	dazap1
regulation of filopodium assembly (GO:0051489)	1/9	0.23556793284832145	0.639121023225342	0.22545897865318565	0.58694553693977	-2.4623563408232547	3.55996631826147	capzb
negative regulation of lymphocyte activation (GO:0051250)	1/9	0.23556793284832145	0.639121023225342	0.22545897865318565	0.58694553693977	-2.459785872794109	3.5562500488271	samsn1b
gonad development (GO:0008406)	1/11	0.2798765265104438	0.639121023225342	0.2640645067801188	0.58694553693977	-2.784511320996329	3.545815511107326	col9a3
positive regulation of adenylate cyclase activity (GO:0045762)	1/10	0.2580523536105222	0.639121023225342	0.2450074750214496	0.58694553693977	-2.6046625729259167	3.5282571512408967	rxfp1
peroxisome fission (GO:0016559)	1/8	0.2124033247537588	0.639121023225342	0.20540639523297924	0.58694553693977	-2.2759543137397613	3.5260639535306404	dnm1a
regulation of retina development in camera-type eye (GO:1902866)	1/10	0.2580523536105222	0.639121023225342	0.2450074750214496	0.58694553693977	-2.5994417585827576	3.521185073754537	dio3b
positive regulation of protein metabolic process (GO:0051247)	2/25	0.16655260087091747	0.639121023225342	0.14754273028979475	0.58694553693977	-1.955824102871035	3.505705370518874	oaz2b;oaz2a
positive regulation of mRNA splicing, via spliceosome (GO:0048026)	1/11	0.2798765265104438	0.639121023225342	0.2640645067801188	0.58694553693977	-2.738420761492097	3.48712348153165	dazap1
ornithine metabolic process (GO:0006591)	1/8	0.2124033247537588	0.639121023225342	0.20540639523297924	0.58694553693977	-2.249203855093309	3.4846203149636263	arg1
neuron apoptotic process (GO:0051402)	1/10	0.2580523536105222	0.639121023225342	0.2450074750214496	0.58694553693977	-2.570157129150829	3.4815163257605986	diabloa
neuronal action potential (GO:0019228)	1/10	0.2580523536105222	0.639121023225342	0.2450074750214496	0.58694553693977	-2.555968309767738	3.462296253273505	scn4aa
cellular response to insulin stimulus (GO:0032869)	3/36	0.08841562953336932	0.639121023225342	0.07452302522809844	0.58694553693977	-1.4193487474205708	3.4429235111842615	foxo1a;irs2a;pck1
regulation of fibroblast growth factor receptor signaling pathway (GO:0040036)	2/26	0.1771145804374748	0.639121023225342	0.15638350773594237	0.58694553693977	-1.966922587615731	3.4046611923793715	spry1;zgc:165461
presynapse assembly (GO:0099054)	1/11	0.2798765265104438	0.639121023225342	0.2640645067801188	0.58694553693977	-2.671431578643466	3.401819003927268	nlgn1
malate metabolic process (GO:0006108)	1/9	0.23556793284832145	0.639121023225342	0.22545897865318565	0.58694553693977	-2.3476384235484566	3.3941122073723657	me1
B cell differentiation (GO:0030183)	1/10	0.2580523536105222	0.639121023225342	0.2450074750214496	0.58694553693977	-2.5021232332685948	3.389358100672877	rag2
cellular response to UV (GO:0034644)	1/11	0.2798765265104438	0.639121023225342	0.2640645067801188	0.58694553693977	-2.6330006912696744	3.3528808525439038	ddb2
pectoral fin development (GO:0033339)	3/41	0.1188819339856234	0.639121023225342	0.0987373523494731	0.58694553693977	-1.5685202027982854	3.340358942451172	dhrs9;col1a1a;bhlha9
regulation of protein catabolic process (GO:0042176)	2/26	0.1771145804374748	0.639121023225342	0.15638350773594237	0.58694553693977	-1.9204425321060603	3.32420614945608	oaz2b;oaz2a
positive regulation of catabolic process (GO:0009896)	2/26	0.1771145804374748	0.639121023225342	0.15638350773594237	0.58694553693977	-1.9166949764807035	3.3177192865341385	oaz2b;oaz2a
positive regulation of triglyceride metabolic process (GO:0090208)	1/8	0.2124033247537588	0.639121023225342	0.20540639523297924	0.58694553693977	-2.135666466818307	3.3087204343036	zgc:162608
receptor localization to synapse (GO:0097120)	2/27	0.1877767755788948	0.639121023225342	0.16532175410319205	0.58694553693977	-1.97239370795454	3.298831209442127	cacng7a;dlg4b
cardiac muscle fiber development (GO:0048739)	2/23	0.1457934081991481	0.639121023225342	0.13019789836630624	0.58694553693977	-1.710607989340875	3.293886311374791	mybpha;mybpc1
regulation of endodermal cell differentiation (GO:1903224)	1/11	0.2798765265104438	0.639121023225342	0.2640645067801188	0.58694553693977	-2.5832616597869253	3.2895428341242545	tbx16
cartilage morphogenesis (GO:0060536)	2/26	0.1771145804374748	0.639121023225342	0.15638350773594237	0.58694553693977	-1.894778205884942	3.2797822681789204	col11a2;mef2ca
muscle contraction (GO:0006936)	4/55	0.07799883800559952	0.639121023225342	0.06113591753826254	0.58694553693977	-1.2754101150637642	3.253649449641843	tnnt2e;mybpha;tnni1c;mybpc1
G-protein coupled glutamate receptor signaling pathway (GO:0007216)	2/17	0.08775322210675349	0.639121023225342	0.0817490686176303	0.58694553693977	-1.3326094167981897	3.242540811152809	grm3;grm6a
striated muscle contraction (GO:0006941)	3/40	0.11250622211816425	0.639121023225342	0.09366454776828004	0.58694553693977	-1.4830713406768612	3.240135293267539	tnnt2e;mybpha;mybpc1
calcium ion import (GO:0070509)	2/26	0.1771145804374748	0.639121023225342	0.15638350773594237	0.58694553693977	-1.8637055320090257	3.2259967620512837	bcl2l16;cacna1sa
detection of light stimulus involved in sensory perception (GO:0050962)	1/9	0.23556793284832145	0.639121023225342	0.22545897865318565	0.58694553693977	-2.217614958253145	3.206130009442317	pcdh15b
positive regulation of cysteine-type endopeptidase activity involved in apoptotic process (GO:0043280)	2/26	0.1771145804374748	0.639121023225342	0.15638350773594237	0.58694553693977	-1.8469985313137545	3.1970776387129334	bcl2l16;bbc3
positive regulation of mRNA processing (GO:0050685)	1/11	0.2798765265104438	0.639121023225342	0.2640645067801188	0.58694553693977	-2.508204214986165	3.1939641772907135	dazap1
RNA interference (GO:0016246)	1/7	0.18853798875729025	0.639121023225342	0.18483677942362425	0.58694553693977	-1.9043730944635024	3.1773622596559288	henmt1
synaptic vesicle recycling (GO:0036465)	1/11	0.2798765265104438	0.639121023225342	0.2640645067801188	0.58694553693977	-2.492691210695274	3.174209812916704	syt5b
skeletal muscle thin filament assembly (GO:0030240)	2/25	0.16655260087091747	0.639121023225342	0.14754273028979475	0.58694553693977	-1.765641120082866	3.1648130054216916	mybpha;mybpc1
cellular response to vascular endothelial growth factor stimulus (GO:0035924)	1/12	0.30105980743976885	0.6412451541545819	0.28264238153850996	0.58694553693977	-2.621175871718311	3.1465809768709723	mapkapk2b
DNA damage checkpoint (GO:0000077)	1/13	0.32162098579933607	0.6412451541545819	0.30075309993418675	0.58694553693977	-2.7725079322487	3.14508167771044	phkg1b
bone morphogenesis (GO:0060349)	1/12	0.30105980743976885	0.6412451541545819	0.28264238153850996	0.58694553693977	-2.6091085273959695	3.132094777567932	mef2ca
regulation of phosphatidylinositol 3-kinase signaling (GO:0014066)	1/12	0.30105980743976885	0.6412451541545819	0.28264238153850996	0.58694553693977	-2.6056855088657547	3.1279856275078903	lepb
regulation of striated muscle tissue development (GO:0016202)	1/7	0.18853798875729025	0.639121023225342	0.18483677942362425	0.58694553693977	-1.87343863818548	3.12574948788	tbx6
presynaptic membrane organization (GO:0097090)	1/9	0.23556793284832145	0.639121023225342	0.22545897865318565	0.58694553693977	-2.149296757199712	3.107358564122943	nlgn1
RNA-dependent DNA biosynthetic process (GO:0006278)	1/10	0.2580523536105222	0.639121023225342	0.2450074750214496	0.58694553693977	-2.241681426174478	3.036565505611445	smg7
aromatic amino acid family catabolic process (GO:0009074)	1/10	0.2580523536105222	0.639121023225342	0.2450074750214496	0.58694553693977	-2.2230145393669964	3.0112794752616803	hpdb
protein localization to ciliary membrane (GO:1903441)	1/9	0.23556793284832145	0.639121023225342	0.22545897865318565	0.58694553693977	-2.074698850128885	2.999508196496561	arl13a
protein localization to non-motile cilium (GO:0097499)	1/9	0.23556793284832145	0.639121023225342	0.22545897865318565	0.58694553693977	-2.0718760665582128	2.995427140368033	arl13a
phosphate ion transport (GO:0006817)	1/13	0.32162098579933607	0.6412451541545819	0.30075309993418675	0.58694553693977	-2.617936820515787	2.9697390697561232	slc25a3a
fin development (GO:0033333)	4/62	0.10920146718488516	0.639121023225342	0.08474211987342511	0.58694553693977	-1.33244817519283	2.9507874701680343	and2;and1;col1a1a;bhlha9
protein autoubiquitination (GO:0051865)	1/12	0.30105980743976885	0.6412451541545819	0.28264238153850996	0.58694553693977	-2.4288611051062503	2.9157174195179145	ddb2
nuclear-transcribed mRNA catabolic process, nonsense-mediated decay (GO:0000184)	1/13	0.32162098579933607	0.6412451541545819	0.30075309993418675	0.58694553693977	-2.568904643468712	2.9141178757262343	smg7
cellular response to misfolded protein (GO:0071218)	1/14	0.3415783010692708	0.6412451541545819	0.3184083631764766	0.58694553693977	-2.709678537831457	2.910677995178944	zgc:136908
posterior lateral line nerve glial cell morphogenesis involved in differentiation (GO:0048942)	1/6	0.16395076509277215	0.639121023225342	0.163736854881302	0.58694553693977	-1.6020587859859106	2.896825248925309	egr2b
positive regulation of steroid metabolic process (GO:0045940)	1/9	0.23556793284832145	0.639121023225342	0.22545897865318565	0.58694553693977	-2.0012787948722823	2.8933607151328293	zgc:162608
epithelial to mesenchymal transition (GO:0001837)	1/13	0.32162098579933607	0.6412451541545819	0.30075309993418675	0.58694553693977	-2.5496981707471265	2.892330408593143	tbx16
myelination of lateral line nerve axons (GO:0048897)	1/6	0.16395076509277215	0.639121023225342	0.163736854881302	0.58694553693977	-1.5927573279401526	2.880006453788407	egr2b
fin morphogenesis (GO:0033334)	2/28	0.19852419879650193	0.639121023225342	0.17434699406320903	0.58694553693977	-1.775897124447794	2.8713491039629933	dhrs9;col1a1a
regulation of cholesterol esterification (GO:0010872)	1/9	0.23556793284832145	0.639121023225342	0.22545897865318565	0.58694553693977	-1.9794552398722367	2.861809180752182	zgc:162608
calcium ion transport (GO:0006816)	4/66	0.12917307129981867	0.639121023225342	0.09995445178695107	0.58694553693977	-1.3941976459636534	2.8533678799975943	atp2a1l;trpc3;cacna1sa;slc8a3
regulation of sterol transport (GO:0032371)	1/9	0.23556793284832145	0.639121023225342	0.22545897865318565	0.58694553693977	-1.96750719679966	2.8445352264498207	zgc:162608
convergent extension involved in organogenesis (GO:0060029)	1/14	0.3415783010692708	0.6412451541545819	0.3184083631764766	0.58694553693977	-2.6302568735723857	2.825364963661791	tbx16
negative regulation of signal transduction by p53 class mediator (GO:1901797)	1/10	0.2580523536105222	0.639121023225342	0.2450074750214496	0.58694553693977	-2.0828435678160444	2.821404887316312	bcl6a
skeletal muscle fiber development (GO:0048741)	3/46	0.15260910598672844	0.639121023225342	0.1256638943028207	0.58694553693977	-1.4924753276035412	2.8056677872738267	adssl1;myhz2;mybpc1
regulation of cytosolic calcium ion concentration (GO:0051480)	6/94	0.05871399429031751	0.639121023225342	0.04047750560895728	0.574664871070756	-0.9885292477585136	2.8025567090961667	drd4a;tbxa2r;atp2b2;pvalb3;ptger4a;trpc3
cation transport (GO:0006812)	2/31	0.23113964037312304	0.639121023225342	0.2018467599136115	0.58694553693977	-1.9113998155894227	2.799690858813997	panx2;rhcgb
cellular response to ionizing radiation (GO:0071479)	1/11	0.2798765265104438	0.639121023225342	0.2640645067801188	0.58694553693977	-2.1949404792584772	2.7950520217412027	bbc3
response to peptide hormone (GO:0043434)	1/12	0.30105980743976885	0.6412451541545819	0.28264238153850996	0.58694553693977	-2.327476379241017	2.794010496607896	lepb
regulation of organ morphogenesis (GO:2000027)	1/10	0.2580523536105222	0.639121023225342	0.2450074750214496	0.58694553693977	-2.0590699534319015	2.7892013205919395	eve1
presynaptic membrane assembly (GO:0097105)	1/9	0.23556793284832145	0.639121023225342	0.22545897865318565	0.58694553693977	-1.926490400585389	2.7852349494813864	nlgn1
rhombomere boundary formation (GO:0021654)	1/12	0.30105980743976885	0.6412451541545819	0.28264238153850996	0.58694553693977	-2.3162845311827134	2.7805752835890907	egr2b
phospholipase C-activating dopamine receptor signaling pathway (GO:0060158)	1/10	0.2580523536105222	0.639121023225342	0.2450074750214496	0.58694553693977	-2.0510458689576354	2.7783319535872577	drd4a
retinal metabolic process (GO:0042574)	1/12	0.30105980743976885	0.6412451541545819	0.28264238153850996	0.58694553693977	-2.2956163185870304	2.755764203462342	dhrs9
regulation of cilium assembly (GO:1902017)	1/12	0.30105980743976885	0.6412451541545819	0.28264238153850996	0.58694553693977	-2.2953046259675154	2.755390033198615	crb2b
triglyceride-rich lipoprotein particle remodeling (GO:0034370)	1/9	0.23556793284832145	0.639121023225342	0.22545897865318565	0.58694553693977	-1.901638452885684	2.749305098351649	zgc:162608
spinal cord motor neuron differentiation (GO:0021522)	2/30	0.22021870533881097	0.639121023225342	0.1926188490149822	0.58694553693977	-1.8010151284818106	2.7251774257986447	drd4a;tbx6
skeletal muscle tissue development (GO:0007519)	6/103	0.08323215441065696	0.639121023225342	0.05726022118558633	0.58694553693977	-1.0898048816732162	2.7093873847678753	adssl1;ankrd1b;myhz2;tnni3k;mybpc1;myf6
otolith morphogenesis (GO:0032474)	1/15	0.3609494588490786	0.6471711000458088	0.3356195805718852	0.5913604126007497	-2.6567299461435603	2.7072538659174716	ttc36
regulation of neural retina development (GO:0061074)	1/12	0.30105980743976885	0.6412451541545819	0.28264238153850996	0.58694553693977	-2.252808390958929	2.7043755834970784	dio3b
primary alcohol metabolic process (GO:0034308)	1/11	0.2798765265104438	0.639121023225342	0.2640645067801188	0.58694553693977	-2.1183650123127387	2.69754030526187	dhrs9
positive regulation of protein catabolic process (GO:0045732)	2/26	0.1771145804374748	0.639121023225342	0.15638350773594237	0.58694553693977	-1.556510244247757	2.6942544955747865	oaz2b;oaz2a
membrane depolarization during action potential (GO:0086010)	1/12	0.30105980743976885	0.6412451541545819	0.28264238153850996	0.58694553693977	-2.242009976144175	2.6914126659748017	scn4aa
leukocyte differentiation (GO:0002521)	1/14	0.3415783010692708	0.6412451541545819	0.3184083631764766	0.58694553693977	-2.5012015151278364	2.686736492889349	rag2
blood circulation (GO:0008015)	5/84	0.10135477163805472	0.639121023225342	0.07393644087346501	0.58694553693977	-1.171084490111434	2.6807626789247236	egf;vcla;dhrs9;lrrc39;kcnk3a
receptor metabolic process (GO:0043112)	1/13	0.32162098579933607	0.6412451541545819	0.30075309993418675	0.58694553693977	-2.35782842118661	2.6746769163053017	dnm1a
notochord cell development (GO:0060035)	1/12	0.30105980743976885	0.6412451541545819	0.28264238153850996	0.58694553693977	-2.2271257178296637	2.673544912584956	ngs
telomere maintenance via telomere lengthening (GO:0010833)	1/13	0.32162098579933607	0.6412451541545819	0.30075309993418675	0.58694553693977	-2.348575573140459	2.664180656757007	smg7
pronephric glomerulus development (GO:0039021)	2/28	0.19852419879650193	0.639121023225342	0.17434699406320903	0.58694553693977	-1.6457396049974629	2.660904663402303	abrab;tbx16
actin filament capping (GO:0051693)	1/11	0.2798765265104438	0.639121023225342	0.2640645067801188	0.58694553693977	-2.0869268643851377	2.657506755489019	capzb
positive regulation of cellular catabolic process (GO:0031331)	1/11	0.2798765265104438	0.639121023225342	0.2640645067801188	0.58694553693977	-2.0778807024110884	2.6459873117712984	zgc:162608
cellular response to fibroblast growth factor stimulus (GO:0044344)	1/11	0.2798765265104438	0.639121023225342	0.2640645067801188	0.58694553693977	-2.074944032276087	2.6422477361993923	fgf1a
phosphate ion transmembrane transport (GO:0035435)	1/9	0.23556793284832145	0.639121023225342	0.22545897865318565	0.58694553693977	-1.8250532421720989	2.6385815746693835	slc25a3a
negative regulation of angiogenesis (GO:0016525)	1/14	0.3415783010692708	0.6412451541545819	0.3184083631764766	0.58694553693977	-2.4241583995815312	2.603978446881381	per2
regulation of cell differentiation (GO:0045595)	3/48	0.1668608777890281	0.639121023225342	0.13710107777524555	0.58694553693977	-1.4458528014430714	2.5889366247847323	runx2a;bcl6a;mef2ca
establishment or maintenance of epithelial cell apical/basal polarity (GO:0045197)	2/30	0.22021870533881097	0.639121023225342	0.1926188490149822	0.58694553693977	-1.7088576528472408	2.5857308058084927	crb2b;dlg4b
aspartate family amino acid biosynthetic process (GO:0009067)	1/11	0.2798765265104438	0.639121023225342	0.2640645067801188	0.58694553693977	-2.0294441599582274	2.584307891673875	thnsl2
regulation of endopeptidase activity (GO:0052548)	3/42	0.12538814956705038	0.639121023225342	0.1039187392426967	0.58694553693977	-1.2394019795428788	2.573421339335759	serpine3;serpinb1l2;serping1
nitrogen compound transport (GO:0071705)	1/11	0.2798765265104438	0.639121023225342	0.2640645067801188	0.58694553693977	-2.0154693683986715	2.566512297774607	rhcgb
heart contraction (GO:0060047)	5/85	0.10524376308041634	0.639121023225342	0.07675971476285152	0.58694553693977	-1.1310106338229535	2.546443372804428	tnnt2e;vcla;dhrs9;lrrc39;kcnk3a
high-density lipoprotein particle assembly (GO:0034380)	1/9	0.23556793284832145	0.639121023225342	0.22545897865318565	0.58694553693977	-1.7580612179306636	2.5417274573599733	zgc:162608
regulation of blood vessel diameter (GO:0097746)	1/8	0.2124033247537588	0.639121023225342	0.20540639523297924	0.58694553693977	-1.6310069419636226	2.5268674117479493	uts2b
negative regulation of peptidyl-tyrosine phosphorylation (GO:0050732)	1/8	0.2124033247537588	0.639121023225342	0.20540639523297924	0.58694553693977	-1.6232054267456162	2.5147807712441987	samsn1b
manganese ion transport (GO:0006828)	1/14	0.3415783010692708	0.6412451541545819	0.3184083631764766	0.58694553693977	-2.3400441185202334	2.513624708034797	trpc3
purine ribonucleotide biosynthetic process (GO:0009152)	2/31	0.23113964037312304	0.639121023225342	0.2018467599136115	0.58694553693977	-1.713217196264695	2.509406187248224	adcy1b;adcy1a
ion transport (GO:0006811)	5/88	0.11734229543942375	0.639121023225342	0.08557399873074566	0.58694553693977	-1.1640254252996318	2.4941107333507504	chrna4b;gabrr3a;chrna10a;panx2;slc17a7a
muscle cell development (GO:0055001)	2/30	0.22021870533881097	0.639121023225342	0.1926188490149822	0.58694553693977	-1.647222484051876	2.492468529451043	ihhb;capzb
regulation of lamellipodium organization (GO:1902743)	1/10	0.2580523536105222	0.639121023225342	0.2450074750214496	0.58694553693977	-1.832373734371908	2.4821202558998623	capzb
positive regulation of JNK cascade (GO:0046330)	1/12	0.30105980743976885	0.6412451541545819	0.28264238153850996	0.58694553693977	-2.058848865852422	2.471537581832209	dusp22b
modulation of chemical synaptic transmission (GO:0050804)	4/69	0.1450707949749698	0.639121023225342	0.1121349910673156	0.58694553693977	-1.2795845904430008	2.470280808536972	grm3;cplx4a;nlgn1;grm6a
inflammatory response (GO:0006954)	5/86	0.10920533340546132	0.639121023225342	0.07964062618131326	0.58694553693977	-1.1126460613450937	2.463982937527231	mpx;tbxa2r;loxl3a;ptger4a;mapkapk2b
somite development (GO:0061053)	3/49	0.174128107972266	0.639121023225342	0.14294891248443353	0.58694553693977	-1.4076296810819315	2.460486004983399	loxl3a;tbx6;tbx16
myotube cell development (GO:0014904)	3/46	0.15260910598672844	0.639121023225342	0.1256638943028207	0.58694553693977	-1.2965155371127337	2.4372877801726074	adssl1;myhz2;mybpc1
ion transmembrane transport (GO:0034220)	5/89	0.12151561841020268	0.639121023225342	0.08862569910185598	0.58694553693977	-1.141808266115484	2.406603529834603	chrna4b;gabrr3a;lrrk2;chrna10a;slc13a2
chordate embryonic development (GO:0043009)	8/165	0.11423925065659368	0.639121023225342	0.07134497620016315	0.58694553693977	-1.1089122518680448	2.405741150735976	camk1db;col2a1a;cmn;bcl2l16;dio3b;myhz2;smg7;ucmab
mitochondrial RNA metabolic process (GO:0000959)	1/11	0.2798765265104438	0.639121023225342	0.2640645067801188	0.58694553693977	-1.8859891125088415	2.4016312659560586	mterf3
notochord cell differentiation (GO:0060034)	1/14	0.3415783010692708	0.6412451541545819	0.3184083631764766	0.58694553693977	-2.2309994461908875	2.396491282866757	ngs
dendritic spine organization (GO:0097061)	1/9	0.23556793284832145	0.639121023225342	0.22545897865318565	0.58694553693977	-1.6532665120501402	2.3902198883368597	shank2
regulation of cell division (GO:0051302)	1/15	0.3609494588490786	0.6471711000458088	0.3356195805718852	0.5913604126007497	-2.331107512752684	2.3754389620705343	fgf1a
negative regulation of blood vessel morphogenesis (GO:2000181)	1/14	0.3415783010692708	0.6412451541545819	0.3184083631764766	0.58694553693977	-2.1938422018302544	2.3565777757802167	per2
positive regulation of biosynthetic process (GO:0009891)	1/10	0.2580523536105222	0.639121023225342	0.2450074750214496	0.58694553693977	-1.7357163868778158	2.351188909528608	zgc:162608
divalent inorganic cation homeostasis (GO:0072507)	1/15	0.3609494588490786	0.6471711000458088	0.3356195805718852	0.5913604126007497	-2.301096192800285	2.3448569068336607	fhl1b
stem cell differentiation (GO:0048863)	4/72	0.16168626202114456	0.639121023225342	0.12493962951008603	0.58694553693977	-1.2812727172589582	2.3346037837748073	hal;ptch1;capzb;tbx16
positive regulation of lipid biosynthetic process (GO:0046889)	1/13	0.32162098579933607	0.6412451541545819	0.30075309993418675	0.58694553693977	-2.054804025975649	2.330931651524652	zgc:162608
response to glucose (GO:0009749)	1/14	0.3415783010692708	0.6412451541545819	0.3184083631764766	0.58694553693977	-2.1364806353120027	2.2949612234465637	pck1
monocarboxylic acid biosynthetic process (GO:0072330)	1/14	0.3415783010692708	0.6412451541545819	0.3184083631764766	0.58694553693977	-2.1179199245075844	2.2750237099153328	agxtb
spinal cord development (GO:0021510)	1/14	0.3415783010692708	0.6412451541545819	0.3184083631764766	0.58694553693977	-2.1170917240612592	2.27413407493426	loxl3a
receptor localization to non-motile cilium (GO:0097500)	1/9	0.23556793284832145	0.639121023225342	0.22545897865318565	0.58694553693977	-1.5696132487138077	2.2692776855562355	arl13a
transcription, DNA-templated (GO:0006351)	3/51	0.18891853512282655	0.639121023225342	0.154885997160764	0.58694553693977	-1.3465187227134854	2.2438918361274087	mterf3;mef2ca;mef2cb
calcium ion homeostasis (GO:0055074)	3/51	0.18891853512282655	0.639121023225342	0.154885997160764	0.58694553693977	-1.344078438244675	2.239825249970807	fhl1b;atp2a1l;atp2b2
mitotic spindle organization (GO:0007052)	2/33	0.2530687651604656	0.639121023225342	0.22044292058001064	0.58694553693977	-1.6299365241652364	2.239686044089785	birc7;zgc:136908
endothelial cell development (GO:0001885)	1/15	0.3609494588490786	0.6471711000458088	0.3356195805718852	0.5913604126007497	-2.1722228547341893	2.213532741500421	fbn2b
negative regulation of endopeptidase activity (GO:0010951)	3/39	0.10626641575453633	0.639121023225342	0.08870356285741696	0.58694553693977	-0.9760338602739408	2.1880785464917776	serpine3;serpinb1l2;serping1
myofibril assembly (GO:0030239)	5/89	0.12151561841020268	0.639121023225342	0.08862569910185598	0.58694553693977	-1.0284166360017726	2.16760657615713	tnnt2e;mybpha;vcla;lrrc39;mybpc1
phospholipid efflux (GO:0033700)	1/9	0.23556793284832145	0.639121023225342	0.22545897865318565	0.58694553693977	-1.498257361368446	2.1661144872214986	zgc:162608
postsynaptic membrane assembly (GO:0097104)	1/9	0.23556793284832145	0.639121023225342	0.22545897865318565	0.58694553693977	-1.492783690901256	2.158200895603015	nlgn1
fibroblast growth factor receptor signaling pathway (GO:0008543)	1/14	0.3415783010692708	0.6412451541545819	0.3184083631764766	0.58694553693977	-1.999449961331705	2.1477658414666068	fgf1a
peptidyl-proline hydroxylation to 4-hydroxy-L-proline (GO:0018401)	1/8	0.2124033247537588	0.639121023225342	0.20540639523297924	0.58694553693977	-1.3810813153880372	2.1396655520218246	p4ha1b
regulation of BMP signaling pathway involved in heart jogging (GO:2000223)	1/13	0.32162098579933607	0.6412451541545819	0.30075309993418675	0.58694553693977	-1.87857312756044	2.1310185824923917	tbx16
positive regulation of Wnt signaling pathway (GO:0030177)	2/32	0.24209344375217176	0.639121023225342	0.21112422478804369	0.58694553693977	-1.5013643551877924	2.129582488591696	dmxl2;zranb1b
acylglycerol biosynthetic process (GO:0046463)	1/11	0.2798765265104438	0.639121023225342	0.2640645067801188	0.58694553693977	-1.667845309458884	2.123845474720807	lpin1
inorganic anion transmembrane transport (GO:0098661)	3/51	0.18891853512282655	0.639121023225342	0.154885997160764	0.58694553693977	-1.2728649358897093	2.1211522646933867	slc25a3a;cftr;slc12a3
adenylate cyclase-modulating G-protein coupled receptor signaling pathway (GO:0007188)	6/117	0.13091448454558785	0.639121023225342	0.09057621312945197	0.58694553693977	-1.0235018915474998	2.080995262113142	drd4a;tbxa2r;ptger4a;adcy1b;adcy1a;rxfp1
metal ion homeostasis (GO:0055065)	2/32	0.24209344375217176	0.639121023225342	0.21112422478804369	0.58694553693977	-1.4660474052602186	2.0794878144665576	fhl1b;slc12a3
regulation of lipid metabolic process (GO:0019216)	1/16	0.37975164636464614	0.6636986081314468	0.3523978766990579	0.6036812290806336	-2.1438292608721956	2.075736531677899	irs2a
response to hexose (GO:0009746)	1/14	0.3415783010692708	0.6412451541545819	0.3184083631764766	0.58694553693977	-1.9252856836838708	2.068100180775117	pck1
microtubule polymerization (GO:0046785)	1/11	0.2798765265104438	0.639121023225342	0.2640645067801188	0.58694553693977	-1.6108846099190788	2.0513113354523416	tppp3
positive regulation of dendrite development (GO:1900006)	1/10	0.2580523536105222	0.639121023225342	0.2450074750214496	0.58694553693977	-1.5085213243319506	2.0434321150453973	shank2
vacuolar acidification (GO:0007035)	1/10	0.2580523536105222	0.639121023225342	0.2450074750214496	0.58694553693977	-1.4984903264524236	2.0298441976044193	dmxl2
organic anion transport (GO:0015711)	3/49	0.174128107972266	0.639121023225342	0.14294891248443353	0.58694553693977	-1.1590022648917082	2.025894232578437	slco3a1;slco4a1;cftr
peptidyl-lysine modification (GO:0018205)	2/33	0.2530687651604656	0.639121023225342	0.22044292058001064	0.58694553693977	-1.4728479415533318	2.023831560835037	loxl3a;loxl5b
vascular endothelial growth factor receptor signaling pathway (GO:0048010)	1/15	0.3609494588490786	0.6471711000458088	0.3356195805718852	0.5913604126007497	-1.9837652805288848	2.0214912067297015	mapkapk2b
regulation of axon guidance (GO:1902667)	1/15	0.3609494588490786	0.6471711000458088	0.3356195805718852	0.5913604126007497	-1.9701330143127305	2.0075996911586618	arl3l1
very-low-density lipoprotein particle remodeling (GO:0034372)	1/9	0.23556793284832145	0.639121023225342	0.22545897865318565	0.58694553693977	-1.3815013766323443	1.9973138281840637	zgc:162608
calcium ion transmembrane transport (GO:0070588)	2/33	0.2530687651604656	0.639121023225342	0.22044292058001064	0.58694553693977	-1.441552103876945	1.980828137178523	atp2a1l;trpc3
photoreceptor cell development (GO:0042461)	2/34	0.2640548910494792	0.639121023225342	0.2297949092634112	0.58694553693977	-1.4857669171298424	1.9784446665859887	crx;crb2b
regulation of lamellipodium assembly (GO:0010591)	1/10	0.2580523536105222	0.639121023225342	0.2450074750214496	0.58694553693977	-1.4498981857923852	1.9640216340370804	capzb
neuromast hair cell development (GO:0035675)	1/15	0.3609494588490786	0.6471711000458088	0.3356195805718852	0.5913604126007497	-1.9160430013540213	1.952481030376992	cdh23
negative regulation of protein serine/threonine kinase activity (GO:0071901)	1/13	0.32162098579933607	0.6412451541545819	0.30075309993418675	0.58694553693977	-1.7190637902981485	1.950074142906793	spry1
amide transport (GO:0042886)	1/15	0.3609494588490786	0.6471711000458088	0.3356195805718852	0.5913604126007497	-1.908807003795511	1.9451074234387025	slc14a2
cellular response to growth factor stimulus (GO:0071363)	1/13	0.32162098579933607	0.6412451541545819	0.30075309993418675	0.58694553693977	-1.711489828763351	1.941482381139874	mapkapk2b
negative regulation of cell cycle process (GO:0010948)	1/14	0.3415783010692708	0.6412451541545819	0.3184083631764766	0.58694553693977	-1.805948500453616	1.9399107633274943	wnt4b
skeletal muscle contraction (GO:0003009)	1/16	0.37975164636464614	0.6636986081314468	0.3523978766990579	0.6036812290806336	-1.988453169465019	1.92529552643106	tnnt2e
regulation of nuclear division (GO:0051783)	2/32	0.24209344375217176	0.639121023225342	0.21112422478804369	0.58694553693977	-1.34652911527663	1.9099593075881336	ccng2;wnt4b
hemoglobin biosynthetic process (GO:0042541)	1/16	0.37975164636464614	0.6636986081314468	0.3523978766990579	0.6036812290806336	-1.951402255831876	1.8894214312481872	slc25a38a
negative regulation of Ras protein signal transduction (GO:0046580)	1/9	0.23556793284832145	0.639121023225342	0.22545897865318565	0.58694553693977	-1.306196509648336	1.8884413690603776	spry1
regulation of translational initiation (GO:0006446)	1/18	0.4157153591237276	0.6636986081314468	0.38469882245334486	0.6036812290806336	-2.1496688601141853	1.8868814849297588	gra
Schwann cell development (GO:0014044)	1/16	0.37975164636464614	0.6636986081314468	0.3523978766990579	0.6036812290806336	-1.9390507354297368	1.8774622222811193	lama2
receptor clustering (GO:0043113)	1/15	0.3609494588490786	0.6471711000458088	0.3356195805718852	0.5913604126007497	-1.8328219306421465	1.8676773167976144	dlg4b
membrane depolarization (GO:0051899)	1/12	0.30105980743976885	0.6412451541545819	0.28264238153850996	0.58694553693977	-1.5529409003246943	1.864222217169751	scn4aa
determination of digestive tract left/right asymmetry (GO:0071907)	1/14	0.3415783010692708	0.6412451541545819	0.3184083631764766	0.58694553693977	-1.7240606499119415	1.851948607921819	prickle1a
inner ear receptor stereocilium organization (GO:0060122)	1/15	0.3609494588490786	0.6471711000458088	0.3356195805718852	0.5913604126007497	-1.8121932615858845	1.8466563454593856	cdh23
cellular calcium ion homeostasis (GO:0006874)	4/73	0.16737288015777743	0.639121023225342	0.12934030656663376	0.58694553693977	-1.0306080445277672	1.8422439730135023	atp2a1l;atp2b2;pvalb3;trpc3
cellular response to nitrogen levels (GO:0043562)	1/13	0.32162098579933607	0.6412451541545819	0.30075309993418675	0.58694553693977	-1.6229054089356778	1.8409938550332392	zgc:92606
protein localization to lysosome (GO:0061462)	1/18	0.4157153591237276	0.6636986081314468	0.38469882245334486	0.6036812290806336	-2.09203550326536	1.8362935474245277	cacng7a
protein-DNA complex assembly (GO:0065004)	2/24	0.15610665111390823	0.639121023225342	0.1388103765437874	0.58694553693977	-0.9884770274709064	1.835815197180845	zgc:113984;rag2
generation of neurons (GO:0048699)	7/145	0.13601709569440493	0.639121023225342	0.0897184409786635	0.58694553693977	-0.9087597885131884	1.812952784199072	heyl;runx2a;prickle1a;crx;atp2b2;wnt4b;bhlhe41
misfolded or incompletely synthesized protein catabolic process (GO:0006515)	1/19	0.43290880166649787	0.6789935596174254	0.40024236066592733	0.6111096107011297	-2.1329706564593205	1.7857831681542005	zgc:136908
lipoprotein metabolic process (GO:0042157)	1/11	0.2798765265104438	0.639121023225342	0.2640645067801188	0.58694553693977	-1.3997018374509782	1.7823897675457312	zgc:162608
regulation of peptidyl-tyrosine phosphorylation (GO:0050730)	1/14	0.3415783010692708	0.6412451541545819	0.3184083631764766	0.58694553693977	-1.6583351636470811	1.7813477141543002	samsn1b
release of sequestered calcium ion into cytosol (GO:0051209)	1/15	0.3609494588490786	0.6471711000458088	0.3356195805718852	0.5913604126007497	-1.7347680227305218	1.7677586850046494	ryr1b
intrahepatic bile duct development (GO:0035622)	1/16	0.37975164636464614	0.6636986081314468	0.3523978766990579	0.6036812290806336	-1.8184402800952868	1.7606826200948105	prickle1a
hexose biosynthetic process (GO:0019319)	1/14	0.3415783010692708	0.6412451541545819	0.3184083631764766	0.58694553693977	-1.6381609342167982	1.7596769938630992	pck1
regulation of neural precursor cell proliferation (GO:2000177)	1/15	0.3609494588490786	0.6471711000458088	0.3356195805718852	0.5913604126007497	-1.7233273938058096	1.7561004858226386	ihhb
response to cytokine (GO:0034097)	1/16	0.37975164636464614	0.6636986081314468	0.3523978766990579	0.6036812290806336	-1.8083818491030008	1.7509436669780147	mapkapk2b
ncRNA metabolic process (GO:0034660)	1/14	0.3415783010692708	0.6412451541545819	0.3184083631764766	0.58694553693977	-1.6290010971933957	1.749837695329635	henmt1
cardiac myofibril assembly (GO:0055003)	2/34	0.2640548910494792	0.639121023225342	0.2297949092634112	0.58694553693977	-1.3136599283925976	1.7492672969571428	mybpha;mybpc1
heart process (GO:0003015)	4/73	0.16737288015777743	0.639121023225342	0.12934030656663376	0.58694553693977	-0.9764054825717372	1.745355205634298	vcla;dhrs9;lrrc39;kcnk3a
negative regulation of cellular response to insulin stimulus (GO:1900077)	1/12	0.30105980743976885	0.6412451541545819	0.28264238153850996	0.58694553693977	-1.4497000777507152	1.740287149762452	tsc1b
swim bladder development (GO:0048794)	1/17	0.39800154788837583	0.6636986081314468	0.36875409857853614	0.6036812290806336	-1.8690225285677544	1.7219293052580418	dio3b
regulation of insulin receptor signaling pathway (GO:0046626)	1/12	0.30105980743976885	0.6412451541545819	0.28264238153850996	0.58694553693977	-1.4230500763635436	1.7082952531853302	tsc1b
glucose homeostasis (GO:0042593)	2/39	0.31881381325757047	0.6412451541545819	0.2768016443011751	0.58694553693977	-1.4905689484017353	1.7039409183260823	foxo1a;glis3
regulation of myoblast differentiation (GO:0045661)	1/11	0.2798765265104438	0.639121023225342	0.2640645067801188	0.58694553693977	-1.3350255567621945	1.7000305551633716	myf6
regulation of T cell activation (GO:0050863)	1/14	0.3415783010692708	0.6412451541545819	0.3184083631764766	0.58694553693977	-1.5824799062611303	1.6998656396538243	ndrg1b
dendrite morphogenesis (GO:0048813)	1/20	0.44959713683528807	0.6799508593324456	0.41539476805828424	0.6111096107011297	-2.1164983062831775	1.691935833501066	shank2
actomyosin structure organization (GO:0031032)	5/98	0.16201164595597928	0.639121023225342	0.1185556668826589	0.58694553693977	-0.9225982464755326	1.6792091278820174	tnnt2e;mybpha;vcla;lrrc39;mybpc1
phosphatidylcholine metabolic process (GO:0046470)	1/7	0.18853798875729025	0.639121023225342	0.18483677942362425	0.58694553693977	-0.9924174605448888	1.6558046288966506	zgc:162608
positive regulation of fatty acid metabolic process (GO:0045923)	1/11	0.2798765265104438	0.639121023225342	0.2640645067801188	0.58694553693977	-1.2966679550347642	1.6511857262167493	zgc:162608
clathrin-dependent endocytosis (GO:0072583)	1/18	0.4157153591237276	0.6636986081314468	0.38469882245334486	0.6036812290806336	-1.8680108396358257	1.639654893995956	syt5b
somite specification (GO:0001757)	1/17	0.39800154788837583	0.6636986081314468	0.36875409857853614	0.6036812290806336	-1.7684446854968945	1.6292670003386498	ptprub
ventral spinal cord interneuron differentiation (GO:0021514)	1/17	0.39800154788837583	0.6636986081314468	0.36875409857853614	0.6036812290806336	-1.767075459093122	1.6280055328955605	drd4a
peptidyl-proline hydroxylation (GO:0019511)	1/9	0.23556793284832145	0.639121023225342	0.22545897865318565	0.58694553693977	-1.1198450333928975	1.6190226144190965	p4ha1b
integrin-mediated signaling pathway (GO:0007229)	1/16	0.37975164636464614	0.6636986081314468	0.3523978766990579	0.6036812290806336	-1.6719571812688208	1.6188521464386314	itgb4
neurotransmitter receptor transport, postsynaptic endosome to lysosome (GO:0098943)	1/14	0.3415783010692708	0.6412451541545819	0.3184083631764766	0.58694553693977	-1.4976258626132697	1.608717263859609	cacng7a
toll-like receptor signaling pathway (GO:0002224)	1/19	0.43290880166649787	0.6789935596174254	0.40024236066592733	0.6111096107011297	-1.9140692879970205	1.602512771019531	mapkapk2b
positive regulation of sequence-specific DNA binding transcription factor activity (GO:0051091)	2/37	0.2969799426114984	0.6412451541545819	0.2579767377501911	0.58694553693977	-1.318050898928883	1.6002333065594347	arid5b;abrab
negative regulation of intrinsic apoptotic signaling pathway (GO:2001243)	1/18	0.4157153591237276	0.6636986081314468	0.38469882245334486	0.6036812290806336	-1.8224394802930677	1.5996544289092711	bcl6a
glomerular filtration (GO:0003094)	1/17	0.39800154788837583	0.6636986081314468	0.36875409857853614	0.6036812290806336	-1.7153439140753957	1.580345292309504	crb2b
determination of liver left/right asymmetry (GO:0071910)	1/16	0.37975164636464614	0.6636986081314468	0.3523978766990579	0.6036812290806336	-1.6309077785107926	1.5791065629336594	prickle1a
regulation of protein polymerization (GO:0032271)	1/14	0.3415783010692708	0.6412451541545819	0.3184083631764766	0.58694553693977	-1.4615956335890434	1.5700143722368998	tppp3
barbed-end actin filament capping (GO:0051016)	1/11	0.2798765265104438	0.639121023225342	0.2640645067801188	0.58694553693977	-1.2301471881656656	1.566477732682427	capzb
cholesterol homeostasis (GO:0042632)	1/17	0.39800154788837583	0.6636986081314468	0.36875409857853614	0.6036812290806336	-1.6935919947751117	1.5603052624456213	zgc:162608
fatty acid metabolic process (GO:0006631)	2/40	0.32967210750384396	0.6412451541545819	0.28620654837382475	0.58694553693977	-1.4048954069905388	1.5589516462740638	lpin1;cpt1b
septin ring assembly (GO:0000921)	2/29	0.20934265447191097	0.639121023225342	0.1834492147137541	0.58694553693977	-0.9863491446750968	1.54243590066276	sept8b;zgc:172075
action potential (GO:0001508)	1/15	0.3609494588490786	0.6471711000458088	0.3356195805718852	0.5913604126007497	-1.5120015250071028	1.5407557624704848	scn4aa
retinal ganglion cell axon guidance (GO:0031290)	2/39	0.31881381325757047	0.6412451541545819	0.2768016443011751	0.58694553693977	-1.3327450095892324	1.5235247976747242	col4a5;adcy1b
peroxisome organization (GO:0007031)	1/11	0.2798765265104438	0.639121023225342	0.2640645067801188	0.58694553693977	-1.178920859328812	1.5012457797730716	dnm1a
mesoderm development (GO:0007498)	2/38	0.30791394671008904	0.6412451541545819	0.2673897387388957	0.58694553693977	-1.2722475315200823	1.4986248055139453	bcl9l;tbx16
neurotransmitter receptor transport (GO:0099637)	1/16	0.37975164636464614	0.6636986081314468	0.3523978766990579	0.6036812290806336	-1.5474561934003213	1.4983055835824592	cacng7a
establishment of mitotic spindle orientation (GO:0000132)	1/18	0.4157153591237276	0.6636986081314468	0.38469882245334486	0.6036812290806336	-1.705711115062971	1.4971955827095411	prickle1a
positive regulation of lipid metabolic process (GO:0045834)	1/16	0.37975164636464614	0.6636986081314468	0.3523978766990579	0.6036812290806336	-1.542330247689224	1.493342449173335	zgc:162608
regulation of lipid biosynthetic process (GO:0046890)	1/18	0.4157153591237276	0.6636986081314468	0.38469882245334486	0.6036812290806336	-1.6994916303996042	1.4917364021469648	zgc:162608
cellular response to oxidative stress (GO:0034599)	1/17	0.39800154788837583	0.6636986081314468	0.36875409857853614	0.6036812290806336	-1.6152202772101834	1.488101447287829	ryr1b
epidermis development (GO:0008544)	1/18	0.4157153591237276	0.6636986081314468	0.38469882245334486	0.6036812290806336	-1.6843574381620825	1.4784522970216616	col17a1a
detection of mechanical stimulus involved in sensory perception (GO:0050974)	1/18	0.4157153591237276	0.6636986081314468	0.38469882245334486	0.6036812290806336	-1.682429518288139	1.4767600567040629	cdh23
glutathione metabolic process (GO:0006749)	1/20	0.44959713683528807	0.6799508593324456	0.41539476805828424	0.6111096107011297	-1.845373748996478	1.475197954498906	ethe1
B cell activation (GO:0042113)	1/17	0.39800154788837583	0.6636986081314468	0.36875409857853614	0.6036812290806336	-1.600590775690818	1.4746232965419326	rag2
microtubule polymerization or depolymerization (GO:0031109)	1/14	0.3415783010692708	0.6412451541545819	0.3184083631764766	0.58694553693977	-1.3692370534033316	1.470804785837894	tppp3
cellular response to nitrogen starvation (GO:0006995)	1/13	0.32162098579933607	0.6412451541545819	0.30075309993418675	0.58694553693977	-1.2936747596514169	1.4675207007238802	zgc:92606
cardiac muscle contraction (GO:0060048)	1/18	0.4157153591237276	0.6636986081314468	0.38469882245334486	0.6036812290806336	-1.6583890848546932	1.4556584584175036	tnnt2e
regulation of B cell activation (GO:0050864)	1/14	0.3415783010692708	0.6412451541545819	0.3184083631764766	0.58694553693977	-1.3513401865059855	1.451580359053143	samsn1b
dorsal/ventral axis specification (GO:0009950)	1/18	0.4157153591237276	0.6636986081314468	0.38469882245334486	0.6036812290806336	-1.65260759723941	1.4505837317286456	egf
negative regulation of sequestering of calcium ion (GO:0051283)	1/15	0.3609494588490786	0.6471711000458088	0.3356195805718852	0.5913604126007497	-1.4214732767801497	1.4485059083432663	ryr1b
regulation of JNK cascade (GO:0046328)	1/18	0.4157153591237276	0.6636986081314468	0.38469882245334486	0.6036812290806336	-1.649568625485086	1.4479162606390965	dusp22b
cholesterol efflux (GO:0033344)	1/17	0.39800154788837583	0.6636986081314468	0.36875409857853614	0.6036812290806336	-1.5644761152433777	1.4413508820988894	zgc:162608
activation of cysteine-type endopeptidase activity involved in apoptotic process (GO:0006919)	1/18	0.4157153591237276	0.6636986081314468	0.38469882245334486	0.6036812290806336	-1.639376094010982	1.4389697204161391	diabloa
chloride ion homeostasis (GO:0055064)	1/17	0.39800154788837583	0.6636986081314468	0.36875409857853614	0.6036812290806336	-1.5601391024080038	1.437355194842924	slc12a3
hemoglobin metabolic process (GO:0020027)	1/19	0.43290880166649787	0.6789935596174254	0.40024236066592733	0.6111096107011297	-1.715478324225215	1.4362468173003622	slc25a38a
peptidyl-serine phosphorylation (GO:0018105)	4/82	0.22139344865521543	0.639121023225342	0.17164516029294155	0.58694553693977	-0.9480004329638122	1.429408182327297	camk1da;camk1db;mapkapk2b;mknk2b
regulation of neurotransmitter transport (GO:0051588)	1/15	0.3609494588490786	0.6471711000458088	0.3356195805718852	0.5913604126007497	-1.3964423783453066	1.4229989889616104	cplx4a
eye photoreceptor cell differentiation (GO:0001754)	2/41	0.34048185999808805	0.6412451541545819	0.29559884108972967	0.58694553693977	-1.3090863814132592	1.4104010658693522	crx;crb2b
cellular response to amino acid stimulus (GO:0071230)	1/18	0.4157153591237276	0.6636986081314468	0.38469882245334486	0.6036812290806336	-1.6037923957991858	1.4077359696897132	rragd
acylglycerol catabolic process (GO:0046464)	1/18	0.4157153591237276	0.6636986081314468	0.38469882245334486	0.6036812290806336	-1.5975561013533357	1.4022620342651568	zgc:162608
synapse assembly (GO:0007416)	1/18	0.4157153591237276	0.6636986081314468	0.38469882245334486	0.6036812290806336	-1.5974838203855186	1.4021985893214182	shank2
macroautophagy (GO:0016236)	1/20	0.44959713683528807	0.6799508593324456	0.41539476805828424	0.6111096107011297	-1.7474433545804606	1.3969120692659869	zgc:136908
peptidyl-serine modification (GO:0018209)	4/84	0.23398003453748456	0.639121023225342	0.18163901639777352	0.58694553693977	-0.9575188785771284	1.3908148329406618	camk1da;camk1db;mapkapk2b;mknk2b
regulation of Ras protein signal transduction (GO:0046578)	1/20	0.44959713683528807	0.6799508593324456	0.41539476805828424	0.6111096107011297	-1.7376701571169495	1.389099342486425	spry1
hair cell differentiation (GO:0035315)	1/18	0.4157153591237276	0.6636986081314468	0.38469882245334486	0.6036812290806336	-1.5798524394019224	1.386722565572382	cdh23
negative regulation of insulin receptor signaling pathway (GO:0046627)	1/12	0.30105980743976885	0.6412451541545819	0.28264238153850996	0.58694553693977	-1.1525664296513574	1.3835941499582065	tsc1b
triglyceride catabolic process (GO:0019433)	1/11	0.2798765265104438	0.639121023225342	0.2640645067801188	0.58694553693977	-1.0851827397260654	1.3818790255554865	zgc:162608
regulation of endodermal cell fate specification (GO:0042663)	1/18	0.4157153591237276	0.6636986081314468	0.38469882245334486	0.6036812290806336	-1.552087704892143	1.362351945309636	tbx16
auditory receptor cell differentiation (GO:0042491)	1/17	0.39800154788837583	0.6636986081314468	0.36875409857853614	0.6036812290806336	-1.4735337761988816	1.3575657611087046	cdh23
positive regulation of cholesterol esterification (GO:0010873)	1/9	0.23556793284832145	0.639121023225342	0.22545897865318565	0.58694553693977	-0.935689748038913	1.352779015829776	zgc:162608
glycerophospholipid metabolic process (GO:0006650)	1/14	0.3415783010692708	0.6412451541545819	0.3184083631764766	0.58694553693977	-1.257436667155633	1.3507112324660202	zgc:162608
inorganic cation transmembrane transport (GO:0098662)	4/79	0.20287200069114575	0.639121023225342	0.1570352961378192	0.58694553693977	-0.8452046199761998	1.3482535372033644	scn4aa;atp2a1l;trpc3;slc12a3
negative regulation of cell death (GO:0060548)	1/21	0.4657951790258774	0.6841599589532088	0.4301658485114205	0.6160565505982589	-1.7607305417759969	1.3452144584693286	wisp3
microtubule bundle formation (GO:0001578)	1/22	0.4815173090093138	0.6939291831562795	0.4445651610953995	0.6240226573173957	-1.8354416303547276	1.3413647882841944	tppp3
gland development (GO:0048732)	8/188	0.19023735874306105	0.639121023225342	0.12256364845901035	0.58694553693977	-0.8061098607376679	1.3377253923372905	foxn1;fhl1b;dhrs9;ndrg1b;ptger4a;dio3b;rag2;tbx16
cellular response to starvation (GO:0009267)	2/40	0.32967210750384396	0.6412451541545819	0.28620654837382475	0.58694553693977	-1.2004801769684073	1.332120910134687	rragd;zgc:92606
response to nicotine (GO:0035094)	1/19	0.43290880166649787	0.6789935596174254	0.40024236066592733	0.6111096107011297	-1.586456061844658	1.328225741727367	chrna4b
common bile duct development (GO:0061009)	1/19	0.43290880166649787	0.6789935596174254	0.40024236066592733	0.6111096107011297	-1.5466560586170546	1.2949040569488626	prickle1a
negative regulation of cell development (GO:0010721)	1/17	0.39800154788837583	0.6636986081314468	0.36875409857853614	0.6036812290806336	-1.403510925277618	1.293053751651314	crx
protein polymerization (GO:0051258)	1/18	0.4157153591237276	0.6636986081314468	0.38469882245334486	0.6036812290806336	-1.4636844947216672	1.2847556310242048	tppp3
regulation of primary metabolic process (GO:0080090)	1/15	0.3609494588490786	0.6471711000458088	0.3356195805718852	0.5913604126007497	-1.2601372833802849	1.2841017345289751	irs2a
vesicle-mediated transport in synapse (GO:0099003)	1/17	0.39800154788837583	0.6636986081314468	0.36875409857853614	0.6036812290806336	-1.3826368592003375	1.2738224874215	syt5b
reverse cholesterol transport (GO:0043691)	1/9	0.23556793284832145	0.639121023225342	0.22545897865318565	0.58694553693977	-0.8782248277142379	1.269698765645911	zgc:162608
response to endoplasmic reticulum stress (GO:0034976)	1/21	0.4657951790258774	0.6841599589532088	0.4301658485114205	0.6160565505982589	-1.647432063472989	1.2586533706028984	bbc3
positive regulation of muscle cell differentiation (GO:0051149)	1/10	0.2580523536105222	0.639121023225342	0.2450074750214496	0.58694553693977	-0.9207672931161762	1.2472647399069734	myf6
positive regulation of blood circulation (GO:1903524)	1/18	0.4157153591237276	0.6636986081314468	0.38469882245334486	0.6036812290806336	-1.416260681080063	1.2431291658669856	tbxa2r
protein K63-linked deubiquitination (GO:0070536)	1/20	0.44959713683528807	0.6799508593324456	0.41539476805828424	0.6111096107011297	-1.5437549399710584	1.2340828685415712	zranb1b
neuron projection development (GO:0031175)	5/112	0.23376771971961496	0.639121023225342	0.17310732235929882	0.58694553693977	-0.8454896128224161	1.2288576913986196	zgc:162608;nptx2b;prickle1a;cdh23;shank2
positive regulation of canonical Wnt signaling pathway (GO:0090263)	1/21	0.4657951790258774	0.6841599589532088	0.4301658485114205	0.6160565505982589	-1.6050900960089265	1.2263037148882638	dmxl2
negative regulation of smoothened signaling pathway (GO:0045879)	1/20	0.44959713683528807	0.6799508593324456	0.41539476805828424	0.6111096107011297	-1.533425854891256	1.2258257633400609	ptch1
monocarboxylic acid catabolic process (GO:0072329)	1/15	0.3609494588490786	0.6471711000458088	0.3356195805718852	0.5913604126007497	-1.1960215082943635	1.2187666483567368	lpin1
type B pancreatic cell development (GO:0003323)	1/21	0.4657951790258774	0.6841599589532088	0.4301658485114205	0.6160565505982589	-1.5712046008725753	1.200414882435893	glis3
dopamine receptor signaling pathway (GO:0007212)	1/21	0.4657951790258774	0.6841599589532088	0.4301658485114205	0.6160565505982589	-1.5604728075244787	1.1922156928184953	drd4a
carbohydrate homeostasis (GO:0033500)	2/36	0.2860197224309191	0.6412451541545819	0.248568855058687	0.58694553693977	-0.9386201077096106	1.174865636726104	foxo1a;glis3
calcium ion transmembrane import into cytosol (GO:0097553)	1/17	0.39800154788837583	0.6636986081314468	0.36875409857853614	0.6036812290806336	-1.2712776034393702	1.1712272736262566	ryr1b
regulation of neurotransmitter secretion (GO:0046928)	1/20	0.44959713683528807	0.6799508593324456	0.41539476805828424	0.6111096107011297	-1.4549005923087803	1.1630524054762936	cplx4a
digestive tract morphogenesis (GO:0048546)	1/22	0.4815173090093138	0.6939291831562795	0.4445651610953995	0.6240226573173957	-1.5860088235584722	1.1590760254349348	dhrs9
chloride transmembrane transport (GO:1902476)	2/42	0.3512365455386387	0.6471711000458088	0.3049731976976992	0.58694553693977	-1.1072954670838293	1.1585581133275558	cftr;slc12a3
synaptic transmission, glutamatergic (GO:0035249)	1/23	0.49677748630809854	0.7005249346095768	0.4586020262323579	0.635946616437016	-1.6478593211577643	1.1528639133383785	slc17a7a
response to alkaloid (GO:0043279)	1/19	0.43290880166649787	0.6789935596174254	0.40024236066592733	0.6111096107011297	-1.3750928325052176	1.151266487188139	chrna4b
mesoderm formation (GO:0001707)	1/21	0.4657951790258774	0.6841599589532088	0.4301658485114205	0.6160565505982589	-1.5060377255232409	1.1506267854765648	tbx16
muscle fiber development (GO:0048747)	4/86	0.24673406653779612	0.639121023225342	0.19182121745376263	0.58694553693977	-0.8200470064906598	1.147610007324879	mybpha;adssl1;myhz2;mybpc1
glucose metabolic process (GO:0006006)	1/21	0.4657951790258774	0.6841599589532088	0.4301658485114205	0.6160565505982589	-1.500295323347843	1.1462395369740777	pck1
regulation of nervous system development (GO:0051960)	2/41	0.34048185999808805	0.6412451541545819	0.29559884108972967	0.58694553693977	-1.0524108534514958	1.1338605385521048	heyl;bhlhe41
establishment of mitotic spindle localization (GO:0040001)	1/21	0.4657951790258774	0.6841599589532088	0.4301658485114205	0.6160565505982589	-1.474792964093559	1.1267554980595604	prickle1a
bicarbonate transport (GO:0015701)	1/23	0.49677748630809854	0.7005249346095768	0.4586020262323579	0.635946616437016	-1.6101929931268557	1.1265120580693913	cftr
sterol homeostasis (GO:0055092)	1/17	0.39800154788837583	0.6636986081314468	0.36875409857853614	0.6036812290806336	-1.2179167175070844	1.122065922258413	zgc:162608
production of small RNA involved in gene silencing by RNA (GO:0070918)	1/10	0.2580523536105222	0.639121023225342	0.2450074750214496	0.58694553693977	-0.8258210609828627	1.118651258072576	henmt1
mitotic DNA integrity checkpoint (GO:0044774)	1/12	0.30105980743976885	0.6412451541545819	0.28264238153850996	0.58694553693977	-0.9271849690644848	1.1130358009081118	phkg1b
protein localization to cilium (GO:0061512)	1/21	0.4657951790258774	0.6841599589532088	0.4301658485114205	0.6160565505982589	-1.4557880405185055	1.1122355602447265	cdh23
positive regulation of vasoconstriction (GO:0045907)	1/14	0.3415783010692708	0.6412451541545819	0.3184083631764766	0.58694553693977	-1.0284738717701012	1.104764356872182	tbxa2r
extrinsic apoptotic signaling pathway (GO:0097191)	1/21	0.4657951790258774	0.6841599589532088	0.4301658485114205	0.6160565505982589	-1.4315196025615553	1.0936942486416312	bcl2l16
organic substance transport (GO:0071702)	1/20	0.44959713683528807	0.6799508593324456	0.41539476805828424	0.6111096107011297	-1.3595824642859653	1.0868547747457231	abca1a
chloride transport (GO:0006821)	2/42	0.3512365455386387	0.6471711000458088	0.3049731976976992	0.58694553693977	-1.0278140022455111	1.0753970251763472	cftr;slc12a3
lymphocyte differentiation (GO:0030098)	1/22	0.4815173090093138	0.6939291831562795	0.4445651610953995	0.6240226573173957	-1.4578657223406175	1.0654273683529072	rag2
regulation of mitotic nuclear division (GO:0007088)	2/42	0.3512365455386387	0.6471711000458088	0.3049731976976992	0.58694553693977	-1.0176125305557808	1.064723272645647	ccng2;wnt4b
sodium ion transmembrane transport (GO:0035725)	2/41	0.34048185999808805	0.6412451541545819	0.29559884108972967	0.58694553693977	-0.9860728692968151	1.0623884303033146	scn4aa;slc12a3
renal filtration (GO:0097205)	1/22	0.4815173090093138	0.6939291831562795	0.4445651610953995	0.6240226573173957	-1.4453801559055277	1.0563027528375797	crb2b
negative regulation of cellular response to growth factor stimulus (GO:0090288)	2/39	0.31881381325757047	0.6412451541545819	0.2768016443011751	0.58694553693977	-0.9141614806601284	1.0450218720338782	spry1;wisp3
regulation of heart morphogenesis (GO:2000826)	1/18	0.4157153591237276	0.6636986081314468	0.38469882245334486	0.6036812290806336	-1.186196657682008	1.0411894373102917	tbx16
receptor-mediated endocytosis (GO:0006898)	1/24	0.5115892617472437	0.7072875636806774	0.47228553155213854	0.6451757707810465	-1.550981869229276	1.039519539875467	dnm1a
transmembrane transport (GO:0055085)	5/114	0.24469194250293536	0.639121023225342	0.18159181563018936	0.58694553693977	-0.7307110603705582	1.0286623220719358	chrna4b;gabrr3a;ucp3;chrna10a;cftr
negative regulation of MAPK cascade (GO:0043409)	1/13	0.32162098579933607	0.6412451541545819	0.30075309993418675	0.58694553693977	-0.8942741490140136	1.0144480411397347	spry1
endosome to lysosome transport (GO:0008333)	1/25	0.5259657892697723	0.7121483695422581	0.48562453775281295	0.6527135075506328	-1.5768556725329834	1.0131598997989977	cacng7a
eye photoreceptor cell development (GO:0042462)	2/43	0.3619300631949539	0.6476643236120228	0.3143245678570701	0.58694553693977	-0.9827325868163308	0.9987553354675625	crx;crb2b
regulation of dendritic spine development (GO:0060998)	1/14	0.3415783010692708	0.6412451541545819	0.3184083631764766	0.58694553693977	-0.912680118780329	0.980381215440119	shank2
homophilic cell adhesion via plasma membrane adhesion molecules (GO:0007156)	2/45	0.38311119831320695	0.6636986081314468	0.33293945771239825	0.5913604126007497	-1.0185110921457357	0.977190093999472	igsf21a;crb2b
synaptic transmission, cholinergic (GO:0007271)	1/23	0.49677748630809854	0.7005249346095768	0.4586020262323579	0.635946616437016	-1.3848959972828108	0.9688913358649872	chrna4b
mitotic spindle assembly (GO:0090307)	1/25	0.5259657892697723	0.7121483695422581	0.48562453775281295	0.6527135075506328	-1.5073626079501112	0.9685092779469616	birc7
very long-chain fatty acid biosynthetic process (GO:0042761)	1/21	0.4657951790258774	0.6841599589532088	0.4301658485114205	0.6160565505982589	-1.262252389153296	0.9643725282425922	tecrl2b
hematopoietic stem cell differentiation (GO:0060218)	2/47	0.40398423214174134	0.6636986081314468	0.35140821098617636	0.6036812290806336	-1.0376779424615006	0.940529943189361	hal;tbx16
positive regulation of synaptic transmission (GO:0050806)	2/39	0.31881381325757047	0.6412451541545819	0.2768016443011751	0.58694553693977	-0.8088747816988772	0.92466359225895	cacng7a;shank2
mitochondrial translation (GO:0032543)	1/25	0.5259657892697723	0.7121483695422581	0.48562453775281295	0.6527135075506328	-1.4272861435906312	0.9170586195132792	mterf3
positive regulation of cell development (GO:0010720)	1/20	0.44959713683528807	0.6799508593324456	0.41539476805828424	0.6111096107011297	-1.1454426253951715	0.9156706704523728	myf6
exocrine pancreas development (GO:0031017)	2/45	0.38311119831320695	0.6636986081314468	0.33293945771239825	0.5913604126007497	-0.9453467951656134	0.9069940727732436	dhrs9;ptger4a
positive regulation of angiogenesis (GO:0045766)	1/24	0.5115892617472437	0.7072875636806774	0.47228553155213854	0.6451757707810465	-1.3484052591596445	0.9037459704566578	fgf1a
stabilization of membrane potential (GO:0030322)	1/23	0.49677748630809854	0.7005249346095768	0.4586020262323579	0.635946616437016	-1.282241578199404	0.8970729629089601	kcnk3a
regulation of Wnt signaling pathway (GO:0030111)	3/69	0.3311601498354609	0.6412451541545819	0.27263724322204697	0.58694553693977	-0.8081959138331992	0.8931802876748305	zranb1b;nkd2a;wisp3
cellular protein catabolic process (GO:0044257)	2/40	0.32967210750384396	0.6412451541545819	0.28620654837382475	0.58694553693977	-0.7936132623893931	0.880638299300246	ctsba;ctsll
pancreas development (GO:0031016)	4/93	0.2924046394579878	0.6412451541545819	0.22875681996682193	0.58694553693977	-0.7073695264453125	0.8697933717624837	dhrs9;ptger4a;cftr;tbx16
positive regulation of apoptotic process (GO:0043065)	2/48	0.41429394316831664	0.6636986081314468	0.36057779200060874	0.6036812290806336	-0.9845368025814288	0.8675536961058741	bcl2l16;bbc3
positive regulation of cellular metabolic process (GO:0031325)	1/18	0.4157153591237276	0.6636986081314468	0.38469882245334486	0.6036812290806336	-0.965182650293156	0.8471934009021527	zgc:162608
transmembrane receptor protein tyrosine kinase signaling pathway (GO:0007169)	5/128	0.3241366720061769	0.6412451541545819	0.24480620335259848	0.58694553693977	-0.7503013012739796	0.8452819617255131	foxo1a;irs2a;fgf1a;col1a1a;mapkapk2b
skeletal system morphogenesis (GO:0048705)	1/25	0.5259657892697723	0.7121483695422581	0.48562453775281295	0.6527135075506328	-1.3067905841642329	0.839637920180303	mef2ca
glandular epithelial cell development (GO:0002068)	1/22	0.4815173090093138	0.6939291831562795	0.4445651610953995	0.6240226573173957	-1.1462539953633497	0.8376974360733647	glis3
neuromuscular synaptic transmission (GO:0007274)	1/24	0.5115892617472437	0.7072875636806774	0.47228553155213854	0.6451757707810465	-1.243718372153071	0.833581343280103	chrna4b
monovalent inorganic cation homeostasis (GO:0055067)	1/21	0.4657951790258774	0.6841599589532088	0.4301658485114205	0.6160565505982589	-1.0841810609363751	0.8283243825026892	slc12a3
intracellular pH reduction (GO:0051452)	1/12	0.30105980743976885	0.6412451541545819	0.28264238153850996	0.58694553693977	-0.6847892617849889	0.82205276171935	dmxl2
regulation of defense response (GO:0031347)	1/20	0.44959713683528807	0.6799508593324456	0.41539476805828424	0.6111096107011297	-1.0267401369698193	0.820779503709465	bcl6a
negative regulation of protein phosphorylation (GO:0001933)	1/21	0.4657951790258774	0.6841599589532088	0.4301658485114205	0.6160565505982589	-1.0615975087795535	0.811070339272253	samsn1b
dicarboxylic acid metabolic process (GO:0043648)	1/20	0.44959713683528807	0.6799508593324456	0.41539476805828424	0.6111096107011297	-0.9998235559308152	0.799262298692088	me1
cellular response to nutrient levels (GO:0031669)	1/12	0.30105980743976885	0.6412451541545819	0.28264238153850996	0.58694553693977	-0.6639914166640576	0.7970860647023618	rragd
negative regulation of MAP kinase activity (GO:0043407)	1/14	0.3415783010692708	0.6412451541545819	0.3184083631764766	0.58694553693977	-0.7350786915381241	0.7896056090466148	spry1
intrinsic apoptotic signaling pathway in response to DNA damage (GO:0008630)	1/27	0.5534638015436245	0.7279079796805835	0.5113033944598573	0.6638988912505643	-1.3344042199135762	0.7893787300783696	bcl2l16
glomerular visceral epithelial cell development (GO:0072015)	1/25	0.5259657892697723	0.7121483695422581	0.48562453775281295	0.6527135075506328	-1.2198587835250303	0.7837825771967059	crb2b
potassium ion homeostasis (GO:0055075)	1/26	0.5399198376465015	0.7214649358944518	0.498627684216205	0.6605197894812067	-1.2691778996682703	0.7822382521641849	slc12a3
regulation of cell cycle process (GO:0010564)	2/48	0.41429394316831664	0.6636986081314468	0.36057779200060874	0.6036812290806336	-0.8867708726788059	0.781404358043691	ccng2;wnt4b
negative regulation of mitotic cell cycle (GO:0045930)	1/27	0.5534638015436245	0.7279079796805835	0.5113033944598573	0.6638988912505643	-1.316783037676188	0.7789547624009218	wnt4b
extrinsic apoptotic signaling pathway in absence of ligand (GO:0097192)	1/14	0.3415783010692708	0.6412451541545819	0.3184083631764766	0.58694553693977	-0.7192635430796256	0.7726173191199878	bcl2l16
sodium ion homeostasis (GO:0055078)	1/23	0.49677748630809854	0.7005249346095768	0.4586020262323579	0.635946616437016	-1.0939407483892465	0.7653352418835504	slc12a3
septin ring organization (GO:0031106)	2/33	0.2530687651604656	0.639121023225342	0.22044292058001064	0.58694553693977	-0.5542660044919963	0.7616136067690719	sept8b;zgc:172075
embryonic heart tube morphogenesis (GO:0003143)	5/128	0.3241366720061769	0.6412451541545819	0.24480620335259848	0.58694553693977	-0.6740863883410967	0.759419001062565	prickle1a;dhrs9;lmo7b;mef2cb;tbx16
cholesterol transport (GO:0030301)	1/24	0.5115892617472437	0.7072875636806774	0.47228553155213854	0.6451757707810465	-1.1063131892835707	0.7414878280000141	zgc:162608
long-term synaptic potentiation (GO:0060291)	1/14	0.3415783010692708	0.6412451541545819	0.3184083631764766	0.58694553693977	-0.6804762821453423	0.7309528835353026	shank2
response to amino acid (GO:0043200)	1/27	0.5534638015436245	0.7279079796805835	0.5113033944598573	0.6638988912505643	-1.2341691696975368	0.7300837912074454	rragd
neural crest cell differentiation (GO:0014033)	2/53	0.464425871891015	0.6841599589532088	0.4056394031487318	0.6111096107011297	-0.951357998567924	0.7296471758437032	dhrs9;capzb
digestive tract development (GO:0048565)	3/74	0.37150109526620584	0.6634980650863365	0.3071675132446998	0.58694553693977	-0.7203852618840908	0.7133279836066198	prickle1a;dhrs9;tbx16
neuron projection regeneration (GO:0031102)	1/25	0.5259657892697723	0.7121483695422581	0.48562453775281295	0.6527135075506328	-1.1055333378877208	0.7103262938703386	zgc:162608
regulation of endocytosis (GO:0030100)	1/28	0.566609712725819	0.7336357070272238	0.5236598816111979	0.6723353445022094	-1.24969807394468	0.7099341674872711	dmxl2
cellular response to organonitrogen compound (GO:0071417)	1/23	0.49677748630809854	0.7005249346095768	0.4586020262323579	0.635946616437016	-1.013727956029139	0.7092173242235036	rragd
divalent metal ion transport (GO:0070838)	2/51	0.444669522287196	0.6799508593324456	0.3877846370313872	0.6064502500763432	-0.8678531644597998	0.7033289628837692	cacna1sa;slc8a3
vasculogenesis (GO:0001570)	2/50	0.43464007179428144	0.6789935596174254	0.3787693056660661	0.6036812290806336	-0.842053673749596	0.7016302866864276	fbn2b;tbx16
inner ear receptor cell development (GO:0060119)	1/26	0.5399198376465015	0.7214649358944518	0.498627684216205	0.6605197894812067	-1.1325112252114156	0.6980058521325077	cdh23
transforming growth factor beta receptor signaling pathway (GO:0007179)	1/28	0.566609712725819	0.7336357070272238	0.5236598816111979	0.6723353445022094	-1.2246506781733744	0.695705128941587	dusp22b
spindle assembly (GO:0051225)	1/30	0.59175375207413	0.7503176027680266	0.5474470182365436	0.6865524081163211	-1.319858702998713	0.6924832572096641	birc7
amino acid transmembrane transport (GO:0003333)	1/29	0.5793692505312187	0.7459480673038693	0.535705153579166	0.6839740347505903	-1.2467439867422043	0.6804919011091393	slc32a1
positive regulation of cytosolic calcium ion concentration involved in phospholipase C-activating G-protein coupled signaling pathway (GO:0051482)	1/30	0.59175375207413	0.7503176027680266	0.5474470182365436	0.6865524081163211	-1.293115643008679	0.6784521179312119	drd4a
response to ionizing radiation (GO:0010212)	1/29	0.5793692505312187	0.7459480673038693	0.535705153579166	0.6839740347505903	-1.236163876785328	0.6747171155757343	bbc3
positive regulation of vasculature development (GO:1904018)	1/24	0.5115892617472437	0.7072875636806774	0.47228553155213854	0.6451757707810465	-1.0022411614979074	0.6717352998860527	fgf1a
base-excision repair (GO:0006284)	1/25	0.5259657892697723	0.7121483695422581	0.48562453775281295	0.6527135075506328	-1.04243208714761	0.6697825345455899	mpg
striated muscle cell development (GO:0055002)	3/76	0.3875245413274774	0.6636986081314468	0.3210403107503505	0.5906112330036508	-0.6979725408180633	0.6616612869676347	ihhb;mef2ca;mef2cb
dorsal/ventral pattern formation (GO:0009953)	5/129	0.329945611576323	0.6412451541545819	0.2495364014779544	0.58694553693977	-0.5877673476413194	0.6517325701658663	eve1;chrdl2;ctsba;ddit4;wisp3
regulation of angiogenesis (GO:0045765)	2/55	0.48376139844583166	0.6945359619989722	0.4232417054755094	0.6160565505982589	-0.8960687110748884	0.6506923665970914	per2;fgf1a
positive regulation of Rho protein signal transduction (GO:0035025)	1/30	0.59175375207413	0.7503176027680266	0.5474470182365436	0.6865524081163211	-1.237098933637121	0.6490621284757865	abrab
ubiquitin-dependent ERAD pathway (GO:0030433)	1/31	0.6037742225037733	0.75205527307797	0.5588930881988003	0.6923938663515503	-1.2832046500262246	0.6474472641046909	zgc:136908
regulation of response to external stimulus (GO:0032101)	1/24	0.5115892617472437	0.7072875636806774	0.47228553155213854	0.6451757707810465	-0.9649377363709144	0.6467333059278252	bcl6a
embryonic retina morphogenesis in camera-type eye (GO:0060059)	1/28	0.566609712725819	0.7336357070272238	0.5236598816111979	0.6723353445022094	-1.1302844919179642	0.6420971565241237	reep6
lateral mesoderm development (GO:0048368)	1/27	0.5534638015436245	0.7279079796805835	0.5113033944598573	0.6638988912505643	-1.0770569493471596	0.6371426545344768	bcl9l
organic hydroxy compound biosynthetic process (GO:1901617)	1/22	0.4815173090093138	0.6939291831562795	0.4445651610953995	0.6240226573173957	-0.8626267408961462	0.6304189229089333	msmo1
gluconeogenesis (GO:0006094)	1/14	0.3415783010692708	0.6412451541545819	0.3184083631764766	0.58694553693977	-0.5809081666943068	0.623998970508889	pck1
Wnt signaling pathway (GO:0016055)	4/100	0.339057976416324	0.6412451541545819	0.2672931235968779	0.58694553693977	-0.5584459615816649	0.604006308690373	prickle1a;egf;nkd2a;wnt4b
negative regulation of TOR signaling (GO:0032007)	1/27	0.5534638015436245	0.7279079796805835	0.5113033944598573	0.6638988912505643	-1.0147979422238758	0.6003127830116627	tsc1b
neuron fate specification (GO:0048665)	1/28	0.566609712725819	0.7336357070272238	0.5236598816111979	0.6723353445022094	-1.0457317737120408	0.5940640636836804	drd4a
postsynaptic membrane organization (GO:0001941)	1/13	0.32162098579933607	0.6412451541545819	0.30075309993418675	0.58694553693977	-0.5172823581326383	0.5867955318873638	nlgn1
organelle fission (GO:0048285)	1/32	0.6154413443884614	0.7593752071889887	0.5700507859672249	0.7005443393814089	-1.1981766073245237	0.5816136591648828	dnm1a
glomerular visceral epithelial cell differentiation (GO:0072112)	1/30	0.59175375207413	0.7503176027680266	0.5474470182365436	0.6865524081163211	-1.1023149244572037	0.5783457180868349	crb2b
negative regulation of developmental process (GO:0051093)	1/26	0.5399198376465015	0.7214649358944518	0.498627684216205	0.6605197894812067	-0.9371988701080592	0.5776280900220477	ptch1
sodium ion transport (GO:0006814)	2/50	0.43464007179428144	0.6789935596174254	0.3787693056660661	0.6036812290806336	-0.6886344803144051	0.5737957364328724	scn4aa;slc12a3
regulation of morphogenesis of an epithelium (GO:1905330)	1/24	0.5115892617472437	0.7072875636806774	0.47228553155213854	0.6451757707810465	-0.8556366927786068	0.5734761178219159	tbx16
proteolysis involved in cellular protein catabolic process (GO:0051603)	3/80	0.4192500336777112	0.6681797411738521	0.3487856575318359	0.6036812290806336	-0.6575391370239546	0.5715907484897281	zranb1b;ctsba;ctsll
myelination (GO:0042552)	1/35	0.6484248059494782	0.7791282354209698	0.6018651150869202	0.7222381381043044	-1.3072999509480268	0.56633440863503	lama2
hematopoietic progenitor cell differentiation (GO:0002244)	3/82	0.4349109074673705	0.6789935596174254	0.36262324479051566	0.6036812290806336	-0.6722997990401492	0.5597662781845376	hal;ptger4a;tbx16
regulation of axon extension (GO:0030516)	1/31	0.6037742225037733	0.75205527307797	0.5588930881988003	0.6923938663515503	-1.1025300729556966	0.5562870110498139	arl3l1
brain morphogenesis (GO:0048854)	1/28	0.566609712725819	0.7336357070272238	0.5236598816111979	0.6723353445022094	-0.9697043415457108	0.5508740541233489	shank2
cellular divalent inorganic cation homeostasis (GO:0072503)	2/51	0.444669522287196	0.6799508593324456	0.3877846370313872	0.6064502500763432	-0.6795303873279914	0.5507076797546675	atp2a1l;atp2b2
regulation of cell communication (GO:0010646)	2/54	0.4741474231857404	0.6931008510899835	0.4144733706736657	0.6111096107011297	-0.7378733406396376	0.5506283779637404	samsn1b;nlgn1
mesenchymal cell differentiation (GO:0048762)	1/21	0.4657951790258774	0.6841599589532088	0.4301658485114205	0.6160565505982589	-0.7183780938162229	0.5488475240933046	capzb
neuron migration (GO:0001764)	1/30	0.59175375207413	0.7503176027680266	0.5474470182365436	0.6865524081163211	-1.0399655326782271	0.5456331937794588	prickle1a
cell-matrix adhesion (GO:0007160)	1/30	0.59175375207413	0.7503176027680266	0.5474470182365436	0.6865524081163211	-1.0375262719403933	0.5443533998006935	itgb4
regulation of inflammatory response (GO:0050727)	1/31	0.6037742225037733	0.75205527307797	0.5588930881988003	0.6923938663515503	-1.0672114189533082	0.5384668091784762	bcl6a
spermatogenesis (GO:0007283)	1/30	0.59175375207413	0.7503176027680266	0.5474470182365436	0.6865524081163211	-1.0183772370415902	0.5343065773423371	dazap1
adrenergic receptor signaling pathway (GO:0071875)	1/27	0.5534638015436245	0.7279079796805835	0.5113033944598573	0.6638988912505643	-0.8972962181687751	0.5308035890714325	drd4a
liver development (GO:0001889)	5/133	0.35326721346340234	0.6471711000458088	0.26868150126899065	0.58694553693977	-0.5059888004597437	0.5264967945964251	prickle1a;fhl1b;dio3b;pck1;tbx16
MAPK cascade (GO:0000165)	1/35	0.6484248059494782	0.7791282354209698	0.6018651150869202	0.7222381381043044	-1.2030692358572943	0.5211807005287081	mapkapk2b
regulation of organelle organization (GO:0033043)	1/26	0.5399198376465015	0.7214649358944518	0.498627684216205	0.6605197894812067	-0.8232521913966234	0.5073988094629988	dmxl2
type B pancreatic cell differentiation (GO:0003309)	1/30	0.59175375207413	0.7503176027680266	0.5474470182365436	0.6865524081163211	-0.9660307367689152	0.5068422170058928	glis3
regulation of cellular catabolic process (GO:0031329)	1/27	0.5534638015436245	0.7279079796805835	0.5113033944598573	0.6638988912505643	-0.8563548469404333	0.506584355389761	rragd
regulation of transcription from RNA polymerase II promoter (GO:0006357)	26/778	0.27765767613433445	0.639121023225342	0.1123324115739788	0.58694553693977	-0.3942470034325491	0.5051748259966254	per2;per3;lpin1;myf6;runx2a;nfe2l1a;abrab;fgf1a;wisp3;vgll2b;ahrrb;ahrra;klf15;heyl;foxq2;arid5b;ankrd1b;foxq1a;foxo1a;per1a;hoxa13a;nr1d1;sp7;mef2ca;tnni3k;egr2b
negative regulation of BMP signaling pathway (GO:0030514)	1/32	0.6154413443884614	0.7593752071889887	0.5700507859672249	0.7005443393814089	-1.0268749749535957	0.49846116844263	wisp3
regulation of cell death (GO:0010941)	1/34	0.6377567176635811	0.7754445918081688	0.591529831600737	0.7154471481020772	-1.0983193117653614	0.49402225663868454	wisp3
fatty acid biosynthetic process (GO:0006633)	1/31	0.6037742225037733	0.75205527307797	0.5588930881988003	0.6923938663515503	-0.9726669983112072	0.4907639533013248	tecrl2b
convergent extension involved in axis elongation (GO:0060028)	1/32	0.6154413443884614	0.7593752071889887	0.5700507859672249	0.7005443393814089	-0.9928262148758678	0.481933367934945	tbx16
epithelial tube morphogenesis (GO:0060562)	2/38	0.30791394671008904	0.6412451541545819	0.2673897387388957	0.58694553693977	-0.4084126533594919	0.4810835297742856	mef2cb;tbx16
positive regulation of Ras protein signal transduction (GO:0046579)	1/34	0.6377567176635811	0.7754445918081688	0.591529831600737	0.7154471481020772	-1.0538100108591484	0.47400204481180275	abrab
Notch signaling pathway (GO:0007219)	2/56	0.4932657131528952	0.7005249346095768	0.43194209726338006	0.6166762757197246	-0.6513795842078792	0.46033469304367386	heyl;bhlhe41
nucleosome assembly (GO:0006334)	1/22	0.4815173090093138	0.6939291831562795	0.4445651610953995	0.6240226573173957	-0.6269653457055163	0.4581944880705754	zgc:113984
pectoral fin morphogenesis (GO:0035138)	1/32	0.6154413443884614	0.7593752071889887	0.5700507859672249	0.7005443393814089	-0.9376461675305446	0.45514811019145746	dhrs9
regulation of intracellular pH (GO:0051453)	1/37	0.6688292173310678	0.7942887729753173	0.6217607457372102	0.7355365523025245	-1.1291783327504163	0.45418548475233383	slc4a11
regulation of heart contraction (GO:0008016)	1/33	0.6267654874995576	0.7681852036376421	0.5809273484180876	0.7082221857208558	-0.9660637921989907	0.4513284177912022	plekha7a
mitotic cytokinesis (GO:0000281)	2/49	0.4245137659894996	0.674227745983323	0.36969929054784745	0.6036812290806336	-0.5259139148798877	0.4506087458273603	sept8b;zgc:172075
epithelial cell differentiation (GO:0030855)	1/35	0.6484248059494782	0.7791282354209698	0.6018651150869202	0.7222381381043044	-1.0208315473110037	0.4422336513078812	pck1
establishment of protein localization to vacuole (GO:0072666)	1/26	0.5399198376465015	0.7214649358944518	0.498627684216205	0.6605197894812067	-0.7172888793536752	0.4420899540002077	cacng7a
negative regulation of translation (GO:0017148)	1/35	0.6484248059494782	0.7791282354209698	0.6018651150869202	0.7222381381043044	-1.0156107849218654	0.43997196883926915	gra
detection of mechanical stimulus (GO:0050982)	1/17	0.39800154788837583	0.6636986081314468	0.36875409857853614	0.6036812290806336	-0.4773655507610304	0.4397965881160139	cdh23
regulation of smoothened signaling pathway (GO:0008589)	1/33	0.6267654874995576	0.7681852036376421	0.5809273484180876	0.7082221857208558	-0.9380145972962134	0.4382243154969098	ptch1
retinoid metabolic process (GO:0001523)	1/19	0.43290880166649787	0.6789935596174254	0.40024236066592733	0.6111096107011297	-0.5161755641949405	0.432156734815073	dhrs9
autophagy of mitochondrion (GO:0000422)	1/36	0.6587792368814052	0.7864230682147334	0.6119399064910384	0.7276694742989291	-1.030777125765048	0.4302121481732377	zgc:92606
cell migration involved in gastrulation (GO:0042074)	3/79	0.4113654556035536	0.6636986081314468	0.34185492158413233	0.6011931379583016	-0.4764942592504447	0.4232571153228207	prickle1a;bcl2l16;ptger4a
heart looping (GO:0001947)	4/115	0.43894977651839406	0.6799508593324456	0.3528105651554548	0.6036812290806336	-0.5137784393182169	0.4230298957633314	prickle1a;dhrs9;lmo7b;tbx16
morphogenesis of an epithelial sheet (GO:0002011)	1/31	0.6037742225037733	0.75205527307797	0.5588930881988003	0.6923938663515503	-0.830469611575265	0.4190175572738939	ctsba
chromatin assembly (GO:0031497)	1/21	0.4657951790258774	0.6841599589532088	0.4301658485114205	0.6160565505982589	-0.5479360153346166	0.4186281958855076	zgc:113984
steroid biosynthetic process (GO:0006694)	1/30	0.59175375207413	0.7503176027680266	0.5474470182365436	0.6865524081163211	-0.7955542298060017	0.4173992133334615	msmo1
regulation of cellular pH (GO:0030641)	1/36	0.6587792368814052	0.7864230682147334	0.6119399064910384	0.7276694742989291	-0.9849703998676343	0.41109394167007857	slc4a11
phospholipid transport (GO:0015914)	1/34	0.6377567176635811	0.7754445918081688	0.591529831600737	0.7154471481020772	-0.9119826414191696	0.4102083225733694	zgc:162608
positive regulation of programmed cell death (GO:0043068)	2/40	0.32967210750384396	0.6412451541545819	0.28620654837382475	0.58694553693977	-0.36451924042565426	0.4044912291210672	bcl2l16;bbc3
digestive system development (GO:0055123)	3/86	0.46573770459055214	0.6841599589532088	0.39014765704421017	0.60910807681392	-0.5203712739221499	0.39763269041845273	dhrs9;ptger4a;tbx16
cell-cell adhesion via plasma-membrane adhesion molecules (GO:0098742)	2/57	0.5026584978655122	0.7052254033646167	0.4405723928906846	0.6240226573173957	-0.5763857353402508	0.39646362544714536	igsf21a;crb2b
regulation of MAP kinase activity (GO:0043405)	1/18	0.4157153591237276	0.6636986081314468	0.38469882245334486	0.6036812290806336	-0.4473928831327114	0.39270111008056185	spry1
oligodendrocyte differentiation (GO:0048709)	1/33	0.6267654874995576	0.7681852036376421	0.5809273484180876	0.7082221857208558	-0.8379463457613917	0.3914741464076203	ihhb
regulation of Rho protein signal transduction (GO:0035023)	1/39	0.6880513122738577	0.8046256110412757	0.6406659134617793	0.7473078888918848	-0.9969824808331677	0.37276363617646147	abrab
chemical synaptic transmission (GO:0007268)	7/195	0.3500074547331874	0.6471711000458088	0.24836676068483163	0.58694553693977	-0.35470510543985784	0.3723697124955088	chrna4b;gabrr3a;drd4a;nrxn2a;chrna10a;dlg4b;slc17a7a
motor neuron axon guidance (GO:0008045)	1/37	0.6688292173310678	0.7942887729753173	0.6217607457372102	0.7355365523025245	-0.9164972390617472	0.36863950602339585	nrxn2a
glial cell differentiation (GO:0010001)	1/37	0.6688292173310678	0.7942887729753173	0.6217607457372102	0.7355365523025245	-0.8951124791999665	0.3600379882272854	ihhb
ameboidal-type cell migration (GO:0001667)	6/171	0.3889037918928107	0.6636986081314468	0.2886652187414291	0.58694553693977	-0.37510223847311014	0.35425528923177885	dmxl2;prickle1a;bcl2l16;capzb;ptger4a;radil
regulation of embryonic development (GO:0045995)	1/38	0.678583684064141	0.7985785966694313	0.6313340091079096	0.7411312280831982	-0.9115361460520188	0.3534458348515415	tbx16
steroid metabolic process (GO:0008202)	1/18	0.4157153591237276	0.6636986081314468	0.38469882245334486	0.6036812290806336	-0.385300130715963	0.33819891811167097	dhcr24
cytoskeleton-dependent cytokinesis (GO:0061640)	2/49	0.4245137659894996	0.674227745983323	0.36969929054784745	0.6036812290806336	-0.3837259847110821	0.3287805852247133	sept8b;zgc:172075
positive regulation of cytosolic calcium ion concentration (GO:0007204)	3/87	0.47332949449566697	0.6931008510899835	0.39698649978498546	0.6111096107011297	-0.43867798201601427	0.32811513078116317	drd4a;tbxa2r;ptger4a
regulation of cyclin-dependent protein kinase activity (GO:1904029)	1/26	0.5399198376465015	0.7214649358944518	0.498627684216205	0.6605197894812067	-0.5322990563205962	0.3280743255564883	ccng2
axon extension (GO:0048675)	1/38	0.678583684064141	0.7985785966694313	0.6313340091079096	0.7411312280831982	-0.8443299848448749	0.3273868158451019	col4a5
peptidyl-tyrosine phosphorylation (GO:0018108)	1/39	0.6880513122738577	0.8046256110412757	0.6406659134617793	0.7473078888918848	-0.851464625210757	0.31835569417824283	lepb
phosphate-containing compound metabolic process (GO:0006796)	2/68	0.5982683750218599	0.75205527307797	0.5304026518617181	0.6790929350196057	-0.6190245627758091	0.31800272203656377	thnsl2;pfkfb3
regulation of autophagy (GO:0010506)	1/36	0.6587792368814052	0.7864230682147334	0.6119399064910384	0.7276694742989291	-0.7590682496325075	0.3168098846218825	rragd
cellular response to DNA damage stimulus (GO:0006974)	4/122	0.48420807808207206	0.6945359619989722	0.39304476926846016	0.6111096107011297	-0.43631393326644674	0.3164325574841749	bcl6a;cry5;bcl2l16;phkg1b
cell differentiation in spinal cord (GO:0021515)	1/40	0.6972405226017717	0.811238022494837	0.6497625201946535	0.7540859589616838	-0.8748969377265855	0.3155095726518071	drd4a
exogenous drug catabolic process (GO:0042738)	1/42	0.7148161463844348	0.8233390494114319	0.667273331833448	0.7656961482788814	-0.9336036199350004	0.3134386567548291	cyp2k19
nuclear-transcribed mRNA catabolic process (GO:0000956)	1/35	0.6484248059494782	0.7791282354209698	0.6018651150869202	0.7222381381043044	-0.7074148624762425	0.3064586497609695	smg7
cellular response to acid chemical (GO:0071229)	1/31	0.6037742225037733	0.75205527307797	0.5588930881988003	0.6923938663515503	-0.6055026720038272	0.305509373262438	rragd
muscle organ development (GO:0007517)	1/39	0.6880513122738577	0.8046256110412757	0.6406659134617793	0.7473078888918848	-0.7945791502406174	0.29708667801882777	lama2
axis elongation (GO:0003401)	1/41	0.7061594891964257	0.8174708840886744	0.6586297390102321	0.7613846118231004	-0.8508694319027793	0.29602952505219904	tbx16
embryonic organ development (GO:0048568)	5/150	0.4521783053736642	0.6827297439687892	0.3527849720660919	0.6036812290806336	-0.3680568574278416	0.29211888666523267	col2a1a;col8a1a;ptger4a;loxl5b;egr2b
skeletal muscle organ development (GO:0060538)	2/63	0.5565928418579354	0.7299317554651211	0.4907798051073666	0.6567578149979045	-0.49584531922454195	0.2905263293041618	lama2;myf6
defense response to bacterium (GO:0042742)	2/61	0.5390838783080804	0.7214649358944518	0.474354698899953	0.6460795453859894	-0.4638601105782736	0.28661178778461743	mpx;cftr
regulation of cell development (GO:0060284)	2/41	0.34048185999808805	0.6412451541545819	0.29559884108972967	0.58694553693977	-0.26462397138565535	0.2851041280362135	heyl;bhlhe41
embryonic heart tube development (GO:0035050)	2/63	0.5565928418579354	0.7299317554651211	0.4907798051073666	0.6567578149979045	-0.4824981194905077	0.2827059208120884	mef2cb;tbx16
neural crest cell development (GO:0014032)	4/125	0.5031597864460314	0.7052254033646167	0.4101949577471757	0.6111096107011297	-0.4074085315633182	0.2798275283017556	dmxl2;dhrs9;capzb;radil
mitochondrion disassembly (GO:0061726)	1/33	0.6267654874995576	0.7681852036376421	0.5809273484180876	0.7082221857208558	-0.5933263424102015	0.27719188061514544	zgc:92606
regulation of calcium ion-dependent exocytosis (GO:0017158)	1/41	0.7061594891964257	0.8174708840886744	0.6586297390102321	0.7613846118231004	-0.792534249789144	0.2757338890739328	syt5b
erythrocyte development (GO:0048821)	1/38	0.678583684064141	0.7985785966694313	0.6313340091079096	0.7411312280831982	-0.7090888333249795	0.27494740144309154	tbx16
regulation of BMP signaling pathway (GO:0030510)	2/69	0.6062417548960882	0.7530851569615817	0.5380729457130063	0.6850914898259914	-0.5436238520433578	0.2720709285357915	wisp3;tbx16
regulation of axon extension involved in axon guidance (GO:0048841)	1/40	0.6972405226017717	0.811238022494837	0.6497625201946535	0.7540859589616838	-0.7512556231696325	0.270921442740941	arl3l1
regulation of protein serine/threonine kinase activity (GO:0071900)	1/31	0.6037742225037733	0.75205527307797	0.5588930881988003	0.6923938663515503	-0.5270029414664669	0.2659019452747583	ccng2
positive regulation of pathway-restricted SMAD protein phosphorylation (GO:0010862)	1/43	0.7232181959539914	0.8278233215533217	0.6756989163370454	0.7705485778849784	-0.8160546989875695	0.26443788176271504	gdf10b
neural crest cell migration (GO:0001755)	3/93	0.5177814109923259	0.7115618791780767	0.4375350492256584	0.6236912658216683	-0.3908485696588348	0.25725735413313916	dmxl2;capzb;radil
embryo development ending in birth or egg hatching (GO:0009792)	4/125	0.5031597864460314	0.7052254033646167	0.4101949577471757	0.6111096107011297	-0.369557394312212	0.25382956959493996	camk1db;bcl2l16;dio3b;smg7
positive regulation of intracellular signal transduction (GO:1902533)	3/101	0.5737423250981147	0.7407812298735152	0.4899065657623726	0.6567578149979045	-0.4463524455671205	0.24798221282549093	rragd;fgf1a;lepb
protein localization to plasma membrane (GO:0072659)	1/42	0.7148161463844348	0.8233390494114319	0.667273331833448	0.7656961482788814	-0.717462337534526	0.24087356405565177	ankrd9
regulation of RNA metabolic process (GO:0051252)	1/48	0.7616634559722526	0.8526915275396684	0.7147436886909431	0.795314795416104	-0.8730553349536381	0.237689733732277	dazap1
negative regulation of signal transduction (GO:0009968)	5/161	0.5140983091378108	0.7075595918868222	0.4080560111924116	0.6111096107011297	-0.3546923221585496	0.2359912623483791	spry1;nkd2a;ptch1;wisp3;tsc1b
phospholipid metabolic process (GO:0006644)	1/34	0.6377567176635811	0.7754445918081688	0.591529831600737	0.7154471481020772	-0.5240871357503305	0.23573354916479433	fdft1
adenylate cyclase-activating adrenergic receptor signaling pathway (GO:0071880)	1/28	0.566609712725819	0.7336357070272238	0.5236598816111979	0.6723353445022094	-0.41099557601975656	0.2334802366955184	drd4a
cellular response to transforming growth factor beta stimulus (GO:0071560)	1/28	0.566609712725819	0.7336357070272238	0.5236598816111979	0.6723353445022094	-0.40049894433707534	0.22751726241362424	dusp22b
protein import into nucleus (GO:0006606)	1/44	0.7313731141085161	0.8309412360787349	0.6839119697167303	0.7731911184728552	-0.7058916518090667	0.2208251678731132	abrab
activation of GTPase activity (GO:0090630)	1/43	0.7232181959539914	0.8278233215533217	0.6756989163370454	0.7705485778849784	-0.6651457397507577	0.21553669221119665	usp6nl
dephosphorylation (GO:0016311)	1/50	0.7755047004307203	0.8566947232194964	0.7290170096394231	0.8024431832721707	-0.8283055040186634	0.21058941448325225	thnsl2
convergent extension (GO:0060026)	4/123	0.49055816635731286	0.7005249346095768	0.3987707154632504	0.6111096107011297	-0.2881607183583132	0.20523135474497103	prickle1a;bcl2l16;ctsba;tbx16
regulation of actin cytoskeleton organization (GO:0032956)	1/47	0.7544265911665542	0.8476910779570341	0.7073286789582466	0.7899364078876768	-0.7250758498262792	0.2043244169098119	tsc1b
cell morphogenesis (GO:0000902)	1/47	0.7544265911665542	0.8476910779570341	0.7073286789582466	0.7899364078876768	-0.7211149814886467	0.203208254905882	capzb
mitochondrial transport (GO:0006839)	1/45	0.7392881576176136	0.8378599119666287	0.6919178320420741	0.780320110337376	-0.6708409137424614	0.20263924101199104	ucp3
ERAD pathway (GO:0036503)	1/38	0.678583684064141	0.7985785966694313	0.6313340091079096	0.7411312280831982	-0.5207596674586733	0.2019232437672725	zgc:136908
determination of heart left/right asymmetry (GO:0061371)	5/161	0.5140983091378108	0.7075595918868222	0.4080560111924116	0.6111096107011297	-0.3024466437786043	0.20123008252329305	prickle1a;dhrs9;lmo7b;ttc36;tbx16
positive regulation of cell cycle (GO:0045787)	1/46	0.7469703707680196	0.8434425588745905	0.6997217097489254	0.7862234143812896	-0.6824364528587893	0.1990870218815029	ccng2
positive regulation of cell proliferation (GO:0008284)	3/91	0.5031837028364096	0.7052254033646167	0.42412156135205703	0.6160565505982589	-0.28588849289090906	0.19634820581655155	il11ra;ccng2;fgf1a
myeloid cell development (GO:0061515)	1/43	0.7232181959539914	0.8278233215533217	0.6756989163370454	0.7705485778849784	-0.5985191411209304	0.1939467220381378	tbx16
autophagosome assembly (GO:0000045)	1/44	0.7313731141085161	0.8309412360787349	0.6839119697167303	0.7731911184728552	-0.5986992819516951	0.18729201443829468	zgc:92606
response to lipid (GO:0033993)	2/73	0.6369314122274434	0.7754445918081688	0.5678850232419377	0.7005443393814089	-0.4139156106511323	0.18671455969020057	nr1d1;pck1
BMP signaling pathway (GO:0030509)	1/46	0.7469703707680196	0.8434425588745905	0.6997217097489254	0.7862234143812896	-0.6283205441598438	0.18329980088216732	wisp3
positive regulation of cell motility (GO:2000147)	1/53	0.7947764404700652	0.8685771099422857	0.7491040601453618	0.8157503288415683	-0.7554971823841531	0.17353348019129275	fgf1a
pronephros development (GO:0048793)	2/79	0.6794007450967603	0.7985785966694313	0.6099601466781897	0.7276694742989291	-0.4314684974218144	0.1667816134732295	crb2b;tbx16
neutrophil chemotaxis (GO:0030593)	1/47	0.7544265911665542	0.8476910779570341	0.7073286789582466	0.7899364078876768	-0.56259196837186	0.15853689779250651	s1pr4
lipid transport (GO:0006869)	1/50	0.7755047004307203	0.8566947232194964	0.7290170096394231	0.8024431832721707	-0.6186417610800385	0.1572842454971757	abca1a
regulation of cyclin-dependent protein serine/threonine kinase activity (GO:0000079)	1/44	0.7313731141085161	0.8309412360787349	0.6839119697167303	0.7731911184728552	-0.4965957187319556	0.15535080018727157	ccng2
granulocyte chemotaxis (GO:0071621)	1/49	0.7686874079122744	0.8543039230792588	0.7219715641586109	0.7991303690797001	-0.5902759343194193	0.1552844117143923	s1pr4
neuron differentiation (GO:0030182)	5/162	0.5195896718675067	0.7119154011557779	0.41306445426250726	0.6111096107011297	-0.23458923934433223	0.15358929827400306	runx2a;crx;atp2b2;cdh23;wnt4b
negative regulation of Wnt signaling pathway (GO:0030178)	2/69	0.6062417548960882	0.7530851569615817	0.5380729457130063	0.6850914898259914	-0.30586972030928916	0.1530805878048447	nkd2a;wisp3
regulation of neurogenesis (GO:0050767)	2/74	0.6443044766139226	0.7791282354209698	0.5751186946532615	0.7058274888926391	-0.34681422936868767	0.1524539427936223	heyl;bhlhe41
axon guidance (GO:0007411)	4/141	0.598378931956327	0.75205527307797	0.4993645144236072	0.6605426862260395	-0.2844012084064838	0.1460488540847826	col2a1a;col4a5;nrxn2a;adcy1b
ribosome assembly (GO:0042255)	1/40	0.6972405226017717	0.811238022494837	0.6497625201946535	0.7540859589616838	-0.3994190774963157	0.14404044295469273	mterf3
potassium ion import (GO:0010107)	1/49	0.7686874079122744	0.8543039230792588	0.7219715641586109	0.7991303690797001	-0.5355878801373432	0.1408975769686053	slc12a3
negative regulation of intracellular signal transduction (GO:1902532)	1/42	0.7148161463844348	0.8233390494114319	0.667273331833448	0.7656961482788814	-0.4174617297794193	0.14015438783079978	tsc1b
regulation of secretion by cell (GO:1903530)	1/39	0.6880513122738577	0.8046256110412757	0.6406659134617793	0.7473078888918848	-0.371437511251289	0.13887746271194013	cplx4a
plasma membrane bounded cell projection organization (GO:0120036)	2/65	0.5736241465797316	0.7407812298735152	0.5068799090835752	0.6638988912505643	-0.24174325502853075	0.1343562824067149	nptx2b;prickle1a
nucleosome organization (GO:0034728)	1/36	0.6587792368814052	0.7864230682147334	0.6119399064910384	0.7276694742989291	-0.3189922169612524	0.1331367600998983	zgc:113984
gastrulation (GO:0007369)	4/149	0.6416743562020949	0.7781467093705722	0.5417740423431707	0.6865524081163211	-0.29742498749417084	0.13195983422549176	prickle1a;bcl2l16;ptger4a;tbx16
hepaticobiliary system development (GO:0061008)	3/104	0.5936573321731231	0.7516930081861063	0.5089338515290626	0.6638988912505643	-0.2509443453289952	0.130855683698163	fhl1b;dio3b;tbx16
erythrocyte differentiation (GO:0030218)	2/81	0.6926275289381347	0.8089466559353787	0.623277027170783	0.7363813525647089	-0.34760606604026967	0.12766281206763727	slc25a38a;tbx16
inner ear morphogenesis (GO:0042472)	1/50	0.7755047004307203	0.8566947232194964	0.7290170096394231	0.8024431832721707	-0.4997861258472517	0.127066241982444	ttc36
autophagosome organization (GO:1905037)	1/44	0.7313731141085161	0.8309412360787349	0.6839119697167303	0.7731911184728552	-0.4005418622545456	0.12530212497327248	zgc:92606
neutrophil migration (GO:1990266)	1/52	0.7885434108382581	0.8638220180781871	0.7425788419457288	0.8105676300905816	-0.5262711583876057	0.12502509137000345	s1pr4
phospholipase C-activating G-protein coupled receptor signaling pathway (GO:0007200)	1/56	0.8123963738018409	0.8804957156435536	0.7677076173920022	0.8301008159786315	-0.6002162621707972	0.12470507983260214	drd4a
cellular response to peptide hormone stimulus (GO:0071375)	1/22	0.4815173090093138	0.6939291831562795	0.4445651610953995	0.6240226573173957	-0.170552042274131	0.12464166677545768	pck1
mitotic nuclear division (GO:0140014)	1/41	0.7061594891964257	0.8174708840886744	0.6586297390102321	0.7613846118231004	-0.354635562434115	0.12338273438642686	birc7
protein deubiquitination (GO:0016579)	1/49	0.7686874079122744	0.8543039230792588	0.7219715641586109	0.7991303690797001	-0.4686845642440031	0.12329726252885452	zranb1b
regulation of cytoskeleton organization (GO:0051493)	1/56	0.8123963738018409	0.8804957156435536	0.7677076173920022	0.8301008159786315	-0.5673012968091735	0.11786643909290724	tsc1b
regulation of mRNA splicing, via spliceosome (GO:0048024)	1/62	0.8432341752573481	0.9043095477643056	0.8008928700376248	0.8509486744149761	-0.5677159765023769	0.09680157565296386	dazap1
protein ubiquitination involved in ubiquitin-dependent protein catabolic process (GO:0042787)	2/44	0.3725567172169534	0.6636986081314468	0.32364816527757917	0.5913604126007497	-0.09095188002642944	0.08980279322545423	kbtbd12;klhl24b
positive regulation of cell migration (GO:0030335)	1/56	0.8123963738018409	0.8804957156435536	0.7677076173920022	0.8301008159786315	-0.4274324608628188	0.08880632284464086	fgf1a
negative regulation of canonical Wnt signaling pathway (GO:0090090)	1/51	0.7821214040147216	0.8619297105468362	0.7358846116595187	0.809032423357411	-0.35510049833305124	0.08726427934023881	nkd2a
regulation of cellular component organization (GO:0051128)	2/42	0.3512365455386387	0.6471711000458088	0.3049731976976992	0.58694553693977	-0.08264466126168031	0.08647072590307867	dmxl2;zranb1b
sprouting angiogenesis (GO:0002040)	2/88	0.7354056254542104	0.8344899433460632	0.6671226608146877	0.7656961482788814	-0.27339003843875426	0.08402179725859629	abca1a;nlgn1
negative regulation of transcription from RNA polymerase II promoter (GO:0000122)	6/199	0.532809672186833	0.7203523992157771	0.41425396522333535	0.6111096107011297	-0.13214638597114065	0.08319817613792853	per2;foxo1a;per3;per1a;hoxa13a;nr1d1
convergent extension involved in gastrulation (GO:0060027)	2/79	0.6794007450967603	0.7985785966694313	0.6099601466781897	0.7276694742989291	-0.2135466056158975	0.08254518614723351	prickle1a;bcl2l16
T cell activation (GO:0042110)	1/20	0.44959713683528807	0.6799508593324456	0.41539476805828424	0.6111096107011297	-0.10277835135951528	0.08216135824776824	rag2
morphogenesis of an epithelium (GO:0002009)	1/68	0.8690101250990264	0.9211908716407693	0.8293534503102459	0.8741061623246908	-0.58454444050828	0.08207033309168851	ctsba
regulation of cell proliferation (GO:0042127)	6/189	0.4826040910173363	0.6944052594888946	0.3690183368337772	0.6036812290806336	-0.10831556213233648	0.0789142395902406	bcl6a;il11ra;ccng2;fgf1a;dusp22b;sp7
apoptotic process (GO:0006915)	1/57	0.8179274073648866	0.8854449999539691	0.7735982405422032	0.8345043299855963	-0.3899623440594089	0.07837529108973963	diabloa
negative regulation of transmembrane receptor protein serine/threonine kinase signaling pathway (GO:0090101)	1/38	0.678583684064141	0.7985785966694313	0.6313340091079096	0.7411312280831982	-0.1996223603988912	0.07740306528908068	wisp3
regulation of regulated secretory pathway (GO:1903305)	1/31	0.6037742225037733	0.75205527307797	0.5588930881988003	0.6923938663515503	-0.14473323552515002	0.07302587109847455	syt5b
epiboly (GO:0090504)	1/59	0.8285058587963899	0.8937348747063292	0.7849368362597471	0.8431712467704907	-0.36887951427832055	0.06939780859628206	ctsba
actin filament organization (GO:0007015)	3/117	0.6727447190568998	0.7979065272535323	0.586800139116088	0.714433060621444	-0.17417398739698683	0.06904071176860377	mybpha;bcl2l16;mybpc1
central nervous system neuron differentiation (GO:0021953)	1/61	0.8384706847420008	0.9002527351966746	0.7957097244669538	0.8474031636434612	-0.367060459511379	0.06466711866955528	drd4a
kidney development (GO:0001822)	2/94	0.7679376926138417	0.8543039230792588	0.7013577308801235	0.7870982847774491	-0.2383346322183837	0.06293146801705196	crb2b;tbx16
striated muscle tissue development (GO:0014706)	1/65	0.8566995550581551	0.9134148566125276	0.8156694545821971	0.862655022242462	-0.3955982493652725	0.0611863897873325	myf6
regulation of pathway-restricted SMAD protein phosphorylation (GO:0060393)	1/44	0.7313731141085161	0.8309412360787349	0.6839119697167303	0.7731911184728552	-0.19556749875343415	0.06117968052472902	gdf10b
sensory organ development (GO:0007423)	2/108	0.8305879244878948	0.8949292425820273	0.7699679024818691	0.8315653346804189	-0.3098234047746287	0.05750988085112053	crx;pcdh15b
epithelium development (GO:0060429)	3/139	0.7796785911776702	0.8602703686311314	0.6993675712630832	0.7862234143812896	-0.22019209449669797	0.05479997872974949	loxl3a;tbx6;tbx16
vesicle fusion (GO:0006906)	1/73	0.8872262223069973	0.9340294404562195	0.8499480553227651	0.8917169311843411	-0.44566511257959335	0.05332618700976054	syt5b
positive regulation of transcription from RNA polymerase II promoter (GO:0045944)	10/332	0.5140563469534973	0.7075595918868222	0.3614617003941764	0.6036812290806336	-0.0787500009860688	0.05240201427123355	heyl;foxo1a;abrab;fgf1a;nr1d1;vgll2b;ahrrb;mef2ca;lpin1;myf6
canonical Wnt signaling pathway (GO:0060070)	1/55	0.8066976120487469	0.8774270235316939	0.7616643557969038	0.8264868541625977	-0.2418327713965281	0.05194722392817626	egf
regulation of programmed cell death (GO:0043067)	3/99	0.5601331349593139	0.7335267017013555	0.47702557176735394	0.6487547776036012	-0.08767137050546783	0.05081264152129021	nme2a;gdf10b;phkg1b
activation of protein kinase activity (GO:0032147)	1/76	0.8969180991287038	0.9409952171430287	0.8610961272510342	0.9023815580096455	-0.4586468125796815	0.04989651990667741	lepb
regulation of ion transport (GO:0043269)	1/34	0.6377567176635811	0.7754445918081688	0.591529831600737	0.7154471481020772	-0.10146813958862134	0.045640205684746	drd4a
endocytosis (GO:0006897)	1/65	0.8566995550581551	0.9134148566125276	0.8156694545821971	0.862655022242462	-0.29020961930547984	0.04488614121864526	cdh23
cytoskeleton organization (GO:0007010)	1/70	0.8766247983904629	0.9260547352387168	0.8379091152355452	0.8811003067425321	-0.32644503405750086	0.04298504228199435	zranb1b
mitotic DNA damage checkpoint (GO:0044773)	1/22	0.4815173090093138	0.6939291831562795	0.4445651610953995	0.6240226573173957	-0.05242637811125018	0.03831388392455347	phkg1b
vesicle organization (GO:0016050)	1/82	0.9138781996741222	0.9544256965879911	0.8809775588787233	0.9190197716484864	-0.3928349069164308	0.03537791707410333	syt5b
positive regulation of GTPase activity (GO:0043547)	1/73	0.8872262223069973	0.9340294404562195	0.8499480553227651	0.8917169311843411	-0.29434305282488027	0.03521970250063076	usp6nl
myeloid cell differentiation (GO:0030099)	2/101	0.8014437855973502	0.8737831296655195	0.7375614412277072	0.8099059845060232	-0.1585178995264847	0.03508642256267308	slc25a38a;tbx16
carboxylic acid transmembrane transport (GO:1905039)	1/36	0.6587792368814052	0.7864230682147334	0.6119399064910384	0.7276694742989291	-0.05759003942073295	0.02403617033525665	slc32a1
regulation of canonical Wnt signaling pathway (GO:0060828)	2/83	0.7054010073994076	0.8174708840886744	0.6362411420209002	0.7459378906451932	-0.06739633371799168	0.02352056785650538	dmxl2;nkd2a
organonitrogen compound biosynthetic process (GO:1901566)	1/53	0.7947764404700652	0.8685771099422857	0.7491040601453618	0.8157503288415683	-0.102187408555147	0.0234718766022973	slc25a38a
regulation of protein phosphorylation (GO:0001932)	1/96	0.9433945196440304	0.9788479185703063	0.9170272916289801	0.9501479161573408	-0.32112960869295337	0.01871245264575085	gdf10b
protein ubiquitination (GO:0016567)	3/161	0.8560901016638575	0.9134148566125276	0.7871435277585082	0.8431712467704907	-0.1084357644447002	0.01684871106472564	kbtbd12;klhl24b;ddb2
proteolysis (GO:0006508)	3/158	0.847247885371633	0.907553744190384	0.7765658061786955	0.8367223122911298	-0.07674680739066062	0.01272170155228275	capn12;ctsba;ctsll
exocrine system development (GO:0035272)	2/45	0.38311119831320695	0.6636986081314468	0.33293945771239825	0.5913604126007497	-0.01315825877057779	0.01262442817171642	dhrs9;ptger4a
phosphorylation (GO:0016310)	1/99	0.9482646979421693	0.9823083032215562	0.9232057428840654	0.9543951260896082	-0.2190872498947293	0.01163826491714337	cdkl1
DNA repair (GO:0006281)	3/141	0.7878021505634341	0.8638220180781871	0.7083529817170957	0.7901191217694943	-0.04099091269867175	0.00977667284642768	cry5;mpg;ddb2
eye development (GO:0001654)	2/117	0.8623736518718363	0.9180264561689472	0.806486573119448	0.8549650138245776	-0.05831718018034897	0.00863482842151424	crx;pcdh15b
peptide metabolic process (GO:0006518)	1/52	0.7885434108382581	0.8638220180781871	0.7425788419457288	0.8105676300905816	-0.0341766371239257	0.00811926914678305	ethe1
translation (GO:0006412)	1/102	0.9527165106760561	0.9826896143827185	0.9289258202977786	0.9570750875795294	-0.1300547795327789	0.00629957910698578	mterf3
neuron projection morphogenesis (GO:0048812)	1/121	0.9732650178760488	0.994941298897787	0.956492532682417	0.9777952616953883	-0.21917214684780015	0.00593931575395708	shank2
anterior/posterior pattern specification (GO:0009952)	1/89	0.9301764299167388	0.9680862685294253	0.9006174315510902	0.9352565635338247	-0.07768793661113192	0.00562313063614707	tbx6
protein polyubiquitination (GO:0000209)	1/101	0.9512767773027924	0.9823083032215562	0.9270679137075388	0.9562340952623829	-0.10259476238200964	0.00512463101408947	ddb2
embryonic viscerocranium morphogenesis (GO:0048703)	1/105	0.956785840869886	0.9857793511992766	0.9342214042694256	0.9603754189466212	-0.08915608085631581	0.00393853177442899	dhrs9
determination of left/right symmetry (GO:0007368)	3/152	0.8281426333509643	0.8937348747063292	0.7541252005208675	0.8202451825570573	-0.02071406009290218	0.00390604776246391	prickle1a;ttc36;tbx16
negative regulation of nucleic acid-templated transcription (GO:1903507)	1/117	0.969853811551181	0.9925594191794694	0.9517528430130611	0.9740346821471463	-0.10832715368566022	0.00331588643798415	bhlhe41
regulation of MAPK cascade (GO:0043408)	1/116	0.9689351776834914	0.9925594191794694	0.9504896703406773	0.9738275863535062	-0.08902699447393601	0.00280947520265628	gdf10b
positive regulation of protein phosphorylation (GO:0001934)	1/152	0.9894673812471608	0.999569080252836	0.9805061043102707	0.9938045145129017	-0.16003278949680388	0.00169450388962921	gdf10b
positive regulation of gene expression (GO:0010628)	2/146	0.9311766613414844	0.9680862685294253	0.8915443366565516	0.9279339014180435	-0.017377748366504	0.00123914233553734	nfe2l1a;abrab
vesicle-mediated transport (GO:0016192)	2/232	0.992331468515338	0.999569080252836	0.9829787572741993	0.9938045145129017	-0.1360741372469347	0.00104751039207357	syt5b;cdh23
embryonic cranial skeleton morphogenesis (GO:0048701)	1/156	0.9906612127077774	0.999569080252836	0.9824277150556714	0.9938045145129017	-0.04777510206307193	4.4825788166262e-4	dhrs9
protein autophosphorylation (GO:0046777)	2/170	0.9620370404835787	0.9889697683806553	0.9341932730787657	0.9603754189466212	-0.00908984569817547	3.5179816637828e-4	mapkapk2b;mknk2b
proteasome-mediated ubiquitin-dependent protein catabolic process (GO:0043161)	1/167	0.9932925232726565	0.999569080252836	0.98679347803205	0.9965637104878128	-0.04026638156694556	2.7099568531634e-4	zgc:136908
negative regulation of programmed cell death (GO:0043069)	1/258	0.999569080252836	0.999569080252836	0.9987720209833975	0.9987720209833975	0.09083481259023962	-3.915095053989e-5	crx
regulation of gene expression (GO:0010468)	2/315	0.9991794027363929	0.999569080252836	0.9974697972237331	0.9985575505467688	0.3151796925322871	-2.5874176915563e-4	nfil3-6;nr1d1
cellular protein modification process (GO:0006464)	1/183	0.9958566567007551	0.999569080252836	0.991288065243867	0.9967149845511781	0.07173912126287002	-2.9785729689792e-4	cdkl1
regulation of plasma membrane bounded cell projection assembly (GO:0120032)	1/23	0.49677748630809854	0.7005249346095768	0.4586020262323579	0.635946616437016	5.0816745313338e-4	-3.5552059033713e-4	capzb
protein transport (GO:0015031)	2/263	0.9966380074028626	0.999569080252836	0.99155861735666	0.9967149845511781	0.10578669600169002	-3.5625328541345e-4	arl3l1;usp6nl
regulation of signal transduction (GO:0009966)	1/182	0.9957299648184027	0.999569080252836	0.9910583944639062	0.9967149845511781	0.20007556364367413	-8.561589137391e-4	samsn1b
regulation of cell cycle (GO:0051726)	2/270	0.9972142345009191	0.999569080252836	0.9928085119310435	0.9967149845511781	0.3297498301440214	-9.1988759142888e-4	ccng2;tsc1b
axonogenesis (GO:0007409)	1/156	0.9906612127077774	0.999569080252836	0.9824277150556714	0.9938045145129017	0.10291026963741588	-9.6557280836568e-4	col2a1a
G-protein coupled receptor signaling pathway, coupled to cyclic nucleotide second messenger (GO:0007187)	1/154	0.9900822134228268	0.999569080252836	0.9814917325385352	0.9938045145129017	0.10692071579801574	-0.00106571036301625	drd4a
intracellular protein transport (GO:0006886)	3/261	0.9838883271253941	0.999569080252836	0.9650435259049336	0.9854393290108219	0.06927316595269106	-0.00112519551839794	arl3l1;abrab;usp6nl
negative regulation of gene expression (GO:0010629)	1/154	0.9900822134228268	0.999569080252836	0.9814917325385352	0.9938045145129017	0.13872820789654491	-0.0013827450339681	bhlhe41
regulation of mitotic cell cycle (GO:0007346)	2/250	0.9952412199406248	0.999569080252836	0.9886528508293628	0.9967149845511781	0.44077762967115885	-0.00210257060760693	ccng2;wnt4b
regulation of apoptotic process (GO:0042981)	5/386	0.9894874237732725	0.999569080252836	0.9717492680872674	0.9895059578839971	0.38023396716071034	-0.004018397622774	nme2a;bcl2l16;gdf10b;bbc3;phkg1b
regulation of cell migration (GO:0030334)	1/113	0.9660081914533881	0.9919412972642173	0.9464990913800392	0.9719084629607113	0.14087004675876488	-0.00487170390226406	fgf1a
nervous system development (GO:0007399)	2/210	0.9863564953987448	0.999569080252836	0.9722596666790474	0.9895059578839971	0.36756572111375774	-0.00504940929267707	vcanb;shank2
regulation of cellular macromolecule biosynthetic process (GO:2000112)	1/207	0.9979899038240818	0.999569080252836	0.9953383346799555	0.9975115624849334	2.5988133595052134	-0.00522912207746745	nfil3-6
brain development (GO:0007420)	3/212	0.9508524938041704	0.9823083032215562	0.91179509557386	0.9457942347308513	0.10612162124829498	-0.00534814076210919	thnsl2;zranb1b;shank2
neuron development (GO:0048666)	2/135	0.9101470163657037	0.9526966488297789	0.8644244952987686	0.9048365868691786	0.06135645842306059	-0.00577665755310681	nptx2b;prickle1a
negative regulation of cellular macromolecule biosynthetic process (GO:2000113)	1/137	0.983466558314796	0.999569080252836	0.9712427827919691	0.9895059578839971	0.494850534341189	-0.0082499721700614	bhlhe41
regulation of nucleic acid-templated transcription (GO:1903506)	1/194	0.9970254535428836	0.999569080252836	0.9934577460395729	0.9967149845511781	2.835170718306559	-0.00844591463486805	nfil3-6
cellular protein localization (GO:0034613)	4/273	0.9613748680763716	0.9889697683806553	0.922932722556425	0.9543951260896082	0.22568198088760036	-0.00888980840344609	sept8b;arl3l1;zgc:172075;usp6nl
hemopoiesis (GO:0030097)	4/208	0.864024899923715	0.9180264561689472	0.7868112757767083	0.8431712467704907	0.13597501033041168	-0.01987324967580599	runx2a;epor;fgf1a;ptger4a
drug catabolic process (GO:0042737)	1/42	0.7148161463844348	0.8233390494114319	0.667273331833448	0.7656961482788814	0.05952598752797364	-0.01998465427337542	cyp2k19
protein phosphorylation (GO:0006468)	5/301	0.9436605750922888	0.9788479185703063	0.8897155661740936	0.9270816001677843	0.4123721785416135	-0.0239129421281971	camk1da;camk1db;mapkapk2b;mknk2b;cdkl1
heart development (GO:0007507)	6/312	0.8996848957192132	0.9428204729112301	0.8183119652629498	0.8636888511685347	0.27142175567170546	-0.02869218184125534	heyl;fbn2b;lmo7b;mef2ca;mef2cb;ttc36
cilium assembly (GO:0060271)	5/216	0.76476028324008	0.8543039230792588	0.6593690265788287	0.7613846118231004	0.11036238264972696	-0.02959840188080814	sept8b;arl3l1;arl13a;crb2b;ttc36
ubiquitin-dependent protein catabolic process (GO:0006511)	3/191	0.9225335492020955	0.9623702251903679	0.8717124255212368	0.9114259756588785	0.3902895671157854	-0.0314696472930276	zranb1b;kbtbd12;klhl24b
cilium organization (GO:0044782)	4/208	0.864024899923715	0.9180264561689472	0.7868112757767083	0.8431712467704907	0.23030621121544168	-0.0336601028839909	sept8b;arl3l1;crb2b;ttc36
central nervous system development (GO:0007417)	5/266	0.8947221297991588	0.9397653491483153	0.8185286498002453	0.8636888511685347	0.30291459782963254	-0.03369684944361896	thnsl2;vcanb;zranb1b;ihhb;loxl3a
anterograde trans-synaptic signaling (GO:0098916)	5/162	0.5195896718675067	0.7119154011557779	0.41306445426250726	0.6111096107011297	0.05409627041540285	-0.03541768682811143	chrna4b;gabrr3a;nrxn2a;chrna10a;dlg4b
positive regulation of protein polymerization (GO:0032273)	1/28	0.566609712725819	0.7336357070272238	0.5236598816111979	0.6723353445022094	0.06740969286821893	-0.03829440501249431	tppp3
regulation of macromolecule metabolic process (GO:0060255)	2/102	0.8058637044719172	0.8774270235316939	0.7424174191934932	0.8105676300905816	0.2266300469345639	-0.04891597707641884	dazap1;nr1d1
DNA metabolic process (GO:0006259)	1/116	0.9689351776834914	0.9925594191794694	0.9504896703406773	0.9738275863535062	1.5916692222759563	-0.05022920561610877	cry5
positive regulation of cellular biosynthetic process (GO:0031328)	1/27	0.5534638015436245	0.7279079796805835	0.5113033944598573	0.6638988912505643	0.08723472558631908	-0.05160448076709729	zgc:162608
positive regulation of cellular process (GO:0048522)	3/103	0.5870863820667653	0.7503176027680266	0.5026319228808274	0.6638988912505643	0.09806724167064518	-0.05222897631218477	il11ra;ccng2;fgf1a
negative regulation of cellular process (GO:0048523)	1/87	0.9258626435088728	0.9647467726914246	0.895361209156045	0.9308511778088895	0.746858802659311	-0.05753007685137414	wisp3
monovalent inorganic anion homeostasis (GO:0055083)	1/20	0.44959713683528807	0.6799508593324456	0.41539476805828424	0.6111096107011297	0.07903743281643742	-0.06318278846388625	slc12a3
regulation of transcription, DNA-templated (GO:0006355)	15/665	0.8842534689445999	0.9330398672311984	0.7424480404509315	0.8105676300905816	0.5210471794242364	-0.06409480963240353	foxq2;arid5b;ankrd1b;foxq1a;runx2a;nfe2l1a;nfil3-6;abrab;sp7;ahrrb;ahrra;bhlhe41;tnni3k;egr2b;klf15
organelle membrane fusion (GO:0090174)	1/61	0.8384706847420008	0.9002527351966746	0.7957097244669538	0.8474031636434612	0.3674149975907057	-0.06472957964963257	syt5b
cellular response to oxygen-containing compound (GO:1901701)	1/69	0.87287436586214	0.9238527657228528	0.8336860705883568	0.8776649229359078	0.4786955891938188	-0.06508519682168708	rragd
cellular metal ion homeostasis (GO:0006875)	2/56	0.4932657131528952	0.7005249346095768	0.43194209726338006	0.6166762757197246	0.11360590846915256	-0.08028612236395367	atp2a1l;atp2b2
positive regulation of transcription, DNA-templated (GO:0045893)	11/403	0.641646587751868	0.7781467093705722	0.473421415802064	0.6457665077359507	0.1857876064397321	-0.08243723329775295	heyl;foxo1a;nfe2l1a;abrab;fgf1a;nr1d1;vgll2b;ahrrb;mef2ca;lpin1;myf6
negative regulation of transcription, DNA-templated (GO:0045892)	7/296	0.7708025574437648	0.855618800161277	0.6468138854032648	0.7535217598987272	0.35844165059241245	-0.09331061460299292	per2;foxo1a;per3;per1a;hoxa13a;nr1d1;bhlhe41
plasma membrane bounded cell projection assembly (GO:0120031)	4/210	0.8688534415910177	0.9211908716407693	0.7928879292482988	0.8474031636434612	0.6741205895123461	-0.09476842507324916	sept8b;arl3l1;crb2b;ttc36
determination of bilateral symmetry (GO:0009855)	1/101	0.9512767773027924	0.9823083032215562	0.9270679137075388	0.9562340952623829	2.086604238045947	-0.10422634200959811	tbx16
response to organic cyclic compound (GO:0014070)	2/45	0.38311119831320695	0.6636986081314468	0.33293945771239825	0.5913604126007497	0.1150556056967358	-0.1103877994191466	cyp1a;chrna4b
establishment of spindle orientation (GO:0051294)	1/20	0.44959713683528807	0.6799508593324456	0.41539476805828424	0.6111096107011297	0.17039260663452432	-0.13621242033256362	prickle1a
cellular protein complex assembly (GO:0043623)	2/92	0.7575001151467863	0.8501040412038505	0.6902820766198177	0.779432898323484	0.49826878602370017	-0.1383849819852752	sept8b;zgc:172075
pattern recognition receptor signaling pathway (GO:0002221)	1/18	0.4157153591237276	0.6636986081314468	0.38469882245334486	0.6036812290806336	0.16997531537179014	-0.1491965955412739	mapkapk2b
cell morphogenesis involved in neuron differentiation (GO:0048667)	1/82	0.9138781996741222	0.9544256965879911	0.8809775588787233	0.9190197716484864	1.681645424374098	-0.1514455852168156	cdh23
protein localization to cell periphery (GO:1990778)	1/33	0.6267654874995576	0.7681852036376421	0.5809273484180876	0.7082221857208558	0.35514401308422733	-0.16591718560165883	ankrd9
positive regulation of transmembrane receptor protein serine/threonine kinase signaling pathway (GO:0090100)	1/58	0.8232956410347543	0.8902065941930557	0.7793400655044656	0.838727057600351	0.9441532989670418	-0.18358109115969148	gdf10b
regulation of cellular localization (GO:0060341)	1/23	0.49677748630809854	0.7005249346095768	0.4586020262323579	0.635946616437016	0.27653604022087613	-0.1934682271810362	cplx4a
cellular response to organic substance (GO:0071310)	1/61	0.8384706847420008	0.9002527351966746	0.7957097244669538	0.8474031636434612	1.1665762612304449	-0.2055223426203351	cyp1a
mitochondrial gene expression (GO:0140053)	1/20	0.44959713683528807	0.6799508593324456	0.41539476805828424	0.6111096107011297	0.2838414837170988	-0.22690383257543445	mterf3
male gamete generation (GO:0048232)	1/30	0.59175375207413	0.7503176027680266	0.5474470182365436	0.6865524081163211	0.4396541898658699	-0.23067102921886823	dazap1
positive regulation of nucleic acid-templated transcription (GO:1903508)	2/114	0.8524389396500716	0.9120500543109158	0.794925100786869	0.8474031636434612	1.4681962591281768	-0.2344029613279426	nfe2l1a;abrab
cellular response to lipid (GO:0071396)	1/50	0.7755047004307203	0.8566947232194964	0.7290170096394231	0.8024431832721707	0.9558719172252654	-0.24302205694979512	cftr
regulation of vasoconstriction (GO:0019229)	1/17	0.39800154788837583	0.6636986081314468	0.36875409857853614	0.6036812290806336	0.30124400969287335	-0.2775359207259507	tbxa2r
organelle assembly (GO:0070925)	6/307	0.8912831878660107	0.937225620230238	0.8065356230632726	0.8549650138245776	2.5314482286527578	-0.29135214947175475	sept8b;arl3l1;zgc:172075;crb2b;zgc:92606;ttc36
sterol metabolic process (GO:0016125)	1/27	0.5534638015436245	0.7279079796805835	0.5113033944598573	0.6638988912505643	0.4982119293641043	-0.2947217149364246	msmo1
gene expression (GO:0010467)	2/98	0.7876446010299206	0.8638220180781871	0.7225252792332801	0.7991303690797001	1.269059666155382	-0.3029350815764924	mef2ca;mef2cb
regulation of actin filament-based process (GO:0032970)	1/48	0.7616634559722526	0.8526915275396684	0.7147436886909431	0.795314795416104	1.123953308632608	-0.30599682741825635	tsc1b
circulatory system development (GO:0072359)	4/212	0.8735339876333728	0.9238527657228528	0.7988256365189991	0.8497357292287845	2.301499278137797	-0.3111816678009917	heyl;lmo7b;mef2ca;mef2cb
glomerular epithelial cell development (GO:0072310)	1/25	0.5259657892697723	0.7121483695422581	0.48562453775281295	0.6527135075506328	0.505088820764715	-0.32452921846267974	crb2b
mesenchyme development (GO:0060485)	1/27	0.5534638015436245	0.7279079796805835	0.5113033944598573	0.6638988912505643	0.5918148630683981	-0.3500933660721582	bcl9l
fatty acid catabolic process (GO:0009062)	1/31	0.6037742225037733	0.75205527307797	0.5588930881988003	0.6923938663515503	0.7115542649112794	-0.35901822992101623	lpin1
regulation of blood circulation (GO:1903522)	1/26	0.5399198376465015	0.7214649358944518	0.498627684216205	0.6605197894812067	0.5874886363499466	-0.3620895732464444	plekha7a
regulation of vesicle-mediated transport (GO:0060627)	1/49	0.7686874079122744	0.8543039230792588	0.7219715641586109	0.7991303690797001	1.474410302213564	-0.3878744212549551	dmxl2
regulation of anatomical structure morphogenesis (GO:0022603)	1/47	0.7544265911665542	0.8476910779570341	0.7073286789582466	0.7899364078876768	1.4014217727641107	-0.39491687198428566	zranb1b
stem cell development (GO:0048864)	1/43	0.7232181959539914	0.8278233215533217	0.6756989163370454	0.7705485778849784	1.23818218272866	-0.40122589091554167	dhrs9
mesenchymal cell development (GO:0014031)	1/43	0.7232181959539914	0.8278233215533217	0.6756989163370454	0.7705485778849784	1.2718504515601456	-0.4121359018540993	dhrs9
cellular macromolecule biosynthetic process (GO:0034645)	3/98	0.5532309958712317	0.7279079796805835	0.4705292632327771	0.6451757707810465	0.834716460540293	-0.49413515868172087	slc25a38a;mef2ca;mef2cb
regulation of nucleobase-containing compound metabolic process (GO:0019219)	1/32	0.6154413443884614	0.7593752071889887	0.5700507859672249	0.7005443393814089	1.0279747922905276	-0.49899503697405984	dazap1
very long-chain fatty acid metabolic process (GO:0000038)	1/24	0.5115892617472437	0.7072875636806774	0.47228553155213854	0.6451757707810465	0.762896611821372	-0.5113186366821882	tecrl2b
enzyme linked receptor protein signaling pathway (GO:0007167)	1/54	0.8008260445484382	0.8737831296655195	0.7554645167643046	0.8207294986859547	2.343708167648787	-0.5205646031172427	ptprub
sensory perception (GO:0007600)	1/20	0.44959713683528807	0.6799508593324456	0.41539476805828424	0.6111096107011297	0.6975139798805103	-0.5575950112619077	cdh23
transition metal ion transport (GO:0000041)	1/37	0.6688292173310678	0.7942887729753173	0.6217607457372102	0.7355365523025245	1.413442710859749	-0.5685241597204667	trpc3
protein targeting (GO:0006605)	1/52	0.7885434108382581	0.8638220180781871	0.7425788419457288	0.8105676300905816	2.455148611712676	-0.5832643013285518	agxtb
cellular response to BMP stimulus (GO:0071773)	1/44	0.7313731141085161	0.8309412360787349	0.6839119697167303	0.7731911184728552	1.9284010624048729	-0.6032646614262965	wisp3
regulation of intracellular signal transduction (GO:1902531)	2/90	0.7466594262423989	0.8434425588745905	0.6788718817160521	0.7731911184728552	2.318777569975506	-0.67742186985188	fgf1a;gdf10b
protein localization to organelle (GO:0033365)	1/24	0.5115892617472437	0.7072875636806774	0.47228553155213854	0.6451757707810465	1.1109848210839988	-0.7446189107263788	cdh23
amino acid transport (GO:0006865)	1/35	0.6484248059494782	0.7791282354209698	0.6018651150869202	0.7222381381043044	1.739595905944732	-0.7536090075905592	slc32a1
protein localization to membrane (GO:0072657)	2/54	0.4741474231857404	0.6931008510899835	0.4144733706736657	0.6111096107011297	1.1147221569274035	-0.8318469029076153	dlg4b;ankrd9
transmembrane receptor protein serine/threonine kinase signaling pathway (GO:0007178)	2/68	0.5982683750218599	0.75205527307797	0.5304026518617181	0.6790929350196057	1.7798607764611718	-0.9143426703824544	dusp22b;wisp3
