Term	Overlap	P-value	Adjusted P-value	Old P-value	Old Adjusted P-value	Odds Ratio	Combined Score	Genes
response to unfolded protein (GO:0006986)	7/49	3.006824507992938e-8	3.800626178103074e-5	0	0	26.649193548387096	461.5586012272689	DNAJA1;HSP90AA1;HSPA5;HSPA4;SERPINH1;HSPB1;HSPA2
IRE1-mediated unfolded protein response (GO:0036498)	5/53	2.4901416888020393e-5	0.01573769547322889	0	0	16.38640873015873	173.70553256605524	HSPA5;DNAJB11;DNAJB9;HYOU1;PDIA6
response to endoplasmic reticulum stress (GO:0034976)	6/110	8.636429833802888e-5	0.01997568697200883	0	0	9.122307692307691	85.35685090247375	HSPA5;AGR2;DNAJB9;HYOU1;PDIA4;HSP90B1
platelet aggregation (GO:0070527)	4/36	8.801491337730908e-5	0.01997568697200883	0	0	19.5246062992126	182.320857336683	FIBP;HSPB1;GATA1;MYL9
positive regulation of bone mineralization (GO:0030501)	4/36	8.801491337730908e-5	0.01997568697200883	0	0	19.5246062992126	182.320857336683	PTH;ALOX5;ISG15;BMP7
regulation of IRE1-mediated unfolded protein response (GO:1903894)	3/14	9.482129891776345e-5	0.01997568697200883	0	0	42.31107954545455	391.94938357871354	HSPA5;AGR2;DNAJB9
positive regulation of ossification (GO:0045778)	4/40	1.3381580441233142e-4	0.02072030899793602	0	0	17.35170603674541	154.76066948359357	PTH;ALOX5;ISG15;BMP7
negative regulation of type I interferon-mediated signaling pathway (GO:0060339)	3/16	1.4448669755253173e-4	0.02072030899793602	0	0	35.79807692307692	316.53816298179186	CNOT7;ISG15;TTLL12
positive regulation of biomineral tissue development (GO:0070169)	4/41	1.4753384571315203e-4	0.02072030899793602	0	0	16.881889763779526	148.92279619149707	PTH;ALOX5;ISG15;BMP7
homotypic cell-cell adhesion (GO:0034109)	4/44	1.9478817727970117e-4	0.02462122560815423	0	0	15.613385826771651	133.3944897397756	FIBP;HSPB1;GATA1;MYL9
negative regulation of MAP kinase activity (GO:0043407)	4/48	2.736118259867205e-4	0.03144048618611042	0	0	14.191123836793128	116.42114385405968	DNAJA1;RGS2;NPPA;BMP7
negative regulation of IRE1-mediated unfolded protein response (GO:1903895)	2/5	4.2029234600381274e-4	0.03794639466777281	0	0	102.66666666666669	798.1881627629406	HSPA5;DNAJB9
pentose catabolic process (GO:0019323)	2/5	4.2029234600381274e-4	0.03794639466777281	0	0	102.66666666666669	798.1881627629406	NUDT5;XYLB
positive regulation of cardiac muscle contraction (GO:0060452)	2/5	4.2029234600381274e-4	0.03794639466777281	0	0	102.66666666666669	798.1881627629406	RGS2;NPPA
negative regulation of cytokine-mediated signaling pathway (GO:0001960)	4/55	4.6292045180646737e-4	0.03900876340555832	0	0	12.238999536822604	93.9704917152818	CNOT7;APOA1;ISG15;TTLL12
negative regulation of neuron differentiation (GO:0045665)	3/24	5.02589798260098e-4	0.03946433177242157	0	0	22.151785714285715	168.25912133115668	HES3;BMP7;B2M
regulation of bone mineralization (GO:0030500)	4/57	5.307702849138977e-4	0.03946433177242157	0	0	11.775961967018274	88.8046634541799	PTH;ALOX5;ISG15;BMP7
positive regulation of receptor binding (GO:1900122)	2/6	6.277332252970674e-4	0.04408082204308295	0	0	76.99612403100775	567.7228576803623	B2M;MMP9
amyloid fibril formation (GO:1990000)	4/63	7.765332564220318e-4	0.05165989663776043	0	0	10.575203523288405	75.72555411548427	NPPA;APOA1;PRL;B2M
negative regulation of intrinsic apoptotic signaling pathway (GO:2001243)	4/64	8.241383605215833e-4	0.05208554438496406	0	0	10.398425196850392	73.8410071922871	DNAJA1;HSPB1;HYOU1;MMP9
positive regulation of striated muscle contraction (GO:0045989)	2/7	8.75056732408768e-4	0.05267008141736584	0	0	61.5937984496124	433.6955986468554	RGS2;NPPA
regulation of type I interferon-mediated signaling pathway (GO:0060338)	3/30	9.7966142379343e-4	0.05628600180340434	0	0	17.223958333333332	119.33281135445452	CNOT7;ISG15;TTLL12
regulation of cellular response to stress (GO:0080135)	5/118	0.00108169429609894	0.0564784149322508	0	0	6.9377721590110975	47.37961868944727	HSP90AA1;ALOX5;CHORDC1;FKBP4;MANF
negative regulation of mitotic nuclear division (GO:0045839)	2/8	0.00116173954765705	0.0564784149322508	0	0	51.325581395348834	346.8499020731412	CHEK1;BMP7
negative regulation of muscle hypertrophy (GO:0014741)	2/8	0.00116173954765705	0.0564784149322508	0	0	51.325581395348834	346.8499020731412	RGS2;P2RX4
regulation of response to wounding (GO:1903034)	2/8	0.00116173954765705	0.0564784149322508	0	0	51.325581395348834	346.8499020731412	PLAU;ALOX5
ATF6-mediated unfolded protein response (GO:0036500)	2/9	0.00148726339478075	0.06266336436676248	0	0	43.991140642303435	286.41828814216444	HSPA5;HSP90B1
bone resorption (GO:0045453)	2/9	0.00148726339478075	0.06266336436676248	0	0	43.991140642303435	286.41828814216444	PTH;ACP5
regulation of cellular response to oxidative stress (GO:1900407)	2/9	0.00148726339478075	0.06266336436676248	0	0	43.991140642303435	286.41828814216444	ALOX5;BMP7
regulation of PERK-mediated unfolded protein response (GO:1903897)	2/9	0.00148726339478075	0.06266336436676248	0	0	43.991140642303435	286.41828814216444	HSPA5;AGR2
regulation of cardiac muscle contraction (GO:0055117)	3/36	0.00167423540067408	0.06826559827264662	0	0	14.088068181818182	90.05654866238584	RGS2;P2RX4;NPPA
regulation of receptor binding (GO:1900120)	2/10	0.00185111499983356	0.07311904249342589	0	0	38.49031007751938	242.1797654013784	B2M;MMP9
negative regulation of innate immune response (GO:0045824)	3/38	0.00195936723651817	0.07504970263512056	0	0	13.28169642857143	82.81315294680145	CNOT7;ISG15;TTLL12
negative regulation of nuclear division (GO:0051784)	2/11	0.00225278605258302	0.08375063442543956	0	0	34.21188630490956	208.54154935693353	CHEK1;BMP7
positive regulation of ATPase activity (GO:0032781)	3/42	0.00261607642377464	0.09195679132058047	0	0	11.917067307692308	70.85983118944941	DNAJB11;DYNLL1;DYNLL2
negative regulation of cardiac muscle hypertrophy (GO:0010614)	2/12	0.00269177316365623	0.09195679132058047	0	0	30.789147286821706	182.19647659489397	RGS2;P2RX4
negative regulation of JUN kinase activity (GO:0043508)	2/12	0.00269177316365623	0.09195679132058047	0	0	30.789147286821706	182.19647659489397	DNAJA1;NPPA
substantia nigra development (GO:0021762)	3/43	0.00279893456857642	0.09310140249159472	0	0	11.6185546875	68.2998648026715	HSPA5;PLP1;DYNLL1
pyrimidine deoxyribonucleotide catabolic process (GO:0009223)	2/13	0.00316757782553325	0.09532900884461996	0	0	27.98872445384073	161.06917775087956	DCTPP1;UNG
negative regulation of endoplasmic reticulum unfolded protein response (GO:1900102)	2/13	0.00316757782553325	0.09532900884461996	0	0	27.98872445384073	161.06917775087956	HSPA5;DNAJB9
relaxation of cardiac muscle (GO:0055119)	2/13	0.00316757782553325	0.09532900884461996	0	0	27.98872445384073	161.06917775087956	RGS2;P2RX4
protein localization to mitochondrion (GO:0070585)	2/13	0.00316757782553325	0.09532900884461996	0	0	27.98872445384073	161.06917775087956	DNAJA1;ISG15
regulation of response to endoplasmic reticulum stress (GO:1905897)	2/14	0.00367970636984923	0.10525818382438049	0	0	25.655038759689923	143.79449938483123	ALOX5;MANF
relaxation of muscle (GO:0090075)	2/14	0.00367970636984923	0.10525818382438049	0	0	25.655038759689923	143.79449938483123	RGS2;P2RX4
double-strand break repair via homologous recombination (GO:0000724)	4/97	0.00380769959717239	0.10525818382438049	0	0	6.69748539497079	37.30988316568877	POLN;NABP1;NUCKS1;MCM5
negative regulation of mitotic cell cycle (GO:0045930)	3/48	0.00383059846196321	0.10525818382438049	0	0	10.325	57.45588094136373	CHEK1;NABP1;BMP7
regulation of endothelial cell chemotaxis (GO:2001026)	2/15	0.0042276699293122	0.10687549581301266	0	0	23.68038163387001	129.43943544423092	P2RX4;HSPB1
cellular response to ATP (GO:0071318)	2/15	0.0042276699293122	0.10687549581301266	0	0	23.68038163387001	129.43943544423092	P2RX4;HSP90B1
positive regulation of endothelial cell chemotaxis (GO:2001028)	2/15	0.0042276699293122	0.10687549581301266	0	0	23.68038163387001	129.43943544423092	P2RX4;HSPB1
response to muscle stretch (GO:0035994)	2/15	0.0042276699293122	0.10687549581301266	0	0	23.68038163387001	129.43943544423092	NPPA;TCAP
cardiac muscle tissue development (GO:0048738)	3/53	0.00506656047509123	0.12557122432382975	0	0	9.29015625	49.09934068440332	NPPA;TCAP;BMP7
inorganic anion transport (GO:0015698)	3/54	0.00533921640167155	0.1297840294560163	0	0	9.107536764705882	47.6567924907854	SLC13A1;CLIC4;ANO9
regulation of protein ubiquitination (GO:0031396)	4/109	0.00575766629678542	0.13731490941767502	0	0	5.9284589426321705	30.57438506949283	DNAJA1;HSP90AA1;ISG15;HSPBP1
positive regulation of gene expression, epigenetic (GO:0045815)	3/57	0.00620949140104412	0.1453480950170329	0	0	8.600260416666666	43.703739416098806	H1-6;CHEK1;POLR2H
response to ATP (GO:0033198)	2/19	0.00676826265307066	0.1555469816996604	0	0	18.10487916096671	90.4431202748417	P2RX4;HSP90B1
regulation of smooth muscle cell migration (GO:0014910)	2/20	0.00748823341082939	0.16605486019804122	0	0	17.098191214470283	83.68576954910893	PLAU;S100A11
positive regulation of heart contraction (GO:0045823)	2/20	0.00748823341082939	0.16605486019804122	0	0	17.098191214470283	83.68576954910893	RGS2;NPPA
regulation of neurogenesis (GO:0050767)	3/62	0.00783836965244499	0.17082240070155996	0	0	7.869438559322034	38.156738904352565	HES6;HES3;B2M
diterpenoid metabolic process (GO:0016101)	3/64	0.00855379103196564	0.1832540993966878	0	0	7.610655737704918	36.23722933435961	APOA1;RDH5;GPC6
negative regulation of phosphate metabolic process (GO:0045936)	2/22	0.00902671954895143	0.1870454673749937	0	0	15.386821705426357	72.43448272713856	DYNLL1;BMP7
chaperone-mediated protein complex assembly (GO:0051131)	2/22	0.00902671954895143	0.1870454673749937	0	0	15.386821705426357	72.43448272713856	HSP90AA1;HSPA4
nucleotide metabolic process (GO:0009117)	2/23	0.0098443266244287	0.1955958233456808	0	0	14.653377630121817	67.7112060716613	NUDT5;DCK
mitotic cell cycle checkpoint signaling (GO:0007093)	2/23	0.0098443266244287	0.1955958233456808	0	0	14.653377630121817	67.7112060716613	CHEK1;NABP1
DNA metabolic process (GO:0006259)	6/277	0.00990358599218636	0.1955958233456808	0	0	3.471232472324723	16.01924621522116	CHEK1;NABP1;MCM5;SMC1A;DCTPP1;UNG
regulation of cardiac muscle hypertrophy (GO:0010611)	2/24	0.01069357826671365	0.20479822619887977	0	0	13.98661028893587	63.47280230857581	RGS2;P2RX4
protein insertion into mitochondrial membrane (GO:0051204)	2/24	0.01069357826671365	0.20479822619887977	0	0	13.98661028893587	63.47280230857581	HSP90AA1;HSPA4
cellular response to metal ion (GO:0071248)	4/131	0.01086696715582481	0.20501263410391893	0	0	4.896025792051584	22.139963895549293	CLIC4;P2RX4;B2M;MMP9
regulation of heterotypic cell-cell adhesion (GO:0034114)	2/25	0.0115740314163883	0.2089939387187831	0	0	13.377822716548703	59.651595927977866	APOA1;BMP7
positive regulation of ERBB signaling pathway (GO:1901186)	2/25	0.0115740314163883	0.2089939387187831	0	0	13.377822716548703	59.651595927977866	AGR2;MMP9
positive regulation of release of cytochrome c from mitochondria (GO:0090200)	2/25	0.0115740314163883	0.2089939387187831	0	0	13.377822716548703	59.651595927977866	CIDEB;MMP9
negative regulation of epithelial cell proliferation (GO:0050680)	3/72	0.01179056948714809	0.20990534974303093	0	0	6.725543478260869	29.86447493486328	ALOX5;PRL;B2M
ubiquitin-dependent ERAD pathway (GO:0030433)	3/73	0.01223805601357255	0.21326152282953473	0	0	6.629129464285715	29.189414921792068	HSPA5;DNAJB9;HSP90B1
regulation of glycogen biosynthetic process (GO:0005979)	2/26	0.01248524738084301	0.21326152282953473	0	0	12.819767441860463	56.191701327620784	PTH;PPP1R3B
chaperone cofactor-dependent protein refolding (GO:0051085)	2/26	0.01248524738084301	0.21326152282953473	0	0	12.819767441860463	56.191701327620784	HSPA5;HSPA2
cellular response to unfolded protein (GO:0034620)	2/27	0.01342679179810828	0.22330874780011664	0	0	12.306356589147288	53.04658921447195	HSPA5;HSPA2
positive regulation of nitric oxide biosynthetic process (GO:0045429)	2/27	0.01342679179810828	0.22330874780011664	0	0	12.306356589147288	53.04658921447195	HSP90AA1;P2RX4
DNA repair (GO:0006281)	6/298	0.01380772828692561	0.2266619292814802	0	0	3.21813698630137	13.781757963217265	POLN;CHEK1;NABP1;NUCKS1;SMC1A;UNG
positive regulation of type I interferon production (GO:0032481)	3/77	0.01412479439840806	0.22749210674000395	0	0	6.26953125	26.707096915868675	HSP90AA1;ISG15;POLR2H
protein localization to organelle (GO:0033365)	4/142	0.01425676572587805	0.22749210674000395	0	0	4.503252310852448	19.141180661580645	DNAJA1;ISG15;BMP7;TRAM2
positive regulation of nitric oxide metabolic process (GO:1904407)	2/28	0.01439823460379772	0.22749210674000395	0	0	11.832438878950509	50.17722810865632	HSP90AA1;P2RX4
receptor-mediated endocytosis (GO:0006898)	4/143	0.01459447159857129	0.2276195582486253	0	0	4.4706282218319835	18.897848348197517	HSP90AA1;APOA1;HYOU1;HSP90B1
recombinational repair (GO:0000725)	3/79	0.01512661621272509	0.2276195582486253	0	0	6.1039268092105265	25.58338491796081	POLN;NABP1;NUCKS1
regulation of cellular response to heat (GO:1900034)	3/79	0.01512661621272509	0.2276195582486253	0	0	6.1039268092105265	25.58338491796081	HSP90AA1;CHORDC1;FKBP4
regulation of ion transport (GO:0043269)	3/79	0.01512661621272509	0.2276195582486253	0	0	6.1039268092105265	25.58338491796081	P2RX4;B2M;KCNJ1
aggrephagy (GO:0035973)	2/29	0.01539914998268001	0.228994418565971	0	0	11.39362618432386	47.550649067773186	DYNLL1;DYNLL2
negative regulation of cellular component organization (GO:0051129)	3/80	0.0156422216899386	0.22990428158235343	0	0	6.02435064935065	25.04793369243798	HSPA5;APOA1;HSPA2
'de novo' posttranslational protein folding (GO:0051084)	2/31	0.01748771629334441	0.25118719766803793	0	0	10.606789628441591	42.91779222718881	HSPA5;HSPA2
regulation of developmental growth (GO:0048638)	2/31	0.01748771629334441	0.25118719766803793	0	0	10.606789628441591	42.91779222718881	AGR2;PRL
cellular response to topologically incorrect protein (GO:0035967)	2/32	0.01857453656031179	0.2638001596880236	0	0	10.252713178294574	40.866941922973595	HSPA5;HSPA2
ERAD pathway (GO:0036503)	3/87	0.01952735636250189	0.26672299727855664	0	0	5.520368303571429	21.72783238235409	HSPA5;DNAJB9;HSP90B1
negative regulation of JNK cascade (GO:0046329)	2/33	0.01968916800271705	0.26672299727855664	0	0	9.921480370092524	38.968465918850896	DNAJA1;NPPA
positive regulation of epidermal growth factor receptor signaling pathway (GO:0045742)	2/34	0.02083120555154078	0.26672299727855664	0	0	9.6109496124031	37.20689950562277	AGR2;MMP9
positive regulation of binding (GO:0051099)	3/90	0.02134086037479059	0.26672299727855664	0	0	5.329202586206897	20.502144292795418	DPH3;B2M;MMP9
negative regulation of cell cycle G1/S phase transition (GO:1902807)	2/35	0.02200024817942101	0.26672299727855664	0	0	9.31923890063425	35.56875350845458	PRMT2;CDK2AP2
regulation of JUN kinase activity (GO:0043506)	2/35	0.02200024817942101	0.26672299727855664	0	0	9.31923890063425	35.56875350845458	DNAJA1;NPPA
retinoid metabolic process (GO:0001523)	3/92	0.0225994769285805	0.26672299727855664	0	0	5.208918539325842	19.740908026842572	APOA1;RDH5;GPC6
positive regulation of interferon-beta production (GO:0032728)	2/36	0.02319589886540784	0.26672299727855664	0	0	9.04468764249886	34.04221254646382	HSP90AA1;ISG15
retina homeostasis (GO:0001895)	2/36	0.02319589886540784	0.26672299727855664	0	0	9.04468764249886	34.04221254646382	HSPB1;B2M
nucleosome organization (GO:0034728)	3/94	0.02389779704452073	0.26672299727855664	0	0	5.0939217032967035	19.020545719176344	H1-6;NASP;H2BC1
regulation of apoptotic process (GO:0042981)	10/742	0.02413904453618762	0.26672299727855664	0	0	2.1606150928058527	8.045967790739438	DNAJA1;HSP90AA1;HSPA5;PRMT2;CIDEB;HSPB1;GATA1;MMP9;CIDEC;HSP90B1
negative regulation of endothelial cell proliferation (GO:0001937)	2/37	0.02441776456216778	0.26672299727855664	0	0	8.785825027685492	32.616886534730405	ALOX5;PRL
negative regulation of G1/S transition of mitotic cell cycle (GO:2000134)	2/37	0.02441776456216778	0.26672299727855664	0	0	8.785825027685492	32.616886534730405	PRMT2;CDK2AP2
DNA integrity checkpoint signaling (GO:0031570)	2/39	0.02693858844502153	0.26672299727855664	0	0	8.310077519379846	30.034244821919533	TIPIN;CHEK1
regulation of nitric oxide biosynthetic process (GO:0045428)	2/40	0.02823678009203369	0.26672299727855664	0	0	8.090983272133823	28.861588287818005	HSP90AA1;P2RX4
intraciliary transport involved in cilium assembly (GO:0035735)	2/40	0.02823678009203369	0.26672299727855664	0	0	8.090983272133823	28.861588287818005	DYNLL1;DYNLL2
regulation of cell death (GO:0010941)	3/102	0.02948749193176837	0.26672299727855664	0	0	4.6803977272727275	16.49273453183364	AGR2;CIDEB;BMP7
regulation of cell development (GO:0060284)	2/41	0.02955965359042763	0.26672299727855664	0	0	7.883124627310674	27.75920071689616	HES6;HES3
regulation of release of cytochrome c from mitochondria (GO:0090199)	2/41	0.02955965359042763	0.26672299727855664	0	0	7.883124627310674	27.75920071689616	CIDEB;MMP9
positive regulation of cellular biosynthetic process (GO:0031328)	4/180	0.03078768371384703	0.26672299727855664	0	0	3.5241589119541876	12.266330407939773	HSP90AA1;P2RX4;PTH;APOA1
regulation of DNA recombination (GO:0000018)	2/42	0.03090683524836144	0.26672299727855664	0	0	7.685658914728682	26.72132916997424	H1-6;CHEK1
regulation of nervous system development (GO:0051960)	2/42	0.03090683524836144	0.26672299727855664	0	0	7.685658914728682	26.72132916997424	HES6;HES3
translesion synthesis (GO:0019985)	2/42	0.03090683524836144	0.26672299727855664	0	0	7.685658914728682	26.72132916997424	POLN;ISG15
positive regulation of cell migration (GO:0030335)	5/269	0.03217835928225502	0.26672299727855664	0	0	2.9468795093795093	10.126836872135254	HSPA5;PLAU;GLIPR2;MMP9;S100A11
DNA synthesis involved in DNA repair (GO:0000731)	2/43	0.03227795514099813	0.26672299727855664	0	0	7.497825675931178	25.74281562781207	POLN;ISG15
DNA-dependent DNA replication maintenance of fidelity (GO:0045005)	2/43	0.03227795514099813	0.26672299727855664	0	0	7.497825675931178	25.74281562781207	TIPIN;NUCKS1
pyrimidine nucleotide metabolic process (GO:0006220)	1/5	0.03232677360573918	0.26672299727855664	0	0	38.20192307692308	131.10363216765762	DCK
negative regulation of cysteine-type endopeptidase activity involved in apoptotic signaling pathway (GO:2001268)	1/5	0.03232677360573918	0.26672299727855664	0	0	38.20192307692308	131.10363216765762	MMP9
regulation of glomerular mesangial cell proliferation (GO:0072124)	1/5	0.03232677360573918	0.26672299727855664	0	0	38.20192307692308	131.10363216765762	BMP7
regulation of glycoprotein metabolic process (GO:1903018)	1/5	0.03232677360573918	0.26672299727855664	0	0	38.20192307692308	131.10363216765762	GATA1
cellular response to nicotine (GO:0071316)	1/5	0.03232677360573918	0.26672299727855664	0	0	38.20192307692308	131.10363216765762	B2M
regulation of inflammatory response to wounding (GO:0106014)	1/5	0.03232677360573918	0.26672299727855664	0	0	38.20192307692308	131.10363216765762	ALOX5
regulation of intestinal lipid absorption (GO:1904729)	1/5	0.03232677360573918	0.26672299727855664	0	0	38.20192307692308	131.10363216765762	APOA1
nucleoside triphosphate catabolic process (GO:0009143)	1/5	0.03232677360573918	0.26672299727855664	0	0	38.20192307692308	131.10363216765762	DCTPP1
DNA protection (GO:0042262)	1/5	0.03232677360573918	0.26672299727855664	0	0	38.20192307692308	131.10363216765762	DCTPP1
dopamine biosynthetic process (GO:0042416)	1/5	0.03232677360573918	0.26672299727855664	0	0	38.20192307692308	131.10363216765762	DAO
positive regulation by host of viral genome replication (GO:0044829)	1/5	0.03232677360573918	0.26672299727855664	0	0	38.20192307692308	131.10363216765762	NUCKS1
glucuronate catabolic process (GO:0006064)	1/5	0.03232677360573918	0.26672299727855664	0	0	38.20192307692308	131.10363216765762	XYLB
glucuronate catabolic process to xylulose 5-phosphate (GO:0019640)	1/5	0.03232677360573918	0.26672299727855664	0	0	38.20192307692308	131.10363216765762	XYLB
positive regulation of endothelial cell chemotaxis by VEGF-activated vascular endothelial growth factor receptor signaling pathway (GO:0038033)	1/5	0.03232677360573918	0.26672299727855664	0	0	38.20192307692308	131.10363216765762	HSPB1
ribose phosphate metabolic process (GO:0019693)	1/5	0.03232677360573918	0.26672299727855664	0	0	38.20192307692308	131.10363216765762	NUDT5
positive regulation of prostaglandin secretion (GO:0032308)	1/5	0.03232677360573918	0.26672299727855664	0	0	38.20192307692308	131.10363216765762	P2RX4
xylulose 5-phosphate biosynthetic process (GO:1901159)	1/5	0.03232677360573918	0.26672299727855664	0	0	38.20192307692308	131.10363216765762	XYLB
protein localization to membrane raft (GO:1903044)	1/5	0.03232677360573918	0.26672299727855664	0	0	38.20192307692308	131.10363216765762	CYP46A1
endoplasmic reticulum to Golgi vesicle-mediated transport (GO:0006888)	4/185	0.0335503559589594	0.26672299727855664	0	0	3.4259363988341236	11.630053035350263	HYOU1;DYNLL1;DYNLL2;ERGIC1
DNA replication (GO:0006260)	3/108	0.03409382575635206	0.26672299727855664	0	0	4.411607142857143	14.905227830613796	TIPIN;CHEK1;MCM5
positive regulation of chemotaxis (GO:0050921)	2/45	0.03509054856415484	0.26672299727855664	0	0	7.148368487470705	23.945772434655535	P2RX4;HSPB1
mitotic G2/M transition checkpoint (GO:0044818)	2/45	0.03509054856415484	0.26672299727855664	0	0	7.148368487470705	23.945772434655535	CHEK1;NABP1
zymogen activation (GO:0031638)	2/45	0.03509054856415484	0.26672299727855664	0	0	7.148368487470705	23.945772434655535	PLAU;CIDEB
regulation of cellular protein localization (GO:1903827)	2/46	0.03653130080252294	0.26672299727855664	0	0	6.985553206483439	23.119287904453852	HSP90AA1;GPC6
postreplication repair (GO:0006301)	2/46	0.03653130080252294	0.26672299727855664	0	0	6.985553206483439	23.119287904453852	POLN;ISG15
regulation of wound healing (GO:0061041)	2/47	0.03799454861406044	0.26672299727855664	0	0	6.829974160206718	22.33615046549707	PLAU;ALOX5
protein repair (GO:0030091)	1/6	0.03866659935826289	0.26672299727855664	0	0	30.56	99.4049298240761	MSRB1
negative regulation of cellular response to hypoxia (GO:1900038)	1/6	0.03866659935826289	0.26672299727855664	0	0	30.56	99.4049298240761	HYOU1
negative regulation of establishment of protein localization to mitochondrion (GO:1903748)	1/6	0.03866659935826289	0.26672299727855664	0	0	30.56	99.4049298240761	DNAJA1
cellular response to iron ion (GO:0071281)	1/6	0.03866659935826289	0.26672299727855664	0	0	30.56	99.4049298240761	B2M
cellular response to X-ray (GO:0071481)	1/6	0.03866659935826289	0.26672299727855664	0	0	30.56	99.4049298240761	NUCKS1
cholesterol import (GO:0070508)	1/6	0.03866659935826289	0.26672299727855664	0	0	30.56	99.4049298240761	APOA1
peptidyl-diphthamide biosynthetic process from peptidyl-histidine (GO:0017183)	1/6	0.03866659935826289	0.26672299727855664	0	0	30.56	99.4049298240761	DPH3
peptidyl-diphthamide metabolic process (GO:0017182)	1/6	0.03866659935826289	0.26672299727855664	0	0	30.56	99.4049298240761	DPH3
regulation of response to reactive oxygen species (GO:1901031)	1/6	0.03866659935826289	0.26672299727855664	0	0	30.56	99.4049298240761	BMP7
regulation of superoxide metabolic process (GO:0090322)	1/6	0.03866659935826289	0.26672299727855664	0	0	30.56	99.4049298240761	BMP7
regulation of very-low-density lipoprotein particle remodeling (GO:0010901)	1/6	0.03866659935826289	0.26672299727855664	0	0	30.56	99.4049298240761	APOA1
response to DNA damage checkpoint signaling (GO:0072423)	1/6	0.03866659935826289	0.26672299727855664	0	0	30.56	99.4049298240761	SMC1A
positive regulation of microglial cell migration (GO:1904141)	1/6	0.03866659935826289	0.26672299727855664	0	0	30.56	99.4049298240761	P2RX4
ISG15-protein conjugation (GO:0032020)	1/6	0.03866659935826289	0.26672299727855664	0	0	30.56	99.4049298240761	ISG15
skeletal muscle thin filament assembly (GO:0030240)	1/6	0.03866659935826289	0.26672299727855664	0	0	30.56	99.4049298240761	TCAP
leukocyte chemotaxis involved in inflammatory response (GO:0002232)	1/6	0.03866659935826289	0.26672299727855664	0	0	30.56	99.4049298240761	ALOX5
sterol import (GO:0035376)	1/6	0.03866659935826289	0.26672299727855664	0	0	30.56	99.4049298240761	APOA1
lipoxin metabolic process (GO:2001300)	1/6	0.03866659935826289	0.26672299727855664	0	0	30.56	99.4049298240761	ALOX5
striated muscle hypertrophy (GO:0014897)	1/6	0.03866659935826289	0.26672299727855664	0	0	30.56	99.4049298240761	TCAP
macromolecule biosynthetic process (GO:0009059)	1/6	0.03866659935826289	0.26672299727855664	0	0	30.56	99.4049298240761	PTH
positive regulation of T cell mediated immune response to tumor cell (GO:0002842)	1/6	0.03866659935826289	0.26672299727855664	0	0	30.56	99.4049298240761	MR1
positive regulation of tau-protein kinase activity (GO:1902949)	1/6	0.03866659935826289	0.26672299727855664	0	0	30.56	99.4049298240761	HSP90AA1
neutrophil degranulation (GO:0043312)	7/481	0.03913890487972095	0.26672299727855664	0	0	2.309871376071866	7.485457642380959	HSP90AA1;PLAU;ALOX5;DYNLL1;B2M;MMP9;S100A11
positive regulation of blood vessel endothelial cell migration (GO:0043536)	2/48	0.03947994043842379	0.26672299727855664	0	0	6.681159420289855	21.59325719109003	P2RX4;HSPB1
negative regulation of programmed cell death (GO:0043069)	6/381	0.03959028340029329	0.26672299727855664	0	0	2.495232	8.057532208776722	DNAJA1;HSPA5;HSPB1;GATA1;MMP9;HSP90B1
neutrophil activation involved in immune response (GO:0002283)	7/485	0.04062625987214667	0.26672299727855664	0	0	2.2900695100553383	7.335872699242456	HSP90AA1;PLAU;ALOX5;DYNLL1;B2M;MMP9;S100A11
regulation of interferon-beta production (GO:0032648)	2/49	0.04098712829646158	0.26672299727855664	0	0	6.538677222497114	20.887786115308213	HSP90AA1;ISG15
neutrophil mediated immunity (GO:0002446)	7/488	0.0417657668788701	0.26672299727855664	0	0	2.2754342431761785	7.226047033502391	HSP90AA1;PLAU;ALOX5;DYNLL1;B2M;MMP9;S100A11
actin polymerization or depolymerization (GO:0008154)	2/50	0.04251576774636915	0.26672299727855664	0	0	6.4021317829457365	20.217165618082923	CAPG;MSRB1
positive regulation of protein-containing complex assembly (GO:0031334)	3/118	0.04254867157147998	0.26672299727855664	0	0	4.025951086956522	12.710356928519314	HSP90AA1;ISG15;CAPG
negative regulation of protein ubiquitination (GO:0031397)	2/51	0.04406551786638812	0.26672299727855664	0	0	6.271159626641354	19.579047687257045	DNAJA1;ISG15
regulation of atrial cardiac muscle cell membrane repolarization (GO:0060372)	1/7	0.044965205761108	0.26672299727855664	0	0	25.465384615384615	78.99021819196878	NPPA
axon ensheathment in central nervous system (GO:0032291)	1/7	0.044965205761108	0.26672299727855664	0	0	25.465384615384615	78.99021819196878	PLP1
cellular response to interleukin-18 (GO:0071351)	1/7	0.044965205761108	0.26672299727855664	0	0	25.465384615384615	78.99021819196878	ALOX5
regulation of inositol phosphate biosynthetic process (GO:0010919)	1/7	0.044965205761108	0.26672299727855664	0	0	25.465384615384615	78.99021819196878	PTH
complement activation, alternative pathway (GO:0006957)	1/7	0.044965205761108	0.26672299727855664	0	0	25.465384615384615	78.99021819196878	CFB
regulation of microglial cell migration (GO:1904139)	1/7	0.044965205761108	0.26672299727855664	0	0	25.465384615384615	78.99021819196878	P2RX4
detection of muscle stretch (GO:0035995)	1/7	0.044965205761108	0.26672299727855664	0	0	25.465384615384615	78.99021819196878	TCAP
pentose metabolic process (GO:0019321)	1/7	0.044965205761108	0.26672299727855664	0	0	25.465384615384615	78.99021819196878	XYLB
pericardium morphogenesis (GO:0003344)	1/7	0.044965205761108	0.26672299727855664	0	0	25.465384615384615	78.99021819196878	BMP7
regulation of potassium ion export across plasma membrane (GO:1903764)	1/7	0.044965205761108	0.26672299727855664	0	0	25.465384615384615	78.99021819196878	NPPA
flavin-containing compound metabolic process (GO:0042726)	1/7	0.044965205761108	0.26672299727855664	0	0	25.465384615384615	78.99021819196878	ACP5
glial cell migration (GO:0008347)	1/7	0.044965205761108	0.26672299727855664	0	0	25.465384615384615	78.99021819196878	P2RX4
response to host defenses (GO:0052200)	1/7	0.044965205761108	0.26672299727855664	0	0	25.465384615384615	78.99021819196878	B2M
positive regulation of icosanoid secretion (GO:0032305)	1/7	0.044965205761108	0.26672299727855664	0	0	25.465384615384615	78.99021819196878	P2RX4
positive regulation of IRE1-mediated unfolded protein response (GO:1903896)	1/7	0.044965205761108	0.26672299727855664	0	0	25.465384615384615	78.99021819196878	AGR2
riboflavin metabolic process (GO:0006771)	1/7	0.044965205761108	0.26672299727855664	0	0	25.465384615384615	78.99021819196878	ACP5
interleukin-18-mediated signaling pathway (GO:0035655)	1/7	0.044965205761108	0.26672299727855664	0	0	25.465384615384615	78.99021819196878	ALOX5
positive regulation of podosome assembly (GO:0071803)	1/7	0.044965205761108	0.26672299727855664	0	0	25.465384615384615	78.99021819196878	CAPG
lipoxin biosynthetic process (GO:2001301)	1/7	0.044965205761108	0.26672299727855664	0	0	25.465384615384615	78.99021819196878	ALOX5
posttranslational protein targeting to membrane, translocation (GO:0031204)	1/7	0.044965205761108	0.26672299727855664	0	0	25.465384615384615	78.99021819196878	HSPA5
modulation by symbiont of host defense response (GO:0052031)	1/7	0.044965205761108	0.26672299727855664	0	0	25.465384615384615	78.99021819196878	B2M
proline metabolic process (GO:0006560)	1/7	0.044965205761108	0.26672299727855664	0	0	25.465384615384615	78.99021819196878	DAO
regulation of DNA replication (GO:0006275)	2/53	0.04722700382563352	0.26672299727855664	0	0	6.024623803009576	18.391907895894818	NUCKS1;S100A11
mitotic cell cycle phase transition (GO:0044772)	4/209	0.04877258802783783	0.26672299727855664	0	0	3.021163817937392	9.125687684109856	HSP90AA1;NASP;CCNE1;DYNLL1
regulation of megakaryocyte differentiation (GO:0045652)	2/54	0.0488380751277771	0.26672299727855664	0	0	5.908467501490757	17.839111211552154	MYL9;GATA1
regulation of phosphorylation (GO:0042325)	3/125	0.04903388173313684	0.26672299727855664	0	0	3.793609118852459	11.43865620787306	HSPB1;DYNLL1;BMP7
platelet degranulation (GO:0002576)	3/125	0.04903388173313684	0.26672299727855664	0	0	3.793609118852459	11.43865620787306	ENDOD1;APOA1;MANF
protein targeting to mitochondrion (GO:0006626)	2/55	0.05046892795335374	0.26672299727855664	0	0	5.796694456633026	17.311233370516245	HSP90AA1;HSPA4
regulation of blood vessel endothelial cell migration (GO:0043535)	2/55	0.05046892795335374	0.26672299727855664	0	0	5.796694456633026	17.311233370516245	P2RX4;HSPB1
negative regulation of protein modification by small protein conjugation or removal (GO:1903321)	2/55	0.05046892795335374	0.26672299727855664	0	0	5.796694456633026	17.311233370516245	DNAJA1;ISG15
interstrand cross-link repair (GO:0036297)	2/55	0.05046892795335374	0.26672299727855664	0	0	5.796694456633026	17.311233370516245	POLN;NUCKS1
negative regulation of inflammatory response (GO:0050728)	4/212	0.05090389932161039	0.26672299727855664	0	0	2.9771350696547545	8.865359702863373	PTH;ALOX5;APOA1;RXFP2
protein localization to presynapse (GO:1905383)	1/8	0.05122285833690137	0.26672299727855664	0	0	21.826373626373627	64.85858386485305	HSPB1
anterograde axonal protein transport (GO:0099641)	1/8	0.05122285833690137	0.26672299727855664	0	0	21.826373626373627	64.85858386485305	HSPB1
antigen processing and presentation of endogenous peptide antigen via MHC class I (GO:0019885)	1/8	0.05122285833690137	0.26672299727855664	0	0	21.826373626373627	64.85858386485305	B2M
antigen processing and presentation of exogenous peptide antigen via MHC class I, TAP-independent (GO:0002480)	1/8	0.05122285833690137	0.26672299727855664	0	0	21.826373626373627	64.85858386485305	B2M
axo-dendritic protein transport (GO:0099640)	1/8	0.05122285833690137	0.26672299727855664	0	0	21.826373626373627	64.85858386485305	HSPB1
regulation of Cdc42 protein signal transduction (GO:0032489)	1/8	0.05122285833690137	0.26672299727855664	0	0	21.826373626373627	64.85858386485305	APOA1
cardiac muscle hypertrophy (GO:0003300)	1/8	0.05122285833690137	0.26672299727855664	0	0	21.826373626373627	64.85858386485305	TCAP
negative regulation of muscle cell apoptotic process (GO:0010656)	1/8	0.05122285833690137	0.26672299727855664	0	0	21.826373626373627	64.85858386485305	BMP7
regulation of cytoplasmic translational elongation (GO:1900247)	1/8	0.05122285833690137	0.26672299727855664	0	0	21.826373626373627	64.85858386485305	DPH3
negative regulation of phospholipase activity (GO:0010519)	1/8	0.05122285833690137	0.26672299727855664	0	0	21.826373626373627	64.85858386485305	RGS2
regulation of establishment of protein localization to mitochondrion (GO:1903747)	1/8	0.05122285833690137	0.26672299727855664	0	0	21.826373626373627	64.85858386485305	DNAJA1
negative regulation of striated muscle cell apoptotic process (GO:0010664)	1/8	0.05122285833690137	0.26672299727855664	0	0	21.826373626373627	64.85858386485305	BMP7
regulation of intestinal cholesterol absorption (GO:0030300)	1/8	0.05122285833690137	0.26672299727855664	0	0	21.826373626373627	64.85858386485305	APOA1
depyrimidination (GO:0045008)	1/8	0.05122285833690137	0.26672299727855664	0	0	21.826373626373627	64.85858386485305	UNG
DNA damage induced protein phosphorylation (GO:0006975)	1/8	0.05122285833690137	0.26672299727855664	0	0	21.826373626373627	64.85858386485305	CHEK1
regulation of stem cell division (GO:2000035)	1/8	0.05122285833690137	0.26672299727855664	0	0	21.826373626373627	64.85858386485305	CDK2AP2
positive regulation of cell migration by vascular endothelial growth factor signaling pathway (GO:0038089)	1/8	0.05122285833690137	0.26672299727855664	0	0	21.826373626373627	64.85858386485305	HSPB1
regulation of vascular wound healing (GO:0061043)	1/8	0.05122285833690137	0.26672299727855664	0	0	21.826373626373627	64.85858386485305	ALOX5
replication fork protection (GO:0048478)	1/8	0.05122285833690137	0.26672299727855664	0	0	21.826373626373627	64.85858386485305	TIPIN
positive regulation of glial cell migration (GO:1903977)	1/8	0.05122285833690137	0.26672299727855664	0	0	21.826373626373627	64.85858386485305	P2RX4
histidine catabolic process (GO:0006548)	1/8	0.05122285833690137	0.26672299727855664	0	0	21.826373626373627	64.85858386485305	AMDHD1
histidine metabolic process (GO:0006547)	1/8	0.05122285833690137	0.26672299727855664	0	0	21.826373626373627	64.85858386485305	AMDHD1
positive regulation of lipoprotein lipase activity (GO:0051006)	1/8	0.05122285833690137	0.26672299727855664	0	0	21.826373626373627	64.85858386485305	APOA1
skeletal myofibril assembly (GO:0014866)	1/8	0.05122285833690137	0.26672299727855664	0	0	21.826373626373627	64.85858386485305	TCAP
leukocyte aggregation (GO:0070486)	1/8	0.05122285833690137	0.26672299727855664	0	0	21.826373626373627	64.85858386485305	BMP7
positive regulation of triglyceride catabolic process (GO:0010898)	1/8	0.05122285833690137	0.26672299727855664	0	0	21.826373626373627	64.85858386485305	APOA1
pre-replicative complex assembly involved in nuclear cell cycle DNA replication (GO:0006267)	1/8	0.05122285833690137	0.26672299727855664	0	0	21.826373626373627	64.85858386485305	MCM5
mitochondrial transport (GO:0006839)	2/56	0.05211923851701966	0.26672299727855664	0	0	5.689061154177433	16.806744711469648	HSP90AA1;TMEM14C
positive regulation of cellular process (GO:0048522)	8/625	0.05338469052446842	0.26672299727855664	0	0	2.029436955633738	5.94671962468304	TIPIN;CNOT7;P2RX4;EGR4;CHEK1;CIDEB;APOA1;PRL
negative regulation of DNA recombination (GO:0045910)	2/57	0.05378868634510218	0.26672299727855664	0	0	5.5853417899929525	16.324234464553616	H1-6;POLR2H
regulation of mitotic nuclear division (GO:0007088)	2/57	0.05378868634510218	0.26672299727855664	0	0	5.5853417899929525	16.324234464553616	CHEK1;BMP7
nucleosome assembly (GO:0006334)	2/58	0.05547695427659432	0.26672299727855664	0	0	5.485326688815061	15.862399605903178	NASP;H2BC1
positive regulation of mitochondrion organization (GO:0010822)	2/58	0.05547695427659432	0.26672299727855664	0	0	5.485326688815061	15.862399605903178	CIDEB;MMP9
positive regulation of protein binding (GO:0032092)	2/58	0.05547695427659432	0.26672299727855664	0	0	5.485326688815061	15.862399605903178	B2M;MMP9
cellular macromolecule biosynthetic process (GO:0034645)	5/314	0.05584171973398964	0.26672299727855664	0	0	2.5119432886423176	7.247544241427448	TIPIN;PTH;CHEK1;MCM5;POLR2H
selective autophagy (GO:0061912)	2/59	0.05718372844200178	0.26672299727855664	0	0	5.388820889432885	15.420034932718025	DYNLL1;DYNLL2
mitotic DNA damage checkpoint signaling (GO:0044773)	2/59	0.05718372844200178	0.26672299727855664	0	0	5.388820889432885	15.420034932718025	TIPIN;CHEK1
adult heart development (GO:0007512)	1/9	0.05743982106231268	0.26672299727855664	0	0	19.097115384615385	54.560792270090865	TCAP
regulation of cell adhesion molecule production (GO:0060353)	1/9	0.05743982106231268	0.26672299727855664	0	0	19.097115384615385	54.560792270090865	APOA1
negative regulation of lipase activity (GO:0060192)	1/9	0.05743982106231268	0.26672299727855664	0	0	19.097115384615385	54.560792270090865	RGS2
negative regulation of production of molecular mediator of immune response (GO:0002701)	1/9	0.05743982106231268	0.26672299727855664	0	0	19.097115384615385	54.560792270090865	APOA1
regulation of glucan biosynthetic process (GO:0010962)	1/9	0.05743982106231268	0.26672299727855664	0	0	19.097115384615385	54.560792270090865	PPP1R3B
negative regulation of systemic arterial blood pressure (GO:0003085)	1/9	0.05743982106231268	0.26672299727855664	0	0	19.097115384615385	54.560792270090865	NPPA
cholesterol catabolic process (GO:0006707)	1/9	0.05743982106231268	0.26672299727855664	0	0	19.097115384615385	54.560792270090865	CYP46A1
chylomicron remodeling (GO:0034371)	1/9	0.05743982106231268	0.26672299727855664	0	0	19.097115384615385	54.560792270090865	APOA1
nucleoside diphosphate catabolic process (GO:0009134)	1/9	0.05743982106231268	0.26672299727855664	0	0	19.097115384615385	54.560792270090865	NUDT5
regulation of mitotic centrosome separation (GO:0046602)	1/9	0.05743982106231268	0.26672299727855664	0	0	19.097115384615385	54.560792270090865	CHEK1
regulation of nuclear cell cycle DNA replication (GO:0033262)	1/9	0.05743982106231268	0.26672299727855664	0	0	19.097115384615385	54.560792270090865	TIPIN
pericardium development (GO:0060039)	1/9	0.05743982106231268	0.26672299727855664	0	0	19.097115384615385	54.560792270090865	BMP7
plasminogen activation (GO:0031639)	1/9	0.05743982106231268	0.26672299727855664	0	0	19.097115384615385	54.560792270090865	PLAU
positive regulation of cholesterol esterification (GO:0010873)	1/9	0.05743982106231268	0.26672299727855664	0	0	19.097115384615385	54.560792270090865	APOA1
hepoxilin biosynthetic process (GO:0051122)	1/9	0.05743982106231268	0.26672299727855664	0	0	19.097115384615385	54.560792270090865	ALOX5
hepoxilin metabolic process (GO:0051121)	1/9	0.05743982106231268	0.26672299727855664	0	0	19.097115384615385	54.560792270090865	ALOX5
positive regulation of inositol phosphate biosynthetic process (GO:0060732)	1/9	0.05743982106231268	0.26672299727855664	0	0	19.097115384615385	54.560792270090865	PTH
response to type I interferon (GO:0034340)	1/9	0.05743982106231268	0.26672299727855664	0	0	19.097115384615385	54.560792270090865	ISG15
sterol catabolic process (GO:0016127)	1/9	0.05743982106231268	0.26672299727855664	0	0	19.097115384615385	54.560792270090865	CYP46A1
lipoprotein metabolic process (GO:0042157)	1/9	0.05743982106231268	0.26672299727855664	0	0	19.097115384615385	54.560792270090865	APOA1
positive regulation of triglyceride lipase activity (GO:0061365)	1/9	0.05743982106231268	0.26672299727855664	0	0	19.097115384615385	54.560792270090865	APOA1
very-low-density lipoprotein particle remodeling (GO:0034372)	1/9	0.05743982106231268	0.26672299727855664	0	0	19.097115384615385	54.560792270090865	APOA1
progesterone metabolic process (GO:0042448)	1/9	0.05743982106231268	0.26672299727855664	0	0	19.097115384615385	54.560792270090865	CYP46A1
protein hexamerization (GO:0034214)	1/9	0.05743982106231268	0.26672299727855664	0	0	19.097115384615385	54.560792270090865	MAT2A
negative regulation of response to stimulus (GO:0048585)	2/61	0.06065155614565862	0.26672299727855664	0	0	5.205623439758245	14.589332236245616	ALOX5;APOA1
receptor guanylyl cyclase signaling pathway (GO:0007168)	1/10	0.06361635628304867	0.26672299727855664	0	0	16.974358974358974	46.76240127804881	NPPA
negative regulation of establishment of protein localization (GO:1904950)	1/10	0.06361635628304867	0.26672299727855664	0	0	16.974358974358974	46.76240127804881	DNAJA1
negative regulation of heterotypic cell-cell adhesion (GO:0034115)	1/10	0.06361635628304867	0.26672299727855664	0	0	16.974358974358974	46.76240127804881	APOA1
negative regulation of inclusion body assembly (GO:0090084)	1/10	0.06361635628304867	0.26672299727855664	0	0	16.974358974358974	46.76240127804881	HSPA2
regulation of cell-cell adhesion involved in gastrulation (GO:0070587)	1/10	0.06361635628304867	0.26672299727855664	0	0	16.974358974358974	46.76240127804881	APOA1
regulation of endoplasmic reticulum unfolded protein response (GO:1900101)	1/10	0.06361635628304867	0.26672299727855664	0	0	16.974358974358974	46.76240127804881	HSPA5
negative regulation of receptor binding (GO:1900121)	1/10	0.06361635628304867	0.26672299727855664	0	0	16.974358974358974	46.76240127804881	B2M
regulation of glycoprotein biosynthetic process (GO:0010559)	1/10	0.06361635628304867	0.26672299727855664	0	0	16.974358974358974	46.76240127804881	GATA1
regulation of high voltage-gated calcium channel activity (GO:1901841)	1/10	0.06361635628304867	0.26672299727855664	0	0	16.974358974358974	46.76240127804881	NPPA
cGMP biosynthetic process (GO:0006182)	1/10	0.06361635628304867	0.26672299727855664	0	0	16.974358974358974	46.76240127804881	NPPA
chylomicron assembly (GO:0034378)	1/10	0.06361635628304867	0.26672299727855664	0	0	16.974358974358974	46.76240127804881	APOA1
peptidyl-amino acid modification (GO:0018193)	1/10	0.06361635628304867	0.26672299727855664	0	0	16.974358974358974	46.76240127804881	APOA1
DNA replication-dependent nucleosome assembly (GO:0006335)	1/10	0.06361635628304867	0.26672299727855664	0	0	16.974358974358974	46.76240127804881	NASP
DNA replication-dependent nucleosome organization (GO:0034723)	1/10	0.06361635628304867	0.26672299727855664	0	0	16.974358974358974	46.76240127804881	NASP
regulation of podosome assembly (GO:0071801)	1/10	0.06361635628304867	0.26672299727855664	0	0	16.974358974358974	46.76240127804881	CAPG
regulation of tau-protein kinase activity (GO:1902947)	1/10	0.06361635628304867	0.26672299727855664	0	0	16.974358974358974	46.76240127804881	HSP90AA1
positive regulation of keratinocyte migration (GO:0051549)	1/10	0.06361635628304867	0.26672299727855664	0	0	16.974358974358974	46.76240127804881	MMP9
serine family amino acid catabolic process (GO:0009071)	1/10	0.06361635628304867	0.26672299727855664	0	0	16.974358974358974	46.76240127804881	DAO
modification-dependent macromolecule catabolic process (GO:0043632)	1/10	0.06361635628304867	0.26672299727855664	0	0	16.974358974358974	46.76240127804881	ISG15
modulation by symbiont of host process (GO:0044003)	1/10	0.06361635628304867	0.26672299727855664	0	0	16.974358974358974	46.76240127804881	B2M
morphogenesis of an epithelial sheet (GO:0002011)	1/10	0.06361635628304867	0.26672299727855664	0	0	16.974358974358974	46.76240127804881	BMP7
anterior/posterior pattern specification (GO:0009952)	2/63	0.06418972283713609	0.26672299727855664	0	0	5.0344389376032534	13.824127105189064	HES6;HES3
cell cycle G1/S phase transition (GO:0044843)	2/63	0.06418972283713609	0.26672299727855664	0	0	5.0344389376032534	13.824127105189064	NASP;CCNE1
neuropeptide signaling pathway (GO:0007218)	2/63	0.06418972283713609	0.26672299727855664	0	0	5.0344389376032534	13.824127105189064	NPPA;KISS1R
positive regulation of viral process (GO:0048524)	2/63	0.06418972283713609	0.26672299727855664	0	0	5.0344389376032534	13.824127105189064	CNOT7;POLR2H
monocarboxylic acid biosynthetic process (GO:0072330)	2/63	0.06418972283713609	0.26672299727855664	0	0	5.0344389376032534	13.824127105189064	ALOX5;CYP46A1
positive regulation of cellular catabolic process (GO:0031331)	3/141	0.06554195299948677	0.26672299727855664	0	0	3.3510529891304346	9.131836669503109	HSP90AA1;CNOT7;APOA1
negative regulation of cell cycle process (GO:0010948)	2/64	0.06598443261380274	0.26672299727855664	0	0	4.952988247061765	13.463888410474985	CHEK1;BMP7
chromatin organization (GO:0006325)	3/142	0.06664882867479287	0.26672299727855664	0	0	3.3267760791366907	9.009966894307372	NUCKS1;NUDT5;SAFB
negative regulation of DNA-binding transcription factor activity (GO:0043433)	3/143	0.06776428031374217	0.26672299727855664	0	0	3.3028459821428573	8.890336791481847	HES6;PRMT2;BMP7
negative regulation of G2/M transition of mitotic cell cycle (GO:0010972)	2/66	0.06962363089243005	0.26672299727855664	0	0	4.797722868217054	12.784258213722426	CHEK1;NABP1
cellular component disassembly (GO:0022411)	2/66	0.06962363089243005	0.26672299727855664	0	0	4.797722868217054	12.784258213722426	CAPG;MMP9
extracellular matrix disassembly (GO:0022617)	2/66	0.06962363089243005	0.26672299727855664	0	0	4.797722868217054	12.784258213722426	CAPG;MMP9
protein oxidation (GO:0018158)	1/11	0.0697527247352707	0.26672299727855664	0	0	15.276153846153846	40.677324049781355	APOA1
alcohol catabolic process (GO:0046164)	1/11	0.0697527247352707	0.26672299727855664	0	0	15.276153846153846	40.677324049781355	CYP46A1
pyrimidine nucleoside salvage (GO:0043097)	1/11	0.0697527247352707	0.26672299727855664	0	0	15.276153846153846	40.677324049781355	DCK
pyrimidine-containing compound salvage (GO:0008655)	1/11	0.0697527247352707	0.26672299727855664	0	0	15.276153846153846	40.677324049781355	DCK
regulation of biosynthetic process (GO:0009889)	1/11	0.0697527247352707	0.26672299727855664	0	0	15.276153846153846	40.677324049781355	ALOX5
regulation of calcium ion transmembrane transport via high voltage-gated calcium channel (GO:1902514)	1/11	0.0697527247352707	0.26672299727855664	0	0	15.276153846153846	40.677324049781355	NPPA
regulation of cysteine-type endopeptidase activity involved in apoptotic signaling pathway (GO:2001267)	1/11	0.0697527247352707	0.26672299727855664	0	0	15.276153846153846	40.677324049781355	MMP9
negative regulation of response to cytokine stimulus (GO:0060761)	1/11	0.0697527247352707	0.26672299727855664	0	0	15.276153846153846	40.677324049781355	APOA1
negative regulation of sprouting angiogenesis (GO:1903671)	1/11	0.0697527247352707	0.26672299727855664	0	0	15.276153846153846	40.677324049781355	ALOX5
regulation of histone H3-K9 acetylation (GO:2000615)	1/11	0.0697527247352707	0.26672299727855664	0	0	15.276153846153846	40.677324049781355	CHEK1
cellular response to UV-A (GO:0071492)	1/11	0.0697527247352707	0.26672299727855664	0	0	15.276153846153846	40.677324049781355	MMP9
regulation of inclusion body assembly (GO:0090083)	1/11	0.0697527247352707	0.26672299727855664	0	0	15.276153846153846	40.677324049781355	HSPA2
central nervous system myelination (GO:0022010)	1/11	0.0697527247352707	0.26672299727855664	0	0	15.276153846153846	40.677324049781355	PLP1
chromatin-mediated maintenance of transcription (GO:0048096)	1/11	0.0697527247352707	0.26672299727855664	0	0	15.276153846153846	40.677324049781355	CHEK1
nuclear DNA replication (GO:0033260)	1/11	0.0697527247352707	0.26672299727855664	0	0	15.276153846153846	40.677324049781355	MCM5
PERK-mediated unfolded protein response (GO:0036499)	1/11	0.0697527247352707	0.26672299727855664	0	0	15.276153846153846	40.677324049781355	HSPA5
regulation of phospholipase activity (GO:0010517)	1/11	0.0697527247352707	0.26672299727855664	0	0	15.276153846153846	40.677324049781355	RGS2
positive regulation by host of viral process (GO:0044794)	1/11	0.0697527247352707	0.26672299727855664	0	0	15.276153846153846	40.677324049781355	NUCKS1
positive regulation of alcohol biosynthetic process (GO:1902932)	1/11	0.0697527247352707	0.26672299727855664	0	0	15.276153846153846	40.677324049781355	PTH
erythrocyte development (GO:0048821)	1/11	0.0697527247352707	0.26672299727855664	0	0	15.276153846153846	40.677324049781355	GATA1
positive regulation of dendrite development (GO:1900006)	1/11	0.0697527247352707	0.26672299727855664	0	0	15.276153846153846	40.677324049781355	BMP7
intestinal lipid absorption (GO:0098856)	1/11	0.0697527247352707	0.26672299727855664	0	0	15.276153846153846	40.677324049781355	FABP2
positive regulation of phospholipid transport (GO:2001140)	1/11	0.0697527247352707	0.26672299727855664	0	0	15.276153846153846	40.677324049781355	APOA1
tetrahydrobiopterin metabolic process (GO:0046146)	1/11	0.0697527247352707	0.26672299727855664	0	0	15.276153846153846	40.677324049781355	HSP90AA1
mesonephros development (GO:0001823)	1/11	0.0697527247352707	0.26672299727855664	0	0	15.276153846153846	40.677324049781355	BMP7
positive regulation of transcription from RNA polymerase II promoter in response to endoplasmic reticulum stress (GO:1990440)	1/11	0.0697527247352707	0.26672299727855664	0	0	15.276153846153846	40.677324049781355	HSPA5
positive regulation of voltage-gated potassium channel activity (GO:1903818)	1/11	0.0697527247352707	0.26672299727855664	0	0	15.276153846153846	40.677324049781355	NPPA
regulation of epidermal growth factor receptor signaling pathway (GO:0042058)	2/67	0.07146753897988421	0.26672299727855664	0	0	4.723673225998807	12.463468172750613	AGR2;MMP9
regulation of viral genome replication (GO:0045069)	2/67	0.07146753897988421	0.26672299727855664	0	0	4.723673225998807	12.463468172750613	CNOT7;ISG15
vascular endothelial growth factor receptor signaling pathway (GO:0048010)	2/67	0.07146753897988421	0.26672299727855664	0	0	4.723673225998807	12.463468172750613	HSP90AA1;HSPB1
regulation of myeloid cell differentiation (GO:0045637)	2/68	0.0733272711525333	0.26672299727855664	0	0	4.651867512332629	12.154504990895887	MYL9;GATA1
cellular response to decreased oxygen levels (GO:0036294)	2/69	0.07520254475472479	0.26672299727855664	0	0	4.582205252805739	11.856777802654412	HYOU1;BMP7
pyrimidine-containing compound metabolic process (GO:0072527)	1/12	0.07584918549137858	0.26672299727855664	0	0	13.886713286713286	35.81394898804782	DCK
angiotensin maturation (GO:0002003)	1/12	0.07584918549137858	0.26672299727855664	0	0	13.886713286713286	35.81394898804782	REN
regulation of angiotensin levels in blood (GO:0002002)	1/12	0.07584918549137858	0.26672299727855664	0	0	13.886713286713286	35.81394898804782	REN
regulation of cholesterol esterification (GO:0010872)	1/12	0.07584918549137858	0.26672299727855664	0	0	13.886713286713286	35.81394898804782	APOA1
catecholamine biosynthetic process (GO:0042423)	1/12	0.07584918549137858	0.26672299727855664	0	0	13.886713286713286	35.81394898804782	DAO
cell cycle checkpoint signaling (GO:0000075)	1/12	0.07584918549137858	0.26672299727855664	0	0	13.886713286713286	35.81394898804782	NABP1
regulation of DNA-dependent DNA replication (GO:0090329)	1/12	0.07584918549137858	0.26672299727855664	0	0	13.886713286713286	35.81394898804782	TIPIN
regulation of glycogen metabolic process (GO:0070873)	1/12	0.07584918549137858	0.26672299727855664	0	0	13.886713286713286	35.81394898804782	PPP1R3B
cellular response to thyroid hormone stimulus (GO:0097067)	1/12	0.07584918549137858	0.26672299727855664	0	0	13.886713286713286	35.81394898804782	GATA1
cGMP metabolic process (GO:0046068)	1/12	0.07584918549137858	0.26672299727855664	0	0	13.886713286713286	35.81394898804782	NPPA
regulation of keratinocyte migration (GO:0051547)	1/12	0.07584918549137858	0.26672299727855664	0	0	13.886713286713286	35.81394898804782	MMP9
nucleoside salvage (GO:0043174)	1/12	0.07584918549137858	0.26672299727855664	0	0	13.886713286713286	35.81394898804782	DCK
regulation of muscle system process (GO:0090257)	1/12	0.07584918549137858	0.26672299727855664	0	0	13.886713286713286	35.81394898804782	MYL9
peptidyl-methionine modification (GO:0018206)	1/12	0.07584918549137858	0.26672299727855664	0	0	13.886713286713286	35.81394898804782	APOA1
double-strand break repair via break-induced replication (GO:0000727)	1/12	0.07584918549137858	0.26672299727855664	0	0	13.886713286713286	35.81394898804782	MCM5
phospholipid efflux (GO:0033700)	1/12	0.07584918549137858	0.26672299727855664	0	0	13.886713286713286	35.81394898804782	APOA1
phospholipid homeostasis (GO:0055091)	1/12	0.07584918549137858	0.26672299727855664	0	0	13.886713286713286	35.81394898804782	APOA1
regulation of response to oxidative stress (GO:1902882)	1/12	0.07584918549137858	0.26672299727855664	0	0	13.886713286713286	35.81394898804782	ALOX5
positive regulation of cellular senescence (GO:2000774)	1/12	0.07584918549137858	0.26672299727855664	0	0	13.886713286713286	35.81394898804782	B2M
regulation of triglyceride catabolic process (GO:0010896)	1/12	0.07584918549137858	0.26672299727855664	0	0	13.886713286713286	35.81394898804782	APOA1
positive regulation of endoplasmic reticulum unfolded protein response (GO:1900103)	1/12	0.07584918549137858	0.26672299727855664	0	0	13.886713286713286	35.81394898804782	AGR2
replicative senescence (GO:0090399)	1/12	0.07584918549137858	0.26672299727855664	0	0	13.886713286713286	35.81394898804782	CHEK1
maintenance of protein localization in endoplasmic reticulum (GO:0035437)	1/12	0.07584918549137858	0.26672299727855664	0	0	13.886713286713286	35.81394898804782	HSPA5
megakaryocyte differentiation (GO:0030219)	1/12	0.07584918549137858	0.26672299727855664	0	0	13.886713286713286	35.81394898804782	GATA1
posttranslational protein targeting to endoplasmic reticulum membrane (GO:0006620)	1/12	0.07584918549137858	0.26672299727855664	0	0	13.886713286713286	35.81394898804782	HSPA5
defense response to Gram-positive bacterium (GO:0050830)	2/70	0.07709308009174126	0.26672299727855664	0	0	4.514591883264934	11.569733125204282	GBP6;MR1
positive regulation of cell-substrate adhesion (GO:0010811)	2/70	0.07709308009174126	0.26672299727855664	0	0	4.514591883264934	11.569733125204282	AGR2;APOA1
kidney development (GO:0001822)	2/70	0.07709308009174126	0.26672299727855664	0	0	4.514591883264934	11.569733125204282	REN;BMP7
snRNA transcription by RNA polymerase II (GO:0042795)	2/70	0.07709308009174126	0.26672299727855664	0	0	4.514591883264934	11.569733125204282	NABP1;POLR2H
sterol metabolic process (GO:0016125)	2/70	0.07709308009174126	0.26672299727855664	0	0	4.514591883264934	11.569733125204282	APOA1;CYP46A1
regulation of G1/S transition of mitotic cell cycle (GO:2000045)	2/71	0.07899860044153495	0.26672299727855664	0	0	4.448938321536906	11.292851999442588	PRMT2;CDK2AP2
snRNA transcription (GO:0009301)	2/71	0.07899860044153495	0.26672299727855664	0	0	4.448938321536906	11.292851999442588	NABP1;POLR2H
cellular response to DNA damage stimulus (GO:0006974)	5/350	0.08046515604502068	0.26672299727855664	0	0	2.245686680469289	5.6589755552133925	CHEK1;CIDEB;NABP1;SMC1A;UNG
supramolecular fiber organization (GO:0097435)	5/351	0.08122068222560408	0.26672299727855664	0	0	2.239081567116249	5.621405395609051	NPPA;SERPINH1;APOA1;PRL;B2M
pteridine-containing compound metabolic process (GO:0042558)	1/13	0.0819059960266386	0.26672299727855664	0	0	12.728846153846154	31.849903464460027	HSP90AA1
purine-containing compound salvage (GO:0043101)	1/13	0.0819059960266386	0.26672299727855664	0	0	12.728846153846154	31.849903464460027	DCK
negative regulation of chromatin organization (GO:1905268)	1/13	0.0819059960266386	0.26672299727855664	0	0	12.728846153846154	31.849903464460027	H1-6
negative regulation of chromatin silencing (GO:0031936)	1/13	0.0819059960266386	0.26672299727855664	0	0	12.728846153846154	31.849903464460027	H1-6
negative regulation of DNA-dependent DNA replication (GO:2000104)	1/13	0.0819059960266386	0.26672299727855664	0	0	12.728846153846154	31.849903464460027	TIPIN
negative regulation of gene silencing (GO:0060969)	1/13	0.0819059960266386	0.26672299727855664	0	0	12.728846153846154	31.849903464460027	H1-6
cardiac cell development (GO:0055006)	1/13	0.0819059960266386	0.26672299727855664	0	0	12.728846153846154	31.849903464460027	TCAP
central nervous system neuron axonogenesis (GO:0021955)	1/13	0.0819059960266386	0.26672299727855664	0	0	12.728846153846154	31.849903464460027	HSP90AA1
chromatin organization involved in regulation of transcription (GO:0034401)	1/13	0.0819059960266386	0.26672299727855664	0	0	12.728846153846154	31.849903464460027	CHEK1
regulation of mRNA metabolic process (GO:1903311)	1/13	0.0819059960266386	0.26672299727855664	0	0	12.728846153846154	31.849903464460027	SAFB
DNA replication-independent nucleosome organization (GO:0034724)	1/13	0.0819059960266386	0.26672299727855664	0	0	12.728846153846154	31.849903464460027	NASP
positive regulation of calcium-mediated signaling (GO:0050850)	1/13	0.0819059960266386	0.26672299727855664	0	0	12.728846153846154	31.849903464460027	P2RX4
positive regulation of cell aging (GO:0090343)	1/13	0.0819059960266386	0.26672299727855664	0	0	12.728846153846154	31.849903464460027	B2M
positive regulation of cellular carbohydrate metabolic process (GO:0010676)	1/13	0.0819059960266386	0.26672299727855664	0	0	12.728846153846154	31.849903464460027	PTH
positive regulation of fatty acid biosynthetic process (GO:0045723)	1/13	0.0819059960266386	0.26672299727855664	0	0	12.728846153846154	31.849903464460027	APOA1
high-density lipoprotein particle assembly (GO:0034380)	1/13	0.0819059960266386	0.26672299727855664	0	0	12.728846153846154	31.849903464460027	APOA1
response to iron ion (GO:0010039)	1/13	0.0819059960266386	0.26672299727855664	0	0	12.728846153846154	31.849903464460027	B2M
response to thyroid hormone (GO:0097066)	1/13	0.0819059960266386	0.26672299727855664	0	0	12.728846153846154	31.849903464460027	GATA1
positive regulation of mRNA metabolic process (GO:1903313)	1/13	0.0819059960266386	0.26672299727855664	0	0	12.728846153846154	31.849903464460027	CNOT7
positive regulation of nuclear-transcribed mRNA poly(A) tail shortening (GO:0060213)	1/13	0.0819059960266386	0.26672299727855664	0	0	12.728846153846154	31.849903464460027	CNOT7
lipid oxidation (GO:0034440)	1/13	0.0819059960266386	0.26672299727855664	0	0	12.728846153846154	31.849903464460027	ALOX5
positive regulation of steroid metabolic process (GO:0045940)	1/13	0.0819059960266386	0.26672299727855664	0	0	12.728846153846154	31.849903464460027	APOA1
triglyceride-rich lipoprotein particle remodeling (GO:0034370)	1/13	0.0819059960266386	0.26672299727855664	0	0	12.728846153846154	31.849903464460027	APOA1
chromatin assembly (GO:0031497)	2/73	0.08285350374808254	0.26672299727855664	0	0	4.3231793863958945	10.76766181968016	H1-6;H2BC1
mitotic spindle organization (GO:0007052)	3/157	0.08425436975346672	0.26672299727855664	0	0	3.000456574675325	7.422874060621036	DYNLL1;SMC1A;DYNLL2
fibroblast growth factor receptor signaling pathway (GO:0008543)	2/75	0.08676509873259489	0.26672299727855664	0	0	4.2043113518105555	10.277652789970434	FIBP;POLR2H
integrin-mediated signaling pathway (GO:0007229)	2/75	0.08676509873259489	0.26672299727855664	0	0	4.2043113518105555	10.277652789970434	APOA1;ISG15
activation of cysteine-type endopeptidase activity (GO:0097202)	1/14	0.08792341216396707	0.26672299727855664	0	0	11.749112426035502	28.565489678311135	CIDEB
pyrimidine nucleoside biosynthetic process (GO:0046134)	1/14	0.08792341216396707	0.26672299727855664	0	0	11.749112426035502	28.565489678311135	DCK
antigen processing and presentation of endogenous peptide antigen (GO:0002483)	1/14	0.08792341216396707	0.26672299727855664	0	0	11.749112426035502	28.565489678311135	B2M
cAMP metabolic process (GO:0046058)	1/14	0.08792341216396707	0.26672299727855664	0	0	11.749112426035502	28.565489678311135	PTH
regulation of histone methylation (GO:0031060)	1/14	0.08792341216396707	0.26672299727855664	0	0	11.749112426035502	28.565489678311135	TTLL12
cGMP-mediated signaling (GO:0019934)	1/14	0.08792341216396707	0.26672299727855664	0	0	11.749112426035502	28.565489678311135	NPPA
nucleoside phosphate catabolic process (GO:1901292)	1/14	0.08792341216396707	0.26672299727855664	0	0	11.749112426035502	28.565489678311135	DCTPP1
nucleoside triphosphate metabolic process (GO:0009141)	1/14	0.08792341216396707	0.26672299727855664	0	0	11.749112426035502	28.565489678311135	DCTPP1
defense response to protozoan (GO:0042832)	1/14	0.08792341216396707	0.26672299727855664	0	0	11.749112426035502	28.565489678311135	GBP6
positive regulation of brown fat cell differentiation (GO:0090336)	1/14	0.08792341216396707	0.26672299727855664	0	0	11.749112426035502	28.565489678311135	BMP7
growth hormone receptor signaling pathway via JAK-STAT (GO:0060397)	1/14	0.08792341216396707	0.26672299727855664	0	0	11.749112426035502	28.565489678311135	PRL
positive regulation of glycogen biosynthetic process (GO:0045725)	1/14	0.08792341216396707	0.26672299727855664	0	0	11.749112426035502	28.565489678311135	PTH
response to UV-A (GO:0070141)	1/14	0.08792341216396707	0.26672299727855664	0	0	11.749112426035502	28.565489678311135	MMP9
response to X-ray (GO:0010165)	1/14	0.08792341216396707	0.26672299727855664	0	0	11.749112426035502	28.565489678311135	NUCKS1
intestinal absorption (GO:0050892)	1/14	0.08792341216396707	0.26672299727855664	0	0	11.749112426035502	28.565489678311135	FABP2
sulfate transport (GO:0008272)	1/14	0.08792341216396707	0.26672299727855664	0	0	11.749112426035502	28.565489678311135	SLC13A1
synaptic membrane adhesion (GO:0099560)	1/14	0.08792341216396707	0.26672299727855664	0	0	11.749112426035502	28.565489678311135	GPC6
T cell differentiation in thymus (GO:0033077)	1/14	0.08792341216396707	0.26672299727855664	0	0	11.749112426035502	28.565489678311135	MR1
tRNA wobble base modification (GO:0002097)	1/14	0.08792341216396707	0.26672299727855664	0	0	11.749112426035502	28.565489678311135	DPH3
tRNA wobble uridine modification (GO:0002098)	1/14	0.08792341216396707	0.26672299727855664	0	0	11.749112426035502	28.565489678311135	DPH3
ncRNA transcription (GO:0098781)	1/14	0.08792341216396707	0.26672299727855664	0	0	11.749112426035502	28.565489678311135	GTF3A
regulation of epithelial to mesenchymal transition (GO:0010717)	2/76	0.0887414943260991	0.26672299727855664	0	0	4.147286821705427	10.044843536296463	GLIPR2;ZNF750
chloride transport (GO:0006821)	2/76	0.0887414943260991	0.26672299727855664	0	0	4.147286821705427	10.044843536296463	CLIC4;ANO9
purine ribonucleotide metabolic process (GO:0009150)	2/77	0.09073127492468112	0.26672299727855664	0	0	4.091782945736434	9.819678248913744	PTH;ACSL6
cellular response to UV (GO:0034644)	2/77	0.09073127492468112	0.26672299727855664	0	0	4.091782945736434	9.819678248913744	CHEK1;MMP9
cholesterol metabolic process (GO:0008203)	2/77	0.09073127492468112	0.26672299727855664	0	0	4.091782945736434	9.819678248913744	APOA1;CYP46A1
negative regulation of blood vessel morphogenesis (GO:2000181)	2/78	0.0927341836815326	0.26672299727855664	0	0	4.037739698082415	9.601818159344294	ALOX5;PRL
negative regulation of protein serine/threonine kinase activity (GO:0071901)	2/78	0.0927341836815326	0.26672299727855664	0	0	4.037739698082415	9.601818159344294	RGS2;BMP7
double-strand break repair (GO:0006302)	3/164	0.0930840741761656	0.26672299727855664	0	0	2.8689829192546585	6.811688924063777	POLN;NABP1;NUCKS1
heart development (GO:0007507)	3/164	0.0930840741761656	0.26672299727855664	0	0	2.8689829192546585	6.811688924063777	TCAP;CACYBP;BMP7
negative regulation of blood pressure (GO:0045776)	1/15	0.0939016881241754	0.26672299727855664	0	0	10.90934065934066	25.806120768156763	NPPA
cardiac myofibril assembly (GO:0055003)	1/15	0.0939016881241754	0.26672299727855664	0	0	10.90934065934066	25.806120768156763	TCAP
regulation of establishment of protein localization (GO:0070201)	1/15	0.0939016881241754	0.26672299727855664	0	0	10.90934065934066	25.806120768156763	DNAJA1
central nervous system neuron development (GO:0021954)	1/15	0.0939016881241754	0.26672299727855664	0	0	10.90934065934066	25.806120768156763	HSP90AA1
nucleobase-containing small molecule catabolic process (GO:0034656)	1/15	0.0939016881241754	0.26672299727855664	0	0	10.90934065934066	25.806120768156763	NUDT5
nucleosome positioning (GO:0016584)	1/15	0.0939016881241754	0.26672299727855664	0	0	10.90934065934066	25.806120768156763	H1-6
regulation of nuclear-transcribed mRNA catabolic process, deadenylation-dependent decay (GO:1900151)	1/15	0.0939016881241754	0.26672299727855664	0	0	10.90934065934066	25.806120768156763	CNOT7
regulation of nuclear-transcribed mRNA poly(A) tail shortening (GO:0060211)	1/15	0.0939016881241754	0.26672299727855664	0	0	10.90934065934066	25.806120768156763	CNOT7
endoplasmic reticulum to cytosol transport (GO:1903513)	1/15	0.0939016881241754	0.26672299727855664	0	0	10.90934065934066	25.806120768156763	HSP90B1
fibrinolysis (GO:0042730)	1/15	0.0939016881241754	0.26672299727855664	0	0	10.90934065934066	25.806120768156763	PLAU
positive regulation of glycogen metabolic process (GO:0070875)	1/15	0.0939016881241754	0.26672299727855664	0	0	10.90934065934066	25.806120768156763	PTH
positive regulation of heterotypic cell-cell adhesion (GO:0034116)	1/15	0.0939016881241754	0.26672299727855664	0	0	10.90934065934066	25.806120768156763	BMP7
heterocycle biosynthetic process (GO:0018130)	1/15	0.0939016881241754	0.26672299727855664	0	0	10.90934065934066	25.806120768156763	ALOX5
icosanoid biosynthetic process (GO:0046456)	1/15	0.0939016881241754	0.26672299727855664	0	0	10.90934065934066	25.806120768156763	ALOX5
integrated stress response signaling (GO:0140467)	1/15	0.0939016881241754	0.26672299727855664	0	0	10.90934065934066	25.806120768156763	HSPA5
positive regulation of nuclear-transcribed mRNA catabolic process, deadenylation-dependent decay (GO:1900153)	1/15	0.0939016881241754	0.26672299727855664	0	0	10.90934065934066	25.806120768156763	CNOT7
steroid hormone mediated signaling pathway (GO:0043401)	1/15	0.0939016881241754	0.26672299727855664	0	0	10.90934065934066	25.806120768156763	BMP7
lipoxygenase pathway (GO:0019372)	1/15	0.0939016881241754	0.26672299727855664	0	0	10.90934065934066	25.806120768156763	ALOX5
macrophage differentiation (GO:0030225)	1/15	0.0939016881241754	0.26672299727855664	0	0	10.90934065934066	25.806120768156763	MMP9
macrophage migration (GO:1905517)	1/15	0.0939016881241754	0.26672299727855664	0	0	10.90934065934066	25.806120768156763	P2RX4
positive regulation of secretion (GO:0051047)	1/15	0.0939016881241754	0.26672299727855664	0	0	10.90934065934066	25.806120768156763	PRL
mitotic intra-S DNA damage checkpoint signaling (GO:0031573)	1/15	0.0939016881241754	0.26672299727855664	0	0	10.90934065934066	25.806120768156763	TIPIN
modulation by host of viral genome replication (GO:0044827)	1/15	0.0939016881241754	0.26672299727855664	0	0	10.90934065934066	25.806120768156763	NUCKS1
negative regulation of NF-kappaB transcription factor activity (GO:0032088)	2/79	0.09474996654171976	0.2679283170217758	0	0	3.9851001711466822	9.39094350043163	PRMT2;BMP7
regulation of neuron differentiation (GO:0045664)	2/79	0.09474996654171976	0.2679283170217758	0	0	3.9851001711466822	9.39094350043163	HES3;BMP7
glycerophospholipid metabolic process (GO:0006650)	2/80	0.09677837209693288	0.2702336630872438	0	0	3.933810375670841	9.186752223207284	PIGP;APOA1
lipid biosynthetic process (GO:0008610)	2/80	0.09677837209693288	0.2702336630872438	0	0	3.933810375670841	9.186752223207284	ALOX5;ACSL6
regulation of protein phosphorylation (GO:0001932)	4/266	0.09766973039730308	0.2702336630872438	0	0	2.357035523231352	5.482850214169827	HSP90AA1;HSPB1;BMP7;MMP9
negative regulation of apoptotic process (GO:0043066)	6/485	0.09956853551522864	0.2702336630872438	0	0	1.9430480167014617	4.482435098581266	DNAJA1;HSPA5;HSPB1;GATA1;MMP9;HSP90B1
activation of NF-kappaB-inducing kinase activity (GO:0007250)	1/16	0.09984107647289782	0.2702336630872438	0	0	10.181538461538462	23.460052416555833	ZFP91
negative regulation of DNA replication (GO:0008156)	1/16	0.09984107647289782	0.2702336630872438	0	0	10.181538461538462	23.460052416555833	S100A11
negative regulation of epithelial cell differentiation (GO:0030857)	1/16	0.09984107647289782	0.2702336630872438	0	0	10.181538461538462	23.460052416555833	MMP9
regulation of chromatin silencing (GO:0031935)	1/16	0.09984107647289782	0.2702336630872438	0	0	10.181538461538462	23.460052416555833	H1-6
negative regulation of transcription regulatory region DNA binding (GO:2000678)	1/16	0.09984107647289782	0.2702336630872438	0	0	10.181538461538462	23.460052416555833	GATA1
oligodendrocyte development (GO:0014003)	1/16	0.09984107647289782	0.2702336630872438	0	0	10.181538461538462	23.460052416555833	PLP1
digestive tract morphogenesis (GO:0048546)	1/16	0.09984107647289782	0.2702336630872438	0	0	10.181538461538462	23.460052416555833	AGR2
positive regulation by host of viral transcription (GO:0043923)	1/16	0.09984107647289782	0.2702336630872438	0	0	10.181538461538462	23.460052416555833	NUCKS1
regulation of systemic arterial blood pressure (GO:0003073)	1/16	0.09984107647289782	0.2702336630872438	0	0	10.181538461538462	23.460052416555833	NPPA
glutamine family amino acid catabolic process (GO:0009065)	1/16	0.09984107647289782	0.2702336630872438	0	0	10.181538461538462	23.460052416555833	DAO
response to organophosphorus (GO:0046683)	1/16	0.09984107647289782	0.2702336630872438	0	0	10.181538461538462	23.460052416555833	P2RX4
positive regulation of leukocyte adhesion to vascular endothelial cell (GO:1904996)	1/16	0.09984107647289782	0.2702336630872438	0	0	10.181538461538462	23.460052416555833	ALOX5
serine family amino acid metabolic process (GO:0009069)	1/16	0.09984107647289782	0.2702336630872438	0	0	10.181538461538462	23.460052416555833	DAO
mesenchyme development (GO:0060485)	1/16	0.09984107647289782	0.2702336630872438	0	0	10.181538461538462	23.460052416555833	BMP7
mitotic sister chromatid cohesion (GO:0007064)	1/16	0.09984107647289782	0.2702336630872438	0	0	10.181538461538462	23.460052416555833	SMC1A
protein localization to endoplasmic reticulum (GO:0070972)	1/16	0.09984107647289782	0.2702336630872438	0	0	10.181538461538462	23.460052416555833	HSPA5
neuron projection development (GO:0031175)	3/171	0.10227952740121032	0.27552285077136207	0	0	2.7484654017857144	6.266626856184553	PLP1;BMP7;MANF
regulation of interleukin-1 beta production (GO:0032651)	2/83	0.10293685164162228	0.27552285077136207	0	0	3.787539477461958	8.611499627484111	HSPB1;APOA1
long-chain fatty acid metabolic process (GO:0001676)	2/83	0.10293685164162228	0.27552285077136207	0	0	3.787539477461958	8.611499627484111	ALOX5;ACSL6
negative regulation of cytokine production involved in immune response (GO:0002719)	1/17	0.10574182820484038	0.27552285077136207	0	0	9.544711538461538	21.444625878565983	APOA1
DNA replication checkpoint signaling (GO:0000076)	1/17	0.10574182820484038	0.27552285077136207	0	0	9.544711538461538	21.444625878565983	TIPIN
pharyngeal system development (GO:0060037)	1/17	0.10574182820484038	0.27552285077136207	0	0	9.544711538461538	21.444625878565983	BMP7
positive regulation of heart rate (GO:0010460)	1/17	0.10574182820484038	0.27552285077136207	0	0	9.544711538461538	21.444625878565983	NPPA
response to purine-containing compound (GO:0014074)	1/17	0.10574182820484038	0.27552285077136207	0	0	9.544711538461538	21.444625878565983	P2RX4
retrograde protein transport, ER to cytosol (GO:0030970)	1/17	0.10574182820484038	0.27552285077136207	0	0	9.544711538461538	21.444625878565983	HSP90B1
reverse cholesterol transport (GO:0043691)	1/17	0.10574182820484038	0.27552285077136207	0	0	9.544711538461538	21.444625878565983	APOA1
positive regulation of smooth muscle cell migration (GO:0014911)	1/17	0.10574182820484038	0.27552285077136207	0	0	9.544711538461538	21.444625878565983	S100A11
positive regulation of stem cell proliferation (GO:2000648)	1/17	0.10574182820484038	0.27552285077136207	0	0	9.544711538461538	21.444625878565983	CCNE1
mesonephric tubule development (GO:0072164)	1/17	0.10574182820484038	0.27552285077136207	0	0	9.544711538461538	21.444625878565983	BMP7
preassembly of GPI anchor in ER membrane (GO:0016254)	1/17	0.10574182820484038	0.27552285077136207	0	0	9.544711538461538	21.444625878565983	PIGP
monosaccharide transmembrane transport (GO:0015749)	1/17	0.10574182820484038	0.27552285077136207	0	0	9.544711538461538	21.444625878565983	SLC5A9
muscle tissue morphogenesis (GO:0060415)	1/17	0.10574182820484038	0.27552285077136207	0	0	9.544711538461538	21.444625878565983	TCAP
protein heterooligomerization (GO:0051291)	1/17	0.10574182820484038	0.27552285077136207	0	0	9.544711538461538	21.444625878565983	MAT2A
negative regulation of defense response (GO:0031348)	2/85	0.10710112995119656	0.27552285077136207	0	0	3.695899878584104	8.256572882844548	ALOX5;APOA1
regulation of cell cycle G2/M phase transition (GO:1902749)	2/85	0.10710112995119656	0.27552285077136207	0	0	3.695899878584104	8.256572882844548	HSP90AA1;DYNLL1
G1/S transition of mitotic cell cycle (GO:0000082)	2/85	0.10710112995119656	0.27552285077136207	0	0	3.695899878584104	8.256572882844548	NASP;CCNE1
defense response to bacterium (GO:0042742)	3/176	0.10906122896377024	0.27552285077136207	0	0	2.6683526011560694	5.912657959835746	GBP6;ISG15;MR1
negative regulation of phosphorylation (GO:0042326)	2/86	0.10920014225785252	0.27552285077136207	0	0	3.65171650055371	8.086992447879068	DYNLL1;BMP7
glucose homeostasis (GO:0042593)	2/86	0.10920014225785252	0.27552285077136207	0	0	3.65171650055371	8.086992447879068	ALOX5;NUCKS1
positive regulation of endothelial cell migration (GO:0010595)	2/86	0.10920014225785252	0.27552285077136207	0	0	3.65171650055371	8.086992447879068	P2RX4;HSPB1
positive regulation of developmental process (GO:0051094)	3/177	0.11043819581326728	0.27552285077136207	0	0	2.6528825431034484	5.845094060271003	AGR2;PRL;BMP7
negative regulation of angiogenesis (GO:0016525)	2/87	0.11131009182500674	0.27552285077136207	0	0	3.608572731418149	7.922388146727323	ALOX5;PRL
negative regulation of cation transmembrane transport (GO:1904063)	1/18	0.11160419271751376	0.27552285077136207	0	0	8.982805429864253	19.697465749311625	MMP9
regulation of brown fat cell differentiation (GO:0090335)	1/18	0.11160419271751376	0.27552285077136207	0	0	8.982805429864253	19.697465749311625	BMP7
regulation of cellular protein catabolic process (GO:1903362)	1/18	0.11160419271751376	0.27552285077136207	0	0	8.982805429864253	19.697465749311625	HSP90AA1
regulation of delayed rectifier potassium channel activity (GO:1902259)	1/18	0.11160419271751376	0.27552285077136207	0	0	8.982805429864253	19.697465749311625	NPPA
negative regulation of tumor necrosis factor-mediated signaling pathway (GO:0010804)	1/18	0.11160419271751376	0.27552285077136207	0	0	8.982805429864253	19.697465749311625	APOA1
cellular response to zinc ion (GO:0071294)	1/18	0.11160419271751376	0.27552285077136207	0	0	8.982805429864253	19.697465749311625	P2RX4
chromatin disassembly (GO:0031498)	1/18	0.11160419271751376	0.27552285077136207	0	0	8.982805429864253	19.697465749311625	H2BC1
nucleosome disassembly (GO:0006337)	1/18	0.11160419271751376	0.27552285077136207	0	0	8.982805429864253	19.697465749311625	H2BC1
dendritic cell migration (GO:0036336)	1/18	0.11160419271751376	0.27552285077136207	0	0	8.982805429864253	19.697465749311625	ALOX5
regulation of multicellular organism growth (GO:0040014)	1/18	0.11160419271751376	0.27552285077136207	0	0	8.982805429864253	19.697465749311625	PRL
regulation of oxidative stress-induced intrinsic apoptotic signaling pathway (GO:1902175)	1/18	0.11160419271751376	0.27552285077136207	0	0	8.982805429864253	19.697465749311625	HSPB1
regulation of presynapse assembly (GO:1905606)	1/18	0.11160419271751376	0.27552285077136207	0	0	8.982805429864253	19.697465749311625	GPC6
regulation of presynapse organization (GO:0099174)	1/18	0.11160419271751376	0.27552285077136207	0	0	8.982805429864253	19.697465749311625	GPC6
positive regulation of fatty acid metabolic process (GO:0045923)	1/18	0.11160419271751376	0.27552285077136207	0	0	8.982805429864253	19.697465749311625	APOA1
response to axon injury (GO:0048678)	1/18	0.11160419271751376	0.27552285077136207	0	0	8.982805429864253	19.697465749311625	P2RX4
high-density lipoprotein particle remodeling (GO:0034375)	1/18	0.11160419271751376	0.27552285077136207	0	0	8.982805429864253	19.697465749311625	APOA1
rRNA transcription (GO:0009303)	1/18	0.11160419271751376	0.27552285077136207	0	0	8.982805429864253	19.697465749311625	GTF3A
intracellular estrogen receptor signaling pathway (GO:0030520)	1/18	0.11160419271751376	0.27552285077136207	0	0	8.982805429864253	19.697465749311625	SAFB
long-chain fatty-acyl-CoA biosynthetic process (GO:0035338)	1/18	0.11160419271751376	0.27552285077136207	0	0	8.982805429864253	19.697465749311625	ACSL6
regulated exocytosis (GO:0045055)	3/180	0.11460933281495755	0.27847939973410685	0	0	2.6075211864406778	5.648480293506228	ENDOD1;APOA1;MANF
regulation of type I interferon production (GO:0032479)	2/89	0.11556188328560124	0.27847939973410685	0	0	3.5252606255012027	7.607333016908918	ISG15;POLR2H
second-messenger-mediated signaling (GO:0019932)	2/89	0.11556188328560124	0.27847939973410685	0	0	3.5252606255012027	7.607333016908918	P2RX4;CXCR3
protein import (GO:0017038)	2/89	0.11556188328560124	0.27847939973410685	0	0	3.5252606255012027	7.607333016908918	HSP90AA1;HSPA4
actin filament capping (GO:0051693)	1/19	0.11742841776762576	0.27847939973410685	0	0	8.483333333333333	18.170675130648927	CAPG
barbed-end actin filament capping (GO:0051016)	1/19	0.11742841776762576	0.27847939973410685	0	0	8.483333333333333	18.170675130648927	CAPG
negative regulation of nervous system development (GO:0051961)	1/19	0.11742841776762576	0.27847939973410685	0	0	8.483333333333333	18.170675130648927	B2M
negative regulation of oxidative stress-induced intrinsic apoptotic signaling pathway (GO:1902176)	1/19	0.11742841776762576	0.27847939973410685	0	0	8.483333333333333	18.170675130648927	HSPB1
detection of mechanical stimulus (GO:0050982)	1/19	0.11742841776762576	0.27847939973410685	0	0	8.483333333333333	18.170675130648927	TCAP
regulation of neuroinflammatory response (GO:0150077)	1/19	0.11742841776762576	0.27847939973410685	0	0	8.483333333333333	18.170675130648927	MMP9
diol metabolic process (GO:0034311)	1/19	0.11742841776762576	0.27847939973410685	0	0	8.483333333333333	18.170675130648927	HSP90AA1
dopamine metabolic process (GO:0042417)	1/19	0.11742841776762576	0.27847939973410685	0	0	8.483333333333333	18.170675130648927	DAO
establishment or maintenance of apical/basal cell polarity (GO:0035088)	1/19	0.11742841776762576	0.27847939973410685	0	0	8.483333333333333	18.170675130648927	CLIC4
regulation of T cell cytokine production (GO:0002724)	1/19	0.11742841776762576	0.27847939973410685	0	0	8.483333333333333	18.170675130648927	B2M
positive regulation of cellular protein catabolic process (GO:1903364)	1/19	0.11742841776762576	0.27847939973410685	0	0	8.483333333333333	18.170675130648927	HSP90AA1
heart trabecula morphogenesis (GO:0061384)	1/19	0.11742841776762576	0.27847939973410685	0	0	8.483333333333333	18.170675130648927	BMP7
positive regulation of macrophage migration (GO:1905523)	1/19	0.11742841776762576	0.27847939973410685	0	0	8.483333333333333	18.170675130648927	P2RX4
leukotriene biosynthetic process (GO:0019370)	1/19	0.11742841776762576	0.27847939973410685	0	0	8.483333333333333	18.170675130648927	ALOX5
maintenance of protein localization in organelle (GO:0072595)	1/19	0.11742841776762576	0.27847939973410685	0	0	8.483333333333333	18.170675130648927	HSPA5
positive regulation of triglyceride metabolic process (GO:0090208)	1/19	0.11742841776762576	0.27847939973410685	0	0	8.483333333333333	18.170675130648927	APOA1
ureteric bud development (GO:0001657)	1/19	0.11742841776762576	0.27847939973410685	0	0	8.483333333333333	18.170675130648927	BMP7
cellular amino acid catabolic process (GO:0009063)	2/90	0.11770327172962108	0.2786084933824739	0	0	3.485024665257223	7.456518584163469	DAO;AMDHD1
negative regulation of mitotic cell cycle phase transition (GO:1901991)	2/92	0.12201591896200426	0.2836856893512917	0	0	3.407235142118863	7.167472654345803	PRMT2;CDK2AP2
regulation of endothelial cell proliferation (GO:0001936)	2/92	0.12201591896200426	0.2836856893512917	0	0	3.407235142118863	7.167472654345803	ALOX5;PRL
cellular response to fibroblast growth factor stimulus (GO:0044344)	2/92	0.12201591896200426	0.2836856893512917	0	0	3.407235142118863	7.167472654345803	FIBP;POLR2H
regulation of peptidyl-tyrosine phosphorylation (GO:0050730)	2/92	0.12201591896200426	0.2836856893512917	0	0	3.407235142118863	7.167472654345803	CNOT7;GATA1
protein-DNA complex disassembly (GO:0032986)	1/20	0.12321474956792654	0.2836856893512917	0	0	8.036437246963562	16.82690539004688	H2BC1
base-excision repair, AP site formation (GO:0006285)	1/20	0.12321474956792654	0.2836856893512917	0	0	8.036437246963562	16.82690539004688	UNG
nucleobase-containing compound biosynthetic process (GO:0034654)	1/20	0.12321474956792654	0.2836856893512917	0	0	8.036437246963562	16.82690539004688	DCK
dopaminergic neuron differentiation (GO:0071542)	1/20	0.12321474956792654	0.2836856893512917	0	0	8.036437246963562	16.82690539004688	MANF
regulation of programmed necrotic cell death (GO:0062098)	1/20	0.12321474956792654	0.2836856893512917	0	0	8.036437246963562	16.82690539004688	HSP90AA1
regulation of protein modification by small protein conjugation or removal (GO:1903320)	1/20	0.12321474956792654	0.2836856893512917	0	0	8.036437246963562	16.82690539004688	HSP90AA1
granulocyte differentiation (GO:0030851)	1/20	0.12321474956792654	0.2836856893512917	0	0	8.036437246963562	16.82690539004688	GATA1
growth hormone receptor signaling pathway (GO:0060396)	1/20	0.12321474956792654	0.2836856893512917	0	0	8.036437246963562	16.82690539004688	PRL
skeletal muscle contraction (GO:0003009)	1/20	0.12321474956792654	0.2836856893512917	0	0	8.036437246963562	16.82690539004688	TCAP
post-transcriptional gene silencing by RNA (GO:0035194)	1/20	0.12321474956792654	0.2836856893512917	0	0	8.036437246963562	16.82690539004688	CNOT7
myeloid cell development (GO:0061515)	1/20	0.12321474956792654	0.2836856893512917	0	0	8.036437246963562	16.82690539004688	GATA1
regulation of heart contraction (GO:0008016)	2/93	0.12418673901548176	0.2854037056646708	0	0	3.369622625436579	7.028927955553716	P2RX4;NPPA
negative regulation of cell death (GO:0060548)	2/94	0.12636693487251843	0.2864846731569822	0	0	3.3328277721604316	6.894172289267867	AGR2;BMP7
negative regulation of MAPK cascade (GO:0043409)	2/94	0.12636693487251843	0.2864846731569822	0	0	3.3328277721604316	6.894172289267867	RGS2;BMP7
positive regulation of epithelial cell migration (GO:0010634)	2/94	0.12636693487251843	0.2864846731569822	0	0	3.3328277721604316	6.894172289267867	GLIPR2;MMP9
transmembrane receptor protein tyrosine kinase signaling pathway (GO:0007169)	5/404	0.1265223547287285	0.2864846731569822	0	0	1.9363885905239289	4.003166364463049	FIBP;HSP90AA1;ATP6V0E1;POLR2H;MMP9
ciliary basal body-plasma membrane docking (GO:0097711)	2/95	0.12855629313111225	0.2864846731569822	0	0	3.2968242060515127	6.763066905881875	HSP90AA1;DYNLL1
purinergic nucleotide receptor signaling pathway (GO:0035590)	1/21	0.1289634327739896	0.2864846731569822	0	0	7.634230769230769	15.636632865318903	P2RX4
negative regulation of ion transmembrane transporter activity (GO:0032413)	1/21	0.1289634327739896	0.2864846731569822	0	0	7.634230769230769	15.636632865318903	MMP9
negative regulation of response to wounding (GO:1903035)	1/21	0.1289634327739896	0.2864846731569822	0	0	7.634230769230769	15.636632865318903	ALOX5
cellular response to steroid hormone stimulus (GO:0071383)	1/21	0.1289634327739896	0.2864846731569822	0	0	7.634230769230769	15.636632865318903	BMP7
regulation of lipoprotein lipase activity (GO:0051004)	1/21	0.1289634327739896	0.2864846731569822	0	0	7.634230769230769	15.636632865318903	APOA1
nuclear-transcribed mRNA poly(A) tail shortening (GO:0000289)	1/21	0.1289634327739896	0.2864846731569822	0	0	7.634230769230769	15.636632865318903	CNOT7
cyclic purine nucleotide metabolic process (GO:0052652)	1/21	0.1289634327739896	0.2864846731569822	0	0	7.634230769230769	15.636632865318903	NPPA
hydrogen peroxide catabolic process (GO:0042744)	1/21	0.1289634327739896	0.2864846731569822	0	0	7.634230769230769	15.636632865318903	HBE1
sensory perception of pain (GO:0019233)	1/21	0.1289634327739896	0.2864846731569822	0	0	7.634230769230769	15.636632865318903	P2RX4
linoleic acid metabolic process (GO:0043651)	1/21	0.1289634327739896	0.2864846731569822	0	0	7.634230769230769	15.636632865318903	ALOX5
sterol transport (GO:0015918)	1/21	0.1289634327739896	0.2864846731569822	0	0	7.634230769230769	15.636632865318903	APOA1
positive regulation of T cell cytokine production (GO:0002726)	1/21	0.1289634327739896	0.2864846731569822	0	0	7.634230769230769	15.636632865318903	B2M
positive regulation of vascular associated smooth muscle cell proliferation (GO:1904707)	1/21	0.1289634327739896	0.2864846731569822	0	0	7.634230769230769	15.636632865318903	MMP9
vacuolar acidification (GO:0007035)	1/21	0.1289634327739896	0.2864846731569822	0	0	7.634230769230769	15.636632865318903	ATP6V0E1
negative regulation of cell differentiation (GO:0045596)	3/191	0.1303978865353088	0.289163032597597	0	0	2.4535821143617023	4.99835120849238	HES3;BMP7;ZNF750
regulation of MAP kinase activity (GO:0043405)	2/97	0.13296165510056274	0.2938404345763621	0	0	3.227090983272134	6.5112837274429	RGS2;BMP7
negative regulation of DNA recombination at telomere (GO:0048239)	1/22	0.13467471041580706	0.2938404345763621	0	0	7.27032967032967	14.576232777739394	POLR2H
regulation of cardiac muscle cell membrane repolarization (GO:0099623)	1/22	0.13467471041580706	0.2938404345763621	0	0	7.27032967032967	14.576232777739394	NPPA
cell projection assembly (GO:0030031)	1/22	0.13467471041580706	0.2938404345763621	0	0	7.27032967032967	14.576232777739394	CAPG
regulation of DNA recombination at telomere (GO:0072695)	1/22	0.13467471041580706	0.2938404345763621	0	0	7.27032967032967	14.576232777739394	POLR2H
regulation of response to cytokine stimulus (GO:0060759)	1/22	0.13467471041580706	0.2938404345763621	0	0	7.27032967032967	14.576232777739394	APOA1
regulation of voltage-gated calcium channel activity (GO:1901385)	1/22	0.13467471041580706	0.2938404345763621	0	0	7.27032967032967	14.576232777739394	NPPA
positive regulation of lipid catabolic process (GO:0050996)	1/22	0.13467471041580706	0.2938404345763621	0	0	7.27032967032967	14.576232777739394	APOA1
lipid droplet organization (GO:0034389)	1/22	0.13467471041580706	0.2938404345763621	0	0	7.27032967032967	14.576232777739394	CIDEC
regulation of programmed cell death (GO:0043067)	3/194	0.13483184497965983	0.2938404345763621	0	0	2.4146760471204187	4.838351277193646	HSP90AA1;CIDEB;CIDEC
antigen processing and presentation of exogenous peptide antigen via MHC class II (GO:0019886)	2/98	0.13517724372537995	0.2940861206004824	0	0	3.193313953488372	6.3903591192759075	DYNLL1;DYNLL2
innate immune response (GO:0045087)	4/302	0.13694068914641688	0.29741070632486416	0	0	2.0684880832848913	4.112583257802288	ISG15;B2M;CFB;MSRB1
antigen processing and presentation of peptide antigen via MHC class II (GO:0002495)	2/100	0.13963321569130813	0.2986547367005191	0	0	3.127827875336181	6.157867909881721	DYNLL1;DYNLL2
negative regulation of extrinsic apoptotic signaling pathway in absence of ligand (GO:2001240)	1/23	0.14034882405071863	0.2986547367005191	0	0	6.939510489510489	13.626591808289202	GATA1
negative regulation of G protein-coupled receptor signaling pathway (GO:0045744)	1/23	0.14034882405071863	0.2986547367005191	0	0	6.939510489510489	13.626591808289202	RGS2
regulation of calcium ion transmembrane transport (GO:1903169)	1/23	0.14034882405071863	0.2986547367005191	0	0	6.939510489510489	13.626591808289202	NPPA
negative regulation of signal transduction in absence of ligand (GO:1901099)	1/23	0.14034882405071863	0.2986547367005191	0	0	6.939510489510489	13.626591808289202	GATA1
regulation of necroptotic process (GO:0060544)	1/23	0.14034882405071863	0.2986547367005191	0	0	6.939510489510489	13.626591808289202	HSP90AA1
ERK1 and ERK2 cascade (GO:0070371)	1/23	0.14034882405071863	0.2986547367005191	0	0	6.939510489510489	13.626591808289202	APOA1
positive regulation of cholesterol efflux (GO:0010875)	1/23	0.14034882405071863	0.2986547367005191	0	0	6.939510489510489	13.626591808289202	APOA1
hexose transmembrane transport (GO:0008645)	1/23	0.14034882405071863	0.2986547367005191	0	0	6.939510489510489	13.626591808289202	SLC5A9
response to nutrient levels (GO:0031667)	1/23	0.14034882405071863	0.2986547367005191	0	0	6.939510489510489	13.626591808289202	PRL
triglyceride catabolic process (GO:0019433)	1/23	0.14034882405071863	0.2986547367005191	0	0	6.939510489510489	13.626591808289202	FABP2
protein alkylation (GO:0008213)	1/23	0.14034882405071863	0.2986547367005191	0	0	6.939510489510489	13.626591808289202	PRMT2
calcium-mediated signaling (GO:0019722)	2/102	0.1441209130081196	0.30231940300026977	0	0	3.0649612403100774	5.937144565478081	P2RX4;CXCR3
axon extension (GO:0048675)	1/24	0.14598601360501082	0.30231940300026977	0	0	6.637458193979933	12.77209215219812	HSP90AA1
C21-steroid hormone metabolic process (GO:0008207)	1/24	0.14598601360501082	0.30231940300026977	0	0	6.637458193979933	12.77209215219812	CYP46A1
cardiac muscle cell development (GO:0055013)	1/24	0.14598601360501082	0.30231940300026977	0	0	6.637458193979933	12.77209215219812	TCAP
cardiac muscle cell differentiation (GO:0055007)	1/24	0.14598601360501082	0.30231940300026977	0	0	6.637458193979933	12.77209215219812	TCAP
negative regulation of NIK/NF-kappaB signaling (GO:1901223)	1/24	0.14598601360501082	0.30231940300026977	0	0	6.637458193979933	12.77209215219812	BMP7
regulation of cytokine production involved in immune response (GO:0002718)	1/24	0.14598601360501082	0.30231940300026977	0	0	6.637458193979933	12.77209215219812	APOA1
cholesterol efflux (GO:0033344)	1/24	0.14598601360501082	0.30231940300026977	0	0	6.637458193979933	12.77209215219812	APOA1
regulation of monooxygenase activity (GO:0032768)	1/24	0.14598601360501082	0.30231940300026977	0	0	6.637458193979933	12.77209215219812	HSP90AA1
DNA packaging (GO:0006323)	1/24	0.14598601360501082	0.30231940300026977	0	0	6.637458193979933	12.77209215219812	H1-6
regulation of ruffle assembly (GO:1900027)	1/24	0.14598601360501082	0.30231940300026977	0	0	6.637458193979933	12.77209215219812	P2RX4
leukotriene metabolic process (GO:0006691)	1/24	0.14598601360501082	0.30231940300026977	0	0	6.637458193979933	12.77209215219812	ALOX5
long-chain fatty-acyl-CoA metabolic process (GO:0035336)	1/24	0.14598601360501082	0.30231940300026977	0	0	6.637458193979933	12.77209215219812	ACSL6
mammary gland development (GO:0030879)	1/24	0.14598601360501082	0.30231940300026977	0	0	6.637458193979933	12.77209215219812	PRL
positive regulation of transcription from RNA polymerase II promoter in response to stress (GO:0036003)	1/24	0.14598601360501082	0.30231940300026977	0	0	6.637458193979933	12.77209215219812	HSPA5
protein exit from endoplasmic reticulum (GO:0032527)	1/24	0.14598601360501082	0.30231940300026977	0	0	6.637458193979933	12.77209215219812	HSP90B1
antigen processing and presentation of exogenous peptide antigen (GO:0002478)	2/103	0.1463761666425357	0.30231940300026977	0	0	3.034461585693453	5.83094699890265	DYNLL1;DYNLL2
cellular response to organonitrogen compound (GO:0071417)	2/103	0.1463761666425357	0.30231940300026977	0	0	3.034461585693453	5.83094699890265	P2RX4;HSP90B1
regulation of angiogenesis (GO:0045765)	3/203	0.14843888612053033	0.3059925076788295	0	0	2.3049609375	4.396901872273551	ALOX5;HSPB1;PRL
steroid metabolic process (GO:0008202)	2/104	0.14863876559715294	0.3059925076788295	0	0	3.004559963520292	5.727401293824905	RDH5;CYP46A1
cilium assembly (GO:0060271)	4/314	0.15126972924828735	0.3085432498969857	0	0	1.9871983743967487	3.753203186681408	HSP90AA1;UBXN10;DYNLL1;DYNLL2
acylglycerol homeostasis (GO:0055090)	1/25	0.15158651755223743	0.3085432498969857	0	0	6.360576923076923	11.99985643470596	APOA1
cardiac conduction system development (GO:0003161)	1/25	0.15158651755223743	0.3085432498969857	0	0	6.360576923076923	11.99985643470596	NPPA
regulation of cholesterol transport (GO:0032374)	1/25	0.15158651755223743	0.3085432498969857	0	0	6.360576923076923	11.99985643470596	APOA1
negative regulation of response to endoplasmic reticulum stress (GO:1903573)	1/25	0.15158651755223743	0.3085432498969857	0	0	6.360576923076923	11.99985643470596	ALOX5
positive regulation of lipid metabolic process (GO:0045834)	1/25	0.15158651755223743	0.3085432498969857	0	0	6.360576923076923	11.99985643470596	APOA1
positive regulation of peptidyl-threonine phosphorylation (GO:0010800)	1/25	0.15158651755223743	0.3085432498969857	0	0	6.360576923076923	11.99985643470596	BMP7
regulation of inflammatory response (GO:0050727)	3/206	0.15307107233671183	0.3102983036561832	0	0	2.2705511083743843	4.261490524016292	ALOX5;APOA1;MMP9
regulation of cell cycle process (GO:0010564)	2/106	0.15318523851381197	0.3102983036561832	0	0	2.9464818127608825	5.527916275920331	TIPIN;CHEK1
chromosome organization (GO:0051276)	2/106	0.15318523851381197	0.3102983036561832	0	0	2.9464818127608825	5.527916275920331	NUCKS1;SAFB
negative regulation of cell development (GO:0010721)	1/26	0.15715057276342775	0.31330965926336385	0	0	6.105846153846154	11.29917891851374	B2M
purine-containing compound biosynthetic process (GO:0072522)	1/26	0.15715057276342775	0.31330965926336385	0	0	6.105846153846154	11.29917891851374	DCK
negative regulation of interleukin-1 beta production (GO:0032691)	1/26	0.15715057276342775	0.31330965926336385	0	0	6.105846153846154	11.29917891851374	APOA1
negative regulation of protein transport (GO:0051224)	1/26	0.15715057276342775	0.31330965926336385	0	0	6.105846153846154	11.29917891851374	DPH3
DNA modification (GO:0006304)	1/26	0.15715057276342775	0.31330965926336385	0	0	6.105846153846154	11.29917891851374	UNG
positive regulation of glucose import (GO:0046326)	1/26	0.15715057276342775	0.31330965926336385	0	0	6.105846153846154	11.29917891851374	PTH
histone methylation (GO:0016571)	1/26	0.15715057276342775	0.31330965926336385	0	0	6.105846153846154	11.29917891851374	PRMT2
positive regulation of T cell mediated cytotoxicity (GO:0001916)	1/26	0.15715057276342775	0.31330965926336385	0	0	6.105846153846154	11.29917891851374	MR1
metanephros development (GO:0001656)	1/26	0.15715057276342775	0.31330965926336385	0	0	6.105846153846154	11.29917891851374	BMP7
positive regulation of viral transcription (GO:0050434)	1/26	0.15715057276342775	0.31330965926336385	0	0	6.105846153846154	11.29917891851374	POLR2H
lipid transport (GO:0006869)	2/109	0.16005533751922843	0.3185983411406374	0	0	2.863435485039484	5.246488617392047	FABP2;APOA1
protein peptidyl-prolyl isomerization (GO:0000413)	1/27	0.16267841463048652	0.32078863665044455	0	0	5.870710059171597	10.661091720478288	FKBP4
negative regulation of cation channel activity (GO:2001258)	1/27	0.16267841463048652	0.32078863665044455	0	0	5.870710059171597	10.661091720478288	MMP9
bile acid biosynthetic process (GO:0006699)	1/27	0.16267841463048652	0.32078863665044455	0	0	5.870710059171597	10.661091720478288	CYP46A1
cellular response to cadmium ion (GO:0071276)	1/27	0.16267841463048652	0.32078863665044455	0	0	5.870710059171597	10.661091720478288	MMP9
regulation of transcription regulatory region DNA binding (GO:2000677)	1/27	0.16267841463048652	0.32078863665044455	0	0	5.870710059171597	10.661091720478288	GATA1
positive regulation of erythrocyte differentiation (GO:0045648)	1/27	0.16267841463048652	0.32078863665044455	0	0	5.870710059171597	10.661091720478288	GATA1
negative regulation of multicellular organismal process (GO:0051241)	3/214	0.16564250906104078	0.32207156090199546	0	0	2.1835752369668247	3.925900954686727	RGS2;APOA1;ZNF750
protein-containing complex subunit organization (GO:0043933)	2/112	0.16698154074413318	0.32207156090199546	0	0	2.78491895701198	4.984648483312149	TCAP;CAPG
regulation of cytoskeleton organization (GO:0051493)	2/112	0.16698154074413318	0.32207156090199546	0	0	2.78491895701198	4.984648483312149	CLIC4;CDK2AP2
negative regulation of cellular process (GO:0048523)	6/566	0.16764684279954278	0.32207156090199546	0	0	1.6550571428571428	2.955759332633056	CNOT7;ALOX5;AGR2;APOA1;BMP7;S100A11
regulation of calcium-mediated signaling (GO:0050848)	1/28	0.16817027705325713	0.32207156090199546	0	0	5.652991452991453	10.078030260645932	P2RX4
negative regulation of oxidative stress-induced cell death (GO:1903202)	1/28	0.16817027705325713	0.32207156090199546	0	0	5.652991452991453	10.078030260645932	HSPB1
regulation of extrinsic apoptotic signaling pathway in absence of ligand (GO:2001239)	1/28	0.16817027705325713	0.32207156090199546	0	0	5.652991452991453	10.078030260645932	GATA1
regulation of immunoglobulin production (GO:0002637)	1/28	0.16817027705325713	0.32207156090199546	0	0	5.652991452991453	10.078030260645932	DNAJB9
regulation of microtubule polymerization or depolymerization (GO:0031110)	1/28	0.16817027705325713	0.32207156090199546	0	0	5.652991452991453	10.078030260645932	FKBP4
regulation of muscle contraction (GO:0006937)	1/28	0.16817027705325713	0.32207156090199546	0	0	5.652991452991453	10.078030260645932	MYL9
phagosome acidification (GO:0090383)	1/28	0.16817027705325713	0.32207156090199546	0	0	5.652991452991453	10.078030260645932	ATP6V0E1
regulation of phosphatase activity (GO:0010921)	1/28	0.16817027705325713	0.32207156090199546	0	0	5.652991452991453	10.078030260645932	HSP90B1
regulation of protein transport (GO:0051223)	1/28	0.16817027705325713	0.32207156090199546	0	0	5.652991452991453	10.078030260645932	DNAJA1
regulation of reactive oxygen species biosynthetic process (GO:1903426)	1/28	0.16817027705325713	0.32207156090199546	0	0	5.652991452991453	10.078030260645932	ALOX5
positive regulation of defense response to virus by host (GO:0002230)	1/28	0.16817027705325713	0.32207156090199546	0	0	5.652991452991453	10.078030260645932	HSP90AA1
GPI anchor metabolic process (GO:0006505)	1/28	0.16817027705325713	0.32207156090199546	0	0	5.652991452991453	10.078030260645932	PIGP
sarcomere organization (GO:0045214)	1/28	0.16817027705325713	0.32207156090199546	0	0	5.652991452991453	10.078030260645932	TCAP
sulfur compound transport (GO:0072348)	1/28	0.16817027705325713	0.32207156090199546	0	0	5.652991452991453	10.078030260645932	SLC13A1
transcription by RNA polymerase III (GO:0006383)	1/28	0.16817027705325713	0.32207156090199546	0	0	5.652991452991453	10.078030260645932	GTF3A
actin filament polymerization (GO:0030041)	1/29	0.1736263924012151	0.32755785073900884	0	0	5.4508241758241764	9.543572555804772	MSRB1
negative regulation of epithelial to mesenchymal transition (GO:0010719)	1/29	0.1736263924012151	0.32755785073900884	0	0	5.4508241758241764	9.543572555804772	ZNF750
regulation of fatty acid biosynthetic process (GO:0042304)	1/29	0.1736263924012151	0.32755785073900884	0	0	5.4508241758241764	9.543572555804772	APOA1
negative regulation of wound healing (GO:0061045)	1/29	0.1736263924012151	0.32755785073900884	0	0	5.4508241758241764	9.543572555804772	ALOX5
response to cadmium ion (GO:0046686)	1/29	0.1736263924012151	0.32755785073900884	0	0	5.4508241758241764	9.543572555804772	MMP9
response to zinc ion (GO:0010043)	1/29	0.1736263924012151	0.32755785073900884	0	0	5.4508241758241764	9.543572555804772	P2RX4
hydrogen peroxide metabolic process (GO:0042743)	1/29	0.1736263924012151	0.32755785073900884	0	0	5.4508241758241764	9.543572555804772	HBE1
telomere maintenance via telomerase (GO:0007004)	1/29	0.1736263924012151	0.32755785073900884	0	0	5.4508241758241764	9.543572555804772	HSP90AA1
transition metal ion homeostasis (GO:0055076)	1/29	0.1736263924012151	0.32755785073900884	0	0	5.4508241758241764	9.543572555804772	B2M
positive regulation of viral genome replication (GO:0045070)	1/29	0.1736263924012151	0.32755785073900884	0	0	5.4508241758241764	9.543572555804772	CNOT7
regulation of protein-containing complex assembly (GO:0043254)	2/116	0.17629555362932092	0.3299058270725749	0	0	2.686658506731946	4.662946800216381	HSP90AA1;HSPA5
positive regulation of cell motility (GO:2000147)	3/221	0.17688564770885457	0.3299058270725749	0	0	2.112707855504587	3.659742013746745	HSPA5;PLAU;MMP9
alpha-amino acid catabolic process (GO:1901606)	1/30	0.17904699159160314	0.3299058270725749	0	0	5.262599469496021	9.052234105349967	DAO
negative regulation of cytoskeleton organization (GO:0051494)	1/30	0.17904699159160314	0.3299058270725749	0	0	5.262599469496021	9.052234105349967	FKBP4
negative regulation of interleukin-1 production (GO:0032692)	1/30	0.17904699159160314	0.3299058270725749	0	0	5.262599469496021	9.052234105349967	APOA1
cell projection organization (GO:0030030)	1/30	0.17904699159160314	0.3299058270725749	0	0	5.262599469496021	9.052234105349967	CAPG
CENP-A containing chromatin organization (GO:0061641)	1/30	0.17904699159160314	0.3299058270725749	0	0	5.262599469496021	9.052234105349967	NASP
CENP-A containing nucleosome assembly (GO:0034080)	1/30	0.17904699159160314	0.3299058270725749	0	0	5.262599469496021	9.052234105349967	NASP
regulation of long-term synaptic potentiation (GO:1900271)	1/30	0.17904699159160314	0.3299058270725749	0	0	5.262599469496021	9.052234105349967	CYP46A1
regulation of protein localization to membrane (GO:1905475)	1/30	0.17904699159160314	0.3299058270725749	0	0	5.262599469496021	9.052234105349967	GPC6
regulation of striated muscle contraction (GO:0006942)	1/30	0.17904699159160314	0.3299058270725749	0	0	5.262599469496021	9.052234105349967	P2RX4
fatty-acyl-CoA biosynthetic process (GO:0046949)	1/30	0.17904699159160314	0.3299058270725749	0	0	5.262599469496021	9.052234105349967	ACSL6
RNA-dependent DNA biosynthetic process (GO:0006278)	1/30	0.17904699159160314	0.3299058270725749	0	0	5.262599469496021	9.052234105349967	HSP90AA1
positive regulation of phosphate metabolic process (GO:0045937)	1/30	0.17904699159160314	0.3299058270725749	0	0	5.262599469496021	9.052234105349967	PTH
long-chain fatty acid biosynthetic process (GO:0042759)	1/30	0.17904699159160314	0.3299058270725749	0	0	5.262599469496021	9.052234105349967	ALOX5
termination of RNA polymerase I transcription (GO:0006363)	1/30	0.17904699159160314	0.3299058270725749	0	0	5.262599469496021	9.052234105349967	POLR2H
adenylate cyclase-activating G protein-coupled receptor signaling pathway (GO:0007189)	2/118	0.180983394982472	0.3325043768282625	0	0	2.640069500133654	4.512802779864991	PTH;RXFP2
negative regulation of response to external stimulus (GO:0032102)	2/118	0.180983394982472	0.3325043768282625	0	0	2.640069500133654	4.512802779864991	ALOX5;APOA1
purine nucleoside bisphosphate metabolic process (GO:0034032)	1/31	0.18443230402669897	0.3328954019309204	0	0	5.086923076923077	8.599305090496161	ACSL6
aminoglycan catabolic process (GO:0006026)	1/31	0.18443230402669897	0.3328954019309204	0	0	5.086923076923077	8.599305090496161	GPC6
negative regulation of DNA binding (GO:0043392)	1/31	0.18443230402669897	0.3328954019309204	0	0	5.086923076923077	8.599305090496161	GATA1
regulation of cellular senescence (GO:2000772)	1/31	0.18443230402669897	0.3328954019309204	0	0	5.086923076923077	8.599305090496161	B2M
ribonucleoside bisphosphate metabolic process (GO:0033875)	1/31	0.18443230402669897	0.3328954019309204	0	0	5.086923076923077	8.599305090496161	ACSL6
positive regulation of Rho protein signal transduction (GO:0035025)	1/31	0.18443230402669897	0.3328954019309204	0	0	5.086923076923077	8.599305090496161	APOA1
triglyceride homeostasis (GO:0070328)	1/31	0.18443230402669897	0.3328954019309204	0	0	5.086923076923077	8.599305090496161	APOA1
vitamin transport (GO:0051180)	1/31	0.18443230402669897	0.3328954019309204	0	0	5.086923076923077	8.599305090496161	APOA1
macroautophagy (GO:0016236)	2/120	0.1856900398310637	0.3328954019309204	0	0	2.5950597818946264	4.369241035581941	DYNLL1;DYNLL2
cellular response to interferon-gamma (GO:0071346)	2/121	0.188050013362674	0.3328954019309204	0	0	2.57312227216468	4.299809084669551	GBP6;B2M
cilium organization (GO:0044782)	3/228	0.1883352455348674	0.3328954019309204	0	0	2.04625	3.416279206897107	UBXN10;DYNLL1;DYNLL2
7-methylguanosine mRNA capping (GO:0006370)	1/32	0.18978255763675175	0.3328954019309204	0	0	4.922580645161291	8.18072008774948	POLR2H
7-methylguanosine RNA capping (GO:0009452)	1/32	0.18978255763675175	0.3328954019309204	0	0	4.922580645161291	8.18072008774948	POLR2H
activation of phospholipase C activity (GO:0007202)	1/32	0.18978255763675175	0.3328954019309204	0	0	4.922580645161291	8.18072008774948	PTH
aortic valve morphogenesis (GO:0003180)	1/32	0.18978255763675175	0.3328954019309204	0	0	4.922580645161291	8.18072008774948	NPPA
negative regulation of microtubule polymerization or depolymerization (GO:0031111)	1/32	0.18978255763675175	0.3328954019309204	0	0	4.922580645161291	8.18072008774948	FKBP4
regulation of chemotaxis (GO:0050920)	1/32	0.18978255763675175	0.3328954019309204	0	0	4.922580645161291	8.18072008774948	P2RX4
cardiac muscle tissue morphogenesis (GO:0055008)	1/32	0.18978255763675175	0.3328954019309204	0	0	4.922580645161291	8.18072008774948	TCAP
chromatin remodeling at centromere (GO:0031055)	1/32	0.18978255763675175	0.3328954019309204	0	0	4.922580645161291	8.18072008774948	NASP
DNA damage checkpoint signaling (GO:0000077)	1/32	0.18978255763675175	0.3328954019309204	0	0	4.922580645161291	8.18072008774948	CHEK1
peptidyl-proline modification (GO:0018208)	1/32	0.18978255763675175	0.3328954019309204	0	0	4.922580645161291	8.18072008774948	FKBP4
endodermal cell differentiation (GO:0035987)	1/32	0.18978255763675175	0.3328954019309204	0	0	4.922580645161291	8.18072008774948	MMP9
ERBB2 signaling pathway (GO:0038128)	1/32	0.18978255763675175	0.3328954019309204	0	0	4.922580645161291	8.18072008774948	HSP90AA1
regulation of transcription involved in G1/S transition of mitotic cell cycle (GO:0000083)	1/32	0.18978255763675175	0.3328954019309204	0	0	4.922580645161291	8.18072008774948	CCNE1
gene silencing by miRNA (GO:0035195)	1/32	0.18978255763675175	0.3328954019309204	0	0	4.922580645161291	8.18072008774948	CNOT7
GPI anchor biosynthetic process (GO:0006506)	1/32	0.18978255763675175	0.3328954019309204	0	0	4.922580645161291	8.18072008774948	PIGP
positive regulation of glucose transmembrane transport (GO:0010828)	1/32	0.18978255763675175	0.3328954019309204	0	0	4.922580645161291	8.18072008774948	PTH
positive regulation of interleukin-10 production (GO:0032733)	1/32	0.18978255763675175	0.3328954019309204	0	0	4.922580645161291	8.18072008774948	ISG15
positive regulation of receptor signaling pathway via STAT (GO:1904894)	1/32	0.18978255763675175	0.3328954019309204	0	0	4.922580645161291	8.18072008774948	PRL
membrane depolarization (GO:0051899)	1/32	0.18978255763675175	0.3328954019309204	0	0	4.922580645161291	8.18072008774948	P2RX4
transcription initiation from RNA polymerase I promoter (GO:0006361)	1/32	0.18978255763675175	0.3328954019309204	0	0	4.922580645161291	8.18072008774948	POLR2H
modulation by host of symbiont process (GO:0051851)	1/32	0.18978255763675175	0.3328954019309204	0	0	4.922580645161291	8.18072008774948	NUCKS1
regulation of mRNA catabolic process (GO:0061013)	2/122	0.1904142112645888	0.3328954019309204	0	0	2.5515503875968992	4.231882877866458	CNOT7;HSPB1
apoptotic process (GO:0006915)	3/231	0.19330063384693055	0.3328954019309204	0	0	2.019017269736842	3.3182722739998765	CHEK1;CIDEB;CIDEC
regulation of cellular macromolecule biosynthetic process (GO:2000112)	5/468	0.19338017701848695	0.3328954019309204	0	0	1.6632383695018684	2.732862305424853	HES6;DLX4;NUCKS1;GATA1;ELAVL2
actin filament bundle assembly (GO:0051017)	1/33	0.1950979789430415	0.3328954019309204	0	0	4.768509615384615	7.792953006521877	HSP90B1
antigen processing and presentation of peptide antigen via MHC class I (GO:0002474)	1/33	0.1950979789430415	0.3328954019309204	0	0	4.768509615384615	7.792953006521877	B2M
bile acid metabolic process (GO:0008206)	1/33	0.1950979789430415	0.3328954019309204	0	0	4.768509615384615	7.792953006521877	CYP46A1
regulation of cholesterol efflux (GO:0010874)	1/33	0.1950979789430415	0.3328954019309204	0	0	4.768509615384615	7.792953006521877	APOA1
regulation of histone acetylation (GO:0035065)	1/33	0.1950979789430415	0.3328954019309204	0	0	4.768509615384615	7.792953006521877	CHEK1
neuron projection extension (GO:1990138)	1/33	0.1950979789430415	0.3328954019309204	0	0	4.768509615384615	7.792953006521877	HSP90AA1
phosphatidylcholine biosynthetic process (GO:0006656)	1/33	0.1950979789430415	0.3328954019309204	0	0	4.768509615384615	7.792953006521877	APOA1
exonucleolytic catabolism of deadenylated mRNA (GO:0043928)	1/33	0.1950979789430415	0.3328954019309204	0	0	4.768509615384615	7.792953006521877	CNOT7
regulation of sprouting angiogenesis (GO:1903670)	1/33	0.1950979789430415	0.3328954019309204	0	0	4.768509615384615	7.792953006521877	ALOX5
positive regulation of cholesterol transport (GO:0032376)	1/33	0.1950979789430415	0.3328954019309204	0	0	4.768509615384615	7.792953006521877	APOA1
positive regulation of cytokine production involved in immune response (GO:0002720)	1/33	0.1950979789430415	0.3328954019309204	0	0	4.768509615384615	7.792953006521877	B2M
positive regulation of receptor signaling pathway via JAK-STAT (GO:0046427)	1/33	0.1950979789430415	0.3328954019309204	0	0	4.768509615384615	7.792953006521877	PRL
mitotic G2 DNA damage checkpoint signaling (GO:0007095)	1/33	0.1950979789430415	0.3328954019309204	0	0	4.768509615384615	7.792953006521877	CHEK1
very long-chain fatty acid metabolic process (GO:0000038)	1/33	0.1950979789430415	0.3328954019309204	0	0	4.768509615384615	7.792953006521877	ACSL6
muscle cell development (GO:0055001)	1/33	0.1950979789430415	0.3328954019309204	0	0	4.768509615384615	7.792953006521877	TCAP
negative chemotaxis (GO:0050919)	1/33	0.1950979789430415	0.3328954019309204	0	0	4.768509615384615	7.792953006521877	APOA1
defense response to symbiont (GO:0140546)	2/124	0.19515466204969303	0.3328954019309204	0	0	2.5094675308171306	4.100376834248377	CNOT7;ISG15
fatty acid metabolic process (GO:0006631)	2/124	0.19515466204969303	0.3328954019309204	0	0	2.5094675308171306	4.100376834248377	ALOX5;ACSL6
regulation of protein secretion (GO:0050708)	2/125	0.19753061042224657	0.33502486017602945	0	0	2.488939307997731	4.036715380003251	ALOX5;DPH3
regulation of cell adhesion mediated by integrin (GO:0033628)	1/34	0.2003787929533847	0.33502486017602945	0	0	4.623776223776224	7.432931766422354	PLAU
cardiac muscle contraction (GO:0060048)	1/34	0.2003787929533847	0.33502486017602945	0	0	4.623776223776224	7.432931766422354	TCAP
cellular response to vascular endothelial growth factor stimulus (GO:0035924)	1/34	0.2003787929533847	0.33502486017602945	0	0	4.623776223776224	7.432931766422354	HSPB1
organic cyclic compound biosynthetic process (GO:1901362)	1/34	0.2003787929533847	0.33502486017602945	0	0	4.623776223776224	7.432931766422354	ALOX5
positive regulation of calcium ion transport into cytosol (GO:0010524)	1/34	0.2003787929533847	0.33502486017602945	0	0	4.623776223776224	7.432931766422354	P2RX4
regulation of transmembrane transport (GO:0034762)	1/34	0.2003787929533847	0.33502486017602945	0	0	4.623776223776224	7.432931766422354	KCNJ1
positive regulation of DNA binding (GO:0043388)	1/34	0.2003787929533847	0.33502486017602945	0	0	4.623776223776224	7.432931766422354	MMP9
secondary alcohol biosynthetic process (GO:1902653)	1/34	0.2003787929533847	0.33502486017602945	0	0	4.623776223776224	7.432931766422354	APOA1
sister chromatid segregation (GO:0000819)	1/34	0.2003787929533847	0.33502486017602945	0	0	4.623776223776224	7.432931766422354	SMC1A
positive regulation of pri-miRNA transcription by RNA polymerase II (GO:1902895)	1/34	0.2003787929533847	0.33502486017602945	0	0	4.623776223776224	7.432931766422354	PRL
striated muscle tissue development (GO:0014706)	1/34	0.2003787929533847	0.33502486017602945	0	0	4.623776223776224	7.432931766422354	BMP7
transcription by RNA polymerase I (GO:0006360)	1/34	0.2003787929533847	0.33502486017602945	0	0	4.623776223776224	7.432931766422354	POLR2H
positive regulation of telomerase activity (GO:0051973)	1/34	0.2003787929533847	0.33502486017602945	0	0	4.623776223776224	7.432931766422354	HSP90AA1
protein insertion into membrane (GO:0051205)	1/34	0.2003787929533847	0.33502486017602945	0	0	4.623776223776224	7.432931766422354	TRAM2
plasma membrane bounded cell projection organization (GO:0120036)	2/128	0.20467955767325496	0.3369135144127775	0	0	2.429309708379476	3.853637448089936	PLP1;MANF
microtubule cytoskeleton organization involved in mitosis (GO:1902850)	2/128	0.20467955767325496	0.3369135144127775	0	0	2.429309708379476	3.853637448089936	DYNLL1;DYNLL2
acylglycerol catabolic process (GO:0046464)	1/35	0.2056252232488539	0.3369135144127775	0	0	4.487556561085973	7.097968534671513	FABP2
base-excision repair, gap-filling (GO:0006287)	1/35	0.2056252232488539	0.3369135144127775	0	0	4.487556561085973	7.097968534671513	UNG
negative regulation of neurogenesis (GO:0050768)	1/35	0.2056252232488539	0.3369135144127775	0	0	4.487556561085973	7.097968534671513	B2M
cellular response to virus (GO:0098586)	1/35	0.2056252232488539	0.3369135144127775	0	0	4.487556561085973	7.097968534671513	HSP90AA1
cholesterol biosynthetic process (GO:0006695)	1/35	0.2056252232488539	0.3369135144127775	0	0	4.487556561085973	7.097968534671513	APOA1
regulation of ion transmembrane transport (GO:0034765)	1/35	0.2056252232488539	0.3369135144127775	0	0	4.487556561085973	7.097968534671513	KCNJ1
regulation of lipid biosynthetic process (GO:0046890)	1/35	0.2056252232488539	0.3369135144127775	0	0	4.487556561085973	7.097968534671513	APOA1
nuclear-transcribed mRNA catabolic process, exonucleolytic (GO:0000291)	1/35	0.2056252232488539	0.3369135144127775	0	0	4.487556561085973	7.097968534671513	CNOT7
oxoacid metabolic process (GO:0043436)	1/35	0.2056252232488539	0.3369135144127775	0	0	4.487556561085973	7.097968534671513	DAO
regulation of protein polymerization (GO:0032271)	1/35	0.2056252232488539	0.3369135144127775	0	0	4.487556561085973	7.097968534671513	HSP90AA1
positive regulation of immunoglobulin production (GO:0002639)	1/35	0.2056252232488539	0.3369135144127775	0	0	4.487556561085973	7.097968534671513	DNAJB9
positive regulation of lipid biosynthetic process (GO:0046889)	1/35	0.2056252232488539	0.3369135144127775	0	0	4.487556561085973	7.097968534671513	APOA1
intracellular pH reduction (GO:0051452)	1/35	0.2056252232488539	0.3369135144127775	0	0	4.487556561085973	7.097968534671513	ATP6V0E1
muscle contraction (GO:0006936)	2/129	0.20706908728534631	0.3369135144127775	0	0	2.4100592077153147	3.795126949775646	TCAP;MYL9
cellular response to cytokine stimulus (GO:0071345)	5/482	0.2094504614732347	0.3369135144127775	0	0	1.613257462314066	2.5219538122995275	GBP6;HSP90AA1;ALOX5;MMP9;HSP90B1
regulation of response to external stimulus (GO:0032101)	2/130	0.2094616514097493	0.3369135144127775	0	0	2.391109496124031	3.737817285392478	P2RX4;ALOX5
G2/M transition of mitotic cell cycle (GO:0000086)	2/130	0.2094616514097493	0.3369135144127775	0	0	2.391109496124031	3.737817285392478	HSP90AA1;DYNLL1
activation of adenylate cyclase activity (GO:0007190)	1/36	0.21083749200989477	0.3369135144127775	0	0	4.359120879120879	6.785702334197538	RXFP2
negative regulation of cellular protein localization (GO:1903828)	1/36	0.21083749200989477	0.3369135144127775	0	0	4.359120879120879	6.785702334197538	DNAJA1
negative regulation of DNA metabolic process (GO:0051053)	1/36	0.21083749200989477	0.3369135144127775	0	0	4.359120879120879	6.785702334197538	H1-6
aortic valve development (GO:0003176)	1/36	0.21083749200989477	0.3369135144127775	0	0	4.359120879120879	6.785702334197538	NPPA
regulation of androgen receptor signaling pathway (GO:0060765)	1/36	0.21083749200989477	0.3369135144127775	0	0	4.359120879120879	6.785702334197538	PRMT2
regulation of defense response to virus by host (GO:0050691)	1/36	0.21083749200989477	0.3369135144127775	0	0	4.359120879120879	6.785702334197538	HSP90AA1
cellular response to heat (GO:0034605)	1/36	0.21083749200989477	0.3369135144127775	0	0	4.359120879120879	6.785702334197538	HSP90AA1
cyclic-nucleotide-mediated signaling (GO:0019935)	1/36	0.21083749200989477	0.3369135144127775	0	0	4.359120879120879	6.785702334197538	NPPA
regulation of microtubule-based process (GO:0032886)	1/36	0.21083749200989477	0.3369135144127775	0	0	4.359120879120879	6.785702334197538	CDK2AP2
regulation of mRNA processing (GO:0050684)	1/36	0.21083749200989477	0.3369135144127775	0	0	4.359120879120879	6.785702334197538	SAFB
endoderm formation (GO:0001706)	1/36	0.21083749200989477	0.3369135144127775	0	0	4.359120879120879	6.785702334197538	MMP9
regulation of sodium ion transport (GO:0002028)	1/36	0.21083749200989477	0.3369135144127775	0	0	4.359120879120879	6.785702334197538	P2RX4
telomere maintenance via telomere lengthening (GO:0010833)	1/36	0.21083749200989477	0.3369135144127775	0	0	4.359120879120879	6.785702334197538	HSP90AA1
positive regulation of substrate adhesion-dependent cell spreading (GO:1900026)	1/36	0.21083749200989477	0.3369135144127775	0	0	4.359120879120879	6.785702334197538	APOA1
transferrin transport (GO:0033572)	1/36	0.21083749200989477	0.3369135144127775	0	0	4.359120879120879	6.785702334197538	ATP6V0E1
positive regulation of T cell mediated immunity (GO:0002711)	1/36	0.21083749200989477	0.3369135144127775	0	0	4.359120879120879	6.785702334197538	B2M
cell cycle G2/M phase transition (GO:0044839)	2/131	0.21185710915161968	0.33768901130850854	0	0	2.372453578510907	3.681676059876496	HSP90AA1;DYNLL1
cellular response to hypoxia (GO:0071456)	2/131	0.21185710915161968	0.33768901130850854	0	0	2.372453578510907	3.681676059876496	HYOU1;BMP7
acyl-CoA metabolic process (GO:0006637)	1/37	0.2160158199701249	0.338090585174773	0	0	4.237820512820512	6.49405155144787	ACSL6
proton transmembrane transport (GO:1902600)	1/37	0.2160158199701249	0.338090585174773	0	0	4.237820512820512	6.49405155144787	ATP6V0E1
anterograde axonal transport (GO:0008089)	1/37	0.2160158199701249	0.338090585174773	0	0	4.237820512820512	6.49405155144787	HSPB1
regulation of erythrocyte differentiation (GO:0045646)	1/37	0.2160158199701249	0.338090585174773	0	0	4.237820512820512	6.49405155144787	GATA1
regulation of glucose import (GO:0046324)	1/37	0.2160158199701249	0.338090585174773	0	0	4.237820512820512	6.49405155144787	PTH
centromere complex assembly (GO:0034508)	1/37	0.2160158199701249	0.338090585174773	0	0	4.237820512820512	6.49405155144787	NASP
regulation of intracellular steroid hormone receptor signaling pathway (GO:0033143)	1/37	0.2160158199701249	0.338090585174773	0	0	4.237820512820512	6.49405155144787	PRMT2
regulation of microtubule cytoskeleton organization (GO:0070507)	1/37	0.2160158199701249	0.338090585174773	0	0	4.237820512820512	6.49405155144787	CDK2AP2
phagosome maturation (GO:0090382)	1/37	0.2160158199701249	0.338090585174773	0	0	4.237820512820512	6.49405155144787	ATP6V0E1
positive regulation of calcium ion transport (GO:0051928)	1/37	0.2160158199701249	0.338090585174773	0	0	4.237820512820512	6.49405155144787	P2RX4
regulation of transport (GO:0051049)	1/37	0.2160158199701249	0.338090585174773	0	0	4.237820512820512	6.49405155144787	DNAJA1
regulation of vascular associated smooth muscle cell proliferation (GO:1904705)	1/37	0.2160158199701249	0.338090585174773	0	0	4.237820512820512	6.49405155144787	MMP9
positive regulation of myeloid cell differentiation (GO:0045639)	1/37	0.2160158199701249	0.338090585174773	0	0	4.237820512820512	6.49405155144787	GATA1
protein insertion into ER membrane (GO:0045048)	1/37	0.2160158199701249	0.338090585174773	0	0	4.237820512820512	6.49405155144787	TRAM2
regulation of cell adhesion (GO:0030155)	2/133	0.21665615030978333	0.338090585174773	0	0	2.335996212793656	3.5727747912595587	PLAU;CXCR3
defense response to virus (GO:0051607)	2/133	0.21665615030978333	0.338090585174773	0	0	2.335996212793656	3.5727747912595587	CNOT7;ISG15
transmembrane receptor protein serine/threonine kinase signaling pathway (GO:0007178)	2/133	0.21665615030978333	0.338090585174773	0	0	2.335996212793656	3.5727747912595587	APOA1;BMP7
actin-myosin filament sliding (GO:0033275)	1/38	0.22116042647143752	0.3417442286795807	0	0	4.123076923076923	6.221174415676765	TCAP
negative regulation of G0 to G1 transition (GO:0070317)	1/38	0.22116042647143752	0.3417442286795807	0	0	4.123076923076923	6.221174415676765	CHEK1
DNA replication initiation (GO:0006270)	1/38	0.22116042647143752	0.3417442286795807	0	0	4.123076923076923	6.221174415676765	MCM5
regulation of phosphoprotein phosphatase activity (GO:0043666)	1/38	0.22116042647143752	0.3417442286795807	0	0	4.123076923076923	6.221174415676765	HSP90B1
histone exchange (GO:0043486)	1/38	0.22116042647143752	0.3417442286795807	0	0	4.123076923076923	6.221174415676765	NASP
positive regulation of production of molecular mediator of immune response (GO:0002702)	1/38	0.22116042647143752	0.3417442286795807	0	0	4.123076923076923	6.221174415676765	DNAJB9
sterol biosynthetic process (GO:0016126)	1/38	0.22116042647143752	0.3417442286795807	0	0	4.123076923076923	6.221174415676765	APOA1
muscle filament sliding (GO:0030049)	1/38	0.22116042647143752	0.3417442286795807	0	0	4.123076923076923	6.221174415676765	TCAP
cytokine-mediated signaling pathway (GO:0019221)	6/621	0.22263681718359363	0.34336331203949866	0	0	1.502751219512195	2.257453105472833	HSP90AA1;ALOX5;ISG15;B2M;MMP9;HSP90B1
negative regulation of inflammatory response to antigenic stimulus (GO:0002862)	2/136	0.2238729880649152	0.34336331203949866	0	0	2.2833506884183734	3.417437100860096	PTH;RXFP2
organic substance transport (GO:0071702)	2/136	0.2238729880649152	0.34336331203949866	0	0	2.2833506884183734	3.417437100860096	APOA1;HSP90B1
positive regulation of protein phosphorylation (GO:0001934)	4/371	0.22603326916747915	0.34336331203949866	0	0	1.673668175674226	2.488866891974606	HSP90AA1;GATA1;BMP7;MMP9
regulation of cellular component biogenesis (GO:0044087)	1/39	0.2262715293798204	0.34336331203949866	0	0	4.014372469635627	5.965435944563848	HSP90AA1
regulation of dendrite development (GO:0050773)	1/39	0.2262715293798204	0.34336331203949866	0	0	4.014372469635627	5.965435944563848	BMP7
negative regulation of protein secretion (GO:0050709)	1/39	0.2262715293798204	0.34336331203949866	0	0	4.014372469635627	5.965435944563848	DPH3
negative regulation of secretion by cell (GO:1903531)	1/39	0.2262715293798204	0.34336331203949866	0	0	4.014372469635627	5.965435944563848	DPH3
regulation of nitric-oxide synthase activity (GO:0050999)	1/39	0.2262715293798204	0.34336331203949866	0	0	4.014372469635627	5.965435944563848	HSP90AA1
DNA replication-independent nucleosome assembly (GO:0006336)	1/39	0.2262715293798204	0.34336331203949866	0	0	4.014372469635627	5.965435944563848	NASP
regulation of peptidyl-threonine phosphorylation (GO:0010799)	1/39	0.2262715293798204	0.34336331203949866	0	0	4.014372469635627	5.965435944563848	BMP7
regulation of receptor-mediated endocytosis (GO:0048259)	1/39	0.2262715293798204	0.34336331203949866	0	0	4.014372469635627	5.965435944563848	B2M
replication fork processing (GO:0031297)	1/39	0.2262715293798204	0.34336331203949866	0	0	4.014372469635627	5.965435944563848	NUCKS1
response to peptide (GO:1901652)	1/39	0.2262715293798204	0.34336331203949866	0	0	4.014372469635627	5.965435944563848	MMP9
regulation of inflammatory response to antigenic stimulus (GO:0002861)	2/137	0.2262829421905873	0.34336331203949866	0	0	2.266322136089578	3.3676846788322536	PTH;RXFP2
negative regulation of blood coagulation (GO:0030195)	1/40	0.23134934524843717	0.3485406107199339	0	0	3.911242603550296	5.725380155504451	PLAU
carboxylic acid metabolic process (GO:0019752)	1/40	0.23134934524843717	0.3485406107199339	0	0	3.911242603550296	5.725380155504451	DAO
digestive tract development (GO:0048565)	1/40	0.23134934524843717	0.3485406107199339	0	0	3.911242603550296	5.725380155504451	AGR2
positive regulation of catalytic activity (GO:0043085)	1/40	0.23134934524843717	0.3485406107199339	0	0	3.911242603550296	5.725380155504451	APOA1
fatty acid derivative biosynthetic process (GO:1901570)	1/40	0.23134934524843717	0.3485406107199339	0	0	3.911242603550296	5.725380155504451	ALOX5
glycolipid biosynthetic process (GO:0009247)	1/40	0.23134934524843717	0.3485406107199339	0	0	3.911242603550296	5.725380155504451	PIGP
transcription initiation from RNA polymerase II promoter (GO:0006367)	2/140	0.2335240174000492	0.3513980452305502	0	0	2.2167172227839567	3.2241494724760296	NPPA;POLR2H
protein methylation (GO:0006479)	1/41	0.23639408919802837	0.3519459702547796	0	0	3.813269230769231	5.499706603575161	PRMT2
negative regulation of cell-cell adhesion (GO:0022408)	1/41	0.23639408919802837	0.3519459702547796	0	0	3.813269230769231	5.499706603575161	APOA1
regulation of G0 to G1 transition (GO:0070316)	1/41	0.23639408919802837	0.3519459702547796	0	0	3.813269230769231	5.499706603575161	CHEK1
nucleobase-containing compound catabolic process (GO:0034655)	1/41	0.23639408919802837	0.3519459702547796	0	0	3.813269230769231	5.499706603575161	NUDT5
regulation of protein dephosphorylation (GO:0035304)	1/41	0.23639408919802837	0.3519459702547796	0	0	3.813269230769231	5.499706603575161	HSP90B1
regulation of viral transcription (GO:0046782)	1/41	0.23639408919802837	0.3519459702547796	0	0	3.813269230769231	5.499706603575161	POLR2H
heart contraction (GO:0060047)	1/41	0.23639408919802837	0.3519459702547796	0	0	3.813269230769231	5.499706603575161	TCAP
keratinocyte differentiation (GO:0030216)	1/41	0.23639408919802837	0.3519459702547796	0	0	3.813269230769231	5.499706603575161	CLIC4
T cell differentiation (GO:0030217)	1/41	0.23639408919802837	0.3519459702547796	0	0	3.813269230769231	5.499706603575161	MR1
protein-DNA complex assembly (GO:0065004)	2/143	0.2407792767357616	0.356468635925301	0	0	2.169223156853043	3.08870181837277	H2BC1;MCM5
neuron development (GO:0048666)	2/143	0.2407792767357616	0.356468635925301	0	0	2.169223156853043	3.08870181837277	PLP1;MANF
ATP-dependent chromatin remodeling (GO:0043044)	1/42	0.24140597496207092	0.356468635925301	0	0	3.720075046904315	5.287250478221397	NASP
regulation of double-strand break repair (GO:2000779)	1/42	0.24140597496207092	0.356468635925301	0	0	3.720075046904315	5.287250478221397	CHEK1
nucleic acid-templated transcription (GO:0097659)	1/42	0.24140597496207092	0.356468635925301	0	0	3.720075046904315	5.287250478221397	POLR2H
positive regulation of epithelial to mesenchymal transition (GO:0010718)	1/42	0.24140597496207092	0.356468635925301	0	0	3.720075046904315	5.287250478221397	GLIPR2
potassium ion import across plasma membrane (GO:1990573)	1/42	0.24140597496207092	0.356468635925301	0	0	3.720075046904315	5.287250478221397	KCNJ1
anion transport (GO:0006820)	1/43	0.24638521492211796	0.35920520376188825	0	0	3.6313186813186817	5.086965650860344	SLC13A1
regulation of cell-substrate adhesion (GO:0010810)	1/43	0.24638521492211796	0.35920520376188825	0	0	3.6313186813186817	5.086965650860344	AGR2
regulation of cytokine production involved in inflammatory response (GO:1900015)	1/43	0.24638521492211796	0.35920520376188825	0	0	3.6313186813186817	5.086965650860344	ALOX5
cellular glucose homeostasis (GO:0001678)	1/43	0.24638521492211796	0.35920520376188825	0	0	3.6313186813186817	5.086965650860344	NUCKS1
cellular response to glucose starvation (GO:0042149)	1/43	0.24638521492211796	0.35920520376188825	0	0	3.6313186813186817	5.086965650860344	HSPA5
negative regulation of type I interferon production (GO:0032480)	1/43	0.24638521492211796	0.35920520376188825	0	0	3.6313186813186817	5.086965650860344	ISG15
development of primary male sexual characteristics (GO:0046546)	1/43	0.24638521492211796	0.35920520376188825	0	0	3.6313186813186817	5.086965650860344	GATA1
positive regulation of phospholipase C activity (GO:0010863)	1/43	0.24638521492211796	0.35920520376188825	0	0	3.6313186813186817	5.086965650860344	PTH
lipid modification (GO:0030258)	1/43	0.24638521492211796	0.35920520376188825	0	0	3.6313186813186817	5.086965650860344	ALOX5
male gonad development (GO:0008584)	1/43	0.24638521492211796	0.35920520376188825	0	0	3.6313186813186817	5.086965650860344	GATA1
myofibril assembly (GO:0030239)	1/43	0.24638521492211796	0.35920520376188825	0	0	3.6313186813186817	5.086965650860344	TCAP
positive regulation of cytosolic calcium ion concentration (GO:0007204)	2/147	0.2504693600422313	0.36141487310020226	0	0	2.1089548249131247	2.9196764572879697	P2RX4;CXCR3
positive regulation of biosynthetic process (GO:0009891)	1/44	0.2513320201385109	0.36141487310020226	0	0	3.5466905187835422	4.897910178444639	APOA1
response to amyloid-beta (GO:1904645)	1/44	0.2513320201385109	0.36141487310020226	0	0	3.5466905187835422	4.897910178444639	MMP9
positive regulation of mRNA catabolic process (GO:0061014)	1/44	0.2513320201385109	0.36141487310020226	0	0	3.5466905187835422	4.897910178444639	CNOT7
intracellular protein transmembrane transport (GO:0065002)	1/44	0.2513320201385109	0.36141487310020226	0	0	3.5466905187835422	4.897910178444639	HSPA5
intracellular steroid hormone receptor signaling pathway (GO:0030518)	1/44	0.2513320201385109	0.36141487310020226	0	0	3.5466905187835422	4.897910178444639	SAFB
positive regulation of osteoblast differentiation (GO:0045669)	1/44	0.2513320201385109	0.36141487310020226	0	0	3.5466905187835422	4.897910178444639	BMP7
positive regulation of potassium ion transmembrane transport (GO:1901381)	1/44	0.2513320201385109	0.36141487310020226	0	0	3.5466905187835422	4.897910178444639	NPPA
positive regulation of receptor-mediated endocytosis (GO:0048260)	1/44	0.2513320201385109	0.36141487310020226	0	0	3.5466905187835422	4.897910178444639	B2M
positive regulation of stress fiber assembly (GO:0051496)	1/44	0.2513320201385109	0.36141487310020226	0	0	3.5466905187835422	4.897910178444639	APOA1
mitotic spindle assembly (GO:0090307)	1/44	0.2513320201385109	0.36141487310020226	0	0	3.5466905187835422	4.897910178444639	SMC1A
protein K63-linked ubiquitination (GO:0070534)	1/44	0.2513320201385109	0.36141487310020226	0	0	3.5466905187835422	4.897910178444639	ZFP91
regulation of G2/M transition of mitotic cell cycle (GO:0010389)	2/149	0.2553193294372331	0.3663978537035627	0	0	2.0800506249011232	2.839768824668819	HSP90AA1;DYNLL1
regulation of insulin receptor signaling pathway (GO:0046626)	1/45	0.2562466002167321	0.3663978537035627	0	0	3.465909090909091	4.719233862496041	NUCKS1
chromosome condensation (GO:0030261)	1/45	0.2562466002167321	0.3663978537035627	0	0	3.465909090909091	4.719233862496041	H1-6
regulation of pri-miRNA transcription by RNA polymerase II (GO:1902893)	1/45	0.2562466002167321	0.3663978537035627	0	0	3.465909090909091	4.719233862496041	PRL
regulation of receptor signaling pathway via JAK-STAT (GO:0046425)	1/45	0.2562466002167321	0.3663978537035627	0	0	3.465909090909091	4.719233862496041	PRL
regulation of cytokine production (GO:0001817)	2/150	0.25774514997166736	0.3677086563929882	0	0	2.065891472868217	2.80090254898543	ALOX5;ISG15
cellular response to organic cyclic compound (GO:0071407)	2/150	0.25774514997166736	0.3677086563929882	0	0	2.065891472868217	2.80090254898543	P2RX4;HSP90B1
regulation of DNA metabolic process (GO:0051052)	1/46	0.2611291635111755	0.3692027546735188	0	0	3.388717948717949	4.5501675272107995	NUCKS1
regulation of double-strand break repair via homologous recombination (GO:0010569)	1/46	0.2611291635111755	0.3692027546735188	0	0	3.388717948717949	4.5501675272107995	CHEK1
erythrocyte differentiation (GO:0030218)	1/46	0.2611291635111755	0.3692027546735188	0	0	3.388717948717949	4.5501675272107995	GATA1
establishment of protein localization to extracellular region (GO:0035592)	1/46	0.2611291635111755	0.3692027546735188	0	0	3.388717948717949	4.5501675272107995	PDIA4
regulation of telomerase activity (GO:0051972)	1/46	0.2611291635111755	0.3692027546735188	0	0	3.388717948717949	4.5501675272107995	HSP90AA1
positive regulation of organelle assembly (GO:1902117)	1/46	0.2611291635111755	0.3692027546735188	0	0	3.388717948717949	4.5501675272107995	CAPG
positive regulation of response to stimulus (GO:0048584)	1/46	0.2611291635111755	0.3692027546735188	0	0	3.388717948717949	4.5501675272107995	B2M
positive regulation of smooth muscle cell proliferation (GO:0048661)	1/46	0.2611291635111755	0.3692027546735188	0	0	3.388717948717949	4.5501675272107995	MMP9
actin filament organization (GO:0007015)	2/152	0.26259791271574234	0.37086453818178583	0	0	2.038139534883721	2.7252600959035593	TCAP;CAPG
regulation of DNA binding (GO:0051101)	1/47	0.2659799169914363	0.3735540167524172	0	0	3.3148829431438127	4.390013755839864	MMP9
epithelial to mesenchymal transition (GO:0001837)	1/47	0.2659799169914363	0.3735540167524172	0	0	3.3148829431438127	4.390013755839864	BMP7
regulation of synapse assembly (GO:0051963)	1/47	0.2659799169914363	0.3735540167524172	0	0	3.3148829431438127	4.390013755839864	GPC6
positive regulation of cell-cell adhesion (GO:0022409)	1/47	0.2659799169914363	0.3735540167524172	0	0	3.3148829431438127	4.390013755839864	BMP7
positive regulation of pathway-restricted SMAD protein phosphorylation (GO:0010862)	1/47	0.2659799169914363	0.3735540167524172	0	0	3.3148829431438127	4.390013755839864	BMP7
inorganic cation transmembrane transport (GO:0098662)	3/274	0.2673791743562794	0.3751024155231267	0	0	1.6949377306273063	2.2357711726229637	ATP6V0E1;P2RX4;KCNJ1
purine ribonucleotide biosynthetic process (GO:0009152)	1/48	0.2707990662874435	0.3769713874309786	0	0	3.244189852700491	4.238138854578135	NPPA
base-excision repair (GO:0006284)	1/48	0.2707990662874435	0.3769713874309786	0	0	3.244189852700491	4.238138854578135	UNG
cellular response to ionizing radiation (GO:0071479)	1/48	0.2707990662874435	0.3769713874309786	0	0	3.244189852700491	4.238138854578135	NUCKS1
regulation of interleukin-10 production (GO:0032653)	1/48	0.2707990662874435	0.3769713874309786	0	0	3.244189852700491	4.238138854578135	ISG15
cognition (GO:0050890)	1/48	0.2707990662874435	0.3769713874309786	0	0	3.244189852700491	4.238138854578135	DGCR2
positive regulation of endocytosis (GO:0045807)	1/48	0.2707990662874435	0.3769713874309786	0	0	3.244189852700491	4.238138854578135	B2M
myelination (GO:0042552)	1/48	0.2707990662874435	0.3769713874309786	0	0	3.244189852700491	4.238138854578135	PLP1
plasma membrane bounded cell projection assembly (GO:0120031)	3/278	0.27446608555490737	0.3811178722197956	0	0	1.6699431818181818	2.1591155893853164	UBXN10;DYNLL1;DYNLL2
negative regulation of cell projection organization (GO:0031345)	1/49	0.27558681582982053	0.3811178722197956	0	0	3.176442307692308	4.093965860472672	FKBP4
aminoglycan biosynthetic process (GO:0006023)	1/49	0.27558681582982053	0.3811178722197956	0	0	3.176442307692308	4.093965860472672	GPC6
regulation of cellular localization (GO:0060341)	1/49	0.27558681582982053	0.3811178722197956	0	0	3.176442307692308	4.093965860472672	HSP90AA1
cellular response to mechanical stimulus (GO:0071260)	1/49	0.27558681582982053	0.3811178722197956	0	0	3.176442307692308	4.093965860472672	CHEK1
secondary alcohol metabolic process (GO:1902652)	1/49	0.27558681582982053	0.3811178722197956	0	0	3.176442307692308	4.093965860472672	APOA1
cellular response to growth factor stimulus (GO:0071363)	2/158	0.2771575295913118	0.3820361149437493	0	0	1.9591532498509243	2.5139251779504668	HSPB1;BMP7
cellular response to starvation (GO:0009267)	2/158	0.2771575295913118	0.3820361149437493	0	0	1.9591532498509243	2.5139251779504668	ATP6V0E1;HSPA5
skeletal system development (GO:0001501)	2/158	0.2771575295913118	0.3820361149437493	0	0	1.9591532498509243	2.5139251779504668	PTH;BMP7
regulation of cell migration (GO:0030334)	4/408	0.2788224401783858	0.3835000192445579	0	0	1.517502143915179	1.9381235625115265	CLIC4;HSPA5;PLAU;MMP9
regulation of complement activation (GO:0030449)	1/50	0.28034336849839514	0.3835000192445579	0	0	3.111459968602826	3.956968446025251	CFB
chloride transmembrane transport (GO:1902476)	1/50	0.28034336849839514	0.3835000192445579	0	0	3.111459968602826	3.956968446025251	ANO9
organic hydroxy compound biosynthetic process (GO:1901617)	1/50	0.28034336849839514	0.3835000192445579	0	0	3.111459968602826	3.956968446025251	CYP46A1
positive regulation of cell morphogenesis involved in differentiation (GO:0010770)	1/50	0.28034336849839514	0.3835000192445579	0	0	3.111459968602826	3.956968446025251	APOA1
positive regulation of ion transport (GO:0043270)	1/50	0.28034336849839514	0.3835000192445579	0	0	3.111459968602826	3.956968446025251	P2RX4
iron ion transport (GO:0006826)	1/50	0.28034336849839514	0.3835000192445579	0	0	3.111459968602826	3.956968446025251	ATP6V0E1
positive regulation of protein kinase B signaling (GO:0051897)	2/161	0.2844330288601587	0.3853766017368648	0	0	1.9218955682316805	2.4163175262082346	HSP90AA1;P2RX4
regulation of epithelial cell migration (GO:0010632)	1/51	0.28506892612655743	0.3853766017368648	0	0	3.0490769230769232	3.8266655758285544	GLIPR2
cholesterol transport (GO:0030301)	1/51	0.28506892612655743	0.3853766017368648	0	0	3.0490769230769232	3.8266655758285544	APOA1
regulation of protein modification process (GO:0031399)	1/51	0.28506892612655743	0.3853766017368648	0	0	3.0490769230769232	3.8266655758285544	HSPB1
positive regulation of actin filament bundle assembly (GO:0032233)	1/51	0.28506892612655743	0.3853766017368648	0	0	3.0490769230769232	3.8266655758285544	APOA1
regulation of substrate adhesion-dependent cell spreading (GO:1900024)	1/51	0.28506892612655743	0.3853766017368648	0	0	3.0490769230769232	3.8266655758285544	APOA1
positive regulation of fat cell differentiation (GO:0045600)	1/51	0.28506892612655743	0.3853766017368648	0	0	3.0490769230769232	3.8266655758285544	BMP7
gonad development (GO:0008406)	1/51	0.28506892612655743	0.3853766017368648	0	0	3.0490769230769232	3.8266655758285544	GATA1
sensory perception (GO:0007600)	1/51	0.28506892612655743	0.3853766017368648	0	0	3.0490769230769232	3.8266655758285544	P2RX4
intrinsic apoptotic signaling pathway in response to DNA damage (GO:0008630)	1/51	0.28506892612655743	0.3853766017368648	0	0	3.0490769230769232	3.8266655758285544	CIDEB
mesenchymal cell differentiation (GO:0048762)	1/51	0.28506892612655743	0.3853766017368648	0	0	3.0490769230769232	3.8266655758285544	BMP7
negative regulation of protein-containing complex assembly (GO:0031333)	1/52	0.2897636891206341	0.3879886684835609	0	0	2.9891402714932127	3.702616827604864	HSPA5
regulation of intrinsic apoptotic signaling pathway (GO:2001242)	1/52	0.2897636891206341	0.3879886684835609	0	0	2.9891402714932127	3.702616827604864	MMP9
plasma membrane bounded cell projection morphogenesis (GO:0120039)	1/52	0.2897636891206341	0.3879886684835609	0	0	2.9891402714932127	3.702616827604864	BMP7
positive regulation of developmental growth (GO:0048639)	1/52	0.2897636891206341	0.3879886684835609	0	0	2.9891402714932127	3.702616827604864	AGR2
signal transduction in response to DNA damage (GO:0042770)	1/52	0.2897636891206341	0.3879886684835609	0	0	2.9891402714932127	3.702616827604864	CHEK1
positive regulation of protein localization to cell periphery (GO:1904377)	1/52	0.2897636891206341	0.3879886684835609	0	0	2.9891402714932127	3.702616827604864	AGR2
positive regulation of protein localization to plasma membrane (GO:1903078)	1/52	0.2897636891206341	0.3879886684835609	0	0	2.9891402714932127	3.702616827604864	AGR2
protein homotetramerization (GO:0051289)	1/52	0.2897636891206341	0.3879886684835609	0	0	2.9891402714932127	3.702616827604864	B2M
myeloid cell differentiation (GO:0030099)	1/52	0.2897636891206341	0.3879886684835609	0	0	2.9891402714932127	3.702616827604864	GATA1
proteolysis (GO:0006508)	3/287	0.29048080714742147	0.38853729125327063	0	0	1.6162797095070425	1.9980737033747291	PLAU;REN;MMP9
cellular protein metabolic process (GO:0044267)	4/417	0.2919782505109036	0.39012738757482257	0	0	1.4837467350479494	1.8266049422398631	APOA1;PDIA6;HSP90B1;MSRB1
adenylate cyclase-modulating G protein-coupled receptor signaling pathway (GO:0007188)	2/165	0.2941233251490063	0.39133208280355714	0	0	1.8743520235887192	2.293749771712952	PTH;RXFP2
regulation of immune effector process (GO:0002697)	1/53	0.29442785660299275	0.39133208280355714	0	0	2.931508875739645	3.5844182701898526	CFB
epidermal cell differentiation (GO:0009913)	1/53	0.29442785660299275	0.39133208280355714	0	0	2.931508875739645	3.5844182701898526	CLIC4
heart morphogenesis (GO:0003007)	1/53	0.29442785660299275	0.39133208280355714	0	0	2.931508875739645	3.5844182701898526	TCAP
positive regulation of phagocytosis (GO:0050766)	1/53	0.29442785660299275	0.39133208280355714	0	0	2.931508875739645	3.5844182701898526	APOA1
regulation of cyclin-dependent protein kinase activity (GO:1904029)	1/54	0.29906162642283773	0.394998846184396	0	0	2.876052249637155	3.471698829323926	CCNE1
regulation of humoral immune response (GO:0002920)	1/54	0.29906162642283773	0.394998846184396	0	0	2.876052249637155	3.471698829323926	CFB
negative regulation of viral genome replication (GO:0045071)	1/54	0.29906162642283773	0.394998846184396	0	0	2.876052249637155	3.471698829323926	ISG15
glycosaminoglycan metabolic process (GO:0030203)	1/54	0.29906162642283773	0.394998846184396	0	0	2.876052249637155	3.471698829323926	GPC6
striated muscle contraction (GO:0006941)	1/54	0.29906162642283773	0.394998846184396	0	0	2.876052249637155	3.471698829323926	TCAP
unsaturated fatty acid metabolic process (GO:0033559)	1/54	0.29906162642283773	0.394998846184396	0	0	2.876052249637155	3.471698829323926	ALOX5
cellular protein-containing complex assembly (GO:0034622)	2/168	0.30138004232050863	0.397230837844758	0	0	1.840198001307556	2.2071025887324356	HSP90AA1;HSPA4
DNA-templated transcription, initiation (GO:0006352)	2/168	0.30138004232050863	0.397230837844758	0	0	1.840198001307556	2.2071025887324356	NPPA;POLR2H
negative regulation of cysteine-type endopeptidase activity involved in apoptotic process (GO:0043154)	1/55	0.3036651952121775	0.39816681197945264	0	0	2.822649572649573	3.364117074082027	MMP9
regulation of cardiac conduction (GO:1903779)	1/55	0.3036651952121775	0.39816681197945264	0	0	2.822649572649573	3.364117074082027	NPPA
regulation of gene silencing by RNA (GO:0060966)	1/55	0.3036651952121775	0.39816681197945264	0	0	2.822649572649573	3.364117074082027	POLR2H
regulation of posttranscriptional gene silencing (GO:0060147)	1/55	0.3036651952121775	0.39816681197945264	0	0	2.822649572649573	3.364117074082027	POLR2H
triglyceride metabolic process (GO:0006641)	1/55	0.3036651952121775	0.39816681197945264	0	0	2.822649572649573	3.364117074082027	FABP2
regulation of cell cycle (GO:0051726)	3/296	0.30656482574569127	0.40155226916326814	0	0	1.5659129692832765	1.8514196842181003	CHEK1;TTLL12;BMP7
nuclear-transcribed mRNA catabolic process, deadenylation-dependent decay (GO:0000288)	1/56	0.3082387582984377	0.40207821515915926	0	0	2.771188811188811	3.2613583703120255	CNOT7
DNA damage response, signal transduction by p53 class mediator resulting in cell cycle arrest (GO:0006977)	1/56	0.3082387582984377	0.40207821515915926	0	0	2.771188811188811	3.2613583703120255	CNOT7
glycosaminoglycan catabolic process (GO:0006027)	1/56	0.3082387582984377	0.40207821515915926	0	0	2.771188811188811	3.2613583703120255	GPC6
positive regulation of interleukin-1 beta production (GO:0032731)	1/56	0.3082387582984377	0.40207821515915926	0	0	2.771188811188811	3.2613583703120255	HSPB1
arachidonic acid metabolic process (GO:0019369)	1/57	0.31278250973806404	0.4054944536501671	0	0	2.721565934065934	3.163132351195512	ALOX5
regulation of reactive oxygen species metabolic process (GO:2000377)	1/57	0.31278250973806404	0.4054944536501671	0	0	2.721565934065934	3.163132351195512	ALOX5
renal system development (GO:0072001)	1/57	0.31278250973806404	0.4054944536501671	0	0	2.721565934065934	3.163132351195512	REN
positive regulation of interferon-gamma production (GO:0032729)	1/57	0.31278250973806404	0.4054944536501671	0	0	2.721565934065934	3.163132351195512	ISG15
icosanoid metabolic process (GO:0006690)	1/57	0.31278250973806404	0.4054944536501671	0	0	2.721565934065934	3.163132351195512	ALOX5
ribosomal large subunit biogenesis (GO:0042273)	1/57	0.31278250973806404	0.4054944536501671	0	0	2.721565934065934	3.163132351195512	GTF3A
extracellular matrix organization (GO:0030198)	3/300	0.3137273217147594	0.4063025969748524	0	0	1.5445075757575757	1.790441173585107	SERPINH1;CAPG;MMP9
cation transport (GO:0006812)	2/174	0.31585495151582393	0.4079989379190846	0	0	1.775464214890932	2.046173123062374	SLC5A9;KCNJ1
regulation of calcium ion transport (GO:0051924)	1/58	0.3172966423848577	0.4079989379190846	0	0	2.6736842105263157	3.069170665465753	P2RX4
negative regulation of neuron projection development (GO:0010977)	1/58	0.3172966423848577	0.4079989379190846	0	0	2.6736842105263157	3.069170665465753	FKBP4
chordate embryonic development (GO:0043009)	1/58	0.3172966423848577	0.4079989379190846	0	0	2.6736842105263157	3.069170665465753	BMP7
regulation of pathway-restricted SMAD protein phosphorylation (GO:0060393)	1/58	0.3172966423848577	0.4079989379190846	0	0	2.6736842105263157	3.069170665465753	BMP7
regulation of phagocytosis (GO:0050764)	1/58	0.3172966423848577	0.4079989379190846	0	0	2.6736842105263157	3.069170665465753	APOA1
regulation of tumor necrosis factor-mediated signaling pathway (GO:0010803)	1/58	0.3172966423848577	0.4079989379190846	0	0	2.6736842105263157	3.069170665465753	APOA1
protein polymerization (GO:0051258)	1/59	0.32178134786200596	0.4125067177460198	0	0	2.627453580901857	2.979224969691473	MSRB1
phospholipid transport (GO:0015914)	1/59	0.32178134786200596	0.4125067177460198	0	0	2.627453580901857	2.979224969691473	APOA1
response to reactive oxygen species (GO:0000302)	1/59	0.32178134786200596	0.4125067177460198	0	0	2.627453580901857	2.979224969691473	MMP9
negative regulation of immune response (GO:0050777)	2/178	0.32546920591785894	0.41610831077334515	0	0	1.7347603946441157	1.947246732338217	PTH;RXFP2
regulation of translation (GO:0006417)	2/178	0.32546920591785894	0.41610831077334515	0	0	1.7347603946441157	1.947246732338217	CNOT7;HSPB1
Notch signaling pathway (GO:0007219)	1/60	0.32623681643701347	0.41610831077334515	0	0	2.5827900912646675	2.8930651345761484	HES3
peptidyl-threonine phosphorylation (GO:0018107)	1/60	0.32623681643701347	0.41610831077334515	0	0	2.5827900912646675	2.8930651345761484	CHEK1
ribonucleoprotein complex biogenesis (GO:0022613)	1/60	0.32623681643701347	0.41610831077334515	0	0	2.5827900912646675	2.8930651345761484	GTF3A
protein stabilization (GO:0050821)	2/179	0.3278675887480608	0.41776676630801296	0	0	1.7248718959400866	1.923483037871514	HSP90AA1;APOA1
B cell differentiation (GO:0030183)	1/61	0.3306632373744845	0.4192159799812923	0	0	2.539615384615385	2.8104776349330467	DNAJB9
pattern recognition receptor signaling pathway (GO:0002221)	1/61	0.3306632373744845	0.4192159799812923	0	0	2.539615384615385	2.8104776349330467	HSP90B1
positive regulation of DNA biosynthetic process (GO:2000573)	1/61	0.3306632373744845	0.4192159799812923	0	0	2.539615384615385	2.8104776349330467	HSP90AA1
iron ion homeostasis (GO:0055072)	1/61	0.3306632373744845	0.4192159799812923	0	0	2.539615384615385	2.8104776349330467	B2M
protein lipidation (GO:0006497)	1/61	0.3306632373744845	0.4192159799812923	0	0	2.539615384615385	2.8104776349330467	PIGP
negative regulation of cytokine production (GO:0001818)	2/182	0.33504910712102853	0.4230937555871678	0	0	1.695865633074935	1.8543920481373335	APOA1;ISG15
negative regulation of kinase activity (GO:0033673)	1/62	0.3350607985306605	0.4230937555871678	0	0	2.4978562421185373	2.731264111042341	HSPB1
positive regulation of cysteine-type endopeptidase activity (GO:2001056)	1/62	0.3350607985306605	0.4230937555871678	0	0	2.4978562421185373	2.731264111042341	CIDEB
positive regulation of interleukin-1 production (GO:0032732)	1/62	0.3350607985306605	0.4230937555871678	0	0	2.4978562421185373	2.731264111042341	HSPB1
negative regulation of endopeptidase activity (GO:0010951)	1/63	0.3394296866616383	0.42690460093563265	0	0	2.4574441687344915	2.6552400701818284	SERPINH1
negative regulation of peptidase activity (GO:0010466)	1/63	0.3394296866616383	0.42690460093563265	0	0	2.4574441687344915	2.6552400701818284	SERPINH1
cellular response to reactive oxygen species (GO:0034614)	1/63	0.3394296866616383	0.42690460093563265	0	0	2.4574441687344915	2.6552400701818284	MMP9
positive regulation of Ras protein signal transduction (GO:0046579)	1/63	0.3394296866616383	0.42690460093563265	0	0	2.4574441687344915	2.6552400701818284	APOA1
protein secretion (GO:0009306)	1/64	0.34377008725903546	0.4306495443958581	0	0	2.418315018315018	2.582233720987442	PDIA4
lipid homeostasis (GO:0055088)	1/64	0.34377008725903546	0.4306495443958581	0	0	2.418315018315018	2.582233720987442	APOA1
pre-replicative complex assembly (GO:0036388)	1/64	0.34377008725903546	0.4306495443958581	0	0	2.418315018315018	2.582233720987442	MCM5
protein catabolic process (GO:0030163)	1/64	0.34377008725903546	0.4306495443958581	0	0	2.418315018315018	2.582233720987442	HSP90AA1
BMP signaling pathway (GO:0030509)	1/65	0.34808218466161406	0.4326213189894594	0	0	2.3804086538461537	2.512084920173941	BMP7
regulation of cell-matrix adhesion (GO:0001952)	1/65	0.34808218466161406	0.4326213189894594	0	0	2.3804086538461537	2.512084920173941	PLAU
regulation of cellular catabolic process (GO:0031329)	1/65	0.34808218466161406	0.4326213189894594	0	0	2.3804086538461537	2.512084920173941	HSPB1
cellular response to type I interferon (GO:0071357)	1/65	0.34808218466161406	0.4326213189894594	0	0	2.3804086538461537	2.512084920173941	ISG15
inorganic anion transmembrane transport (GO:0098661)	1/65	0.34808218466161406	0.4326213189894594	0	0	2.3804086538461537	2.512084920173941	ANO9
steroid biosynthetic process (GO:0006694)	1/65	0.34808218466161406	0.4326213189894594	0	0	2.3804086538461537	2.512084920173941	CYP46A1
type I interferon signaling pathway (GO:0060337)	1/65	0.34808218466161406	0.4326213189894594	0	0	2.3804086538461537	2.512084920173941	ISG15
mitotic G1 DNA damage checkpoint signaling (GO:0031571)	1/65	0.34808218466161406	0.4326213189894594	0	0	2.3804086538461537	2.512084920173941	CNOT7
regulation of mitotic cell cycle phase transition (GO:1901990)	2/188	0.34934440646821713	0.4336086875181556	0	0	1.6406601650412602	1.725477382397879	HSP90AA1;DYNLL1
transcription by RNA polymerase II (GO:0006366)	3/320	0.349562699826741	0.4336086875181556	0	0	1.445583596214511	1.5194129255529392	NPPA;NABP1;POLR2H
proteasome-mediated ubiquitin-dependent protein catabolic process (GO:0043161)	3/321	0.3513521173357813	0.43495198130411294	0	0	1.440964033018868	1.5071999262309657	HSPA5;DNAJB9;HSP90B1
regulation of protein localization (GO:0032880)	1/66	0.3523661620691548	0.43495198130411294	0	0	2.3436686390532544	2.444644221713126	HSP90AA1
ERBB signaling pathway (GO:0038127)	1/66	0.3523661620691548	0.43495198130411294	0	0	2.3436686390532544	2.444644221713126	HSP90AA1
positive regulation of cell cycle (GO:0045787)	1/66	0.3523661620691548	0.43495198130411294	0	0	2.3436686390532544	2.444644221713126	CHEK1
positive regulation of cell death (GO:0010942)	1/66	0.3523661620691548	0.43495198130411294	0	0	2.3436686390532544	2.444644221713126	CIDEB
cellular response to oxygen-containing compound (GO:1901701)	3/323	0.3549294376625359	0.43768859434677593	0	0	1.4318115234375	1.4831223169603125	P2RX4;MMP9;HSP90B1
anion transmembrane transport (GO:0098656)	1/67	0.3566222013839577	0.43806653308972066	0	0	2.308041958041958	2.379772017624197	SLC13A1
regulation of gene silencing by miRNA (GO:0060964)	1/67	0.3566222013839577	0.43806653308972066	0	0	2.308041958041958	2.379772017624197	POLR2H
peptidyl-threonine modification (GO:0018210)	1/67	0.3566222013839577	0.43806653308972066	0	0	2.308041958041958	2.379772017624197	CHEK1
transcription elongation from RNA polymerase II promoter (GO:0006368)	1/67	0.3566222013839577	0.43806653308972066	0	0	2.308041958041958	2.379772017624197	POLR2H
regulation of translational initiation (GO:0006446)	1/68	0.3608504834564241	0.4419719099698838	0	0	2.2734787600459243	2.3173377567270332	HSPB1
regulation of tyrosine phosphorylation of STAT protein (GO:0042509)	1/68	0.3608504834564241	0.4419719099698838	0	0	2.2734787600459243	2.3173377567270332	CNOT7
interferon-gamma-mediated signaling pathway (GO:0060333)	1/68	0.3608504834564241	0.4419719099698838	0	0	2.2734787600459243	2.3173377567270332	B2M
negative regulation of macromolecule metabolic process (GO:0010605)	2/194	0.36353730577113685	0.4448317081265411	0	0	1.58890503875969	1.6077706769825335	CNOT7;PTH
cell chemotaxis (GO:0060326)	1/69	0.36505118796267055	0.4449611394260517	0	0	2.2399321266968326	2.257219237966515	CXCR3
cellular response to calcium ion (GO:0071277)	1/69	0.36505118796267055	0.4449611394260517	0	0	2.2399321266968326	2.257219237966515	CLIC4
DNA-templated transcription, elongation (GO:0006354)	1/69	0.36505118796267055	0.4449611394260517	0	0	2.2399321266968326	2.257219237966515	POLR2H
positive regulation of protein polymerization (GO:0032273)	1/69	0.36505118796267055	0.4449611394260517	0	0	2.2399321266968326	2.257219237966515	HSP90AA1
carbohydrate homeostasis (GO:0033500)	1/70	0.3692244932955234	0.4481865234596029	0	0	2.2073578595317724	2.1993019679968873	ALOX5
negative regulation of viral process (GO:0048525)	1/70	0.3692244932955234	0.4481865234596029	0	0	2.2073578595317724	2.1993019679968873	ISG15
DNA-templated transcription, termination (GO:0006353)	1/70	0.3692244932955234	0.4481865234596029	0	0	2.2073578595317724	2.1993019679968873	POLR2H
regulation of plasma membrane bounded cell projection assembly (GO:0120032)	1/70	0.3692244932955234	0.4481865234596029	0	0	2.2073578595317724	2.1993019679968873	P2RX4
negative regulation of intracellular signal transduction (GO:1902532)	2/198	0.372935675611811	0.4481865234596029	0	0	1.5561619996835945	1.5349193389941884	BMP7;MMP9
regulation of signal transduction (GO:0009966)	2/198	0.372935675611811	0.4481865234596029	0	0	1.5561619996835945	1.5349193389941884	RGS2;NUCKS1
protein tetramerization (GO:0051262)	1/71	0.3733705769010774	0.4481865234596029	0	0	2.1757142857142857	2.1434785738462874	B2M
regulation of endopeptidase activity (GO:0052548)	1/71	0.3733705769010774	0.4481865234596029	0	0	2.1757142857142857	2.1434785738462874	SERPINH1
cellular response to BMP stimulus (GO:0071773)	1/71	0.3733705769010774	0.4481865234596029	0	0	2.1757142857142857	2.1434785738462874	BMP7
regulation of hematopoietic stem cell differentiation (GO:1902036)	1/71	0.3733705769010774	0.4481865234596029	0	0	2.1757142857142857	2.1434785738462874	GATA1
cholesterol homeostasis (GO:0042632)	1/71	0.3733705769010774	0.4481865234596029	0	0	2.1757142857142857	2.1434785738462874	APOA1
nucleic acid metabolic process (GO:0090304)	1/71	0.3733705769010774	0.4481865234596029	0	0	2.1757142857142857	2.1434785738462874	POLR2H
fatty acid biosynthetic process (GO:0006633)	1/71	0.3733705769010774	0.4481865234596029	0	0	2.1757142857142857	2.1434785738462874	ALOX5
Fc-gamma receptor signaling pathway involved in phagocytosis (GO:0038096)	1/71	0.3733705769010774	0.4481865234596029	0	0	2.1757142857142857	2.1434785738462874	HSP90AA1
gland development (GO:0048732)	1/71	0.3733705769010774	0.4481865234596029	0	0	2.1757142857142857	2.1434785738462874	PRL
myeloid leukocyte differentiation (GO:0002573)	1/71	0.3733705769010774	0.4481865234596029	0	0	2.1757142857142857	2.1434785738462874	MMP9
positive regulation of cell population proliferation (GO:0008284)	4/474	0.37654192447478085	0.45098948325864663	0	0	1.299983246775004	1.2697272868727667	TIPIN;CNOT7;EGR4;PRL
Fc-gamma receptor signaling pathway (GO:0038094)	1/72	0.3774896149427596	0.45098948325864663	0	0	2.144962080173348	2.089648271564957	HSP90AA1
response to ionizing radiation (GO:0010212)	1/72	0.3774896149427596	0.45098948325864663	0	0	2.144962080173348	2.089648271564957	NABP1
sterol homeostasis (GO:0055092)	1/72	0.3774896149427596	0.45098948325864663	0	0	2.144962080173348	2.089648271564957	APOA1
positive regulation of secretion by cell (GO:1903532)	1/72	0.3774896149427596	0.45098948325864663	0	0	2.144962080173348	2.089648271564957	P2RX4
antigen processing and presentation of exogenous peptide antigen via MHC class I, TAP-dependent (GO:0002479)	1/73	0.3815817824645011	0.45288204040857216	0	0	2.1150641025641024	2.037716378427825	B2M
regulation of hydrolase activity (GO:0051336)	1/73	0.3815817824645011	0.45288204040857216	0	0	2.1150641025641024	2.037716378427825	APOA1
defense response to Gram-negative bacterium (GO:0050829)	1/73	0.3815817824645011	0.45288204040857216	0	0	2.1150641025641024	2.037716378427825	MR1
endoplasmic reticulum organization (GO:0007029)	1/73	0.3815817824645011	0.45288204040857216	0	0	2.1150641025641024	2.037716378427825	TRAM2
regulation of Rho protein signal transduction (GO:0035023)	1/73	0.3815817824645011	0.45288204040857216	0	0	2.1150641025641024	2.037716378427825	APOA1
insulin receptor signaling pathway (GO:0008286)	1/73	0.3815817824645011	0.45288204040857216	0	0	2.1150641025641024	2.037716378427825	ATP6V0E1
transcription-coupled nucleotide-excision repair (GO:0006283)	1/73	0.3815817824645011	0.45288204040857216	0	0	2.1150641025641024	2.037716378427825	POLR2H
generation of neurons (GO:0048699)	2/202	0.38227886557300383	0.45302800036556984	0	0	1.5247286821705426	1.4661866056690565	HES6;HES3
regulation of cell population proliferation (GO:0042127)	6/764	0.3847467835878136	0.45302800036556984	0	0	1.2101952506596303	1.155942035459481	TIPIN;CNOT7;EGR4;CDCA7;PRL;S100A11
proteolysis involved in cellular protein catabolic process (GO:0051603)	1/74	0.38564725347575407	0.45302800036556984	0	0	2.085985247629083	1.987593867677253	ISG15
negative regulation of protein binding (GO:0032091)	1/74	0.38564725347575407	0.45302800036556984	0	0	2.085985247629083	1.987593867677253	B2M
cellular response to amino acid starvation (GO:0034198)	1/74	0.38564725347575407	0.45302800036556984	0	0	2.085985247629083	1.987593867677253	ATP6V0E1
NIK/NF-kappaB signaling (GO:0038061)	1/74	0.38564725347575407	0.45302800036556984	0	0	2.085985247629083	1.987593867677253	ZFP91
DNA damage response, signal transduction by p53 class mediator (GO:0030330)	1/74	0.38564725347575407	0.45302800036556984	0	0	2.085985247629083	1.987593867677253	CNOT7
regulation of peptide hormone secretion (GO:0090276)	1/74	0.38564725347575407	0.45302800036556984	0	0	2.085985247629083	1.987593867677253	ALOX5
regulation of stress fiber assembly (GO:0051492)	1/74	0.38564725347575407	0.45302800036556984	0	0	2.085985247629083	1.987593867677253	APOA1
Fc receptor mediated stimulatory signaling pathway (GO:0002431)	1/74	0.38564725347575407	0.45302800036556984	0	0	2.085985247629083	1.987593867677253	HSP90AA1
mitotic nuclear division (GO:0140014)	1/74	0.38564725347575407	0.45302800036556984	0	0	2.085985247629083	1.987593867677253	SMC1A
regulation of hematopoietic progenitor cell differentiation (GO:1901532)	1/75	0.3896862007199225	0.4569233373933043	0	0	2.0576923076923075	1.9391969628488115	GATA1
response to amino acid starvation (GO:1990928)	1/75	0.3896862007199225	0.4569233373933043	0	0	2.0576923076923075	1.9391969628488115	ATP6V0E1
actomyosin structure organization (GO:0031032)	1/76	0.3936987960431698	0.45908499732397906	0	0	2.030153846153846	1.8924467629967627	TCAP
regulation of cell division (GO:0051302)	1/76	0.3936987960431698	0.45908499732397906	0	0	2.030153846153846	1.8924467629967627	CDK2AP2
cellular response to hormone stimulus (GO:0032870)	1/76	0.3936987960431698	0.45908499732397906	0	0	2.030153846153846	1.8924467629967627	GATA1
positive regulation of growth (GO:0045927)	1/76	0.3936987960431698	0.45908499732397906	0	0	2.030153846153846	1.8924467629967627	AGR2
water-soluble vitamin metabolic process (GO:0006767)	1/76	0.3936987960431698	0.45908499732397906	0	0	2.030153846153846	1.8924467629967627	ACP5
regulation of protein kinase B signaling (GO:0051896)	2/207	0.3938750063329707	0.45908499732397906	0	0	1.4871620344110421	1.3856210835932536	HSP90AA1;P2RX4
post-translational protein modification (GO:0043687)	3/345	0.3940721693801561	0.45908499732397906	0	0	1.3381990131578947	1.2461593115366358	APOA1;PDIA6;HSP90B1
phosphatidylcholine metabolic process (GO:0046470)	1/77	0.39768520999592366	0.46159238331941926	0	0	2.0033400809716597	1.847268902960126	APOA1
inorganic cation import across plasma membrane (GO:0098659)	1/77	0.39768520999592366	0.46159238331941926	0	0	2.0033400809716597	1.847268902960126	KCNJ1
positive regulation of protein modification by small protein conjugation or removal (GO:1903322)	1/77	0.39768520999592366	0.46159238331941926	0	0	2.0033400809716597	1.847268902960126	HSPBP1
positive regulation of tumor necrosis factor production (GO:0032760)	1/77	0.39768520999592366	0.46159238331941926	0	0	2.0033400809716597	1.847268902960126	HSPB1
negative regulation of apoptotic signaling pathway (GO:2001234)	1/78	0.40164561203881466	0.4653346045985901	0	0	1.9772227772227773	1.803593238343446	MMP9
antigen processing and presentation of exogenous peptide antigen via MHC class I (GO:0042590)	1/78	0.40164561203881466	0.4653346045985901	0	0	1.9772227772227773	1.803593238343446	B2M
phosphate-containing compound metabolic process (GO:0006796)	2/212	0.40537324901120714	0.46817656239483135	0	0	1.451384274640089	1.3105231256809875	NUDT5;XYLB
axon development (GO:0061564)	1/79	0.4055801707455224	0.46817656239483135	0	0	1.951775147928994	1.7613535560282274	PLP1
positive regulation of proteasomal ubiquitin-dependent protein catabolic process (GO:0032436)	1/79	0.4055801707455224	0.46817656239483135	0	0	1.951775147928994	1.7613535560282274	HSPBP1
positive regulation of ubiquitin-dependent protein catabolic process (GO:2000060)	1/79	0.4055801707455224	0.46817656239483135	0	0	1.951775147928994	1.7613535560282274	HSPBP1
negative regulation of cell cycle (GO:0045786)	1/80	0.4094890533403055	0.4688352929548425	0	0	1.9269717624148004	1.720487310971666	BMP7
negative regulation of extrinsic apoptotic signaling pathway (GO:2001237)	1/80	0.4094890533403055	0.4688352929548425	0	0	1.9269717624148004	1.720487310971666	GATA1
regulation of fat cell differentiation (GO:0045598)	1/80	0.4094890533403055	0.4688352929548425	0	0	1.9269717624148004	1.720487310971666	ALOX5
regulation of NIK/NF-kappaB signaling (GO:1901222)	1/80	0.4094890533403055	0.4688352929548425	0	0	1.9269717624148004	1.720487310971666	BMP7
regulation of organelle organization (GO:0033043)	1/80	0.4094890533403055	0.4688352929548425	0	0	1.9269717624148004	1.720487310971666	CLIC4
regulation of protein localization to plasma membrane (GO:1903076)	1/80	0.4094890533403055	0.4688352929548425	0	0	1.9269717624148004	1.720487310971666	AGR2
positive regulation of cell adhesion (GO:0045785)	1/80	0.4094890533403055	0.4688352929548425	0	0	1.9269717624148004	1.720487310971666	AGR2
response to interferon-gamma (GO:0034341)	1/80	0.4094890533403055	0.4688352929548425	0	0	1.9269717624148004	1.720487310971666	GBP6
skin development (GO:0043588)	1/80	0.4094890533403055	0.4688352929548425	0	0	1.9269717624148004	1.720487310971666	CLIC4
positive regulation of protein modification process (GO:0031401)	2/214	0.4099438206520952	0.4689312120400437	0	0	1.4375457071815123	1.2819100389414764	HSP90AA1;MMP9
positive regulation of tumor necrosis factor superfamily cytokine production (GO:1903557)	1/81	0.41337242618858927	0.4724256299298163	0	0	1.9027884615384616	1.6809353792517892	HSPB1
regulation of cyclin-dependent protein serine/threonine kinase activity (GO:0000079)	1/82	0.41723045440387496	0.47468883381322946	0	0	1.8792022792022791	1.6426418344463662	CCNE1
regulation of G protein-coupled receptor signaling pathway (GO:0008277)	1/82	0.41723045440387496	0.47468883381322946	0	0	1.8792022792022791	1.6426418344463662	RGS2
regulation of gene expression, epigenetic (GO:0040029)	1/82	0.41723045440387496	0.47468883381322946	0	0	1.8792022792022791	1.6426418344463662	POLR2H
ephrin receptor signaling pathway (GO:0048013)	1/82	0.41723045440387496	0.47468883381322946	0	0	1.8792022792022791	1.6426418344463662	MMP9
positive regulation of protein ubiquitination (GO:0031398)	1/82	0.41723045440387496	0.47468883381322946	0	0	1.8792022792022791	1.6426418344463662	HSPBP1
regulation of defense response (GO:0031347)	1/83	0.42106330223634186	0.4777594380850414	0	0	1.8561913696060035	1.6055537376823723	ALOX5
regulation of osteoblast differentiation (GO:0045667)	1/83	0.42106330223634186	0.4777594380850414	0	0	1.8561913696060035	1.6055537376823723	BMP7
epidermis development (GO:0008544)	1/83	0.42106330223634186	0.4777594380850414	0	0	1.8561913696060035	1.6055537376823723	ZNF750
spindle assembly (GO:0051225)	1/84	0.42487113264784415	0.4812160498807124	0	0	1.833734939759036	1.569620947250916	SMC1A
lymphocyte differentiation (GO:0030098)	1/84	0.42487113264784415	0.4812160498807124	0	0	1.833734939759036	1.569620947250916	DNAJB9
transcription, DNA-templated (GO:0006351)	2/221	0.425805188978693	0.4818422192202936	0	0	1.3911011999575236	1.1876851180085306	GTF3A;POLR2H
B cell activation (GO:0042113)	1/85	0.4286541078283712	0.48376677883487607	0	0	1.8118131868131868	1.534795938460661	DNAJB9
retrograde vesicle-mediated transport, Golgi to endoplasmic reticulum (GO:0006890)	1/85	0.4286541078283712	0.48376677883487607	0	0	1.8118131868131868	1.534795938460661	ERGIC1
positive regulation of protein catabolic process (GO:0045732)	1/85	0.4286541078283712	0.48376677883487607	0	0	1.8118131868131868	1.534795938460661	HSP90AA1
negative regulation of cellular amide metabolic process (GO:0034249)	1/86	0.43241238866754017	0.4867045941903568	0	0	1.7904072398190043	1.5010336413104233	CNOT7
regulation of interferon-gamma production (GO:0032649)	1/86	0.43241238866754017	0.4867045941903568	0	0	1.7904072398190043	1.5010336413104233	ISG15
positive regulation of proteasomal protein catabolic process (GO:1901800)	1/86	0.43241238866754017	0.4867045941903568	0	0	1.7904072398190043	1.5010336413104233	HSPBP1
protein transport (GO:0015031)	3/369	0.43606604202065985	0.4895992139295892	0	0	1.2489113729508197	1.036548449604455	ATP6V0E1;PDIA4;HSP90B1
calcium ion transmembrane transport (GO:0070588)	1/87	0.4361461351936056	0.4895992139295892	0	0	1.769499105545617	1.4682912860531891	P2RX4
regulation of transcription from RNA polymerase II promoter in response to stress (GO:0043618)	1/87	0.4361461351936056	0.4895992139295892	0	0	1.769499105545617	1.4682912860531891	CHEK1
sensory perception of mechanical stimulus (GO:0050954)	1/88	0.4398555062916063	0.49288773045442413	0	0	1.7490716180371353	1.436528262928994	P2RX4
positive regulation of neuron projection development (GO:0010976)	1/88	0.4398555062916063	0.49288773045442413	0	0	1.7490716180371353	1.436528262928994	BMP7
regulation of cation channel activity (GO:2001257)	1/89	0.4435406599599452	0.4956988454371094	0	0	1.7291083916083916	1.405705989819677	MMP9
collagen fibril organization (GO:0030199)	1/89	0.4435406599599452	0.4956988454371094	0	0	1.7291083916083916	1.405705989819677	SERPINH1
transforming growth factor beta receptor signaling pathway (GO:0007179)	1/89	0.4435406599599452	0.4956988454371094	0	0	1.7291083916083916	1.405705989819677	APOA1
negative regulation of protein kinase activity (GO:0006469)	1/90	0.4472017530075081	0.4980290888118856	0	0	1.709593777009507	1.375787791489654	HSPB1
negative regulation of translation (GO:0017148)	1/90	0.4472017530075081	0.4980290888118856	0	0	1.709593777009507	1.375787791489654	CNOT7
sodium ion transport (GO:0006814)	1/90	0.4472017530075081	0.4980290888118856	0	0	1.709593777009507	1.375787791489654	SLC5A9
protein complex oligomerization (GO:0051259)	1/90	0.4472017530075081	0.4980290888118856	0	0	1.709593777009507	1.375787791489654	MAT2A
regulation of autophagy (GO:0010506)	2/231	0.448077282393625	0.4985648635083996	0	0	1.3296773975153178	1.0674511277096193	ATP6V0E1;HSPB1
regulation of stem cell differentiation (GO:2000736)	1/91	0.45083894134441127	0.5003164371021386	0	0	1.6905128205128206	1.346738785032599	GATA1
toll-like receptor signaling pathway (GO:0002224)	1/91	0.45083894134441127	0.5003164371021386	0	0	1.6905128205128206	1.346738785032599	HSP90B1
positive regulation of transport (GO:0051050)	1/91	0.45083894134441127	0.5003164371021386	0	0	1.6905128205128206	1.346738785032599	APOA1
negative regulation of cell population proliferation (GO:0008285)	3/379	0.4532585445615207	0.5025603511629492	0	0	1.2150723071808511	0.9614776981163552	CNOT7;B2M;S100A11
positive regulation of cellular component biogenesis (GO:0044089)	1/92	0.45445237990743537	0.5030015833651473	0	0	1.6718512256973797	1.318525774673755	BMP7
positive regulation of transmembrane receptor protein serine/threonine kinase signaling pathway (GO:0090100)	1/92	0.45445237990743537	0.5030015833651473	0	0	1.6718512256973797	1.318525774673755	BMP7
regulation of epithelial cell proliferation (GO:0050678)	1/93	0.4580422225383953	0.5060886095179472	0	0	1.6535953177257523	1.2911171539636297	B2M
positive regulation of peptidyl-serine phosphorylation (GO:0033138)	1/93	0.4580422225383953	0.5060886095179472	0	0	1.6535953177257523	1.2911171539636297	HSP90AA1
negative regulation of cellular protein metabolic process (GO:0032269)	1/94	0.4616086222221189	0.5095836668024089	0	0	1.6357320099255583	1.2644828133338064	CNOT7
protein maturation (GO:0051604)	1/97	0.47216867746164864	0.5203323524947897	0	0	1.584375	1.1889450868592453	DNAJB11
glycosaminoglycan biosynthetic process (GO:0006024)	1/97	0.47216867746164864	0.5203323524947897	0	0	1.584375	1.1889450868592453	GPC6
regulation of peptidyl-serine phosphorylation (GO:0033135)	1/98	0.47564281459284896	0.5237042836632065	0	0	1.5679619349722442	1.1651338487722471	HSP90AA1
negative regulation of cellular macromolecule biosynthetic process (GO:2000113)	4/547	0.4832489870827085	0.5316159440143983	0	0	1.1209814242832905	0.81520376234576	CNOT7;PRMT2;BMP7;S100A11
positive regulation of protein localization to membrane (GO:1905477)	1/101	0.4859296547793063	0.5341000727313419	0	0	1.5206923076923078	1.0974705739056227	AGR2
phosphorylation (GO:0016310)	3/400	0.4886411525303649	0.5345659182835867	0	0	1.14955919395466	0.8232302599852185	CCNE1;CHEK1;XYLB
protein O-linked glycosylation (GO:0006493)	1/102	0.4893138983023021	0.5345659182835867	0	0	1.5055597867479056	1.0761004785095143	B3GLCT
regulation of proteasomal ubiquitin-dependent protein catabolic process (GO:0032434)	1/102	0.4893138983023021	0.5345659182835867	0	0	1.5055597867479056	1.0761004785095143	HSPBP1
positive regulation of cellular protein metabolic process (GO:0032270)	1/102	0.4893138983023021	0.5345659182835867	0	0	1.5055597867479056	1.0761004785095143	HSP90AA1
intrinsic apoptotic signaling pathway (GO:0097193)	1/102	0.4893138983023021	0.5345659182835867	0	0	1.5055597867479056	1.0761004785095143	CIDEB
positive regulation of vasculature development (GO:1904018)	1/102	0.4893138983023021	0.5345659182835867	0	0	1.5055597867479056	1.0761004785095143	HSPB1
mitotic sister chromatid segregation (GO:0000070)	1/102	0.4893138983023021	0.5345659182835867	0	0	1.5055597867479056	1.0761004785095143	SMC1A
RNA splicing, via transesterification reactions with bulged adenosine as nucleophile (GO:0000377)	2/251	0.491134672495858	0.5360917323270851	0	0	1.2216307088820395	0.8686245204063311	POLR2H;ELAVL2
chromatin remodeling (GO:0006338)	1/103	0.4926760314088613	0.5373101843837796	0	0	1.4907239819004523	1.0552886617859485	NUDT5
positive regulation of phosphorylation (GO:0042327)	2/253	0.4953250783487207	0.5397335336489508	0	0	1.211773062787609	0.8513202690288773	HSP90AA1;MMP9
regulation of insulin secretion (GO:0050796)	1/104	0.496016197552214	0.5400210798501278	0	0	1.4761762509335326	1.0350161016980663	ALOX5
nucleotide-excision repair (GO:0006289)	1/105	0.4993345391220597	0.542698931599556	0	0	1.4619082840236686	1.0152645867761303	POLR2H
positive regulation of cellular metabolic process (GO:0031325)	1/105	0.4993345391220597	0.542698931599556	0	0	1.4619082840236686	1.0152645867761303	APOA1
protein localization to nucleus (GO:0034504)	1/106	0.5026311976365985	0.5458125720040038	0	0	1.447912087912088	0.9960166740217916	BMP7
positive regulation of cell differentiation (GO:0045597)	2/258	0.5057059117502072	0.5484267413599044	0	0	1.1878028100775193	0.8098439330251682	GLIPR2;BMP7
response to calcium ion (GO:0051592)	1/107	0.5059063136278865	0.5484267413599044	0	0	1.434179970972424	0.97725565022304	CLIC4
cellular component assembly (GO:0022607)	2/261	0.5118684201496257	0.5544144670686606	0	0	1.1738648947951271	0.7861228566975919	TCAP;CAPG
positive regulation of transcription, DNA-templated (GO:0045893)	8/1183	0.5150539828193271	0.5573871868866691	0	0	1.0347829095312229	0.6865614515437787	H1-6;EGR4;PRMT2;PTH;CHEK1;GATA1;BMP7;ZNF750
regulation of protein kinase activity (GO:0045859)	1/110	0.5156037993562202	0.5575048780036461	0	0	1.3944954128440368	0.923736964670274	HSPB1
regulation of protein serine/threonine kinase activity (GO:0071900)	1/111	0.518794133457392	0.5604750296496953	0	0	1.3817482517482518	0.9067697125745418	CCNE1
regulation of macroautophagy (GO:0016241)	1/112	0.5219636146933403	0.5634175994640326	0	0	1.3692307692307693	0.8902155130639214	ATP6V0E1
protein-containing complex assembly (GO:0065003)	2/267	0.5240429035833148	0.5651793772434386	0	0	1.1469357905514117	0.7411289429524347	TCAP;CAPG
sulfur compound biosynthetic process (GO:0044272)	1/113	0.5251123782377586	0.5658499966688209	0	0	1.3569368131868131	0.8740613299953246	MAT2A
activation of protein kinase activity (GO:0032147)	1/114	0.5282405585345831	0.5668048098367682	0	0	1.344860449285228	0.8582946400248314	ZFP91
negative regulation of cell motility (GO:2000146)	1/114	0.5282405585345831	0.5668048098367682	0	0	1.344860449285228	0.8582946400248314	CLIC4
cellular response to transforming growth factor beta stimulus (GO:0071560)	1/114	0.5282405585345831	0.5668048098367682	0	0	1.344860449285228	0.8582946400248314	APOA1
positive regulation of cellular component organization (GO:0051130)	1/114	0.5282405585345831	0.5668048098367682	0	0	1.344860449285228	0.8582946400248314	BMP7
histone modification (GO:0016570)	1/114	0.5282405585345831	0.5668048098367682	0	0	1.344860449285228	0.8582946400248314	PRMT2
organelle assembly (GO:0070925)	3/425	0.5292860463323621	0.567444921598054	0	0	1.0800688684834123	0.687168179933414	UBXN10;DYNLL1;DYNLL2
calcium ion transport (GO:0006816)	1/115	0.531348289012283	0.5686911408226297	0	0	1.332995951417004	0.8429034090688156	P2RX4
cellular amide metabolic process (GO:0043603)	1/115	0.531348289012283	0.5686911408226297	0	0	1.332995951417004	0.8429034090688156	ACSL6
positive regulation of angiogenesis (GO:0045766)	1/116	0.5344357024328013	0.5715116141074964	0	0	1.3213377926421406	0.8278760684748477	HSPB1
regulation of nucleic acid-templated transcription (GO:1903506)	3/430	0.5372021113753432	0.5739843354001977	0	0	1.0671472482435598	0.663104900479146	HES6;DLX4;ELAVL2
mRNA splicing, via spliceosome (GO:0000398)	2/274	0.5379893919305193	0.5743400265204193	0	0	1.1170200638394894	0.6924590976039667	POLR2H;ELAVL2
regulation of protein binding (GO:0043393)	1/118	0.540550104467156	0.5765867780982997	0	0	1.2986193293885602	0.7988689854731565	B2M
regulation of intracellular signal transduction (GO:1902531)	3/437	0.5481585365901145	0.5842094352865975	0	0	1.0495571716589862	0.6309840459076367	CHEK1;HSPB1;REN
protein homooligomerization (GO:0051260)	1/121	0.5495725970000418	0.585223051902319	0	0	1.2659615384615384	0.7578228057755461	B2M
potassium ion transport (GO:0006813)	1/122	0.5525408464159853	0.5878885773314861	0	0	1.255435473617292	0.7447593723960024	KCNJ1
regulation of tumor necrosis factor production (GO:0032680)	1/124	0.5584192349873867	0.5936433246627896	0	0	1.2348968105065663	0.7195067998015446	HSPB1
positive regulation of programmed cell death (GO:0043068)	2/286	0.5612429238066508	0.5957352196048825	0	0	1.0691669396222294	0.6175523723961697	DNAJA1;PRMT2
cellular response to oxidative stress (GO:0034599)	1/125	0.5613296254346638	0.5957352196048825	0	0	1.224875930521092	0.7073009049820274	MMP9
nervous system development (GO:0007399)	3/447	0.5635484725189245	0.5967994290275324	0	0	1.025390625	0.5880635011700295	CAPG;CYP46A1;RBM45
circulatory system development (GO:0072359)	1/126	0.5642209791834661	0.5967994290275324	0	0	1.2150153846153846	0.6953646008048276	CACYBP
phosphatidylinositol biosynthetic process (GO:0006661)	1/126	0.5642209791834661	0.5967994290275324	0	0	1.2150153846153846	0.6953646008048276	PIGP
synapse organization (GO:0050808)	1/126	0.5642209791834661	0.5967994290275324	0	0	1.2150153846153846	0.6953646008048276	GPC6
regulation of gene expression (GO:0010468)	7/1079	0.5651765354952146	0.597310318449792	0	0	0.9898516490129996	0.5648263213738764	HES6;CNOT7;DLX4;PTH;AGR2;BMP7;ELAVL2
cellular response to insulin stimulus (GO:0032869)	1/129	0.5727820531517377	0.6038336240065024	0	0	1.186358173076923	0.6610980867446018	ATP6V0E1
DNA-dependent DNA replication (GO:0006261)	1/129	0.5727820531517377	0.6038336240065024	0	0	1.186358173076923	0.6610980867446018	MCM5
positive regulation of macromolecule biosynthetic process (GO:0010557)	1/129	0.5727820531517377	0.6038336240065024	0	0	1.186358173076923	0.6610980867446018	PTH
RNA metabolic process (GO:0016070)	1/133	0.583937712878072	0.6150810575649024	0	0	1.1501748251748252	0.618749150672192	POLR2H
positive regulation of peptidyl-tyrosine phosphorylation (GO:0050731)	1/134	0.5866811564895221	0.6174562712762331	0	0	1.1414690572585309	0.608715520471253	GATA1
mRNA processing (GO:0006397)	2/300	0.587311480894018	0.6176054175125114	0	0	1.018209250299152	0.5418909304699157	POLR2H;ELAVL2
negative regulation of nucleic acid-templated transcription (GO:1903507)	3/464	0.588978674392899	0.6188437609581249	0	0	0.9867136659436008	0.5223319782034759	CNOT7;PRMT2;BMP7
ribonucleoprotein complex assembly (GO:0022618)	1/136	0.5921143023385672	0.621510993031613	0	0	1.1244444444444444	0.5892713905269606	HSP90AA1
negative regulation of transcription, DNA-templated (GO:0045892)	6/948	0.5925005906670044	0.621510993031613	0	0	0.9644331210191084	0.5047875833585386	CNOT7;DLX4;PRMT2;GATA1;BMP7;ZNF750
regulation of cellular component organization (GO:0051128)	1/139	0.6001314048699912	0.6284723245697339	0	0	1.0998327759197324	0.5615819178652366	HSP90AA1
potassium ion transmembrane transport (GO:0071805)	1/139	0.6001314048699912	0.6284723245697339	0	0	1.0998327759197324	0.5615819178652366	KCNJ1
neuron projection morphogenesis (GO:0048812)	1/140	0.6027688662081692	0.6301901132234292	0	0	1.091864969562811	0.5527254814058667	BMP7
enzyme linked receptor protein signaling pathway (GO:0007167)	1/140	0.6027688662081692	0.6301901132234292	0	0	1.091864969562811	0.5527254814058667	NPPA
positive regulation of apoptotic process (GO:0043065)	2/310	0.6052266324306962	0.6322367466052893	0	0	0.9846471358099264	0.4944428160946261	DNAJA1;PRMT2
nitrogen compound transport (GO:0071705)	1/143	0.6105781118317544	0.637300357849164	0	0	1.06863488624052	0.5272100019777649	HSP90B1
negative regulation of cell migration (GO:0030336)	1/144	0.6131471855975835	0.6394538305242125	0	0	1.0611081226465842	0.5190413192337063	CLIC4
positive regulation of gene expression (GO:0010628)	3/482	0.614862834720219	0.6407144460728414	0	0	0.9487539144050104	0.4614322242834548	AGR2;POLR2H;BMP7
regulation of transcription, DNA-templated (GO:0006355)	14/2244	0.6180684293011485	0.6431679157164797	0	0	0.9464796289908396	0.45540444761069526	HES6;DLX4;EGR4;PRMT2;ZFP91;NUCKS1;SAFB;GATA1;BMP7;ELAVL2;MYCL;CNOT7;CCNE1;HES3
regulation of mRNA stability (GO:0043488)	1/146	0.618234982274939	0.6431679157164797	0	0	1.046366047745358	0.503183477578727	HSPB1
regulation of cytosolic calcium ion concentration (GO:0051480)	1/148	0.6232563692479988	0.6473262536807481	0	0	1.0320251177394035	0.48793872761087054	CXCR3
positive regulation of transferase activity (GO:0051347)	1/148	0.6232563692479988	0.6473262536807481	0	0	1.0320251177394035	0.48793872761087054	HSP90AA1
positive regulation of hydrolase activity (GO:0051345)	1/149	0.625742428299264	0.6490550363412488	0	0	1.025	0.4805368601680079	APOA1
negative regulation of gene expression (GO:0010629)	2/322	0.6259478554588468	0.6490550363412488	0	0	0.947141472868217	0.4437246126162223	CNOT7;PTH
response to cytokine (GO:0034097)	1/150	0.6282122067872935	0.6508690404747041	0	0	1.0180691791430043	0.4732772111983408	ISG15
negative regulation of protein phosphorylation (GO:0001933)	1/152	0.6331033440283869	0.6553993667910573	0	0	1.0044829342842587	0.4591708555902901	HSPB1
positive regulation of protein kinase activity (GO:0045860)	1/154	0.6379306193541571	0.6598562216560185	0	0	0.9912518853695323	0.4455932458660497	HSP90AA1
regulation of cell differentiation (GO:0045595)	1/156	0.6426948602126143	0.6636979602195626	0	0	0.978362282878412	0.4325195087999857	ALOX5
regulation of signal transduction by p53 class mediator (GO:1901796)	1/156	0.6426948602126143	0.6636979602195626	0	0	0.978362282878412	0.4325195087999857	CHEK1
organonitrogen compound biosynthetic process (GO:1901566)	1/158	0.6473968833781079	0.667511149320073	0	0	0.9658010779029887	0.41992620552499144	APOA1
positive regulation of cytokine production (GO:0001819)	2/335	0.6474435672993747	0.667511149320073	0	0	0.909560723514212	0.3954075521259367	ISG15;POLR2H
positive regulation of nucleic acid-templated transcription (GO:1903508)	3/511	0.6542354395255336	0.6739638105625709	0	0	0.8932547982283464	0.37899728560884344	PRMT2;GATA1;BMP7
positive regulation of multicellular organismal process (GO:0051240)	2/345	0.6633109061896433	0.682267448430572	0	0	0.8825909101182001	0.3623136833315576	GLIPR2;PRL
regulation of neuron projection development (GO:0010975)	1/165	0.6633755491464977	0.682267448430572	0	0	0.924249530956848	0.3793249562659222	FKBP4
regulation of MAPK cascade (GO:0043408)	1/166	0.6655987720659962	0.6839974373100969	0	0	0.9186013986013986	0.37393344938138173	REN
cellular protein modification process (GO:0006464)	6/1025	0.6682566581792339	0.6861709309005294	0	0	0.8879293424926399	0.35790918800457994	CCNE1;CHEK1;APOA1;ISG15;PDIA6;HSP90B1
cell-cell adhesion via plasma-membrane adhesion molecules (GO:0098742)	1/170	0.6743468892721798	0.691862392889639	0	0	0.8966772872098316	0.3533003810089062	GPC6
nuclear-transcribed mRNA catabolic process (GO:0000956)	1/171	0.6764981942916616	0.6935066647077537	0	0	0.8913574660633484	0.3483652278581477	CNOT7
positive regulation of ERK1 and ERK2 cascade (GO:0070374)	1/172	0.6786353952334433	0.6951338246151316	0	0	0.8860998650472335	0.3435154589590813	GLIPR2
gene expression (GO:0010467)	2/356	0.680102862926067	0.6960728896668411	0	0	0.8546840099855473	0.32949027817581666	DNAJB11;POLR2H
neuron differentiation (GO:0030182)	1/174	0.6828678513134807	0.6983373495633007	0	0	0.8757670075589151	0.3340647587713552	MANF
glycerophospholipid biosynthetic process (GO:0046474)	1/177	0.6891130295340215	0.7041543001867446	0	0	0.860708041958042	0.32048461597086736	APOA1
regulation of mitotic cell cycle (GO:0007346)	1/178	0.6911675122813203	0.7056831466264853	0	0	0.8558018252933507	0.31611014281734434	TTLL12
regulation of immune response (GO:0050776)	1/179	0.6932085209849612	0.707195779277636	0	0	0.8509507346585998	0.31180913702903773	B2M
positive regulation of transcription by RNA polymerase II (GO:0045944)	5/908	0.7148672212927376	0.7287033610596938	0	0	0.8334651690133418	0.2797596334435836	EGR4;PTH;PRL;GATA1;ZNF750
ribosome biogenesis (GO:0042254)	1/192	0.7185546306367605	0.7318719203262413	0	0	0.7925090616190092	0.2619349770737999	GTF3A
positive regulation of macromolecule metabolic process (GO:0010604)	2/384	0.7197943843540658	0.7325443653973747	0	0	0.7909006047323349	0.2600399607302736	AGR2;BMP7
protein localization to membrane (GO:0072657)	1/195	0.724102040222396	0.7363354616581727	0	0	0.7801348136399683	0.25184542739303634	CYP46A1
regulation of macromolecule metabolic process (GO:0060255)	1/200	0.7331076000158043	0.7448938958359942	0	0	0.7603401623502126	0.2360573310794884	PTH
modification-dependent protein catabolic process (GO:0019941)	1/201	0.7348733936297591	0.7460883289542294	0	0	0.7565	0.2330451569418178	ISG15
protein modification by small protein conjugation (GO:0032446)	2/409	0.7516829374131484	0.7625419204576401	0	0	0.7413671599718111	0.211616338652122	H2BC1;ISG15
extracellular structure organization (GO:0043062)	1/216	0.7600104240085657	0.7703714321947289	0	0	0.7031842576028623	0.1929700249346418	MMP9
external encapsulating structure organization (GO:0045229)	1/217	0.7615995079315602	0.7713636041870929	0	0	0.6998931623931623	0.1906050135624194	MMP9
regulation of I-kappaB kinase/NF-kappaB signaling (GO:0043122)	1/224	0.7724344921880794	0.7817111274025078	0	0	0.677681959296309	0.17498295319794066	HSPB1
regulation of ERK1 and ERK2 cascade (GO:0070372)	1/238	0.7926598018966633	0.8015375916779061	0	0	0.6371957156767283	0.14805952977059025	GLIPR2
axonogenesis (GO:0007409)	1/240	0.7953996074272438	0.8036651509097011	0	0	0.6317991631799164	0.14462555064495752	HSP90AA1
anterograde trans-synaptic signaling (GO:0098916)	1/244	0.800771891238226	0.8084470211861963	0	0	0.6212725546058879	0.13803380962187647	PLP1
negative regulation of signal transduction (GO:0009968)	1/267	0.8290539984835928	0.8361423793649799	0	0	0.5668883747831116	0.10627455742790516	RGS2
negative regulation of transcription by RNA polymerase II (GO:0000122)	3/684	0.8299746249063767	0.8361423793649799	0	0	0.6603799559471366	0.12306850834782924	DLX4;GATA1;ZNF750
central nervous system development (GO:0007417)	1/268	0.8301888339422862	0.8361423793649799	0	0	0.5647363872082973	0.10509862381892791	CAPG
positive regulation of MAPK cascade (GO:0043410)	1/274	0.8368425373301357	0.8421727445742767	0	0	0.5521555367709214	0.09834958731503576	GLIPR2
protein phosphorylation (GO:0006468)	2/496	0.8395200149320984	0.8441951462801689	0	0	0.6080720585004551	0.10636698127481704	CCNE1;CHEK1
protein ubiquitination (GO:0016567)	2/525	0.8619224403132711	0.8660333581526031	0	0	0.5734951902411549	0.08521564389552484	H2BC1;ISG15
MAPK cascade (GO:0000165)	1/303	0.8655288755657519	0.8689662420294761	0	0	0.49839531329597553	0.07197553092968396	APOA1
regulation of transcription by RNA polymerase II (GO:0006357)	11/2206	0.8678506458117364	0.8702596652290286	0	0	0.7380941533788914	0.10461425175916636	HES6;MYCL;DLX4;EGR4;PTH;ZFP91;NUCKS1;SAFB;HES3;GATA1;ZNF750
chemical synaptic transmission (GO:0007268)	1/306	0.8681941755172509	0.8702596652290286	0	0	0.4934174022698613	0.06973955880843434	PLP1
protein polyubiquitination (GO:0000209)	1/314	0.875048072689487	0.8764348366715623	0	0	0.4806094863602851	0.06415004995830144	ZFP91
positive regulation of intracellular signal transduction (GO:1902533)	2/546	0.8763313898765214	0.8770252389579754	0	0	0.5507580939352485	0.07270610505896778	HSP90AA1;P2RX4
organelle organization (GO:0006996)	1/420	0.9385445283356256	0.9385445283356256	0	0	0.3570772902515146	0.02264761920678164	CIDEC
