Term	Overlap	P-value	Adjusted P-value	Old P-value	Old Adjusted P-value	Odds Ratio	Combined Score	Genes
Assembly of Collagen Fibrils and Other Multimeric Structures	13/61	1.6469010613872546e-11	1.2121191811810192e-8	0	0	16.81823575949367	417.589068376973	COL11A1;COL11A2;LOXL3;PCOLCE;COL1A1;COL2A1;COL1A2;COL5A2;COL8A2;COL9A1;COL10A1;COL9A2;CTSB
Collagen Formation	14/90	2.3647137007050424e-10	8.702146418594555e-8	0	0	11.45906432748538	253.99238355758663	COL11A1;COL11A2;LOXL3;PCOLCE;COL1A1;COL2A1;COL1A2;P4HA1;COL5A2;COL8A2;COL9A1;COL10A1;COL9A2;CTSB
Collagen Biosynthesis and Modifying Enzymes	12/67	8.575763912898753e-10	2.103920746631161e-7	0	0	13.501118439919702	281.86164611035474	COL1A1;COL2A1;COL1A2;P4HA1;COL11A1;COL11A2;COL5A2;COL8A2;COL9A1;COL10A1;PCOLCE;COL9A2
Collagen Chain Trimerization	10/44	1.913127404568661e-9	3.520154424406337e-7	0	0	18.105292273649273	363.4551704311066	COL1A1;COL1A2;COL2A1;COL11A1;COL11A2;COL5A2;COL8A2;COL9A1;COL10A1;COL9A2
Extracellular Matrix Organization	22/300	5.757180590272264e-9	8.472759435923269e-7	0	0	4.999015771096478	94.84541621882454	LAMA2;COL11A1;COL11A2;LOXL3;CASK;PCOLCE;F11R;COL1A1;ADAMTS5;VCAN;COL1A2;COL2A1;P4HA1;CAPNS2;COL5A2;COL8A2;COL9A1;MATN1;COL10A1;COL9A2;MATN3;CTSB
Collagen Degradation	11/64	6.907140844502664e-9	8.472759435923269e-7	0	0	12.803963450812864	240.59556476528763	COL1A1;COL2A1;COL1A2;COL11A1;COL11A2;COL5A2;COL8A2;COL9A1;COL10A1;COL9A2;CTSB
MET Activates PTK2 Signaling	7/30	4.4970493849425027e-7	3.943176633102194e-5	0	0	18.570888468809073	271.4074838607791	COL1A1;COL1A2;COL2A1;LAMA2;COL11A1;COL11A2;COL5A2
ECM Proteoglycans	10/76	4.620205369419775e-7	3.943176633102194e-5	0	0	9.311769734967228	135.83689825048907	COL1A1;VCAN;COL2A1;COL1A2;LAMA2;COL5A2;MATN1;COL9A1;COL9A2;MATN3
Non-integrin membrane-ECM Interactions	9/59	4.821819252434748e-7	3.943176633102194e-5	0	0	11.0368125	160.52982367837515	COL1A1;COL2A1;COL1A2;LAMA2;COL11A1;COL11A2;COL5A2;COL10A1;CASK
Degradation of the Extracellular Matrix	13/140	5.61743188696979e-7	4.134429868809765e-5	0	0	6.330908003588159	91.11582744184746	COL11A1;COL11A2;COL1A1;ADAMTS5;COL1A2;COL2A1;CAPNS2;COL5A2;COL8A2;COL9A1;COL10A1;COL9A2;CTSB
Neuronal System	22/411	1.3982173436433217e-6	9.35534513564986e-5	0	0	3.55211307704546	47.8835941671377	KCNG1;KCNF1;NLGN1;KCNH5;SLC32A1;CHRNA4;CASK;ADCY1;ADCY7;SLC1A7;CAMKK1;GABRR3;PANX2;GRIP1;KCNV2;GNGT2;IL1RAPL1;KCNN1;GNB3;SLC17A7;DLGAP3;KCNK3
MET Promotes Cell Motility	7/41	4.252086312184921e-6	2.6079462714734183e-4	0	0	12.555626598465471	155.28925535807042	COL1A1;COL1A2;COL2A1;LAMA2;COL11A1;COL11A2;COL5A2
Integrin Cell Surface Interactions	9/85	1.0863626291389547e-5	6.150483808048235e-4	0	0	7.251439144736843	82.88460485686497	COL1A1;COL2A1;COL1A2;COL5A2;COL8A2;COL9A1;COL10A1;COL9A2;F11R
Circadian Clock	8/70	1.9156322393504533e-5	0.00100707523440138	0	0	7.882222892171641	85.62362364224428	PER2;PER1;MEF2C;DBP;ELOVL3;BHLHE41;NR1D1;KLF15
Aquaporin-mediated Transport	7/52	2.1671956493585968e-5	0.00106337066528528	0	0	9.481159420289854	101.82283063152666	GNGT2;AQP8;AQP6;GNB3;AQP4;ADCY1;ADCY7
Visual Phototransduction	9/99	3.7351113301620184e-5	0.0017181512118745199	0	0	6.1190625	62.384746826991595	GRK1;OPN1SW;RDH8;DHRS9;GRK7;GUCA1B;SAG;RHO;RLBP1
Transport of Small Molecules	27/724	7.051629607199026e-5	0.00305294081817557	0	0	2.433789086624797	23.266212546831294	RYR1;AQP8;AQP6;ATP1A4;SLC5A12;AQP4;ADCY1;ADCY7;SLC1A7;CLCN1;SLC8A2;GNGT2;APOD;SLC17A7;ASIC2;ABCA1;SLC13A2;SLC12A3;SLC32A1;TRPC3;CYBRD1;SLC16A10;SLC8A3;SLCO4A1;GNB3;RHCG;CFTR
Signal Transduction	67/2613	1.277608681935982e-4	0.00522399994391601	0	0	1.720068300522298	15.421014782856911	PTPRU;LRRK2;PMCH;IHH;IRS2;F11R;RXFP1;GRM3;SPRED3;FGF6;GNGT2;CAPZB;GRM6;PDK4;RAG2;PDK2;MEF2C;TRPC3;USP2;TSC1;DNM1;MAG;COL2A1;MAPKAPK2;UTS2;ULK1;CFTR;VCL;PTGER4;LAMA2;DHH;COL11A1;SRF;COL11A2;ADCY1;PRICKLE1;ADCY7;CAMKK1;FOXO1;THBS4;TBXA2R;RHO;APOD;PCK1;S1PR4;DRD4;BCL9L;ABCA1;EGR2;ZRANB1;OPN4;EGF;PTCH1;ESR2;EPOR;COL1A1;OPN1SW;COL1A2;PDE10A;DHRS9;COL5A2;COL9A1;MYF6;GNB3;SPRY1;COL9A2;VIM
RUNX2 Regulates Bone Development	5/31	1.3969035105164827e-4	0.00541116307231648	0	0	11.660137701804368	103.49634260690397	COL1A1;UCMA;IHH;SP7;RUNX2
Muscle Contraction	12/204	1.4997037326923128e-4	0.00551890973630771	0	0	3.840496845425867	33.81585429261407	RYR1;SLC8A3;CACNG7;MYBPC1;MYL2;ATP1A4;TNNI2;VIM;SCN4B;VCL;KCNK3;SLC8A2
Crosslinking of Collagen Fibrils	4/18	1.833337611177266e-4	0.0063543395826983	0	0	17.28087912087912	148.68817875530988	COL1A1;COL1A2;LOXL3;PCOLCE
Inactivation, Recovery and Regulation of the Phototransduction Cascade	5/33	1.899394983958731e-4	0.0063543395826983	0	0	10.826168430335096	92.76732580870124	GRK1;GRK7;GUCA1B;RHO;SAG
The Phototransduction Cascade	5/34	2.197115713790992e-4	0.00703077028413117	0	0	10.452320136228185	88.04192977921853	GRK1;GRK7;GUCA1B;RHO;SAG
Ligand-receptor Interactions	3/8	2.3232408242290705e-4	0.00712460519430248	0	0	36.195092024539875	302.85798971509035	DHH;PTCH1;IHH
Potassium Channels	8/103	3.019732245234057e-4	0.00889009172996906	0	0	5.135530414822102	41.62435837634597	KCNG1;KCNF1;KCNV2;KCNH5;GNGT2;KCNN1;GNB3;KCNK3
Signaling by MET	7/79	3.215478543877386e-4	0.00910227772420675	0	0	5.917572463768116	47.591272804055805	COL1A1;COL2A1;COL1A2;LAMA2;COL11A1;COL11A2;COL5A2
Opsins	3/9	3.4424309675605585e-4	0.00938381182268359	0	0	30.161042944785276	240.5090568135206	OPN1SW;OPN4;RHO
Transport of Inorganic Cations Anions and Amino Acids Oligopeptides	8/107	3.911947714364142e-4	0.01028283399204288	0	0	4.927027282167469	38.65895872698552	SLC8A3;SLC12A3;SLC32A1;SLC5A12;SLC16A10;SLC17A7;SLC1A7;SLC8A2
The Canonical Retinoid Cycle in Rods (Twilight Vision)	4/22	4.160891322085426e-4	0.01056005521743059	0	0	13.437948717948718	104.60920422066911	RDH8;DHRS9;RHO;RLBP1
RUNX2 Regulates Osteoblast Differentiation	4/24	5.889595028005601e-4	0.01401595924887134	0	0	12.092923076923077	89.93692074301802	COL1A1;UCMA;SP7;RUNX2
NCAM1 Interactions	5/42	6.032589864452009e-4	0.01401595924887134	0	0	8.189022355689023	60.70656536904893	COL2A1;COL5A2;COL9A1;CACNA1S;COL9A2
Signaling by Receptor Tyrosine Kinases	20/536	6.093895325596237e-4	0.01401595924887134	0	0	2.402724467524648	17.787496260787183	PTPRU;MEF2C;EGR2;LAMA2;EGF;COL11A1;SRF;COL11A2;IRS2;DNM1;THBS4;COL1A1;FGF6;COL1A2;COL2A1;MAPKAPK2;COL5A2;COL9A1;SPRY1;COL9A2
Vasopressin Regulates Renal Water Homeostasis via Aquaporins	5/43	6.735438777260288e-4	0.01502206951534415	0	0	7.973115659519168	58.227324129704726	GNGT2;GNB3;AQP4;ADCY1;ADCY7
SLC-mediated Transmembrane Transport	12/249	9.05658105886981e-4	0.01890049577822221	0	0	3.1041009463722395	21.749965648824087	SLC8A3;SLC13A2;SLC12A3;SLC32A1;SLCO4A1;SLC5A12;APOD;SLC16A10;SLC17A7;RHCG;SLC1A7;SLC8A2
Cholesterol Biosynthesis	4/27	9.35687924243104e-4	0.01890049577822221	0	0	10.513979933110368	73.32689903783786	MSMO1;DHCR24;LSS;FDFT1
Syndecan Interactions	4/27	9.35687924243104e-4	0.01890049577822221	0	0	10.513979933110368	73.32689903783786	COL1A1;COL1A2;COL5A2;CASK
High Laminar Flow Shear Stress Activates Signaling by PIEZO1 and PECAM1 CDH5 KDR in Endothelial Cell	6/69	9.501607931986708e-4	0.01890049577822221	0	0	5.781512605042017	40.23284857315099	GNGT2;CAPNS2;GNB3;ADCY1;ADCY7;VCL
Passive Transport by Aquaporins	3/13	0.00111612363214555	0.02161755245418756	0	0	18.092944785276075	122.99391427866364	AQP8;AQP6;AQP4
EGR2 and SOX10-mediated Initiation of Schwann Cell Myelination	4/29	0.00123398557574197	0.02328752266015617	0	0	9.671876923076924	64.77745413552555	DRP2;EGR2;MAG;LAMA2
Glycogen Breakdown (Glycogenolysis)	3/14	0.00140329277530401	0.02582058706559391	0	0	16.44729503625209	108.04119263717648	PHKG1;GYG2;GYG1
Sensory Processing of Sound	6/77	0.00168436290609905	0.03023636826558309	0	0	5.1279815113591765	32.749176433608994	CAPZB;PCDH15;CDH23;CASK;CHRNA10;CABP1
Transmission Across Chemical Synapses	12/269	0.00174795458900859	0.03063082327405536	0	0	2.8595907645853025	18.15642532332101	GABRR3;GRIP1;GNGT2;SLC32A1;CHRNA4;CASK;GNB3;SLC17A7;ADCY1;ADCY7;SLC1A7;CAMKK1
GPCR Ligand Binding	17/467	0.00199479203649736	0.03414341718283856	0	0	2.3273290598290597	14.469506249517153	PTGER4;OPN4;DHH;PTCH1;PMCH;IHH;RXFP1;GRM3;OPN1SW;GNGT2;TBXA2R;GRM6;RHO;UTS2;GNB3;S1PR4;DRD4
RUNX2 Regulates Chondrocyte Maturation	2/5	0.00261073205684711	0.04291350135374972	0	0	40.09785932721712	238.50706409004965	IHH;RUNX2
Signaling by PDGF	5/58	0.00262378744690045	0.04291350135374972	0	0	5.712205916608433	33.948418990969415	COL2A1;COL5A2;COL9A1;COL9A2;THBS4
Striated Muscle Contraction	4/36	0.00279633367366978	0.04474133877871661	0	0	7.553461538461539	44.41017015057289	MYBPC1;MYL2;TNNI2;VIM
Activation of SMO	3/18	0.00299628196305696	0.04669229142492662	0	0	12.058895705521472	70.0668038673224	DHH;PTCH1;IHH
GABA Receptor Activation	5/60	0.00304514944075608	0.04669229142492662	0	0	5.503928170594837	31.89088978568913	GABRR3;GNGT2;GNB3;ADCY1;ADCY7
Platelet Homeostasis	6/87	0.0031299110798973	0.04701254193478394	0	0	4.492604059167527	25.907727530301425	SLC8A3;GNGT2;PDE10A;TRPC3;GNB3;SLC8A2
Signaling by GPCR	22/706	0.00329157473102434	0.04845198004067841	0	0	1.9892279558831931	11.371201177625048	PTGER4;OPN4;TRPC3;DHH;PTCH1;PMCH;IHH;ADCY1;RXFP1;ADCY7;CAMKK1;GRM3;OPN1SW;GNGT2;PDE10A;TBXA2R;GRM6;RHO;UTS2;GNB3;S1PR4;DRD4
Diseases of Hemostasis	3/19	0.00351510720983937	0.05072782169493684	0	0	11.304639570552148	63.87896011766756	COL1A1;COL1A2;SERPING1
NCAM Signaling for Neurite Out-Growth	5/63	0.00376571966896335	0.05329941685301976	0	0	5.218444018731375	29.128395826266892	COL2A1;COL5A2;COL9A1;CACNA1S;COL9A2
Cellular Responses to Mechanical Stimuli	6/93	0.00435401406550515	0.05934359911503319	0	0	4.181488203266787	22.73331746904501	GNGT2;CAPNS2;GNB3;ADCY1;ADCY7;VCL
Response of Endothelial Cells to Shear Stress	6/93	0.00435401406550515	0.05934359911503319	0	0	4.181488203266787	22.73331746904501	GNGT2;CAPNS2;GNB3;ADCY1;ADCY7;VCL
Signaling by Nuclear Receptors	11/270	0.00530368070011348	0.06168868462916557	0	0	2.5926033850562153	13.583567506343254	ABCA1;GNGT2;DHRS9;EGF;SRF;PDK4;GNB3;APOD;PCK1;PDK2;ESR2
ADORA2B Mediated Anti-Inflammatory Cytokines Production	4/43	0.00535491055822735	0.06168868462916557	0	0	6.1955029585798815	32.40087755860056	GNGT2;GNB3;ADCY1;ADCY7
Activation of GABAB Receptors	4/43	0.00535491055822735	0.06168868462916557	0	0	6.1955029585798815	32.40087755860056	GNGT2;GNB3;ADCY1;ADCY7
GABA B Receptor Activation	4/43	0.00535491055822735	0.06168868462916557	0	0	6.1955029585798815	32.40087755860056	GNGT2;GNB3;ADCY1;ADCY7
Voltage Gated Potassium Channels	4/43	0.00535491055822735	0.06168868462916557	0	0	6.1955029585798815	32.40087755860056	KCNG1;KCNF1;KCNV2;KCNH5
Defective Binding of VWF Variant to GPIb IX V	2/7	0.00536423344601439	0.06168868462916557	0	0	24.056269113149845	125.76621807152328	COL1A1;COL1A2
Enhanced Binding of GP1BA Variant to VWF Multimer Collagen	2/7	0.00536423344601439	0.06168868462916557	0	0	24.056269113149845	125.76621807152328	COL1A1;COL1A2
Erythropoietin Activates Phospholipase C Gamma (PLCG)	2/7	0.00536423344601439	0.06168868462916557	0	0	24.056269113149845	125.76621807152328	IRS2;EPOR
Erythropoietin Activates STAT5	2/7	0.00536423344601439	0.06168868462916557	0	0	24.056269113149845	125.76621807152328	IRS2;EPOR
The Retinoid Cycle in Cones (Daylight Vision)	2/7	0.00536423344601439	0.06168868462916557	0	0	24.056269113149845	125.76621807152328	OPN1SW;RLBP1
Sensory Processing of Sound by Inner Hair Cells of the Cochlea	5/69	0.00556001981628165	0.06295653207358924	0	0	4.727768132716049	24.54729836167032	CAPZB;PCDH15;CDH23;CASK;CABP1
Cardiac Conduction	7/130	0.00576915416323023	0.06433481006268862	0	0	3.454931071049841	17.81096361915168	RYR1;SLC8A3;CACNG7;ATP1A4;SCN4B;KCNK3;SLC8A2
GPER1 Signaling	4/45	0.00630158729407986	0.06881178726229277	0	0	5.892682926829268	29.85795171151427	GNGT2;GNB3;ADCY1;ADCY7
G Alpha (I) Signalling Events	12/316	0.00635761077966835	0.06881178726229277	0	0	2.411630416735846	12.198274167427249	GRM3;OPN1SW;GNGT2;GRM6;PMCH;RHO;GNB3;ADCY1;ADCY7;S1PR4;CAMKK1;DRD4
Neurotransmitter Receptors and Postsynaptic Signal Transmission	9/204	0.00682302447041357	0.07133026940224699	0	0	2.809038461538462	14.009945714153924	GABRR3;GRIP1;GNGT2;CHRNA4;CASK;GNB3;ADCY1;ADCY7;CAMKK1
Thromboxane Signalling Through TP Receptor	3/24	0.0069103940192405	0.07133026940224699	0	0	8.610867659947415	42.83672980156824	GNGT2;TBXA2R;GNB3
Defects of Platelet Adhesion to Exposed Collagen	2/8	0.00707487726408156	0.07133026940224699	0	0	20.045871559633028	99.25122317255348	COL1A1;COL1A2
Release of Hh-Np From the Secreting Cell	2/8	0.00707487726408156	0.07133026940224699	0	0	20.045871559633028	99.25122317255348	DHH;IHH
Histidine Catabolism	2/8	0.00707487726408156	0.07133026940224699	0	0	20.045871559633028	99.25122317255348	HAL;UROC1
Glycogen Metabolism	3/25	0.00775834295398192	0.07669727890262147	0	0	8.21904629113218	39.93623500803849	PHKG1;GYG2;GYG1
Extra-nuclear Estrogen Signaling	5/75	0.00788655983008802	0.07669727890262147	0	0	4.321208112874779	20.925861906181225	GNGT2;EGF;SRF;GNB3;ESR2
G Alpha (Z) Signalling Events	4/48	0.00791982771277069	0.07669727890262147	0	0	5.4900699300699305	26.56307653795842	GNGT2;GNB3;ADCY1;ADCY7
Pyruvate Metabolism	4/49	0.00851436665937904	0.0813840761208179	0	0	5.367794871794872	25.582912221799333	LDHB;ME1;PDK4;PDK2
GPCR Downstream Signalling	19/633	0.00893723017236639	0.08382875195146447	0	0	1.9022958915624673	8.974137103969111	PTGER4;OPN4;TRPC3;PMCH;ADCY1;RXFP1;ADCY7;CAMKK1;GRM3;OPN1SW;GNGT2;PDE10A;TBXA2R;GRM6;RHO;UTS2;GNB3;S1PR4;DRD4
Prostanoid Ligand Receptors	2/9	0.00899792310348599	0.08382875195146447	0	0	17.181301878549586	80.93701531581212	PTGER4;TBXA2R
Neurotransmitter Release Cycle	4/51	0.00978932922034228	0.090061828827149	0	0	5.1388543371522095	23.774716069833733	SLC32A1;CASK;SLC17A7;SLC1A7
BMAL1 CLOCK,NPAS2 Activates Circadian Gene Expression	3/28	0.01065757677757045	0.09565825010112014	0	0	7.231656441717791	32.842453507947	DBP;BHLHE41;KLF15
Platelet Calcium Homeostasis	3/28	0.01065757677757045	0.09565825010112014	0	0	7.231656441717791	32.842453507947	SLC8A3;TRPC3;SLC8A2
Adenylate Cyclase Activating Pathway	2/10	0.01112596328894556	0.09748463072218971	0	0	15.032874617737004	67.62499361239374	ADCY1;ADCY7
Regulation of FOXO Transcriptional Activity by Acetylation	2/10	0.01112596328894556	0.09748463072218971	0	0	15.032874617737004	67.62499361239374	TXNIP;FOXO1
Myogenesis	3/29	0.01174491719213591	0.1009334737239321	0	0	6.95316186880604	30.902178647337585	MEF2C;MEF2B;MYF6
Ion Homeostasis	4/54	0.01192388780129335	0.1009334737239321	0	0	4.829784615384615	21.39213762230458	RYR1;SLC8A3;ATP1A4;SLC8A2
Signaling by NTRK1 (TRKA)	6/115	0.01193099485595393	0.1009334737239321	0	0	3.3337688527849574	14.7639809323889	MEF2C;EGR2;SRF;MAPKAPK2;IRS2;DNM1
Sensory Processing of Sound by Outer Hair Cells of the Cochlea	4/55	0.01269648707874419	0.10618880102222412	0	0	4.734841628959276	20.67435421080043	PCDH15;CDH23;CASK;CHRNA10
PPARA Activates Gene Expression	6/117	0.01290896504333537	0.10675278957185212	0	0	3.2733662455024684	14.238597315753797	ABCA1;ANKRD1;ME1;AHRR;NR1D1;FDFT1
Activation of the Phototransduction Cascade	2/11	0.01345177507535568	0.10879677423584372	0	0	13.361875637104994	57.57156804215818	RHO;SAG
Sodium Calcium Exchangers	2/11	0.01345177507535568	0.10879677423584372	0	0	13.361875637104994	57.57156804215818	SLC8A3;SLC8A2
Regulation of Lipid Metabolism by PPARalpha	6/119	0.01394180840993744	0.11153446727949952	0	0	3.21510178361051	13.737689947380863	ABCA1;ANKRD1;ME1;AHRR;NR1D1;FDFT1
G Alpha (S) Signalling Events	7/158	0.01584101711116051	0.12242376067277444	0	0	2.8102505038871293	11.64891741635447	PTGER4;GNGT2;PDE10A;GNB3;ADCY1;RXFP1;ADCY7
Reduction of Cytosolic Ca++ Levels	2/12	0.01596831660949231	0.12242376067277444	0	0	12.025076452599388	49.74952979640107	SLC8A3;SLC8A2
Erythropoietin Activates Phosphoinositide-3-kinase (PI3K)	2/12	0.01596831660949231	0.12242376067277444	0	0	12.025076452599388	49.74952979640107	IRS2;EPOR
GP1b-IX-V Activation Signalling	2/12	0.01596831660949231	0.12242376067277444	0	0	12.025076452599388	49.74952979640107	COL1A1;COL1A2
Opioid Signalling	5/90	0.01648012043156663	0.1230117087350662	0	0	3.555918663761801	14.59918125467804	GNGT2;GNB3;ADCY1;ADCY7;CAMKK1
Regulation of Pyruvate Metabolism	3/33	0.01671354738248182	0.1230117087350662	0	0	6.024846625766871	24.65087486303074	ME1;PDK4;PDK2
Signal Amplification	3/33	0.01671354738248182	0.1230117087350662	0	0	6.024846625766871	24.65087486303074	GNGT2;TBXA2R;GNB3
Glucagon Signaling in Metabolic Regulation	3/33	0.01671354738248182	0.1230117087350662	0	0	6.024846625766871	24.65087486303074	GNB3;ADCY1;ADCY7
Nuclear Events (Kinase and Transcription Factor Activation)	4/61	0.01800195539406297	0.13118256603990444	0	0	4.235141700404858	17.013728425495263	MEF2C;EGR2;SRF;MAPKAPK2
Diseases Associated With Visual Transduction	2/13	0.01866872295631666	0.13211711630624098	0	0	10.93133166527662	43.51660080388817	OPN1SW;RLBP1
Diseases of the Neuronal System	2/13	0.01866872295631666	0.13211711630624098	0	0	10.93133166527662	43.51660080388817	OPN1SW;RLBP1
Retinoid Cycle Disease Events	2/13	0.01866872295631666	0.13211711630624098	0	0	10.93133166527662	43.51660080388817	OPN1SW;RLBP1
Class B 2 (Secretin Family Receptors)	5/94	0.01953067439004387	0.13464241282978218	0	0	3.3954085171313637	13.363543596656864	GNGT2;DHH;PTCH1;IHH;GNB3
CaM Pathway	3/35	0.01957437251737322	0.13464241282978218	0	0	5.647718558282208	22.215493496252005	ADCY1;ADCY7;CAMKK1
Calmodulin Induced Events	3/35	0.01957437251737322	0.13464241282978218	0	0	5.647718558282208	22.215493496252005	ADCY1;ADCY7;CAMKK1
Adenylate Cyclase Inhibitory Pathway	2/14	0.02154630222171703	0.14416434941076123	0	0	10.01987767584098	38.451792274102026	ADCY1;ADCY7
Erythropoietin Activates RAS	2/14	0.02154630222171703	0.14416434941076123	0	0	10.01987767584098	38.451792274102026	IRS2;EPOR
Glycogen Synthesis	2/14	0.02154630222171703	0.14416434941076123	0	0	10.01987767584098	38.451792274102026	GYG2;GYG1
Metabolism	48/2181	0.02226828172772055	0.14765275091533628	0	0	1.4045077105575323	5.343578739210259	PFKFB3;MSMO1;ADCY1;CYP46A1;ADCY7;OAZ2;CKMT2;LDHB;NEU3;GNGT2;PHKG1;GUK1;PDK4;ANKRD1;ME1;MLYCD;PCK1;GYG2;GYG1;PDK2;FDFT1;ABCA1;ACOT9;ARG1;ELOVL3;ADIPOQ;AMPD1;DHCR24;CTPS1;NR1D1;CPT1B;LSS;AGMAT;HAL;VCAN;CYP24A1;NMNAT1;UROC1;ETHE1;CTH;MAPKAPK2;AHRR;DPEP1;GNB3;AGXT;HPD;CRAT;PFKM
Ca-dependent Events	3/37	0.02268828208381315	0.1490944251222007	0	0	5.314958498736918	20.12193696687157	ADCY1;ADCY7;CAMKK1
Signaling by NTRKs	6/134	0.02357608985883748	0.15211407875227476	0	0	2.836155185758514	10.628554583954449	MEF2C;EGR2;SRF;MAPKAPK2;IRS2;DNM1
Defective B3GALTL Causes PpS	3/38	0.02434026624921767	0.15211407875227476	0	0	5.162839614373357	19.18316692128552	ADAMTS5;SPON1;CFP
FOXO-mediated Transcription	4/67	0.02450787702570941	0.15211407875227476	0	0	3.8306227106227104	14.206862972778058	CCNG2;TXNIP;PCK1;FOXO1
Anchoring Fibril Formation	2/15	0.02459453175478355	0.15211407875227476	0	0	9.248647377087744	34.26837633053729	COL1A1;COL1A2
Degradation of Cysteine and Homocysteine	2/15	0.02459453175478355	0.15211407875227476	0	0	9.248647377087744	34.26837633053729	CTH;ETHE1
Regulation of Pyruvate Dehydrogenase (PDH) Complex	2/15	0.02459453175478355	0.15211407875227476	0	0	9.248647377087744	34.26837633053729	PDK4;PDK2
Eicosanoid Ligand-Binding Receptors	2/15	0.02459453175478355	0.15211407875227476	0	0	9.248647377087744	34.26837633053729	PTGER4;TBXA2R
O-glycosylation of TSR Domain-Containing Proteins	3/39	0.02605555019556003	0.15980737453276825	0	0	5.019171779141105	18.30755190436089	ADAMTS5;SPON1;CFP
Fatty Acid Metabolism	7/176	0.02673790312259094	0.1626371627952639	0	0	2.508618471829174	9.085396106921332	ACOT9;MAPKAPK2;ELOVL3;DPEP1;MLYCD;CPT1B;CRAT
Platelet Adhesion to Exposed Collagen	2/16	0.02780705440328759	0.1663901791936558	0	0	8.587592835299258	30.764755360746953	COL1A1;COL1A2
Glycogen Storage Diseases	2/16	0.02780705440328759	0.1663901791936558	0	0	8.587592835299258	30.764755360746953	GYG2;GYG1
DAG and IP3 Signaling	3/41	0.02967552692844598	0.17472950255468994	0	0	4.7545205037132705	16.723705331542707	ADCY1;ADCY7;CAMKK1
Signaling by Retinoic Acid	3/41	0.02967552692844598	0.17472950255468994	0	0	4.7545205037132705	16.723705331542707	DHRS9;PDK4;PDK2
Platelet Activation, Signaling and Aggregation	9/262	0.02994305257508394	0.1749054499623951	0	0	2.1586215415019763	7.573432905673567	COL1A1;COL1A2;GNGT2;TRPC3;TBXA2R;EGF;SERPING1;GNB3;VCL
Transcriptional Regulation by RUNX2	5/106	0.03082384085725995	0.17788192791799293	0	0	2.9901601271238234	10.404162992532292	COL1A1;UCMA;IHH;SP7;RUNX2
PKA Activation in Glucagon Signalling	2/17	0.03117767486606125	0.17788192791799293	0	0	8.014678899082568	27.795331115516433	ADCY1;ADCY7
FOXO-mediated Transcription of Cell Cycle Genes	2/17	0.03117767486606125	0.17788192791799293	0	0	8.014678899082568	27.795331115516433	CCNG2;FOXO1
Integration of Energy Metabolism	5/108	0.0330326830363244	0.1870158054979597	0	0	2.9317991130288865	9.998190830160311	GNGT2;ADIPOQ;GNB3;ADCY1;ADCY7
PKA Activation	2/18	0.03470035613914648	0.19348077362433191	0	0	7.513379204892966	25.2525075442342	ADCY1;ADCY7
G Beta Gamma Signalling Through BTK	2/18	0.03470035613914648	0.19348077362433191	0	0	7.513379204892966	25.2525075442342	GNGT2;GNB3
Adipogenesis	5/110	0.03533773849108278	0.1940938472346039	0	0	2.875661375661376	9.612771794299876	EGR2;ZNF638;ADIPOQ;ELOVL3;PCK1
PI3K AKT Signaling in Cancer	5/110	0.03533773849108278	0.1940938472346039	0	0	2.875661375661376	9.612771794299876	FGF6;EGF;IRS2;FOXO1;ESR2
Sensory Perception	17/640	0.03658386518099901	0.19944981313492796	0	0	1.6659258344651604	5.5111291804897595	RDH8;PCDH15;GUCA1B;CASK;CABP1;RLBP1;GRK1;OPN1SW;DHRS9;CAPZB;GRK7;RHO;CDH23;SAG;CHRNA10;GNB3;SCN4B
Prostacyclin Signalling Through Prostacyclin Receptor	2/19	0.03836921596652653	0.2061295105938943	0	0	7.071055945313906	23.055176555122703	GNGT2;GNB3
Scavenging by Class A Receptors	2/19	0.03836921596652653	0.2061295105938943	0	0	7.071055945313906	23.055176555122703	COL1A1;COL1A2
PKA-mediated Phosphorylation of CREB	2/20	0.04217852345948587	0.2201659096892312	0	0	6.677879714576962	21.1411261633268	ADCY1;ADCY7
G Beta Gamma Signalling Through CDC42	2/20	0.04217852345948587	0.2201659096892312	0	0	6.677879714576962	21.1411261633268	GNGT2;GNB3
G Beta Gamma Signalling Through PLC Beta	2/20	0.04217852345948587	0.2201659096892312	0	0	6.677879714576962	21.1411261633268	GNGT2;GNB3
Synthesis of Leukotrienes (LT) and Eoxins (EX)	2/20	0.04217852345948587	0.2201659096892312	0	0	6.677879714576962	21.1411261633268	MAPKAPK2;DPEP1
Metabolism of Steroids	6/155	0.04334555646349391	0.22466429265585575	0	0	2.4338105429384753	7.638638719579232	CYP24A1;MSMO1;DHCR24;CYP46A1;LSS;FDFT1
Metabolism of Lipids	19/758	0.04608289015479698	0.23250893171146292	0	0	1.5701601990484089	4.83187524707682	ABCA1;ACOT9;ELOVL3;MSMO1;DHCR24;NR1D1;CYP46A1;CPT1B;LSS;NEU3;CYP24A1;MAPKAPK2;ANKRD1;ME1;AHRR;DPEP1;MLYCD;CRAT;FDFT1
Presynaptic Function of Kainate Receptors	2/21	0.04612269569276302	0.23250893171146292	0	0	6.32609045549654	19.461901840578214	GNGT2;GNB3
Formation of the Ureteric Bud	2/21	0.04612269569276302	0.23250893171146292	0	0	6.32609045549654	19.461901840578214	HOXD11;HOXA11
Synthesis, Secretion, and Inactivation of Glucagon-like Peptide-1 (GLP-1)	2/21	0.04612269569276302	0.23250893171146292	0	0	6.32609045549654	19.461901840578214	PCSK1;GNB3
PLC Beta Mediated Events	3/49	0.04664153035874332	0.23352494111588493	0	0	3.926046945852227	12.034370072260147	ADCY1;ADCY7;CAMKK1
Constitutive Signaling by Aberrant PI3K in Cancer	4/83	0.04805948110632317	0.2389985006368504	0	0	3.0523076923076924	9.264717903867322	FGF6;EGF;IRS2;ESR2
Regulation of TNFR1 Signaling	3/50	0.04903541645891017	0.2414671418166062	0	0	3.8423182352173346	11.585405806889046	USP2;MAPKAPK2;ULK1
Class A 1 (Rhodopsin-like Receptors)	10/333	0.04965768789034954	0.2414671418166062	0	0	1.8777720624629988	5.638202260668733	PTGER4;OPN4;OPN1SW;TBXA2R;PMCH;RHO;UTS2;RXFP1;S1PR4;DRD4
Transcriptional Regulation of White Adipocyte Differentiation	4/84	0.04983611194235907	0.2414671418166062	0	0	3.014	9.039032470856496	EGR2;ZNF638;ADIPOQ;PCK1
ADP Signalling Through P2Y Purinoceptor 12	2/22	0.05019629442654993	0.2414671418166062	0	0	6.009480122324159	17.97924719064537	GNGT2;GNB3
Chaperone Mediated Autophagy	2/22	0.05019629442654993	0.2414671418166062	0	0	6.009480122324159	17.97924719064537	VIM;CFTR
Protein-protein Interactions at Synapses	4/88	0.05729904187960016	0.27087238596464286	0	0	2.8698901098901097	8.206368623003383	NLGN1;IL1RAPL1;CASK;DLGAP3
Estrogen-dependent Nuclear Events Downstream of ESR-membrane Signaling	2/24	0.05871072261456411	0.27087238596464286	0	0	5.462607728662775	15.487218895583483	EGF;SRF
G-protein Activation	2/24	0.05871072261456411	0.27087238596464286	0	0	5.462607728662775	15.487218895583483	GNGT2;GNB3
Glutamate Neurotransmitter Release Cycle	2/24	0.05871072261456411	0.27087238596464286	0	0	5.462607728662775	15.487218895583483	SLC17A7;SLC1A7
Incretin Synthesis, Secretion, and Inactivation	2/24	0.05871072261456411	0.27087238596464286	0	0	5.462607728662775	15.487218895583483	PCSK1;GNB3
NR1H2 and NR1H3-mediated Signaling	3/54	0.05919479591131088	0.27087238596464286	0	0	3.540238181162035	10.007975952906577	ABCA1;APOD;PCK1
G-protein Mediated Events	3/54	0.05919479591131088	0.27087238596464286	0	0	3.540238181162035	10.007975952906577	ADCY1;ADCY7;CAMKK1
Selective Autophagy	4/89	0.05925333442976562	0.27087238596464286	0	0	2.835981900452489	8.014295473037924	MTERF3;ULK1;VIM;CFTR
ADP Signalling Through P2Y Purinoceptor 1	2/25	0.06314137033967092	0.28164877921210785	0	0	5.224837122723042	14.432980831585397	GNGT2;GNB3
G Beta Gamma Signalling Through PI3Kgamma	2/25	0.06314137033967092	0.28164877921210785	0	0	5.224837122723042	14.432980831585397	GNGT2;GNB3
Signaling by Erythropoietin	2/25	0.06314137033967092	0.28164877921210785	0	0	5.224837122723042	14.432980831585397	IRS2;EPOR
Interleukin-7 Signaling	2/25	0.06314137033967092	0.28164877921210785	0	0	5.224837122723042	14.432980831585397	IRS2;RAG2
Neurexins and Neuroligins	3/57	0.06740904839542214	0.2982830609416847	0	0	3.343047034764826	9.01611768944894	NLGN1;CASK;DLGAP3
Endogenous Sterols	2/26	0.0676810749691051	0.2982830609416847	0	0	5.006880733944954	13.48327286688454	AHRR;CYP46A1
G Alpha (Q) Signalling Events	7/219	0.07074998846749823	0.3099523304290399	0	0	1.995385561936013	5.284983996861372	OPN4;GNGT2;TRPC3;TBXA2R;PMCH;UTS2;GNB3
Cardiogenesis	2/27	0.0723250746312783	0.31160805309847556	0	0	4.806360856269113	12.624312427740405	MEF2C;SRF
Metabolism of Amino Acids and Derivatives	10/358	0.07300774426681225	0.31160805309847556	0	0	1.7406226353907686	4.5555397332153	CKMT2;HAL;UROC1;ARG1;ETHE1;CTH;AGXT;HPD;OAZ2;AGMAT
TNF Signaling	3/59	0.0731576994719743	0.31160805309847556	0	0	3.223323838737949	8.429436338252792	USP2;MAPKAPK2;ULK1
Signaling by Hedgehog	5/136	0.0742772651619473	0.31160805309847556	0	0	2.301856563943078	5.984712804705266	DHH;PTCH1;IHH;ADCY1;ADCY7
Adrenaline,noradrenaline Inhibits Insulin Secretion	2/28	0.07706873377040246	0.31160805309847556	0	0	4.621265584568337	11.844569919420811	GNGT2;GNB3
Peroxisomal Lipid Metabolism	2/28	0.07706873377040246	0.31160805309847556	0	0	4.621265584568337	11.844569919420811	MLYCD;CRAT
Sulfur Amino Acid Metabolism	2/28	0.07706873377040246	0.31160805309847556	0	0	4.621265584568337	11.844569919420811	CTH;ETHE1
Acetylcholine Inhibits Contraction of Outer Hair Cells	1/5	0.07959553530232799	0.31160805309847556	0	0	14.990091463414634	37.93688265566582	CHRNA10
NR1H2 & NR1H3 Regulate Gene Expression Linked to Gluconeogenesis	1/5	0.07959553530232799	0.31160805309847556	0	0	14.990091463414634	37.93688265566582	PCK1
Alternative Complement Activation	1/5	0.07959553530232799	0.31160805309847556	0	0	14.990091463414634	37.93688265566582	CFP
Regulation of NPAS4 Gene Transcription	1/5	0.07959553530232799	0.31160805309847556	0	0	14.990091463414634	37.93688265566582	SRF
Dopamine Receptors	1/5	0.07959553530232799	0.31160805309847556	0	0	14.990091463414634	37.93688265566582	DRD4
Electric Transmission Across Gap Junctions	1/5	0.07959553530232799	0.31160805309847556	0	0	14.990091463414634	37.93688265566582	PANX2
Formation of Lateral Plate Mesoderm	1/5	0.07959553530232799	0.31160805309847556	0	0	14.990091463414634	37.93688265566582	IHH
Sodium-coupled Sulphate, Di- and Tri-Carboxylate Transporters	1/5	0.07959553530232799	0.31160805309847556	0	0	14.990091463414634	37.93688265566582	SLC13A2
IRS Activation	1/5	0.07959553530232799	0.31160805309847556	0	0	14.990091463414634	37.93688265566582	IRS2
Toxicity of Botulinum Toxin Type E (botE)	1/5	0.07959553530232799	0.31160805309847556	0	0	14.990091463414634	37.93688265566582	SV2B
MECP2 Regulates Transcription Factors	1/5	0.07959553530232799	0.31160805309847556	0	0	14.990091463414634	37.93688265566582	MEF2C
Transmission Across Electrical Synapses	1/5	0.07959553530232799	0.31160805309847556	0	0	14.990091463414634	37.93688265566582	PANX2
Tyrosine Catabolism	1/5	0.07959553530232799	0.31160805309847556	0	0	14.990091463414634	37.93688265566582	HPD
Activation of G Protein Gated Potassium Channels	2/29	0.08190754026657035	0.3156227729643758	0	0	4.449881073734285	11.13433323093521	GNGT2;GNB3
G Protein Gated Potassium Channels	2/29	0.08190754026657035	0.3156227729643758	0	0	4.449881073734285	11.13433323093521	GNGT2;GNB3
Inhibition of Voltage Gated Ca2+ Channels via Gbeta Gamma Subunits	2/29	0.08190754026657035	0.3156227729643758	0	0	4.449881073734285	11.13433323093521	GNGT2;GNB3
Peroxisomal Protein Import	3/63	0.085280874406511	0.32691001855829216	0	0	3.0078220858895706	7.404671646436377	MLYCD;AGXT;CRAT
Activation of Kainate Receptors Upon Glutamate Binding	2/30	0.08683710269082531	0.32944385350746097	0	0	4.290738313674093	10.48536860252108	GNGT2;GNB3
Interconversion of Nucleotide Di- and Triphosphates	2/30	0.08683710269082531	0.32944385350746097	0	0	4.290738313674093	10.48536860252108	GUK1;CTPS1
Macroautophagy	5/143	0.08760348993132082	0.33064701840744676	0	0	2.18431293612453	5.318658801225328	MTERF3;TSC1;ULK1;VIM;CFTR
Cytochrome P450 - Arranged by Substrate Type	3/65	0.09164219661332156	0.3380195829408214	0	0	2.910498713635464	6.955694501810953	CYP24A1;AHRR;CYP46A1
EGFR Downregulation	2/31	0.09185314753826668	0.3380195829408214	0	0	4.142570916376674	9.890654014508344	EGF;SPRY1
FOXO-mediated Transcription of Oxidative Stress, Metabolic and Neuronal Genes	2/31	0.09185314753826668	0.3380195829408214	0	0	4.142570916376674	9.890654014508344	PCK1;FOXO1
MAPK Targets Nuclear Events Mediated by MAP Kinases	2/31	0.09185314753826668	0.3380195829408214	0	0	4.142570916376674	9.890654014508344	MEF2C;MAPKAPK2
Turbulent Flow Shear Stress Activates Signaling by PIEZO1 and Integrins in Endothelial Cells	2/31	0.09185314753826668	0.3380195829408214	0	0	4.142570916376674	9.890654014508344	CAPNS2;VCL
Neddylation	7/234	0.0926297760703406	0.3384883584029674	0	0	1.8620953840260488	4.430194239380019	ANKRD9;WSB1;ASB10;LMO7;ASB15;DDB2;ASB16
Sulfide Oxidation to Sulfate	1/6	0.094739948139961	0.3384883584029674	0	0	11.991463414634149	28.25931686277637	ETHE1
LTC4-CYSLTR Mediated IL4 Production	1/6	0.094739948139961	0.3384883584029674	0	0	11.991463414634149	28.25931686277637	DPEP1
Toxicity of Botulinum Toxin Type D (botD)	1/6	0.094739948139961	0.3384883584029674	0	0	11.991463414634149	28.25931686277637	SV2B
Toxicity of Botulinum Toxin Type F (botF)	1/6	0.094739948139961	0.3384883584029674	0	0	11.991463414634149	28.25931686277637	SV2B
Vitamins	1/6	0.094739948139961	0.3384883584029674	0	0	11.991463414634149	28.25931686277637	CYP24A1
Phase 0 - Rapid Depolarisation	2/32	0.09695151659719418	0.3414177809355738	0	0	4.004281345565749	9.344167726664798	CACNG7;SCN4B
G-protein Beta Gamma Signalling	2/32	0.09695151659719418	0.3414177809355738	0	0	4.004281345565749	9.344167726664798	GNGT2;GNB3
Thrombin Signalling Through Proteinase Activated Receptors (PARs)	2/32	0.09695151659719418	0.3414177809355738	0	0	4.004281345565749	9.344167726664798	GNGT2;GNB3
Stimuli-sensing Channels	4/107	0.10024991035855126	0.3513520667804463	0	0	2.338222554144884	5.378120226471672	RYR1;TRPC3;ASIC2;CLCN1
Glucagon-type Ligand Receptors	2/33	0.10212816429220184	0.3539124444593935	0	0	3.8749136825490775	8.840719188827324	GNGT2;GNB3
Diseases of Carbohydrate Metabolism	2/34	0.1073791551532014	0.3539124444593935	0	0	3.753631498470948	8.375812793379595	GYG2;GYG1
Late Endosomal Microautophagy	2/34	0.1073791551532014	0.3539124444593935	0	0	3.753631498470948	8.375812793379595	VIM;CFTR
Developmental Biology	29/1385	0.10789878666945632	0.3539124444593935	0	0	1.305641592920354	2.9070915017071024	LAMA2;DHH;SRF;IHH;IRS2;HOXD11;FOXO1;HOXA11;DRP2;CACNA1S;PCK1;MEF2C;EGR2;MEF2B;TRPC3;EGF;ELOVL3;ADIPOQ;TBX6;DNM1;MAG;COL2A1;ZNF638;COL5A2;COL9A1;MYF6;COL9A2;BIRC7;SCN4B
Activation of C3 and C5	1/7	0.10963592029448604	0.3539124444593935	0	0	9.992378048780488	22.089053171690384	CFP
Activation of RAC1 Downstream of NMDARs	1/7	0.10963592029448604	0.3539124444593935	0	0	9.992378048780488	22.089053171690384	CAMKK1
Aryl Hydrocarbon Receptor Signalling	1/7	0.10963592029448604	0.3539124444593935	0	0	9.992378048780488	22.089053171690384	AHRR
PTK6 Promotes HIF1A Stabilization	1/7	0.10963592029448604	0.3539124444593935	0	0	9.992378048780488	22.089053171690384	LRRK2
CREB Phosphorylation	1/7	0.10963592029448604	0.3539124444593935	0	0	9.992378048780488	22.089053171690384	MAPKAPK2
Cation-coupled Chloride Cotransporters	1/7	0.10963592029448604	0.3539124444593935	0	0	9.992378048780488	22.089053171690384	SLC12A3
RAS Signaling Downstream of NF1 Loss-Of-Function Variants	1/7	0.10963592029448604	0.3539124444593935	0	0	9.992378048780488	22.089053171690384	SPRED3
RUNX1 Regulates Transcription of Genes Involved in Differentiation of Myeloid Cells	1/7	0.10963592029448604	0.3539124444593935	0	0	9.992378048780488	22.089053171690384	RUNX2
Release of Apoptotic Factors From the Mitochondria	1/7	0.10963592029448604	0.3539124444593935	0	0	9.992378048780488	22.089053171690384	DIABLO
SMAC (DIABLO) Binds to IAPs	1/7	0.10963592029448604	0.3539124444593935	0	0	9.992378048780488	22.089053171690384	DIABLO
SMAC(DIABLO)-mediated Dissociation of IAP Caspase Complexes	1/7	0.10963592029448604	0.3539124444593935	0	0	9.992378048780488	22.089053171690384	DIABLO
SOS-mediated Signalling	1/7	0.10963592029448604	0.3539124444593935	0	0	9.992378048780488	22.089053171690384	IRS2
GLI Proteins Bind Promoters of Hh Responsive Genes to Promote Transcription	1/7	0.10963592029448604	0.3539124444593935	0	0	9.992378048780488	22.089053171690384	PTCH1
Highly Sodium Permeable Postsynaptic Acetylcholine Nicotinic Receptors	1/7	0.10963592029448604	0.3539124444593935	0	0	9.992378048780488	22.089053171690384	CHRNA4
PI5P, PP2A and IER3 Regulate PI3K AKT Signaling	4/111	0.11077218731731336	0.35601890770979316	0	0	2.250352264557872	4.951404075138177	FGF6;EGF;IRS2;ESR2
Diseases Associated With O-glycosylation of Proteins	3/71	0.11184170996416296	0.35753313236309836	0	0	2.652878022374594	5.811582184093404	ADAMTS5;SPON1;CFP
GPVI-mediated Activation Cascade	2/35	0.11270066128836796	0.35753313236309836	0	0	3.6396997497914927	7.945537312361857	COL1A1;COL1A2
Inwardly Rectifying K+ Channels	2/35	0.11270066128836796	0.35753313236309836	0	0	3.6396997497914927	7.945537312361857	GNGT2;GNB3
Detoxification of Reactive Oxygen Species	2/36	0.11808895992350917	0.36444466425803146	0	0	3.5324698686814173	7.546475576921791	ERO1A;AQP8
Hedgehog 'On' State	3/73	0.11892270845470508	0.36444466425803146	0	0	2.576818580192813	5.486772146288927	DHH;PTCH1;IHH
Autophagy	5/158	0.12000436176132416	0.36444466425803146	0	0	1.9686516581941416	4.173988771077126	MTERF3;TSC1;ULK1;VIM;CFTR
Anti-inflammatory Response Favouring Leishmania Parasite Infection	5/159	0.12234171459041032	0.36444466425803146	0	0	1.955767997434664	4.108945760532733	GNGT2;DPEP1;GNB3;ADCY1;ADCY7
Leishmania Parasite Growth and Survival	5/159	0.12234171459041032	0.36444466425803146	0	0	1.955767997434664	4.108945760532733	GNGT2;DPEP1;GNB3;ADCY1;ADCY7
AMPK Inhibits chREBP Transcriptional Activation Activity	1/8	0.12428751457712756	0.36444466425803146	0	0	8.564459930313589	17.858249838876702	ADIPOQ
CREB1 Phosphorylation Through the Activation of CaMKII CaMKK CaMKIV Cascasde	1/8	0.12428751457712756	0.36444466425803146	0	0	8.564459930313589	17.858249838876702	CAMKK1
Defective CHST14 Causes EDS, Musculocontractural Type	1/8	0.12428751457712756	0.36444466425803146	0	0	8.564459930313589	17.858249838876702	VCAN
Defective CHST3 Causes SEDCJD	1/8	0.12428751457712756	0.36444466425803146	0	0	8.564459930313589	17.858249838876702	VCAN
Defective CHSY1 Causes TPBS	1/8	0.12428751457712756	0.36444466425803146	0	0	8.564459930313589	17.858249838876702	VCAN
RUNX2 Regulates Genes Involved in Cell Migration	1/8	0.12428751457712756	0.36444466425803146	0	0	8.564459930313589	17.858249838876702	RUNX2
Relaxin Receptors	1/8	0.12428751457712756	0.36444466425803146	0	0	8.564459930313589	17.858249838876702	RXFP1
SMAC, XIAP-regulated Apoptotic Response	1/8	0.12428751457712756	0.36444466425803146	0	0	8.564459930313589	17.858249838876702	DIABLO
Signaling by Overexpressed Wild-Type EGFR in Cancer	1/8	0.12428751457712756	0.36444466425803146	0	0	8.564459930313589	17.858249838876702	EGF
HDL Assembly	1/8	0.12428751457712756	0.36444466425803146	0	0	8.564459930313589	17.858249838876702	ABCA1
Inhibition of Signaling by Overexpressed EGFR	1/8	0.12428751457712756	0.36444466425803146	0	0	8.564459930313589	17.858249838876702	EGF
Linoleic Acid (LA) Metabolism	1/8	0.12428751457712756	0.36444466425803146	0	0	8.564459930313589	17.858249838876702	ELOVL3
Transport of Fatty Acids	1/8	0.12428751457712756	0.36444466425803146	0	0	8.564459930313589	17.858249838876702	APOD
Metabolism of Ingested SeMet, Sec, MeSec Into H2Se	1/8	0.12428751457712756	0.36444466425803146	0	0	8.564459930313589	17.858249838876702	CTH
Cooperation of PDCL (PhLP1) and TRiC CCT in G-protein Beta Folding	2/38	0.12905155491678877	0.3769124778522085	0	0	3.335881753312946	6.830362346737285	GNGT2;GNB3
Negative Regulation of the PI3K AKT Network	4/118	0.13030317790196225	0.37906379026025383	0	0	2.111417004048583	4.302838567099628	FGF6;EGF;IRS2;ESR2
Mitophagy	2/39	0.13461890997661438	0.38233057541139104	0	0	3.245557484089594	6.50834037983434	MTERF3;ULK1
NGF-stimulated Transcription	2/39	0.13461890997661438	0.38233057541139104	0	0	3.245557484089594	6.50834037983434	EGR2;SRF
Platelet Aggregation (Plug Formation)	2/39	0.13461890997661438	0.38233057541139104	0	0	3.245557484089594	6.50834037983434	COL1A1;COL1A2
Multifunctional Anion Exchangers	1/9	0.13869872776473016	0.38233057541139104	0	0	7.493521341463414	14.803085158750545	SLC5A12
Myoclonic Epilepsy of Lafora	1/9	0.13869872776473016	0.38233057541139104	0	0	7.493521341463414	14.803085158750545	GYG1
Abacavir ADME	1/9	0.13869872776473016	0.38233057541139104	0	0	7.493521341463414	14.803085158750545	PCK1
Axonal Growth Inhibition (RHOA Activation)	1/9	0.13869872776473016	0.38233057541139104	0	0	7.493521341463414	14.803085158750545	MAG
Beta-oxidation of pristanoyl-CoA	1/9	0.13869872776473016	0.38233057541139104	0	0	7.493521341463414	14.803085158750545	CRAT
PI3K AKT Activation	1/9	0.13869872776473016	0.38233057541139104	0	0	7.493521341463414	14.803085158750545	IRS2
Ca2+ Activated K+ Channels	1/9	0.13869872776473016	0.38233057541139104	0	0	7.493521341463414	14.803085158750545	KCNN1
Displacement of DNA Glycosylase by APEX1	1/9	0.13869872776473016	0.38233057541139104	0	0	7.493521341463414	14.803085158750545	MPG
EGFR Interacts With Phospholipase C-gamma	1/9	0.13869872776473016	0.38233057541139104	0	0	7.493521341463414	14.803085158750545	EGF
Highly Calcium Permeable Nicotinic Acetylcholine Receptors	1/9	0.13869872776473016	0.38233057541139104	0	0	7.493521341463414	14.803085158750545	CHRNA4
Toxicity of Botulinum Toxin Type A (botA)	1/9	0.13869872776473016	0.38233057541139104	0	0	7.493521341463414	14.803085158750545	SV2B
Class C 3 (Metabotropic Glutamate Pheromone Receptors)	2/40	0.1402391703805193	0.3851344380599336	0	0	3.1599871237727344	6.2074975208149175	GRM3;GRM6
Nervous System Development	13/567	0.14439477755562505	0.3950690926951177	0	0	1.4196008316958368	2.7472175197728297	EGR2;TRPC3;LAMA2;IRS2;DNM1;DRP2;MAG;COL2A1;COL5A2;COL9A1;COL9A2;CACNA1S;SCN4B
G Alpha (12 13) Signalling Events	3/80	0.14493023780935024	0.3950690926951177	0	0	2.341725758903673	4.523049791992637	GNGT2;TBXA2R;GNB3
Sensory Perception of Sweet, Bitter, and Umami (Glutamate) Taste	2/41	0.14590910393405102	0.3959458771140757	0	0	3.0788049870618677	5.925995868244017	GNB3;SCN4B
Diseases of Metabolism	7/264	0.14632782415085405	0.3959458771140757	0	0	1.642192522415835	3.1561393392224257	ADAMTS5;SPON1;VCAN;CYP24A1;CFP;GYG2;GYG1
Glucagon-like Peptide-1 (GLP1) Regulates Insulin Secretion	2/42	0.15162556982753586	0.3989889708555552	0	0	3.0016819571865443	5.662196205823244	GNGT2;GNB3
AKT Phosphorylates Targets in the Nucleus	1/10	0.1528734915506339	0.3989889708555552	0	0	6.6605691056910565	12.509511580612491	FOXO1
p75NTR Regulates Axonogenesis	1/10	0.1528734915506339	0.3989889708555552	0	0	6.6605691056910565	12.509511580612491	MAG
CaMK IV-mediated Phosphorylation of CREB	1/10	0.1528734915506339	0.3989889708555552	0	0	6.6605691056910565	12.509511580612491	CAMKK1
Caspase Activation via Dependence Receptors in the Absence of Ligand	1/10	0.1528734915506339	0.3989889708555552	0	0	6.6605691056910565	12.509511580612491	DAPK2
Creatine Metabolism	1/10	0.1528734915506339	0.3989889708555552	0	0	6.6605691056910565	12.509511580612491	CKMT2
Role of Second Messengers in Netrin-1 Signaling	1/10	0.1528734915506339	0.3989889708555552	0	0	6.6605691056910565	12.509511580612491	TRPC3
Formation of the Posterior Neural Plate	1/10	0.1528734915506339	0.3989889708555552	0	0	6.6605691056910565	12.509511580612491	TBX6
Signal Attenuation	1/10	0.1528734915506339	0.3989889708555552	0	0	6.6605691056910565	12.509511580612491	IRS2
Urea Cycle	1/10	0.1528734915506339	0.3989889708555552	0	0	6.6605691056910565	12.509511580612491	ARG1
Activation of Gene Expression by SREBF (SREBP)	2/43	0.15738551657962938	0.4064411936933587	0	0	2.928321026329529	5.41463238621222	LSS;FDFT1
Aggrephagy	2/43	0.15738551657962938	0.4064411936933587	0	0	2.928321026329529	5.41463238621222	VIM;CFTR
Transport of Vitamins, Nucleosides, and Related Molecules	2/43	0.15738551657962938	0.4064411936933587	0	0	2.928321026329529	5.41463238621222	SLCO4A1;APOD
Intracellular Signaling by Second Messengers	8/321	0.16096746141640256	0.40789480324028093	0	0	1.5413494172563773	2.8153564598258938	FGF6;EGF;IRS2;ADCY1;ADCY7;CAMKK1;FOXO1;ESR2
NR1H3 & NR1H2 Regulate Gene Expression Linked to Cholesterol Transport and Efflux	2/44	0.16318597996577774	0.40789480324028093	0	0	2.8584534731323723	5.181989532995369	ABCA1;APOD
PI3K Cascade	2/44	0.16318597996577774	0.40789480324028093	0	0	2.8584534731323723	5.181989532995369	FGF6;IRS2
Glucose Metabolism	3/85	0.1645419052573683	0.40789480324028093	0	0	2.198376477629807	3.967168203396404	PFKFB3;PCK1;PFKM
NFE2L2 Regulating Tumorigenic Genes	1/11	0.16681567360777794	0.40789480324028093	0	0	5.994207317073171	10.73482104409115	EGF
Beta-oxidation of Very Long Chain Fatty Acids	1/11	0.16681567360777794	0.40789480324028093	0	0	5.994207317073171	10.73482104409115	MLYCD
Phenylalanine and Tyrosine Metabolism	1/11	0.16681567360777794	0.40789480324028093	0	0	5.994207317073171	10.73482104409115	HPD
Receptor Mediated Mitophagy	1/11	0.16681567360777794	0.40789480324028093	0	0	5.994207317073171	10.73482104409115	ULK1
Dermatan Sulfate Biosynthesis	1/11	0.16681567360777794	0.40789480324028093	0	0	5.994207317073171	10.73482104409115	VCAN
Regulation of the Apoptosome Activity	1/11	0.16681567360777794	0.40789480324028093	0	0	5.994207317073171	10.73482104409115	DIABLO
Formation of Annular Gap Junctions	1/11	0.16681567360777794	0.40789480324028093	0	0	5.994207317073171	10.73482104409115	DNM1
Formation of Apoptosome	1/11	0.16681567360777794	0.40789480324028093	0	0	5.994207317073171	10.73482104409115	DIABLO
Signaling by Leptin	1/11	0.16681567360777794	0.40789480324028093	0	0	5.994207317073171	10.73482104409115	IRS2
Signaling by Activated Point Mutants of FGFR1	1/11	0.16681567360777794	0.40789480324028093	0	0	5.994207317073171	10.73482104409115	FGF6
Highly Calcium Permeable Postsynaptic Nicotinic Acetylcholine Receptors	1/11	0.16681567360777794	0.40789480324028093	0	0	5.994207317073171	10.73482104409115	CHRNA4
Transport of Organic Anions	1/11	0.16681567360777794	0.40789480324028093	0	0	5.994207317073171	10.73482104409115	SLCO4A1
TBC RABGAPs	2/45	0.16902408094455626	0.4119262370039517	0	0	2.791835573572292	4.96308541771489	TSC1;ULK1
Hh Mutants Abrogate Ligand Secretion	2/46	0.17489702371621263	0.4197802555010981	0	0	2.7282457603558523	4.756854487248282	DHH;IHH
Kidney Development	2/46	0.17489702371621263	0.4197802555010981	0	0	2.7282457603558523	4.756854487248282	HOXD11;HOXA11
Metabolism of Polyamines	2/46	0.17489702371621263	0.4197802555010981	0	0	2.7282457603558523	4.756854487248282	OAZ2;AGMAT
Organic Anion Transporters	1/12	0.18052907858272407	0.4197802555010981	0	0	5.4490022172949	9.327947538609155	SLC17A7
Peptide Hormone Biosynthesis	1/12	0.18052907858272407	0.4197802555010981	0	0	5.4490022172949	9.327947538609155	PCSK1
CREB1 Phosphorylation Through the Activation of Adenylate Cyclase	1/12	0.18052907858272407	0.4197802555010981	0	0	5.4490022172949	9.327947538609155	ADCY1
Caspase-mediated Cleavage of Cytoskeletal Proteins	1/12	0.18052907858272407	0.4197802555010981	0	0	5.4490022172949	9.327947538609155	VIM
Presynaptic Nicotinic Acetylcholine Receptors	1/12	0.18052907858272407	0.4197802555010981	0	0	5.4490022172949	9.327947538609155	CHRNA4
Regulation of Glycolysis by Fructose 2,6-Bisphosphate Metabolism	1/12	0.18052907858272407	0.4197802555010981	0	0	5.4490022172949	9.327947538609155	PFKFB3
Regulation of Localization of FOXO Transcription Factors	1/12	0.18052907858272407	0.4197802555010981	0	0	5.4490022172949	9.327947538609155	FOXO1
Gap Junction Degradation	1/12	0.18052907858272407	0.4197802555010981	0	0	5.4490022172949	9.327947538609155	DNM1
Tandem Pore Domain Potassium Channels	1/12	0.18052907858272407	0.4197802555010981	0	0	5.4490022172949	9.327947538609155	KCNK3
Vitamin D (Calciferol) Metabolism	1/12	0.18052907858272407	0.4197802555010981	0	0	5.4490022172949	9.327947538609155	CYP24A1
Sensory Perception of Taste	2/47	0.1808020937416414	0.4197802555010981	0	0	2.6674821610601427	4.5623341177691	GNB3;SCN4B
Heme Signaling	2/47	0.1808020937416414	0.4197802555010981	0	0	2.6674821610601427	4.5623341177691	MEF2C;NR1D1
IRS-mediated Signalling	2/48	0.18673665586098476	0.4301109715099951	0	0	2.609360457385986	4.378652742269186	FGF6;IRS2
Ion Channel Transport	5/184	0.187100855248642	0.4301109715099951	0	0	1.680460721429064	2.8166327760174723	RYR1;TRPC3;ATP1A4;ASIC2;CLCN1
Hemostasis	15/707	0.19025528578552472	0.4301109715099951	0	0	1.310173594492103	2.174086994733727	TRPC3;EGF;F11R;SLC8A2;COL1A1;SLC8A3;MAG;COL1A2;GNGT2;PDE10A;CAPZB;TBXA2R;SERPING1;GNB3;VCL
Alpha-Linolenic (Omega3) and Linoleic (Omega6) Acid Metabolism	1/13	0.19401744910505217	0.4301109715099951	0	0	4.994664634146342	8.190286929379782	ELOVL3
Alpha-Linolenic Acid (ALA) Metabolism	1/13	0.19401744910505217	0.4301109715099951	0	0	4.994664634146342	8.190286929379782	ELOVL3
p38MAPK Events	1/13	0.19401744910505217	0.4301109715099951	0	0	4.994664634146342	8.190286929379782	MAPKAPK2
Purine Salvage	1/13	0.19401744910505217	0.4301109715099951	0	0	4.994664634146342	8.190286929379782	AMPD1
Cytochrome C-Mediated Apoptotic Response	1/13	0.19401744910505217	0.4301109715099951	0	0	4.994664634146342	8.190286929379782	DIABLO
ERBB2 Activates PTK6 Signaling	1/13	0.19401744910505217	0.4301109715099951	0	0	4.994664634146342	8.190286929379782	EGF
FGFR2c Ligand Binding and Activation	1/13	0.19401744910505217	0.4301109715099951	0	0	4.994664634146342	8.190286929379782	FGF6
GRB2 Events in EGFR Signaling	1/13	0.19401744910505217	0.4301109715099951	0	0	4.994664634146342	8.190286929379782	EGF
Synthesis of Bile Acids and Bile Salts via 24-Hydroxycholesterol	1/13	0.19401744910505217	0.4301109715099951	0	0	4.994664634146342	8.190286929379782	CYP46A1
Synthesis, Secretion, and Inactivation of Glucose-dependent Insulinotropic Polypeptide (GIP)	1/13	0.19401744910505217	0.4301109715099951	0	0	4.994664634146342	8.190286929379782	PCSK1
Trafficking and Processing of Endosomal TLR	1/13	0.19401744910505217	0.4301109715099951	0	0	4.994664634146342	8.190286929379782	CTSB
Transcriptional Regulation of Testis Differentiation	1/13	0.19401744910505217	0.4301109715099951	0	0	4.994664634146342	8.190286929379782	DHH
Activation of NMDA Receptors and Postsynaptic Events	3/93	0.19739261370255864	0.4362791702254749	0	0	2.002147239263804	3.2486051669710845	CASK;ADCY1;CAMKK1
Metabolism of Carbohydrates	7/290	0.20238898366472077	0.4422068624925406	0	0	1.489322476570902	2.3792876327755845	VCAN;PFKFB3;PHKG1;PCK1;GYG2;GYG1;PFKM
Acetylcholine Binding and Downstream Events	1/14	0.2072844667933784	0.4422068624925406	0	0	4.610225140712946	7.254941617216534	CHRNA4
CS DS Degradation	1/14	0.2072844667933784	0.4422068624925406	0	0	4.610225140712946	7.254941617216534	VCAN
Carnitine Shuttle	1/14	0.2072844667933784	0.4422068624925406	0	0	4.610225140712946	7.254941617216534	CPT1B
Postsynaptic Nicotinic Acetylcholine Receptors	1/14	0.2072844667933784	0.4422068624925406	0	0	4.610225140712946	7.254941617216534	CHRNA4
Regulation of NPAS4 Gene Expression	1/14	0.2072844667933784	0.4422068624925406	0	0	4.610225140712946	7.254941617216534	SRF
Retrograde Neurotrophin Signalling	1/14	0.2072844667933784	0.4422068624925406	0	0	4.610225140712946	7.254941617216534	DNM1
FGFR1c Ligand Binding and Activation	1/14	0.2072844667933784	0.4422068624925406	0	0	4.610225140712946	7.254941617216534	FGF6
FGFR4 Ligand Binding and Activation	1/14	0.2072844667933784	0.4422068624925406	0	0	4.610225140712946	7.254941617216534	FGF6
SHC1 Events in EGFR Signaling	1/14	0.2072844667933784	0.4422068624925406	0	0	4.610225140712946	7.254941617216534	EGF
TP53 Regulates Transcription of Cell Death Genes With Uncertain Role in P53-Dependent Apoptosis	1/14	0.2072844667933784	0.4422068624925406	0	0	4.610225140712946	7.254941617216534	NDRG1
Lysosphingolipid and LPA Receptors	1/14	0.2072844667933784	0.4422068624925406	0	0	4.610225140712946	7.254941617216534	S1PR4
ESR-mediated Signaling	5/192	0.21004253946940216	0.4446305977380128	0	0	1.607909156928765	2.5090541257678662	GNGT2;EGF;SRF;GNB3;ESR2
Hedgehog Ligand Biogenesis	2/52	0.2107197969872844	0.4446305977380128	0	0	2.4001223241590215	3.737532896949426	DHH;IHH
IRS-related Events Triggered by IGF1R	2/52	0.2107197969872844	0.4446305977380128	0	0	2.4001223241590215	3.737532896949426	FGF6;IRS2
Diseases of Signal Transduction by Growth Factor Receptors and Second Messengers	10/451	0.21083706332957405	0.4446305977380128	0	0	1.366941761030431	2.127876760263645	SPRED3;FGF6;DHH;EGF;IHH;IRS2;LMO7;VCL;FOXO1;ESR2
Nuclear Receptor Transcription Pathway	2/53	0.21676494206188252	0.44797138778993784	0	0	2.3529411764705883	3.597509950233315	NR1D1;ESR2
Signaling by EGFR	2/53	0.21676494206188252	0.44797138778993784	0	0	2.3529411764705883	3.597509950233315	EGF;SPRY1
IGF1R Signaling Cascade	2/53	0.21676494206188252	0.44797138778993784	0	0	2.3529411764705883	3.597509950233315	FGF6;IRS2
Parasitic Infection Pathways	6/245	0.21737300893510905	0.44797138778993784	0	0	1.5103177584621164	2.30495704760944	GNGT2;TXNIP;DPEP1;GNB3;ADCY1;ADCY7
Leishmania Infection	6/245	0.21737300893510905	0.44797138778993784	0	0	1.5103177584621164	2.30495704760944	GNGT2;TXNIP;DPEP1;GNB3;ADCY1;ADCY7
Metabolism of Nucleotides	3/98	0.21866805633455944	0.44797138778993784	0	0	1.8962867290926704	2.8827358887158203	GUK1;AMPD1;CTPS1
Diseases of Glycosylation	4/146	0.2201089441783462	0.44797138778993784	0	0	1.6926543878656557	2.562056954070936	ADAMTS5;SPON1;VCAN;CFP
YAP1- and WWTR1 (TAZ)-stimulated Gene Expression	1/15	0.22033375323363788	0.44797138778993784	0	0	4.280705574912892	6.475045859329133	RUNX2
Phase 2 - Plateau Phase	1/15	0.22033375323363788	0.44797138778993784	0	0	4.280705574912892	6.475045859329133	CACNG7
Phospholipase C-mediated Cascade; FGFR4	1/15	0.22033375323363788	0.44797138778993784	0	0	4.280705574912892	6.475045859329133	FGF6
Constitutive Signaling by EGFRvIII	1/15	0.22033375323363788	0.44797138778993784	0	0	4.280705574912892	6.475045859329133	EGF
ERBB2 Regulates Cell Motility	1/15	0.22033375323363788	0.44797138778993784	0	0	4.280705574912892	6.475045859329133	EGF
Signaling by EGFRvIII in Cancer	1/15	0.22033375323363788	0.44797138778993784	0	0	4.280705574912892	6.475045859329133	EGF
Signaling by Type 1 Insulin-like Growth Factor 1 Receptor (IGF1R)	2/54	0.22282533348867292	0.4496244823013485	0	0	2.3075746883086334	3.464516653962012	FGF6;IRS2
Insulin Receptor Signalling Cascade	2/54	0.22282533348867292	0.4496244823013485	0	0	2.3075746883086334	3.464516653962012	FGF6;IRS2
Hedgehog 'Off' State	3/99	0.2229795326630329	0.4496244823013485	0	0	1.8764378834355828	2.81592397148613	PTCH1;ADCY1;ADCY7
Signaling by Non-Receptor Tyrosine Kinases	2/55	0.22889884173137873	0.4564156622849646	0	0	2.263920143096186	3.3380939069756734	EGF;LRRK2
Signaling by PTK6	2/55	0.22889884173137873	0.4564156622849646	0	0	2.263920143096186	3.3380939069756734	EGF;LRRK2
cGMP Effects	1/16	0.2331688709499276	0.4564156622849646	0	0	3.995121951219512	5.816866878073496	PDE10A
PI3K Events in ERBB2 Signaling	1/16	0.2331688709499276	0.4564156622849646	0	0	3.995121951219512	5.816866878073496	EGF
Phospholipase C-mediated Cascade FGFR1	1/16	0.2331688709499276	0.4564156622849646	0	0	3.995121951219512	5.816866878073496	FGF6
Defects of Contact Activation System (CAS) and Kallikrein Kinin System (KKS)	1/16	0.2331688709499276	0.4564156622849646	0	0	3.995121951219512	5.816866878073496	SERPING1
Elevation of Cytosolic Ca2+ Levels	1/16	0.2331688709499276	0.4564156622849646	0	0	3.995121951219512	5.816866878073496	TRPC3
FOXO-mediated Transcription of Cell Death Genes	1/16	0.2331688709499276	0.4564156622849646	0	0	3.995121951219512	5.816866878073496	FOXO1
Signaling by ERBB2 ECD Mutants	1/16	0.2331688709499276	0.4564156622849646	0	0	3.995121951219512	5.816866878073496	EGF
GRB2 Events in ERBB2 Signaling	1/16	0.2331688709499276	0.4564156622849646	0	0	3.995121951219512	5.816866878073496	EGF
TGF-beta Receptor Signaling in EMT (Epithelial to Mesenchymal Transition)	1/16	0.2331688709499276	0.4564156622849646	0	0	3.995121951219512	5.816866878073496	F11R
Regulation of Cholesterol Biosynthesis by SREBP (SREBF)	2/56	0.23498340273156076	0.45753382119161035	0	0	2.2218824328916074	3.2178198900467705	LSS;FDFT1
Transcriptional Activation of Mitochondrial Biogenesis	2/56	0.23498340273156076	0.45753382119161035	0	0	2.2218824328916074	3.2178198900467705	MEF2C;NR1D1
Cellular Response to Chemical Stress	5/202	0.23990349406587505	0.4658811916424381	0	0	1.5255060475026634	2.177688172657823	ERO1A;EGF;AQP8;ME1;TXNIP
Activated Point Mutants of FGFR2	1/17	0.2457933243537945	0.469880225258163	0	0	3.7452362804878048	5.255556146776185	FGF6
Butyrate Response Factor 1 (BRF1) Binds and Destabilizes mRNA	1/17	0.2457933243537945	0.469880225258163	0	0	3.7452362804878048	5.255556146776185	MAPKAPK2
GAB1 Signalosome	1/17	0.2457933243537945	0.469880225258163	0	0	3.7452362804878048	5.255556146776185	EGF
The NLRP3 Inflammasome	1/17	0.2457933243537945	0.469880225258163	0	0	3.7452362804878048	5.255556146776185	TXNIP
Trafficking of GluR2-containing AMPA Receptors	1/17	0.2457933243537945	0.469880225258163	0	0	3.7452362804878048	5.255556146776185	GRIP1
Tristetraprolin (TTP, ZFP36) Binds and Destabilizes mRNA	1/17	0.2457933243537945	0.469880225258163	0	0	3.7452362804878048	5.255556146776185	MAPKAPK2
Phase I - Functionalization of Compounds	3/105	0.24917258660899663	0.4751062791301075	0	0	1.765517863587153	2.453380402195956	CYP24A1;AHRR;CYP46A1
Arachidonate Metabolism	2/59	0.25328371229145497	0.4816971892674699	0	0	2.104619346531466	2.890158049435292	MAPKAPK2;DPEP1
Phospholipase C-mediated Cascade; FGFR2	1/18	0.2582105606693922	0.4872896734683914	0	0	3.524748923959828	4.772439196593552	FGF6
FGFR1 Ligand Binding and Activation	1/18	0.2582105606693922	0.4872896734683914	0	0	3.524748923959828	4.772439196593552	FGF6
MECP2 Regulates Neuronal Receptors and Channels	1/18	0.2582105606693922	0.4872896734683914	0	0	3.524748923959828	4.772439196593552	TRPC3
Death Receptor Signaling	4/157	0.2590926074477605	0.4877037316663728	0	0	1.5700754147812972	2.120496318780412	MAG;USP2;MAPKAPK2;ULK1
MAPK Family Signaling Cascades	7/314	0.26028488008275247	0.48869814219618835	0	0	1.3711938818864184	1.8455975600044827	SPRED3;FGF6;EGF;IRS2;RAG2;VCL;FOXO1
Aflatoxin Activation and Detoxification	1/19	0.2704239709641256	0.49633925842792137	0	0	3.328760162601626	4.3532336663883235	DPEP1
Phase 4 - Resting Membrane Potential	1/19	0.2704239709641256	0.49633925842792137	0	0	3.328760162601626	4.3532336663883235	KCNK3
Plasma Lipoprotein Assembly	1/19	0.2704239709641256	0.49633925842792137	0	0	3.328760162601626	4.3532336663883235	ABCA1
Constitutive Signaling by Ligand-Responsive EGFR Cancer Variants	1/19	0.2704239709641256	0.49633925842792137	0	0	3.328760162601626	4.3532336663883235	EGF
Regulation of MITF-M-dependent Genes Involved in Apoptosis	1/19	0.2704239709641256	0.49633925842792137	0	0	3.328760162601626	4.3532336663883235	BIRC7
GABA Synthesis, Release, Reuptake and Degradation	1/19	0.2704239709641256	0.49633925842792137	0	0	3.328760162601626	4.3532336663883235	SLC32A1
Signaling by Ligand-Responsive EGFR Variants in Cancer	1/19	0.2704239709641256	0.49633925842792137	0	0	3.328760162601626	4.3532336663883235	EGF
Glyoxylate Metabolism and Glycine Degradation	1/19	0.2704239709641256	0.49633925842792137	0	0	3.328760162601626	4.3532336663883235	AGXT
Synthesis, Secretion, and Deacylation of Ghrelin	1/19	0.2704239709641256	0.49633925842792137	0	0	3.328760162601626	4.3532336663883235	PCSK1
Ca2+ Pathway	2/63	0.277724480677546	0.5009001245630629	0	0	1.9662104577129391	2.5189628147195857	GNGT2;GNB3
Transcriptional Regulation by MECP2	2/63	0.277724480677546	0.5009001245630629	0	0	1.9662104577129391	2.5189628147195857	MEF2C;TRPC3
MAP Kinase Activation	2/63	0.277724480677546	0.5009001245630629	0	0	1.9662104577129391	2.5189628147195857	MEF2C;MAPKAPK2
Interleukin-4 and Interleukin-13 Signaling	3/112	0.28026388458788276	0.5009001245630629	0	0	1.6515449991557385	2.100804338723117	COL1A2;VIM;FOXO1
Apoptotic Factor-Mediated Response	1/20	0.2824368908881401	0.5009001245630629	0	0	3.1534017971758663	3.986846360254955	DIABLO
PI-3K Cascade FGFR4	1/20	0.2824368908881401	0.5009001245630629	0	0	3.1534017971758663	3.986846360254955	FGF6
Chondroitin Sulfate Biosynthesis	1/20	0.2824368908881401	0.5009001245630629	0	0	3.1534017971758663	3.986846360254955	VCAN
Defective B3GALT6 Causes EDSP2 and SEMDJL1	1/20	0.2824368908881401	0.5009001245630629	0	0	3.1534017971758663	3.986846360254955	VCAN
Defective B3GAT3 Causes JDSSDHD	1/20	0.2824368908881401	0.5009001245630629	0	0	3.1534017971758663	3.986846360254955	VCAN
Defective B4GALT7 Causes EDS, Progeroid Type	1/20	0.2824368908881401	0.5009001245630629	0	0	3.1534017971758663	3.986846360254955	VCAN
Receptor-type Tyrosine-Protein Phosphatases	1/20	0.2824368908881401	0.5009001245630629	0	0	3.1534017971758663	3.986846360254955	IL1RAPL1
FGFR2 Ligand Binding and Activation	1/20	0.2824368908881401	0.5009001245630629	0	0	3.1534017971758663	3.986846360254955	FGF6
SHC-mediated Cascade FGFR4	1/20	0.2824368908881401	0.5009001245630629	0	0	3.1534017971758663	3.986846360254955	FGF6
Signalling to RAS	1/20	0.2824368908881401	0.5009001245630629	0	0	3.1534017971758663	3.986846360254955	MAPKAPK2
O-linked Glycosylation	3/114	0.28921817307878644	0.511693690831699	0	0	1.6216216216216215	2.011741543027391	ADAMTS5;SPON1;CFP
ABC Transporter Disorders	2/65	0.28993173646583803	0.5117260384624863	0	0	1.903596912771225	2.356861945757166	ABCA1;CFTR
Neurotoxicity of Clostridium Toxins	1/21	0.29425260177727935	0.5119856144398998	0	0	2.995579268292683	3.664542117567877	SV2B
PI-3K Cascade FGFR1	1/21	0.29425260177727935	0.5119856144398998	0	0	2.995579268292683	3.664542117567877	FGF6
Regulation of Gene Expression in Beta Cells	1/21	0.29425260177727935	0.5119856144398998	0	0	2.995579268292683	3.664542117567877	FOXO1
SHC-mediated Cascade FGFR1	1/21	0.29425260177727935	0.5119856144398998	0	0	2.995579268292683	3.664542117567877	FGF6
TP53 Regulates Transcription of Additional Cell Cycle Genes With Uncertain Roles in the P53 Pathway	1/21	0.29425260177727935	0.5119856144398998	0	0	2.995579268292683	3.664542117567877	RGCC
VxPx Cargo-Targeting to Cilium	1/21	0.29425260177727935	0.5119856144398998	0	0	2.995579268292683	3.664542117567877	RHO
Neurodegenerative Diseases	1/22	0.3058743313401952	0.5235430415497294	0	0	2.852787456445993	3.3793576561268663	CAPNS2
RA Biosynthesis Pathway	1/22	0.3058743313401952	0.5235430415497294	0	0	2.852787456445993	3.3793576561268663	DHRS9
Deregulated CDK5 Triggers Multiple Neurodegenerative Pathways in Alzheimer's Disease Models	1/22	0.3058743313401952	0.5235430415497294	0	0	2.852787456445993	3.3793576561268663	CAPNS2
ERK MAPK Targets	1/22	0.3058743313401952	0.5235430415497294	0	0	2.852787456445993	3.3793576561268663	MEF2C
SHC1 Events in ERBB2 Signaling	1/22	0.3058743313401952	0.5235430415497294	0	0	2.852787456445993	3.3793576561268663	EGF
FRS-mediated FGFR4 Signaling	1/22	0.3058743313401952	0.5235430415497294	0	0	2.852787456445993	3.3793576561268663	FGF6
Signaling by ERBB2 TMD JMD Mutants	1/22	0.3058743313401952	0.5235430415497294	0	0	2.852787456445993	3.3793576561268663	EGF
Activated TAK1 Mediates P38 MAPK Activation	1/23	0.31730525464663	0.5283635009500446	0	0	2.722976718403548	3.125680522806664	MAPKAPK2
Nephrin Family Interactions	1/23	0.31730525464663	0.5283635009500446	0	0	2.722976718403548	3.125680522806664	CASK
Nitric Oxide Stimulates Guanylate Cyclase	1/23	0.31730525464663	0.5283635009500446	0	0	2.722976718403548	3.125680522806664	PDE10A
Nucleotide Salvage	1/23	0.31730525464663	0.5283635009500446	0	0	2.722976718403548	3.125680522806664	AMPD1
Azathioprine ADME	1/23	0.31730525464663	0.5283635009500446	0	0	2.722976718403548	3.125680522806664	GUK1
PI-3K Cascade FGFR2	1/23	0.31730525464663	0.5283635009500446	0	0	2.722976718403548	3.125680522806664	FGF6
RHOBTB1 GTPase Cycle	1/23	0.31730525464663	0.5283635009500446	0	0	2.722976718403548	3.125680522806664	VIM
Dopamine Neurotransmitter Release Cycle	1/23	0.31730525464663	0.5283635009500446	0	0	2.722976718403548	3.125680522806664	CASK
SHC-mediated Cascade FGFR2	1/23	0.31730525464663	0.5283635009500446	0	0	2.722976718403548	3.125680522806664	FGF6
FRS-mediated FGFR1 Signaling	1/23	0.31730525464663	0.5283635009500446	0	0	2.722976718403548	3.125680522806664	FGF6
Intrinsic Pathway of Fibrin Clot Formation	1/23	0.31730525464663	0.5283635009500446	0	0	2.722976718403548	3.125680522806664	SERPING1
Mitochondrial Calcium Ion Transport	1/23	0.31730525464663	0.5283635009500446	0	0	2.722976718403548	3.125680522806664	SLC8A3
Toll-like Receptor Cascades	4/174	0.32153499117703627	0.5341980891790038	0	0	1.4118371040723985	1.6019394227244363	MEF2C;MAPKAPK2;DNM1;CTSB
Xenobiotics	1/24	0.32854849492696125	0.5421786822113083	0	0	2.6044538706256626	2.898941622630818	AHRR
Growth Hormone Receptor Signaling	1/24	0.32854849492696125	0.5421786822113083	0	0	2.6044538706256626	2.898941622630818	IRS2
Synthesis of Very Long-Chain Fatty acyl-CoAs	1/24	0.32854849492696125	0.5421786822113083	0	0	2.6044538706256626	2.898941622630818	ELOVL3
Interleukin-17 Signaling	2/72	0.3323862337954461	0.5472847160479828	0	0	1.7126256006989953	1.8863845376772996	MEF2C;MAPKAPK2
NOTCH3 Activation and Transmission of Signal to the Nucleus	1/25	0.33960712454235614	0.5493425135454376	0	0	2.495807926829268	2.6953873180216528	EGF
Basigin Interactions	1/25	0.33960712454235614	0.5493425135454376	0	0	2.495807926829268	2.6953873180216528	MAG
Defective Intrinsic Pathway for Apoptosis	1/25	0.33960712454235614	0.5493425135454376	0	0	2.495807926829268	2.6953873180216528	CAPNS2
FRS-mediated FGFR2 Signaling	1/25	0.33960712454235614	0.5493425135454376	0	0	2.495807926829268	2.6953873180216528	FGF6
Signaling by EGFR in Cancer	1/25	0.33960712454235614	0.5493425135454376	0	0	2.495807926829268	2.6953873180216528	EGF
Signaling by ERBB2 KD Mutants	1/25	0.33960712454235614	0.5493425135454376	0	0	2.495807926829268	2.6953873180216528	EGF
Inflammasomes	1/25	0.33960712454235614	0.5493425135454376	0	0	2.495807926829268	2.6953873180216528	TXNIP
Insulin Processing	1/25	0.33960712454235614	0.5493425135454376	0	0	2.495807926829268	2.6953873180216528	PCSK1
MHC Class II Antigen Presentation	3/126	0.3431972874607658	0.5539324639717623	0	0	1.462516833757295	1.564088357396543	CAPZB;DNM1;CTSB
Glycolysis	2/74	0.3443958169061123	0.5546505935293188	0	0	1.664882772680938	1.7747045214107038	PFKFB3;PFKM
A Tetrasaccharide Linker Sequence Is Required for GAG Synthesis	1/26	0.3504841656025749	0.5583470690118942	0	0	2.3958536585365855	2.5119082110933375	VCAN
Constitutive Signaling by AKT1 E17K in Cancer	1/26	0.3504841656025749	0.5583470690118942	0	0	2.3958536585365855	2.5119082110933375	FOXO1
Signaling by ERBB2 in Cancer	1/26	0.3504841656025749	0.5583470690118942	0	0	2.3958536585365855	2.5119082110933375	EGF
Gluconeogenesis	1/26	0.3504841656025749	0.5583470690118942	0	0	2.3958536585365855	2.5119082110933375	PCK1
TNFR1-induced Proapoptotic Signaling	1/26	0.3504841656025749	0.5583470690118942	0	0	2.3958536585365855	2.5119082110933375	USP2
Platelet Degranulation	3/128	0.3521883070568592	0.559850095019111	0	0	1.4389693251533742	1.5016929665780463	EGF;SERPING1;VCL
Antigen Processing Ubiquitination & Proteasome Degradation	6/296	0.3607075214291447	0.5680136472447134	0	0	1.241443365004804	1.2658847020746773	WSB1;ASB10;RNF182;LMO7;ASB15;ASB16
Cell Recruitment (Pro-Inflammatory Response)	1/27	0.3611825909110406	0.5680136472447134	0	0	2.30358818011257	2.3459089109247486	TXNIP
Purinergic Signaling in Leishmaniasis Infection	1/27	0.3611825909110406	0.5680136472447134	0	0	2.30358818011257	2.3459089109247486	TXNIP
Downstream Signaling of Activated FGFR4	1/27	0.3611825909110406	0.5680136472447134	0	0	2.30358818011257	2.3459089109247486	FGF6
Effects of PIP2 Hydrolysis	1/27	0.3611825909110406	0.5680136472447134	0	0	2.30358818011257	2.3459089109247486	TRPC3
Regulation of Insulin Secretion	2/78	0.3681955868747831	0.5778079998717279	0	0	1.576935457910832	1.5755808639329785	GNGT2;GNB3
Caspase Activation via Extrinsic Apoptotic Signalling Pathway	1/28	0.3717053248424146	0.579608303144104	0	0	2.2181571815718155	2.195207852621651	DAPK2
TGFBR3 Expression	1/28	0.3717053248424146	0.579608303144104	0	0	2.2181571815718155	2.195207852621651	MYF6
TRP Channels	1/28	0.3717053248424146	0.579608303144104	0	0	2.2181571815718155	2.195207852621651	TRPC3
Response to Elevated Platelet Cytosolic Ca2+	3/133	0.3745940389932191	0.5828778281162986	0	0	1.383270410571024	1.3582503715847865	EGF;SERPING1;VCL
Beta-catenin Independent WNT Signaling	3/134	0.3790585906683951	0.5870410428627548	0	0	1.3726408467194304	1.3315501471199451	GNGT2;GNB3;PRICKLE1
Post NMDA Receptor Activation Events	2/80	0.37997001543215986	0.5870410428627548	0	0	1.5363443895553988	1.4866635229078424	ADCY1;CAMKK1
MAPK6 MAPK4 Signaling	2/80	0.37997001543215986	0.5870410428627548	0	0	1.5363443895553988	1.4866635229078424	RAG2;FOXO1
PIWI-interacting RNA (piRNA) Biogenesis	1/29	0.38205524392834184	0.5870410428627548	0	0	2.1388283972125435	2.0579594307268625	HENMT1
Downregulation of ERBB2 Signaling	1/29	0.38205524392834184	0.5870410428627548	0	0	2.1388283972125435	2.0579594307268625	EGF
Energy Dependent Regulation of mTOR by LKB1-AMPK	1/29	0.38205524392834184	0.5870410428627548	0	0	2.1388283972125435	2.0579594307268625	TSC1
Cellular Responses to Stimuli	16/887	0.388738141465509	0.5960651502471138	0	0	1.103355182798223	1.0425043944311436	ERO1A;MEF2C;EGLN3;EGF;AQP8;NR1D1;ADCY1;ADCY7;GNGT2;CAPZB;CAPNS2;MAPKAPK2;ME1;TXNIP;GNB3;VCL
Oncogenic MAPK Signaling	2/82	0.39165127946247413	0.5964567993322923	0	0	1.497782874617737	1.4039968458919196	SPRED3;VCL
Signaling by Insulin Receptor	2/82	0.39165127946247413	0.5964567993322923	0	0	1.497782874617737	1.4039968458919196	FGF6;IRS2
Downstream Signaling of Activated FGFR2	1/30	0.3922351778217792	0.5964567993322923	0	0	2.0649705634987385	1.9325928908084755	FGF6
Laminin Interactions	1/30	0.3922351778217792	0.5964567993322923	0	0	2.0649705634987385	1.9325928908084755	LAMA2
Negative Regulation of FGFR4 Signaling	1/31	0.4022479098800671	0.599300529699857	0	0	1.9960365853658537	1.8177639494390656	FGF6
Nicotinate Metabolism	1/31	0.4022479098800671	0.599300529699857	0	0	1.9960365853658537	1.8177639494390656	NMNAT1
Downstream Signaling of Activated FGFR1	1/31	0.4022479098800671	0.599300529699857	0	0	1.9960365853658537	1.8177639494390656	FGF6
FGFR1 Mutant Receptor Activation	1/31	0.4022479098800671	0.599300529699857	0	0	1.9960365853658537	1.8177639494390656	FGF6
Glutamate Binding, Activation of AMPA Receptors and Synaptic Plasticity	1/31	0.4022479098800671	0.599300529699857	0	0	1.9960365853658537	1.8177639494390656	GRIP1
Interaction Between L1 and Ankyrins	1/31	0.4022479098800671	0.599300529699857	0	0	1.9960365853658537	1.8177639494390656	SCN4B
Tight Junction Interactions	1/31	0.4022479098800671	0.599300529699857	0	0	1.9960365853658537	1.8177639494390656	F11R
Trafficking of AMPA Receptors	1/31	0.4022479098800671	0.599300529699857	0	0	1.9960365853658537	1.8177639494390656	GRIP1
Transcriptional Regulation of Brown and Beige Adipocyte Differentiation	1/31	0.4022479098800671	0.599300529699857	0	0	1.9960365853658537	1.8177639494390656	ELOVL3
Transcriptional Regulation of Brown and Beige Adipocyte Differentiation by EBF2	1/31	0.4022479098800671	0.599300529699857	0	0	1.9960365853658537	1.8177639494390656	ELOVL3
Transport of Bile Salts and Organic Acids, Metal Ions and Amine Compounds	2/84	0.40323292318340265	0.599554406995928	0	0	1.4611024091892295	1.327032982949334	SLC13A2;RHCG
PINK1-PRKN Mediated Mitophagy	1/32	0.4120961781902375	0.6114975547339009	0	0	1.931549960660897	1.712316171130387	MTERF3
Peptide Hormone Metabolism	2/86	0.41470900865238586	0.6129032738316386	0	0	1.4261686325906509	1.255282523765974	PCSK1;GNB3
TP53 Regulates Metabolic Genes	2/86	0.41470900865238586	0.6129032738316386	0	0	1.4261686325906509	1.255282523765974	DDIT4;TSC1
Nuclear Events Mediated by NFE2L2	2/87	0.4204057463833241	0.6147169297388763	0	0	1.4093182227019247	1.221223525556798	EGF;ME1
Negative Regulation of FGFR1 Signaling	1/33	0.4217826759757235	0.6147169297388763	0	0	1.87109375	1.6152499022110665	FGF6
Amino Acid Transport Across the Plasma Membrane	1/33	0.4217826759757235	0.6147169297388763	0	0	1.87109375	1.6152499022110665	SLC16A10
FGFR2 Mutant Receptor Activation	1/33	0.4217826759757235	0.6147169297388763	0	0	1.87109375	1.6152499022110665	FGF6
Sialic Acid Metabolism	1/33	0.4217826759757235	0.6147169297388763	0	0	1.87109375	1.6152499022110665	NEU3
Synthesis of Bile Acids and Bile Salts	1/33	0.4217826759757235	0.6147169297388763	0	0	1.87109375	1.6152499022110665	CYP46A1
TNFR1-induced NF-kappa-B Signaling Pathway	1/33	0.4217826759757235	0.6147169297388763	0	0	1.87109375	1.6152499022110665	USP2
Clathrin-mediated Endocytosis	3/145	0.4276209165903014	0.6219940604949838	0	0	1.2655966473688758	1.075147366528102	EGF;CFTR;DNM1
Negative Regulation of FGFR2 Signaling	1/34	0.43131005252028104	0.6236624727994634	0	0	1.81430155210643	1.525697099182409	FGF6
Signalling to ERKs	1/34	0.43131005252028104	0.6236624727994634	0	0	1.81430155210643	1.525697099182409	MAPKAPK2
Metabolic Disorders of Biological Oxidation Enzymes	1/34	0.43131005252028104	0.6236624727994634	0	0	1.81430155210643	1.525697099182409	CYP24A1
Toll Like Receptor 4 (TLR4) Cascade	3/148	0.4406446933464693	0.6334788138064125	0	0	1.2392214935477046	1.0155623524307067	MEF2C;MAPKAPK2;DNM1
RHOBTB GTPase Cycle	1/35	0.4406809139522869	0.6334788138064125	0	0	1.7608500717360114	1.442900799000899	VIM
Transcriptional Regulation by NPAS4	1/35	0.4406809139522869	0.6334788138064125	0	0	1.7608500717360114	1.442900799000899	SRF
RAF MAP Kinase Cascade	5/265	0.4420017205019287	0.6341389206421433	0	0	1.152124881291548	0.9406425713080586	SPRED3;FGF6;EGF;IRS2;VCL
Chaperonin-mediated Protein Folding	2/91	0.4429027982299388	0.634195446492675	0	0	1.345703192110779	1.095947341021233	GNGT2;GNB3
Cleavage of the Damaged Purine	1/36	0.4498978237617553	0.6367784582474075	0	0	1.710452961672474	1.3661982705662747	MPG
Recognition and Association of DNA Glycosylase With Site Containing an Affected Purine	1/36	0.4498978237617553	0.6367784582474075	0	0	1.710452961672474	1.3661982705662747	MPG
Depurination	1/36	0.4498978237617553	0.6367784582474075	0	0	1.710452961672474	1.3661982705662747	MPG
Regulation of TP53 Degradation	1/36	0.4498978237617553	0.6367784582474075	0	0	1.710452961672474	1.3661982705662747	USP2
SMAD2 SMAD3 SMAD4 Heterotrimer Regulates Transcription	1/36	0.4498978237617553	0.6367784582474075	0	0	1.710452961672474	1.3661982705662747	COL1A2
Signaling by High-Kinase Activity BRAF Mutants	1/36	0.4498978237617553	0.6367784582474075	0	0	1.710452961672474	1.3661982705662747	VCL
Deubiquitination	5/268	0.451621193968055	0.6376365905129473	0	0	1.1388067408346243	0.9052505938882688	ZRANB1;USP2;FOXK1;CFTR;DDB2
Post-translational Modification Synthesis of GPI-anchored Proteins	2/93	0.4539695291151962	0.6376365905129473	0	0	1.3159928756259032	1.0392727364805356	NRN1L;CNTN5
Signaling by ALK Fusions and Activated Point Mutants	2/93	0.4539695291151962	0.6376365905129473	0	0	1.3159928756259032	1.0392727364805356	LMO7;VCL
Signaling by ALK in Cancer	2/93	0.4539695291151962	0.6376365905129473	0	0	1.3159928756259032	1.0392727364805356	LMO7;VCL
Regulation of TP53 Expression and Degradation	1/37	0.4589633036116017	0.6416686308791092	0	0	1.6628556910569106	1.2950071037413764	USP2
Fatty acyl-CoA Biosynthesis	1/37	0.4589633036116017	0.6416686308791092	0	0	1.6628556910569106	1.2950071037413764	ELOVL3
Signaling by TGF-beta Receptor Complex	2/94	0.45945566368653606	0.6416686308791092	0	0	1.3016221247174578	1.012288226217983	COL1A2;F11R
MAPK1 MAPK3 Signaling	5/271	0.4611969566467521	0.6424618614845057	0	0	1.1257890095609393	0.8712819887926783	SPRED3;FGF6;EGF;IRS2;VCL
Generic Transcription Pathway	21/1230	0.46240685943295934	0.6424618614845057	0	0	1.0411685089104443	0.8030638151694547	MEF2C;TRPC3;UCMA;SRF;USP2;IHH;TSC1;NR1D1;NDRG1;RUNX2;FOXO1;ESR2;DDB2;COL1A1;COL1A2;RGCC;CCNG2;DDIT4;TXNIP;SP7;PCK1
Signaling by Interleukins	8/452	0.4671158495819261	0.6424618614845057	0	0	1.0792287614717522	0.8214851687963693	MEF2C;COL1A2;MAPKAPK2;IL1RAPL1;IRS2;VIM;RAG2;FOXO1
Apoptotic Cleavage of Cellular Proteins	1/38	0.4678798339071944	0.6424618614845057	0	0	1.6178312458800264	1.2288136618228402	VIM
DNA Damage Recognition in GG-NER	1/38	0.4678798339071944	0.6424618614845057	0	0	1.6178312458800264	1.2288136618228402	DDB2
Regulation of Ornithine Decarboxylase (ODC)	1/38	0.4678798339071944	0.6424618614845057	0	0	1.6178312458800264	1.2288136618228402	OAZ2
Resolution of Abasic Sites (AP Sites)	1/38	0.4678798339071944	0.6424618614845057	0	0	1.6178312458800264	1.2288136618228402	MPG
Signaling by FGFR1 in Disease	1/38	0.4678798339071944	0.6424618614845057	0	0	1.6178312458800264	1.2288136618228402	FGF6
Mitochondrial Fatty Acid Beta-Oxidation	1/38	0.4678798339071944	0.6424618614845057	0	0	1.6178312458800264	1.2288136618228402	ACOT9
Protein Folding	2/97	0.47571976709670266	0.6484552550803329	0	0	1.2603251247384517	0.9363287103331994	GNGT2;GNB3
Mitochondrial Biogenesis	2/97	0.47571976709670266	0.6484552550803329	0	0	1.2603251247384517	0.9363287103331994	MEF2C;NR1D1
Ovarian Tumor Domain Proteases	1/39	0.47664985461747295	0.6484552550803329	0	0	1.5751765083440308	1.1671634441437313	ZRANB1
Formation of Fibrin Clot (Clotting Cascade)	1/39	0.47664985461747295	0.6484552550803329	0	0	1.5751765083440308	1.1671634441437313	SERPING1
Glycosphingolipid Catabolism	1/39	0.47664985461747295	0.6484552550803329	0	0	1.5751765083440308	1.1671634441437313	NEU3
MyD88 Cascade Initiated on Plasma Membrane	2/98	0.48107500875715414	0.6508661883185027	0	0	1.2471330275229358	0.9125672413629928	MEF2C;MAPKAPK2
Toll Like Receptor 10 (TLR10) Cascade	2/98	0.48107500875715414	0.6508661883185027	0	0	1.2471330275229358	0.9125672413629928	MEF2C;MAPKAPK2
Toll Like Receptor 5 (TLR5) Cascade	2/98	0.48107500875715414	0.6508661883185027	0	0	1.2471330275229358	0.9125672413629928	MEF2C;MAPKAPK2
MAP2K and MAPK Activation	1/40	0.4852757659100546	0.6553448875409179	0	0	1.5347091932457786	1.1096530044697448	VCL
PIP3 Activates AKT Signaling	5/281	0.49274186423405864	0.6583465715575433	0	0	1.084440418679549	0.7675342259844609	FGF6;EGF;IRS2;FOXO1;ESR2
RET Signaling	1/41	0.4937599286681575	0.6583465715575433	0	0	1.496265243902439	1.055923142168636	IRS2
Diseases Associated With Glycosaminoglycan Metabolism	1/41	0.4937599286681575	0.6583465715575433	0	0	1.496265243902439	1.055923142168636	VCAN
Dual Incision in GG-NER	1/41	0.4937599286681575	0.6583465715575433	0	0	1.496265243902439	1.055923142168636	DDB2
Signaling by FGFR4	1/41	0.4937599286681575	0.6583465715575433	0	0	1.496265243902439	1.055923142168636	FGF6
Signaling by RAF1 Mutants	1/41	0.4937599286681575	0.6583465715575433	0	0	1.496265243902439	1.055923142168636	VCL
MTOR Signalling	1/41	0.4937599286681575	0.6583465715575433	0	0	1.496265243902439	1.055923142168636	TSC1
Signaling by TGFB Family Members	3/161	0.4956373852904949	0.6589295146354366	0	0	1.1365030674846626	0.7977236610004801	COL1A2;MYF6;F11R
Biological Oxidations	4/222	0.4976528771378265	0.6589295146354366	0	0	1.0982639378969654	0.7664262115020932	CYP24A1;AHRR;DPEP1;CYP46A1
RHOF GTPase Cycle	1/42	0.5021046652209801	0.6589295146354366	0	0	1.4596966091612136	1.0056531393547812	CAPZB
Deactivation of the Beta-Catenin Transactivating Complex	1/42	0.5021046652209801	0.6589295146354366	0	0	1.4596966091612136	1.0056531393547812	BCL9L
Regulation of Beta-Cell Development	1/42	0.5021046652209801	0.6589295146354366	0	0	1.4596966091612136	1.0056531393547812	FOXO1
TRAF6 Mediated Induction of NFkB and MAP Kinases Upon TLR7 8 or 9 Activation	2/102	0.5021557668303244	0.6589295146354366	0	0	1.1970030581039754	0.8245494697311581	MEF2C;MAPKAPK2
MyD88 Dependent Cascade Initiated on Endosome	2/103	0.5073393383369666	0.6589295146354366	0	0	1.1850909861628365	0.8041733445300521	MEF2C;MAPKAPK2
Epigenetic Regulation of Adipogenesis Genes by MLL3 and MLL4 Complexes	2/103	0.5073393383369666	0.6589295146354366	0	0	1.1850909861628365	0.8041733445300521	ADIPOQ;PDK4
Epigenetic Regulation of Gene Expression by MLL3 and MLL4 Complexes	2/103	0.5073393383369666	0.6589295146354366	0	0	1.1850909861628365	0.8041733445300521	ADIPOQ;PDK4
MLL4 and MLL3 Complexes Regulate Expression of PPARG Targets in Adipogenesis and Hepatic Steatosis	2/103	0.5073393383369666	0.6589295146354366	0	0	1.1850909861628365	0.8041733445300521	ADIPOQ;PDK4
Protein Localization	3/164	0.5079476447519309	0.6589295146354366	0	0	1.115154517395115	0.7553799080367124	MLYCD;AGXT;CRAT
Disorders of Transmembrane Transporters	3/164	0.5079476447519309	0.6589295146354366	0	0	1.115154517395115	0.7553799080367124	ABCA1;SLC12A3;CFTR
Amine Ligand-Binding Receptors	1/43	0.5103122599758136	0.6589295146354366	0	0	1.424869337979094	0.9585558637014526	DRD4
Assembly and Cell Surface Presentation of NMDA Receptors	1/43	0.5103122599758136	0.6589295146354366	0	0	1.424869337979094	0.9585558637014526	CASK
Base-Excision Repair, AP Site Formation	1/43	0.5103122599758136	0.6589295146354366	0	0	1.424869337979094	0.9585558637014526	MPG
Formation of Incision Complex in GG-NER	1/43	0.5103122599758136	0.6589295146354366	0	0	1.424869337979094	0.9585558637014526	DDB2
Signaling by FGFR2 in Disease	1/43	0.5103122599758136	0.6589295146354366	0	0	1.424869337979094	0.9585558637014526	FGF6
Signaling by SCF-KIT	1/43	0.5103122599758136	0.6589295146354366	0	0	1.424869337979094	0.9585558637014526	PTPRU
Signaling by WNT	5/287	0.5113446883046716	0.6591062882526065	0	0	1.0610388757551878	0.7116508479297233	ZRANB1;GNGT2;GNB3;PRICKLE1;BCL9L
Cargo Recognition for Clathrin-Mediated Endocytosis	2/105	0.5176006160735112	0.6600888072911277	0	0	1.1619607493839257	0.7652108149783529	EGF;CFTR
Netrin-1 Signaling	1/44	0.5183849600737389	0.6600888072911277	0	0	1.3916619398752128	0.9143735899634124	TRPC3
Bile Acid and Bile Salt Metabolism	1/44	0.5183849600737389	0.6600888072911277	0	0	1.3916619398752128	0.9143735899634124	CYP46A1
Elastic Fibre Formation	1/44	0.5183849600737389	0.6600888072911277	0	0	1.3916619398752128	0.9143735899634124	LOXL3
Smooth Muscle Contraction	1/44	0.5183849600737389	0.6600888072911277	0	0	1.3916619398752128	0.9143735899634124	VCL
TP53 Regulates Transcription of Cell Death Genes	1/44	0.5183849600737389	0.6600888072911277	0	0	1.3916619398752128	0.9143735899634124	NDRG1
Uptake and Actions of Bacterial Toxins	1/44	0.5183849600737389	0.6600888072911277	0	0	1.3916619398752128	0.9143735899634124	SV2B
Toll Like Receptor 3 (TLR3) Cascade	2/106	0.5226778455521698	0.661671748384671	0	0	1.1507292401787814	0.7465815993341745	MEF2C;MAPKAPK2
Apoptosis	3/168	0.5241148002964926	0.661671748384671	0	0	1.0878973786949246	0.7028301551907633	DIABLO;DAPK2;VIM
Paradoxical Activation of RAF Signaling by Kinase Inactive BRAF	1/45	0.5263249758587848	0.661671748384671	0	0	1.3599639689578713	0.8728744217469863	VCL
Signaling by RAS Mutants	1/45	0.5263249758587848	0.661671748384671	0	0	1.3599639689578713	0.8728744217469863	VCL
Signaling by Moderate Kinase Activity BRAF Mutants	1/45	0.5263249758587848	0.661671748384671	0	0	1.3599639689578713	0.8728744217469863	VCL
Signaling Downstream of RAS Mutants	1/45	0.5263249758587848	0.661671748384671	0	0	1.3599639689578713	0.8728744217469863	VCL
Somitogenesis	1/45	0.5263249758587848	0.661671748384671	0	0	1.3599639689578713	0.8728744217469863	TBX6
Post-translational Protein Phosphorylation	2/107	0.527719179757883	0.661671748384671	0	0	1.1397116644823069	0.7284934308742553	VCAN;MATN3
Toll Like Receptor 7 8 (TLR7 8) Cascade	2/107	0.527719179757883	0.661671748384671	0	0	1.1397116644823069	0.7284934308742553	MEF2C;MAPKAPK2
Disease	35/2131	0.5307643422048983	0.6643580882020497	0	0	0.9982165576154126	0.6323074575669261	SPON1;DHH;IHH;ATP1A4;IRS2;ADCY1;CFP;ADCY7;FOXO1;RLBP1;SPRED3;FGF6;ADAMTS5;GNGT2;DBP;SV2B;CAPNS2;GYG2;GYG1;ABCA1;SLC12A3;EGF;LMO7;ESR2;COL1A1;VCAN;OPN1SW;COL1A2;CYP24A1;SERPING1;TXNIP;DPEP1;GNB3;CFTR;VCL
Axon Guidance	9/541	0.5336481249569895	0.6668336502009241	0	0	1.011812734962406	0.6354372165121442	COL2A1;TRPC3;COL5A2;COL9A1;IRS2;COL9A2;CACNA1S;SCN4B;DNM1
Cell Surface Interactions at the Vascular Wall	4/233	0.535595590612329	0.6681328045604646	0	0	1.0449177023849512	0.6524214285665534	COL1A1;MAG;COL1A2;F11R
Drug ADME	2/109	0.5376933945186035	0.6696147857287517	0	0	1.118294321072337	0.6938644764194055	GUK1;PCK1
MyD88-independent TLR4 Cascade	2/110	0.5426259311235188	0.6723445880587706	0	0	1.1078831124702684	0.6772878216095514	MEF2C;MAPKAPK2
TRIF (TICAM1)-mediated TLR4 Signaling	2/110	0.5426259311235188	0.6723445880587706	0	0	1.1078831124702684	0.6772878216095514	MEF2C;MAPKAPK2
Toll Like Receptor 9 (TLR9) Cascade	2/110	0.5426259311235188	0.6723445880587706	0	0	1.1078831124702684	0.6772878216095514	MEF2C;MAPKAPK2
Defective CFTR Causes Cystic Fibrosis	1/48	0.5493704831631218	0.6765909815764777	0	0	1.2729631551634666	0.7624823123792487	CFTR
Recycling Pathway of L1	1/48	0.5493704831631218	0.6765909815764777	0	0	1.2729631551634666	0.7624823123792487	DNM1
Gap Junction Trafficking	1/48	0.5493704831631218	0.6765909815764777	0	0	1.2729631551634666	0.7624823123792487	DNM1
Transcriptional Regulation by TP53	6/362	0.5497301725308881	0.6765909815764777	0	0	1.0078442967961874	0.6030211767251901	RGCC;DDIT4;USP2;TSC1;NDRG1;DDB2
Retrograde Transport at the Trans-Golgi-Network	1/49	0.5568011522469258	0.6807402791590322	0	0	1.2463795731707317	0.7298139452611976	USP6NL
Signaling by NOTCH3	1/49	0.5568011522469258	0.6807402791590322	0	0	1.2463795731707317	0.7298139452611976	EGF
Signaling by TGFBR3	1/49	0.5568011522469258	0.6807402791590322	0	0	1.2463795731707317	0.7298139452611976	MYF6
TP53 Regulates Transcription of Cell Cycle Genes	1/49	0.5568011522469258	0.6807402791590322	0	0	1.2463795731707317	0.7298139452611976	RGCC
Chondroitin Sulfate Dermatan Sulfate Metabolism	1/50	0.5641096589005535	0.6873919022364361	0	0	1.2208810353409656	0.6989624697257846	VCAN
Signaling by ERBB2	1/50	0.5641096589005535	0.6873919022364361	0	0	1.2208810353409656	0.6989624697257846	EGF
MyD88 MAL(TIRAP) Cascade Initiated on Plasma Membrane	2/115	0.5667373724816687	0.6881756662903613	0	0	1.0585911071418903	0.601130773776851	MEF2C;MAPKAPK2
Toll Like Receptor TLR6 TLR2 Cascade	2/115	0.5667373724816687	0.6881756662903613	0	0	1.0585911071418903	0.601130773776851	MEF2C;MAPKAPK2
Asymmetric Localization of PCP Proteins	1/51	0.5712980055752864	0.6881756662903613	0	0	1.19640243902439	0.6697990911223342	PRICKLE1
Cargo Trafficking to the Periciliary Membrane	1/51	0.5712980055752864	0.6881756662903613	0	0	1.19640243902439	0.6697990911223342	RHO
EPH-ephrin Mediated Repulsion of Cells	1/51	0.5712980055752864	0.6881756662903613	0	0	1.19640243902439	0.6697990911223342	DNM1
Gap Junction Trafficking and Regulation	1/51	0.5712980055752864	0.6881756662903613	0	0	1.19640243902439	0.6697990911223342	DNM1
Transcriptional Activity of SMAD2 SMAD3 SMAD4 Heterotrimer	1/51	0.5712980055752864	0.6881756662903613	0	0	1.19640243902439	0.6697990911223342	COL1A2
Apoptotic Execution Phase	1/52	0.5783681618108807	0.6927700125207062	0	0	1.172883787661406	0.642206248789451	VIM
COPI-independent Golgi-to-ER Retrograde Traffic	1/52	0.5783681618108807	0.6927700125207062	0	0	1.172883787661406	0.642206248789451	CAPZB
Signaling by FGFR1	1/52	0.5783681618108807	0.6927700125207062	0	0	1.172883787661406	0.642206248789451	FGF6
Class I MHC Mediated Antigen Processing & Presentation	6/373	0.5790319721634235	0.6927700125207062	0	0	0.9770796602019556	0.5338739650334982	WSB1;ASB10;RNF182;LMO7;ASB15;ASB16
Toll Like Receptor 2 (TLR2) Cascade	2/118	0.5807596436484725	0.6927700125207062	0	0	1.0310555731308657	0.5602944687792342	MEF2C;MAPKAPK2
Toll Like Receptor TLR1 TLR2 Cascade	2/118	0.5807596436484725	0.6927700125207062	0	0	1.0310555731308657	0.5602944687792342	MEF2C;MAPKAPK2
Oxygen-dependent Proline Hydroxylation of Hypoxia-inducible Factor Alpha	1/53	0.5853220651427223	0.6948780525554724	0	0	1.1502696998123827	0.6160764505595727	EGLN3
RHOD GTPase Cycle	1/53	0.5853220651427223	0.6948780525554724	0	0	1.1502696998123827	0.6160764505595727	CAPZB
KEAP1-NFE2L2 Pathway	2/119	0.5853592290548817	0.6948780525554724	0	0	1.0221908570532423	0.5474134132200761	EGF;ME1
Gastrulation	2/120	0.589921499462409	0.6980421601355836	0	0	1.0134763904006634	0.5348781806903838	IHH;TBX6
L1CAM Interactions	2/120	0.589921499462409	0.6980421601355836	0	0	1.0134763904006634	0.5348781806903838	SCN4B;DNM1
FCGR3A-mediated IL10 Synthesis	2/121	0.5944464341724119	0.7022673764861882	0	0	1.0049083853724976	0.5226776415462933	ADCY1;ADCY7
Regulation of RAS by GAPs	1/55	0.5988887049929902	0.7030549301828747	0	0	1.1075542005420054	0.5678203331776994	SPRED3
Intrinsic Pathway for Apoptosis	1/55	0.5988887049929902	0.7030549301828747	0	0	1.1075542005420054	0.5678203331776994	DIABLO
Ion Transport by P-type ATPases	1/55	0.5988887049929902	0.7030549301828747	0	0	1.1075542005420054	0.5678203331776994	ATP1A4
Binding and Uptake of Ligands by Scavenger Receptors	2/122	0.5989340234030739	0.7030549301828747	0	0	0.9964831804281346	0.5108010963149648	COL1A1;COL1A2
Rab Regulation of Trafficking	2/123	0.6033842675426007	0.7071509887123473	0	0	0.9881972350696288	0.4992382566644444	TSC1;ULK1
HSP90 Chaperone Cycle for Steroid Hormone Receptors (SHR) in the Presence of Ligand	1/56	0.6055051601181614	0.7085084226501857	0	0	1.0873614190687362	0.5455207359463682	CAPZB
Ub-specific Processing Proteases	3/190	0.6074779167326768	0.7089361687039768	0	0	0.9588268101440242	0.4779171131530589	USP2;CFTR;DDB2
Regulation of IGF Transport and Uptake by Insulin-like Growth Factor Binding Proteins (IGFBPs)	2/124	0.6077971772448497	0.7089361687039768	0	0	0.9800471248809344	0.4879792260127563	VCAN;MATN3
Heparan Sulfate Heparin (HS-GAG) Metabolism	1/57	0.6120128006053098	0.7127237677935253	0	0	1.0678898083623694	0.5243361178287935	VCAN
Signaling by ERBB4	1/58	0.6184134105650546	0.7177159873622873	0	0	1.0491014120667523	0.5041961411887917	EGF
Glycosphingolipid Metabolism	1/58	0.6184134105650546	0.7177159873622873	0	0	1.0491014120667523	0.5041961411887917	NEU3
Aerobic Respiration and Respiratory Electron Transport	4/260	0.6221187827978047	0.7177159873622873	0	0	0.9334134615384616	0.4430206504452298	LDHB;PDK4;ME1;PDK2
RHOQ GTPase Cycle	1/59	0.6247087451899233	0.7177159873622873	0	0	1.0309608915054669	0.4850359083059905	CFTR
Cytoprotection by HMOX1	1/59	0.6247087451899233	0.7177159873622873	0	0	1.0309608915054669	0.4850359083059905	TXNIP
Regulation of RUNX2 Expression and Activity	1/59	0.6247087451899233	0.7177159873622873	0	0	1.0309608915054669	0.4850359083059905	RUNX2
Formation of Paraxial Mesoderm	1/59	0.6247087451899233	0.7177159873622873	0	0	1.0309608915054669	0.4850359083059905	TBX6
Iron Uptake and Transport	1/59	0.6247087451899233	0.7177159873622873	0	0	1.0309608915054669	0.4850359083059905	CYBRD1
Regulation of Complement Cascade	2/128	0.6250760161674268	0.7177159873622873	0	0	0.9487403524100771	0.44579602449257577	SERPING1;CFP
Formation of the Beta-Catenin TCF Transactivating Complex	1/60	0.6309005306878616	0.7232753747449627	0	0	1.0134353038445638	0.4667954623363504	BCL9L
Peptide Ligand-Binding Receptors	3/198	0.6352835568465084	0.7271674927512134	0	0	0.9191127890514392	0.4169866135985292	PMCH;UTS2;RXFP1
Nucleotide-binding Domain, Leucine Rich Repeat Containing Receptor (NLR) Signaling Pathways	1/61	0.6369904652786422	0.7279891031755911	0	0	0.9964939024390244	0.4494193396128809	TXNIP
Cellular Response to Hypoxia	1/62	0.6429802192486078	0.7325595067600238	0	0	0.9801079568172733	0.4328561702614967	EGLN3
TP53 Regulates Transcription of DNA Repair Genes	1/62	0.6429802192486078	0.7325595067600238	0	0	0.9801079568172733	0.4328561702614967	DDB2
Programmed Cell Death	3/202	0.648663573229005	0.7369897787479811	0	0	0.9004531861762802	0.3897531240408209	DIABLO;DAPK2;VIM
Signaling by FGFR in Disease	1/63	0.6488714356368095	0.7369897787479811	0	0	0.964250590086546	0.41705831897925977	FGF6
RNA Polymerase II Transcription	21/1360	0.650749432420613	0.7379839480147476	0	0	0.9334645936587684	0.401044960267153	MEF2C;TRPC3;UCMA;SRF;USP2;IHH;TSC1;NR1D1;NDRG1;RUNX2;FOXO1;ESR2;DDB2;COL1A1;COL1A2;RGCC;CCNG2;DDIT4;TXNIP;SP7;PCK1
Adaptive Immune System	13/854	0.6523208056081439	0.7386278660424521	0	0	0.9211080841072262	0.3935146948969946	WSB1;DAPP1;LMO7;DNM1;ASB15;ASB16;COL1A1;COL1A2;COL2A1;CAPZB;ASB10;RNF182;CTSB
Epigenetic Regulation by WDR5-containing Histone Modifying Complexes	2/135	0.6538872478325051	0.7390091683617518	0	0	0.8984847439700168	0.3816946000912212	ADIPOQ;PDK4
Synthesis of Substrates in N-glycan Biosythesis	1/64	0.654665730668291	0.7390091683617518	0	0	0.9488966318234612	0.4019815626244737	NEU3
Signaling by BRAF and RAF1 Fusions	1/65	0.6603646940203287	0.7443007883598193	0	0	0.9340224847560976	0.3875848002438614	VCL
Complement Cascade	2/139	0.6695450290038095	0.7534940999186602	0	0	0.8720730373445836	0.3498380800018019	SERPING1;CFP
Neutrophil Degranulation	7/478	0.6744142781237916	0.7578151277849018	0	0	0.8861811132650236	0.34907622347132483	SERPINB1;ARG1;CFP;EPX;GYG1;VCL;CTSB
Base Excision Repair	1/71	0.6926423135170272	0.7771108883361769	0	0	0.8537020905923345	0.3135148833843592	MPG
Degradation of Beta-Catenin by the Destruction Complex	1/72	0.6977163373681136	0.7816122135508852	0	0	0.8416351769151494	0.30294039782710525	ZRANB1
Plasma Lipoprotein Assembly, Remodeling, and Clearance	1/75	0.7124427795978865	0.7952628058351241	0	0	0.8073912326961108	0.2737505829438666	ABCA1
Signaling by FGFR2	1/75	0.7124427795978865	0.7952628058351241	0	0	0.8073912326961108	0.2737505829438666	FGF6
Immunoregulatory Interactions Between a Lymphoid and a non-Lymphoid Cell	3/223	0.7131432769717145	0.7952628058351241	0	0	0.813622420524261	0.27506371503943194	COL1A1;COL1A2;COL2A1
Regulation of mRNA Stability by Proteins That Bind AU-rich Elements	1/76	0.7171908778736069	0.79856654480329	0	0	0.7965853658536586	0.26479553547605933	MAPKAPK2
Diseases of Programmed Cell Death	1/78	0.7264538593427707	0.8076586714143191	0	0	0.7758156477668673	0.2479354043416136	CAPNS2
Gene Expression (Transcription)	24/1615	0.7286320631882823	0.8088585196177615	0	0	0.894210260584641	0.28309479723001096	MEF2C;TRPC3;UCMA;SRF;ADIPOQ;USP2;IHH;TSC1;NR1D1;NDRG1;RUNX2;FOXO1;ESR2;DDB2;COL1A1;COL1A2;RGCC;HENMT1;CCNG2;DDIT4;PDK4;TXNIP;SP7;PCK1
PCP CE Pathway	1/79	0.7309712875885942	0.8090148385942937	0	0	0.7658302063789869	0.2399967111621216	PRICKLE1
Biosynthesis of the N-glycan Precursor (Dolichol LLO) and Transfer to a Nascent Protein	1/79	0.7309712875885942	0.8090148385942937	0	0	0.7658302063789869	0.2399967111621216	NEU3
Cell-Cell Communication	2/157	0.7330137963393638	0.8100572884471047	0	0	0.7700897701489593	0.23918276353435772	CASK;F11R
UCH Proteinases	1/82	0.7440821576810853	0.8210561739929217	0	0	0.737353206865402	0.2179644270387112	FOXK1
Regulation of HSF1-mediated Heat Shock Response	1/83	0.7483093132408264	0.8244845127922877	0	0	0.7283239143367043	0.2111694098822776	MAPKAPK2
Global Genome Nucleotide Excision Repair (GG-NER)	1/84	0.7524668543525413	0.8278260161486852	0	0	0.7195121951219512	0.20462806721188095	DDB2
ABC-family Proteins Mediated Transport	1/90	0.7760129144122854	0.8511855514268883	0	0	0.6708002192381475	0.17010562264693613	CFTR
RAB GEFs Exchange GTP for GDP on RABs	1/90	0.7760129144122854	0.8511855514268883	0	0	0.6708002192381475	0.17010562264693613	ULK1
Activation of HOX Genes During Differentiation	1/91	0.7797141321058813	0.8514385774924756	0	0	0.6633130081300813	0.16505079862609132	EGR2
Activation of Anterior HOX Genes in Hindbrain Development During Early Embryogenesis	1/91	0.7797141321058813	0.8514385774924756	0	0	0.6633130081300813	0.16505079862609132	EGR2
Signaling by FGFR	1/91	0.7797141321058813	0.8514385774924756	0	0	0.6633130081300813	0.16505079862609132	FGF6
Cell-cell Junction Organization	1/92	0.7833543722761582	0.8528828668568823	0	0	0.6559903511123023	0.16017323136708012	F11R
EPH-Ephrin Signaling	1/92	0.7833543722761582	0.8528828668568823	0	0	0.6559903511123023	0.16017323136708012	DNM1
Oxidative Stress Induced Senescence	1/94	0.7904559098952111	0.8580760319806421	0	0	0.6418174665617624	0.15092042416145118	MAPKAPK2
MITF-M-dependent Gene Expression	1/94	0.7904559098952111	0.8580760319806421	0	0	0.6418174665617624	0.15092042416145118	BIRC7
Antigen Activates B Cell Receptor (BCR) Leading to Generation of Second Messengers	1/95	0.7939191616441216	0.860566278306441	0	0	0.6349571873378308	0.14653137784177064	DAPP1
P75 NTR Receptor-Mediated Signalling	1/98	0.8039702405561419	0.8701795544842946	0	0	0.6152250440030174	0.13423781323566317	MAG
SLC Transporter Disorders	1/99	0.8072107823721514	0.8711248325893012	0	0	0.6089161274265804	0.13041184241547765	SLC12A3
VEGFA-VEGFR2 Pathway	1/99	0.8072107823721514	0.8711248325893012	0	0	0.6089161274265804	0.13041184241547765	MAPKAPK2
COPI-mediated Anterograde Transport	1/101	0.8135325155349824	0.8753800167160044	0	0	0.5966768292682927	0.12313582922320256	CAPZB
Cellular Response to Heat Stress	1/101	0.8135325155349824	0.8753800167160044	0	0	0.5966768292682927	0.12313582922320256	MAPKAPK2
Initial Triggering of Complement	1/104	0.8226296891598979	0.8838765711265473	0	0	0.5792090930618045	0.1130900726564794	CFP
Post-translational Protein Modification	20/1457	0.8299732498152308	0.8904669269154663	0	0	0.8212903095040234	0.15305714684814906	SPON1;ZRANB1;WSB1;CNTN5;USP2;LMO7;FOXK1;CFP;ASB15;DDB2;ASB16;ANKRD9;NEU3;ADAMTS5;VCAN;NRN1L;CAPZB;ASB10;CFTR;MATN3
Sphingolipid Metabolism	1/107	0.8312843179574237	0.8905753391800056	0	0	0.562730096640589	0.1039831822859841	NEU3
Nucleotide Excision Repair	1/108	0.8340745913859838	0.8909708262120233	0	0	0.5574424435833143	0.10113814409809112	DDB2
Signaling by VEGF	1/108	0.8340745913859838	0.8909708262120233	0	0	0.5574424435833143	0.10113814409809112	MAPKAPK2
Cellular Responses to Stress	10/787	0.8380703841123259	0.8939417430531477	0	0	0.7622759346897278	0.1346584766205177	ERO1A;MEF2C;EGLN3;CAPZB;EGF;AQP8;MAPKAPK2;ME1;TXNIP;NR1D1
Intra-Golgi and Retrograde Golgi-to-ER Traffic	2/204	0.8517401464296681	0.9072080286139446	0	0	0.589487389105883	0.0945972761507413	USP6NL;CAPZB
Cell Junction Organization	1/119	0.8618914241646951	0.9164757687614392	0	0	0.5051932616783795	0.07508484072544166	F11R
Nonsense Mediated Decay (NMD) Enhanced by the Exon Junction Complex (EJC)	1/120	0.8641768797832049	0.9164757687614392	0	0	0.5009223201475712	0.07312354285421739	SMG7
Nonsense-Mediated Decay (NMD)	1/120	0.8641768797832049	0.9164757687614392	0	0	0.5009223201475712	0.07312354285421739	SMG7
Selenoamino Acid Metabolism	1/122	0.8686352877494878	0.9194218594617636	0	0	0.49259221931062286	0.06937271477101603	CTH
Organelle Biogenesis and Maintenance	3/297	0.8694532801431893	0.9194218594617636	0	0	0.6065168398647802	0.08484605224831591	MEF2C;RHO;NR1D1
Vesicle-mediated Transport	9/752	0.8746275854158715	0.9235665751306764	0	0	0.7164872139973082	0.09597854929719392	USP6NL;COL1A1;COL1A2;CAPZB;EGF;ULK1;TSC1;CFTR;DNM1
Glycosaminoglycan Metabolism	1/127	0.8791532820916622	0.9256892927317074	0	0	0.4729239256678281	0.06091071661885587	VCAN
Metabolism of Water-Soluble Vitamins and Cofactors	1/127	0.8791532820916622	0.9256892927317074	0	0	0.4729239256678281	0.06091071661885587	NMNAT1
Gene Silencing by RNA	1/134	0.8924827614559081	0.938381874902212	0	0	0.4478727306070054	0.05094466337462998	HENMT1
Golgi-to-ER Retrograde Transport	1/135	0.8942633191063819	0.9389127002315222	0	0	0.4445076447033127	0.04967595485188133	CAPZB
MITF-M-regulated Melanocyte Development	1/136	0.8960144770243207	0.9394111895867522	0	0	0.4411924119241192	0.04844235713714901	BIRC7
Membrane Trafficking	7/633	0.899464356916463	0.941686723599597	0	0	0.6613765800805668	0.0700767189142134	USP6NL;CAPZB;EGF;ULK1;TSC1;CFTR;DNM1
RHO GTPases Activate Formins	1/139	0.9010963527087176	0.9420552778318412	0	0	0.43153499469777307	0.04494138664658974	SRF
Interleukin-1 Family Signaling	1/140	0.9027346727807604	0.9424293888888506	0	0	0.42840849271802073	0.04383758332880786	IL1RAPL1
Bacterial Infection Pathways	1/143	0.9074890600457732	0.9460509181213728	0	0	0.4192931982136723	0.04070237063134403	SV2B
ER to Golgi Anterograde Transport	1/155	0.9242992155172588	0.9613869679255356	0	0	0.3863834336395312	0.03041588498805762	CAPZB
Immune System	28/2150	0.9248124637109773	0.9613869679255356	0	0	0.7693049558336804	0.06013218640472938	DAPP1;IRS2;CFP;EPX;FOXO1;ASB15;ASB16;CAPZB;ASB10;RAG2;GYG1;CTSB;MEF2C;SERPINB1;WSB1;ARG1;LMO7;DNM1;COL1A1;COL1A2;COL2A1;MAPKAPK2;IL1RAPL1;RNF182;SERPING1;TXNIP;VIM;VCL
Factors Involved in Megakaryocyte Development and Platelet Production	1/158	0.9280022399001951	0.9633422405734045	0	0	0.3789420537517477	0.02831497941324418	CAPZB
Regulation of TP53 Activity	1/160	0.9303700263755392	0.9644399146653476	0	0	0.37413713759779105	0.0270025600272095	USP2
Signaling by the B Cell Receptor (BCR)	1/162	0.932660169910386	0.9654541280647596	0	0	0.3694515982426905	0.02575608845939534	DAPP1
Potential Therapeutics for SARS	1/164	0.934875208942596	0.9663878564350432	0	0	0.3648810414484513	0.02457190118139752	ATP1A4
Cellular Senescence	1/167	0.9380622966895864	0.9683223707763472	0	0	0.35823170731707316	0.02290494768750983	MAPKAPK2
HCMV Late Events	1/171	0.9420711376143666	0.9710985396136886	0	0	0.3497309899569584	0.02087001832989329	DBP
Cytokine Signaling in Immune System	8/776	0.943943507317599	0.971667722217836	0	0	0.6134151090342679	0.03538727881164444	MEF2C;COL1A2;MAPKAPK2;IL1RAPL1;IRS2;VIM;RAG2;FOXO1
RHO GTPase Effectors	2/291	0.9540712806816024	0.97887185635555	0	0	0.4101880363586341	0.01928576686337047	SRF;CFTR
Epigenetic Regulation of Gene Expression	2/291	0.9540712806816024	0.97887185635555	0	0	0.4101880363586341	0.01928576686337047	ADIPOQ;PDK4
Transport to the Golgi and Subsequent Modification	1/186	0.9549320555207677	0.97887185635555	0	0	0.3211272247857614	0.01480880993602562	CAPZB
TCF Dependent Signaling in Response to WNT	1/189	0.9571399686021796	0.9797705380962508	0	0	0.31595420342501296	0.01384057626273831	BCL9L
Asparagine N-linked Glycosylation	2/306	0.9627694002846126	0.9813428067453356	0	0	0.3896467085144053	0.0147837243199932	NEU3;CAPZB
Metabolism of Vitamins and Cofactors	1/198	0.9631373038418104	0.9813428067453356	0	0	0.3013804630432091	0.01131963864466357	NMNAT1
Cilium Assembly	1/200	0.9643519935794284	0.9813428067453356	0	0	0.29832087265596274	0.01082872323872042	RHO
Transcriptional Regulation by RUNX1	1/202	0.9655267720774848	0.9813428067453356	0	0	0.29532216963960684	0.01036032956773259	RUNX2
DNA Repair	2/312	0.965786661826852	0.9813428067453356	0	0	0.38198678109894446	0.013297844581110871	MPG;DDB2
HCMV Early Events	1/205	0.9672169545989496	0.9813428067453356	0	0	0.29093436154949787	0.00969755513713223	DBP
Innate Immune System	12/1149	0.9685446569902788	0.9813428067453356	0	0	0.6170646646080088	0.01972181107359384	MEF2C;SERPINB1;ARG1;MAPKAPK2;SERPING1;TXNIP;CFP;EPX;GYG1;VCL;DNM1;CTSB
Signaling by NOTCH	1/209	0.9693426909019822	0.9813428067453356	0	0	0.28528083958724204	0.00888281102114958	EGF
RHO GTPase Cycle	3/450	0.9798935409887904	0.990661601878777	0	0	0.3957672829085519	0.00803856576843252	CAPZB;VIM;CFTR
Metabolism of Proteins	23/2067	0.9859772215356486	0.9948635080500552	0	0	0.6481923819756213	0.00915379001945592	PCSK1;SPON1;ZRANB1;WSB1;CNTN5;USP2;LMO7;FOXK1;CFP;ASB15;DDB2;ASB16;ANKRD9;NEU3;ADAMTS5;VCAN;GNGT2;NRN1L;CAPZB;ASB10;GNB3;CFTR;MATN3
HCMV Infection	1/259	0.9867532077126904	0.9948635080500552	0	0	0.22940300623936472	0.00305916104248841	DBP
Signaling by Rho GTPases	4/672	0.995963267214171	0.9999955715873065	0	0	0.35012436665131275	0.0014162188856064	CAPZB;SRF;VIM;CFTR
Signaling by Rho GTPases, Miro GTPases and RHOBTB3	4/688	0.9967214770292068	0.9999955715873065	0	0	0.3416464237516869	0.00112193580090476	CAPZB;SRF;VIM;CFTR
Infectious Disease	9/1311	0.999473361445564	0.9999955715873065	0	0	0.3967957949308756	2.0902300846844073e-4	GNGT2;DBP;SV2B;ATP1A4;TXNIP;DPEP1;GNB3;ADCY1;ADCY7
SARS-CoV Infections	1/498	0.9997641714208376	0.9999955715873065	0	0	0.11762035628404574	2.774151275238005e-5	ATP1A4
Metabolism of RNA	2/761	0.9999597947414528	0.9999955715873065	0	0	0.1523975293420846	6.127305244924043e-6	MAPKAPK2;SMG7
Viral Infection Pathways	2/1029	0.9999955715873065	0.9999955715873065	0	0	0.11103269818866147	4.916996987951403e-7	DBP;ATP1A4
