Term	Overlap	P-value	Adjusted P-value	Old P-value	Old Adjusted P-value	Odds Ratio	Combined Score	Genes
Response To Unfolded Protein (GO:0006986)	6/44	4.050195221472006e-7	4.2284038112167736e-4	0	0	25.049684210526316	368.71458252298027	DNAJA1;HSP90AA1;HSPA4;SERPINH1;HSPB1;HSPA2
Platelet Aggregation (GO:0070527)	4/35	7.863276432528931e-5	0.02462996565073094	0	0	20.15544831089662	190.4835407159334	FIBP;HSPB1;GATA1;MYL9
Response To Endoplasmic Reticulum Stress (GO:0034976)	6/114	1.0526823187646068e-4	0.02462996565073094	0	0	8.782666666666668	80.44043412761496	HSPA5;DNAJB9;HYOU1;PDIA6;PDIA4;HSP90B1
Positive Regulation Of Bone Mineralization (GO:0030501)	4/38	1.0918180606895216e-4	0.02462996565073094	0	0	18.37424733672997	167.61900003034583	PTH;ALOX5;ISG15;BMP7
Negative Regulation Of Type I Interferon-Mediated Signaling Pathway (GO:0060339)	3/15	1.1795960560694896e-4	0.02462996565073094	0	0	38.783203125	350.8006001562594	CNOT7;ISG15;TTLL12
Positive Regulation Of Ossification (GO:0045778)	4/41	1.4753384571315203e-4	0.02567088915408845	0	0	16.881889763779526	148.92279619149707	PTH;ALOX5;ISG15;BMP7
Positive Regulation Of Biomineral Tissue Development (GO:0070169)	4/43	1.77978120582019e-4	0.02654416541251826	0	0	16.014536644457905	138.26710613967586	PTH;ALOX5;ISG15;BMP7
Homotypic Cell-Cell Adhesion (GO:0034109)	4/46	2.317968640714278e-4	0.03024949076132133	0	0	14.868391451068616	124.44321995574072	FIBP;HSPB1;GATA1;MYL9
Negative Regulation Of MAP Kinase Activity (GO:0043407)	4/51	3.461146026710966e-4	0.0401492939098472	0	0	13.283297034679176	105.8511485967065	DNAJA1;RGS2;NPPA;BMP7
Positive Regulation Of Receptor Binding (GO:1900122)	2/5	4.2029234600381274e-4	0.04387852092279805	0	0	102.66666666666669	798.1881627629406	B2M;MMP9
Regulation Of Bone Mineralization (GO:0030500)	4/58	5.672176354997896e-4	0.05041180670847218	0	0	11.557305336832895	86.3881702155822	PTH;ALOX5;ISG15;BMP7
Negative Regulation Of Cytokine-Mediated Signaling Pathway (GO:0001960)	4/59	6.054082640518496e-4	0.05041180670847218	0	0	11.346599856836075	84.07385152244797	CNOT7;APOA1;ISG15;TTLL12
Positive Regulation Of Striated Muscle Contraction (GO:0045989)	2/6	6.277332252970674e-4	0.05041180670847218	0	0	76.99612403100775	567.7228576803623	RGS2;NPPA
Negative Regulation Of Intrinsic Apoptotic Signaling Pathway (GO:2001243)	4/61	6.872050899714256e-4	0.0512458652807263	0	0	10.947368421052632	79.72834622857452	DNAJA1;HSPB1;HYOU1;MMP9
Negative Regulation Of Muscle Hypertrophy (GO:0014741)	2/7	8.75056732408768e-4	0.05709745178967211	0	0	61.5937984496124	433.6955986468554	RGS2;P2RX4
Regulation Of Triglyceride Metabolic Process (GO:0090207)	2/7	8.75056732408768e-4	0.05709745178967211	0	0	61.5937984496124	433.6955986468554	CIDEB;CIDEC
Negative Regulation Of Mitotic Nuclear Division (GO:0045839)	2/8	0.00116173954765705	0.0670791651680447	0	0	51.325581395348834	346.8499020731412	CHEK1;BMP7
Regulation Of Type I Interferon-Mediated Signaling Pathway (GO:0060338)	3/33	0.00129779407337667	0.0670791651680447	0	0	15.49921875	103.02469145954818	CNOT7;ISG15;TTLL12
Ubiquitin-Dependent ERAD Pathway (GO:0030433)	4/73	0.00134924426297513	0.0670791651680447	0	0	9.03800068469702	59.72501236562811	HSPA5;UBXN10;DNAJB9;HSP90B1
Negative Regulation Of Mitotic Cell Cycle (GO:0045930)	3/34	0.00141661346428507	0.0670791651680447	0	0	14.998487903225806	98.3823735227885	CHEK1;NABP1;BMP7
Regulation Of Cellular Response To Oxidative Stress (GO:1900407)	2/9	0.00148726339478075	0.0670791651680447	0	0	43.991140642303435	286.41828814216444	ALOX5;BMP7
Regulation Of Receptor Binding (GO:1900120)	2/9	0.00148726339478075	0.0670791651680447	0	0	43.991140642303435	286.41828814216444	B2M;MMP9
Regulation Of PERK-mediated Unfolded Protein Response (GO:1903897)	2/9	0.00148726339478075	0.0670791651680447	0	0	43.991140642303435	286.41828814216444	HSPA5;AGR2
Regulation Of Cardiac Muscle Contraction (GO:0055117)	3/35	0.00154204977397803	0.0670791651680447	0	0	14.529052734375	94.07042559528222	RGS2;P2RX4;NPPA
Negative Regulation Of Nuclear Division (GO:0051784)	2/10	0.00185111499983356	0.07730256239304975	0	0	38.49031007751938	242.1797654013784	CHEK1;BMP7
Substantia Nigra Development (GO:0021762)	3/42	0.00261607642377464	0.09367370609523688	0	0	11.917067307692308	70.85983118944941	HSPA5;PLP1;DYNLL1
Nucleotide Metabolic Process (GO:0009117)	2/12	0.00269177316365623	0.09367370609523688	0	0	30.789147286821706	182.19647659489397	NUDT5;DCK
Relaxation Of Cardiac Muscle (GO:0055119)	2/12	0.00269177316365623	0.09367370609523688	0	0	30.789147286821706	182.19647659489397	RGS2;P2RX4
Negative Regulation Of JUN Kinase Activity (GO:0043508)	2/12	0.00269177316365623	0.09367370609523688	0	0	30.789147286821706	182.19647659489397	DNAJA1;NPPA
Negative Regulation Of Cardiac Muscle Hypertrophy (GO:0010614)	2/12	0.00269177316365623	0.09367370609523688	0	0	30.789147286821706	182.19647659489397	RGS2;P2RX4
ERAD Pathway (GO:0036503)	4/89	0.0027929814557882	0.09406040773686716	0	0	7.330801296896712	43.109844622523525	HSPA5;UBXN10;DNAJB9;HSP90B1
Negative Regulation Of Endoplasmic Reticulum Unfolded Protein Response (GO:1900102)	2/13	0.00316757782553325	0.09726327205460944	0	0	27.98872445384073	161.06917775087956	HSPA5;DNAJB9
Relaxation Of Muscle (GO:0090075)	2/13	0.00316757782553325	0.09726327205460944	0	0	27.98872445384073	161.06917775087956	RGS2;P2RX4
Regulation Of IRE1-mediated Unfolded Protein Response (GO:1903894)	2/13	0.00316757782553325	0.09726327205460944	0	0	27.98872445384073	161.06917775087956	HSPA5;DNAJB9
Regulation Of Endothelial Cell Chemotaxis (GO:2001026)	2/14	0.00367970636984923	0.09850290897750257	0	0	25.655038759689923	143.79449938483123	P2RX4;HSPB1
Cellular Response To ATP (GO:0071318)	2/14	0.00367970636984923	0.09850290897750257	0	0	25.655038759689923	143.79449938483123	P2RX4;HSP90B1
Response To Muscle Stretch (GO:0035994)	2/14	0.00367970636984923	0.09850290897750257	0	0	25.655038759689923	143.79449938483123	NPPA;TCAP
Positive Regulation Of Endothelial Cell Chemotaxis (GO:2001028)	2/14	0.00367970636984923	0.09850290897750257	0	0	25.655038759689923	143.79449938483123	P2RX4;HSPB1
Post-Translational Protein Targeting To Endoplasmic Reticulum Membrane (GO:0006620)	2/14	0.00367970636984923	0.09850290897750257	0	0	25.655038759689923	143.79449938483123	HSPA5;HYOU1
Negative Regulation Of Innate Immune Response (GO:0045824)	3/52	0.00480249902176043	0.11958732633221528	0	0	9.480229591836734	50.611332562617314	CNOT7;ISG15;TTLL12
Cardiac Muscle Tissue Development (GO:0048738)	3/52	0.00480249902176043	0.11958732633221528	0	0	9.480229591836734	50.611332562617314	NPPA;TCAP;BMP7
Protein Localization To Mitochondrion (GO:0070585)	2/16	0.00481098439267532	0.11958732633221528	0	0	21.98781838316722	117.34576682279196	DNAJA1;ISG15
Regulation Of DNA-templated DNA Replication (GO:0090329)	2/17	0.00542917037017155	0.13181520619672324	0	0	20.52093023255814	107.03653477551352	TIPIN;MCM5
Double-Strand Break Repair Via Homologous Recombination (GO:0000724)	4/111	0.00613670284538889	0.14560722205877283	0	0	5.817057914489661	29.62899646223641	POLN;NABP1;NUCKS1;MCM5
Inorganic Anion Transport (GO:0015698)	3/58	0.00651725279289561	0.14824782849590923	0	0	8.443465909090909	42.49851674005635	SLC13A1;CLIC4;ANO9
Regulation Of Protein Ubiquitination (GO:0031396)	4/113	0.00653199244330634	0.14824782849590923	0	0	5.709744997471646	28.725974090116292	DNAJA1;HSP90AA1;ISG15;HSPBP1
Regulation Of Smooth Muscle Cell Migration (GO:0014910)	2/19	0.00676826265307066	0.1486386249370805	0	0	18.10487916096671	90.4431202748417	PLAU;S100A11
Regulation Of Cell Death (GO:0010941)	3/59	0.00683395976722209	0.1486386249370805	0	0	8.292271205357142	41.34402878478638	HBE1;AGR2;CIDEB
Negative Regulation Of Phosphate Metabolic Process (GO:0045936)	2/20	0.00748823341082939	0.15635431361811766	0	0	17.098191214470283	83.68576954910893	DYNLL1;BMP7
Response To ATP (GO:0033198)	2/20	0.00748823341082939	0.15635431361811766	0	0	17.098191214470283	83.68576954910893	P2RX4;HSP90B1
Chaperone-Mediated Protein Complex Assembly (GO:0051131)	2/21	0.00824120450750411	0.1654580289583518	0	0	16.197470420236638	77.72532357227595	HSP90AA1;HSPA4
Positive Regulation Of Heart Contraction (GO:0045823)	2/21	0.00824120450750411	0.1654580289583518	0	0	16.197470420236638	77.72532357227595	RGS2;NPPA
Chromatin Organization (GO:0006325)	6/268	0.00850020224674734	0.1674379461434759	0	0	3.59212213740458	17.126036147014293	NASP;CHEK1;H2BC1;NUCKS1;NUDT5;SAFB
Regulation Of Neurogenesis (GO:0050767)	3/67	0.00969668976311913	0.1835263749268495	0	0	7.2528076171875	33.62380370211689	HES6;HES3;B2M
Negative Regulation Of Neuron Differentiation (GO:0045665)	2/23	0.0098443266244287	0.1835263749268495	0	0	14.653377630121817	67.7112060716613	BMP7;B2M
Regulation Of Cardiac Muscle Hypertrophy (GO:0010611)	2/23	0.0098443266244287	0.1835263749268495	0	0	14.653377630121817	67.7112060716613	RGS2;P2RX4
Regulation Of Heterotypic Cell-Cell Adhesion (GO:0034114)	2/24	0.01069357826671365	0.19248440880084583	0	0	13.98661028893587	63.47280230857581	APOA1;BMP7
Positive Regulation Of ERBB Signaling Pathway (GO:1901186)	2/24	0.01069357826671365	0.19248440880084583	0	0	13.98661028893587	63.47280230857581	AGR2;MMP9
Negative Regulation Of Epithelial Cell Proliferation (GO:0050680)	3/70	0.01092441551859469	0.19330660680360787	0	0	6.927005597014926	31.287587434623923	ALOX5;PRL;B2M
Regulation Of Glycogen Biosynthetic Process (GO:0005979)	2/25	0.0115740314163883	0.19489175481789345	0	0	13.377822716548703	59.651595927977866	PTH;PPP1R3B
Positive Regulation Of Release Of Cytochrome C From Mitochondria (GO:0090200)	2/25	0.0115740314163883	0.19489175481789345	0	0	13.377822716548703	59.651595927977866	CIDEB;MMP9
Mitotic Cell Cycle Checkpoint Signaling (GO:0007093)	2/25	0.0115740314163883	0.19489175481789345	0	0	13.377822716548703	59.651595927977866	CHEK1;NABP1
DNA Metabolic Process (GO:0006259)	6/288	0.01183431293787008	0.19611147154184705	0	0	3.3339574468085105	14.791942673810288	CHEK1;NABP1;MCM5;SMC1A;DCTPP1;UNG
Cellular Response To Metal Ion (GO:0071248)	4/135	0.01203164544042195	0.19626621624688315	0	0	4.7455671094548295	20.97642682703608	CLIC4;P2RX4;B2M;MMP9
DNA Repair (GO:0006281)	6/291	0.01240394430456302	0.19700208660430155	0	0	3.298357894736842	14.478936117562366	POLN;CHEK1;NABP1;NUCKS1;SMC1A;UNG
Organelle Fusion (GO:0048284)	2/26	0.01248524738084301	0.19700208660430155	0	0	12.819767441860463	56.191701327620784	CIDEB;CIDEC
Protein Localization To Organelle (GO:0033365)	4/137	0.01264285421694272	0.19700208660430155	0	0	4.673731573027056	20.427306160362267	DNAJA1;ISG15;BMP7;TRAM2
Chaperone Cofactor-Dependent Protein Refolding (GO:0051085)	2/27	0.01342679179810828	0.20315319764094267	0	0	12.306356589147288	53.04658921447195	HSPA5;HSPA2
Positive Regulation Of Nitric Oxide Biosynthetic Process (GO:0045429)	2/27	0.01342679179810828	0.20315319764094267	0	0	12.306356589147288	53.04658921447195	HSP90AA1;P2RX4
Positive Regulation Of Nitric Oxide Metabolic Process (GO:1904407)	2/28	0.01439823460379772	0.20877440175506692	0	0	11.832438878950509	50.17722810865632	HSP90AA1;P2RX4
Protein Insertion Into Mitochondrial Membrane (GO:0051204)	2/28	0.01439823460379772	0.20877440175506692	0	0	11.832438878950509	50.17722810865632	HSP90AA1;HSPA4
Negative Regulation Of G2/M Transition Of Mitotic Cell Cycle (GO:0010972)	2/28	0.01439823460379772	0.20877440175506692	0	0	11.832438878950509	50.17722810865632	CHEK1;NABP1
Negative Regulation Of Cellular Component Organization (GO:0051129)	3/79	0.01512661621272509	0.2163313332340411	0	0	6.1039268092105265	25.58338491796081	HSPA5;APOA1;HSPA2
Lipid Droplet Organization (GO:0034389)	2/29	0.01539914998268001	0.2172528727286207	0	0	11.39362618432386	47.550649067773186	CIDEB;CIDEC
Regulation Of Phosphorylation (GO:0042325)	3/82	0.01670291803176815	0.23250461900221275	0	0	5.871242088607595	24.026131554808995	HSPB1;DYNLL1;BMP7
Regulation Of Apoptotic Process (GO:0042981)	10/705	0.01764098837220419	0.2423314718497523	0	0	2.280040430465545	9.205732094776051	DNAJA1;HSP90AA1;HSPA5;PRMT2;CIDEB;HSPB1;GATA1;MMP9;CIDEC;HSP90B1
'De Novo' Post-Translational Protein Folding (GO:0051084)	2/32	0.01857453656031179	0.24861302780725011	0	0	10.252713178294574	40.866941922973595	HSPA5;HSPA2
Negative Regulation Of G1/S Transition Of Mitotic Cell Cycle (GO:2000134)	2/32	0.01857453656031179	0.24861302780725011	0	0	10.252713178294574	40.866941922973595	PRMT2;CDK2AP2
Positive Regulation Of Epidermal Growth Factor Receptor Signaling Pathway (GO:0045742)	2/33	0.01968916800271705	0.26019609360552653	0	0	9.921480370092524	38.968465918850896	AGR2;MMP9
Regulation Of Metal Ion Transport (GO:0010959)	2/34	0.02083120555154078	0.265216812144007	0	0	9.6109496124031	37.20689950562277	P2RX4;B2M
Negative Regulation Of JNK Cascade (GO:0046329)	2/34	0.02083120555154078	0.265216812144007	0	0	9.6109496124031	37.20689950562277	DNAJA1;NPPA
Negative Regulation Of Cell Cycle Process (GO:0010948)	2/34	0.02083120555154078	0.265216812144007	0	0	9.6109496124031	37.20689950562277	CHEK1;BMP7
Positive Regulation Of Binding (GO:0051099)	3/91	0.02196520565022557	0.2710835753449094	0	0	5.268377130681818	20.116221422508488	DPH3;B2M;MMP9
Negative Regulation Of Cell Cycle G1/S Phase Transition (GO:1902807)	2/35	0.02200024817942101	0.2710835753449094	0	0	9.31923890063425	35.56875350845458	PRMT2;CDK2AP2
Positive Regulation Of Interferon-Beta Production (GO:0032728)	2/36	0.02319589886540784	0.2710835753449094	0	0	9.04468764249886	34.04221254646382	HSP90AA1;ISG15
Interstrand Cross-Link Repair (GO:0036297)	2/36	0.02319589886540784	0.2710835753449094	0	0	9.04468764249886	34.04221254646382	POLN;NUCKS1
Negative Regulation Of Endothelial Cell Proliferation (GO:0001937)	2/37	0.02441776456216778	0.2710835753449094	0	0	8.785825027685492	32.616886534730405	ALOX5;PRL
Recombinational Repair (GO:0000725)	3/95	0.02456184214912105	0.2710835753449094	0	0	5.038298233695652	18.67476060821103	POLN;NABP1;NUCKS1
Heart Development (GO:0007507)	4/171	0.02616627187511262	0.2710835753449094	0	0	3.715781036352492	13.53764571076734	TCAP;CACYBP;DYNLL1;BMP7
Positive Regulation Of Protein-Containing Complex Assembly (GO:0031334)	3/98	0.02661346655529498	0.2710835753449094	0	0	4.878453947368421	17.690922588243357	HSP90AA1;ISG15;CAPG
Regulation Of Nitric Oxide Biosynthetic Process (GO:0045428)	2/39	0.02693858844502153	0.2710835753449094	0	0	8.310077519379846	30.034244821919533	HSP90AA1;P2RX4
Retina Homeostasis (GO:0001895)	2/39	0.02693858844502153	0.2710835753449094	0	0	8.310077519379846	30.034244821919533	HSPB1;B2M
Negative Regulation Of Mitotic Cell Cycle Phase Transition (GO:1901991)	2/40	0.02823678009203369	0.2710835753449094	0	0	8.090983272133823	28.861588287818005	PRMT2;CDK2AP2
Regulation Of Protein Dephosphorylation (GO:0035304)	2/40	0.02823678009203369	0.2710835753449094	0	0	8.090983272133823	28.861588287818005	DYNLL1;HSP90B1
Regulation Of Release Of Cytochrome C From Mitochondria (GO:0090199)	2/41	0.02955965359042763	0.2710835753449094	0	0	7.883124627310674	27.75920071689616	CIDEB;MMP9
DNA Integrity Checkpoint Signaling (GO:0031570)	2/42	0.03090683524836144	0.2710835753449094	0	0	7.685658914728682	26.72132916997424	TIPIN;CHEK1
DNA-templated DNA Replication Maintenance Of Fidelity (GO:0045005)	2/43	0.03227795514099813	0.2710835753449094	0	0	7.497825675931178	25.74281562781207	TIPIN;NUCKS1
Regulation Of JUN Kinase Activity (GO:0043506)	2/43	0.03227795514099813	0.2710835753449094	0	0	7.497825675931178	25.74281562781207	DNAJA1;NPPA
DNA Replication-Dependent Chromatin Assembly (GO:0006335)	1/5	0.03232677360573918	0.2710835753449094	0	0	38.20192307692308	131.10363216765762	NASP
ISG15-protein Conjugation (GO:0032020)	1/5	0.03232677360573918	0.2710835753449094	0	0	38.20192307692308	131.10363216765762	ISG15
Peptidyl-Diphthamide Biosynthetic Process From Peptidyl-Histidine (GO:0017183)	1/5	0.03232677360573918	0.2710835753449094	0	0	38.20192307692308	131.10363216765762	DPH3
Peptidyl-Diphthamide Metabolic Process (GO:0017182)	1/5	0.03232677360573918	0.2710835753449094	0	0	38.20192307692308	131.10363216765762	DPH3
Pericardium Morphogenesis (GO:0003344)	1/5	0.03232677360573918	0.2710835753449094	0	0	38.20192307692308	131.10363216765762	BMP7
Regulation Of Tetrapyrrole Biosynthetic Process (GO:1901463)	1/5	0.03232677360573918	0.2710835753449094	0	0	38.20192307692308	131.10363216765762	TMEM14C
Positive Regulation Of T Cell Mediated Immune Response To Tumor Cell (GO:0002842)	1/5	0.03232677360573918	0.2710835753449094	0	0	38.20192307692308	131.10363216765762	MR1
Response To DNA Damage Checkpoint Signaling (GO:0072423)	1/5	0.03232677360573918	0.2710835753449094	0	0	38.20192307692308	131.10363216765762	SMC1A
Striated Muscle Hypertrophy (GO:0014897)	1/5	0.03232677360573918	0.2710835753449094	0	0	38.20192307692308	131.10363216765762	TCAP
Positive Regulation Of Microglial Cell Migration (GO:1904141)	1/5	0.03232677360573918	0.2710835753449094	0	0	38.20192307692308	131.10363216765762	P2RX4
Positive Regulation Of Tau-Protein Kinase Activity (GO:1902949)	1/5	0.03232677360573918	0.2710835753449094	0	0	38.20192307692308	131.10363216765762	HSP90AA1
Protein Localization To Membrane Raft (GO:1903044)	1/5	0.03232677360573918	0.2710835753449094	0	0	38.20192307692308	131.10363216765762	CYP46A1
Protein Repair (GO:0030091)	1/5	0.03232677360573918	0.2710835753449094	0	0	38.20192307692308	131.10363216765762	MSRB1
Negative Regulation Of Cellular Response To Hypoxia (GO:1900038)	1/5	0.03232677360573918	0.2710835753449094	0	0	38.20192307692308	131.10363216765762	HYOU1
Regulation Of Cellular Response To Stress (GO:0080135)	3/107	0.03330161131311102	0.2710835753449094	0	0	4.454251802884615	15.15403052350286	ALOX5;CHORDC1;MANF
Positive Regulation Of Chemotaxis (GO:0050921)	2/44	0.03367264707600145	0.2710835753449094	0	0	7.318936877076412	24.81902310880993	P2RX4;HSPB1
Extracellular Matrix Disassembly (GO:0022617)	2/44	0.03367264707600145	0.2710835753449094	0	0	7.318936877076412	24.81902310880993	CAPG;MMP9
Regulation Of DNA Recombination (GO:0000018)	2/44	0.03367264707600145	0.2710835753449094	0	0	7.318936877076412	24.81902310880993	H1-6;CHEK1
Cellular Response To Salt (GO:1902075)	3/109	0.03489579380015496	0.2710835753449094	0	0	4.369767099056604	14.662268362885138	CLIC4;P2RX4;HSP90B1
Zymogen Activation (GO:0031638)	2/45	0.03509054856415484	0.2710835753449094	0	0	7.148368487470705	23.945772434655535	PLAU;CIDEB
Regulation Of Epidermal Growth Factor Receptor Signaling Pathway (GO:0042058)	2/46	0.03653130080252294	0.2710835753449094	0	0	6.985553206483439	23.119287904453852	AGR2;MMP9
Regulation Of Nervous System Development (GO:0051960)	2/46	0.03653130080252294	0.2710835753449094	0	0	6.985553206483439	23.119287904453852	HES6;HES3
Cellular Component Disassembly (GO:0022411)	2/46	0.03653130080252294	0.2710835753449094	0	0	6.985553206483439	23.119287904453852	CAPG;MMP9
Positive Regulation Of Blood Vessel Endothelial Cell Migration (GO:0043536)	2/46	0.03653130080252294	0.2710835753449094	0	0	6.985553206483439	23.119287904453852	P2RX4;HSPB1
Intracellular Protein Transmembrane Transport (GO:0065002)	2/46	0.03653130080252294	0.2710835753449094	0	0	6.985553206483439	23.119287904453852	HSPA5;HYOU1
Mitotic G2/M Transition Checkpoint (GO:0044818)	2/46	0.03653130080252294	0.2710835753449094	0	0	6.985553206483439	23.119287904453852	CHEK1;NABP1
Myofibril Assembly (GO:0030239)	2/46	0.03653130080252294	0.2710835753449094	0	0	6.985553206483439	23.119287904453852	TCAP;MYL9
Regulation Of Wound Healing (GO:0061041)	2/47	0.03799454861406044	0.2710835753449094	0	0	6.829974160206718	22.33615046549707	PLAU;ALOX5
Negative Regulation Of Establishment Of Protein Localization To Mitochondrion (GO:1903748)	1/6	0.03866659935826289	0.2710835753449094	0	0	30.56	99.4049298240761	DNAJA1
CENP-A Containing Chromatin Assembly (GO:0034080)	1/6	0.03866659935826289	0.2710835753449094	0	0	30.56	99.4049298240761	NASP
Negative Regulation Of Plasminogen Activation (GO:0010757)	1/6	0.03866659935826289	0.2710835753449094	0	0	30.56	99.4049298240761	PLAU
Regulation Of Inositol Phosphate Biosynthetic Process (GO:0010919)	1/6	0.03866659935826289	0.2710835753449094	0	0	30.56	99.4049298240761	PTH
Regulation Of Intestinal Cholesterol Absorption (GO:0030300)	1/6	0.03866659935826289	0.2710835753449094	0	0	30.56	99.4049298240761	APOA1
Regulation Of Microglial Cell Migration (GO:1904139)	1/6	0.03866659935826289	0.2710835753449094	0	0	30.56	99.4049298240761	P2RX4
Nucleoside Diphosphate Catabolic Process (GO:0009134)	1/6	0.03866659935826289	0.2710835753449094	0	0	30.56	99.4049298240761	NUDT5
Regulation Of Potassium Ion Export Across Plasma Membrane (GO:1903764)	1/6	0.03866659935826289	0.2710835753449094	0	0	30.56	99.4049298240761	NPPA
Cholesterol Catabolic Process (GO:0006707)	1/6	0.03866659935826289	0.2710835753449094	0	0	30.56	99.4049298240761	CYP46A1
Chromatin Remodeling At Centromere (GO:0031055)	1/6	0.03866659935826289	0.2710835753449094	0	0	30.56	99.4049298240761	NASP
Detection Of Muscle Stretch (GO:0035995)	1/6	0.03866659935826289	0.2710835753449094	0	0	30.56	99.4049298240761	TCAP
Skeletal Muscle Thin Filament Assembly (GO:0030240)	1/6	0.03866659935826289	0.2710835753449094	0	0	30.56	99.4049298240761	TCAP
Sterol Catabolic Process (GO:0016127)	1/6	0.03866659935826289	0.2710835753449094	0	0	30.56	99.4049298240761	CYP46A1
Establishment Of Mitotic Sister Chromatid Cohesion (GO:0034087)	1/6	0.03866659935826289	0.2710835753449094	0	0	30.56	99.4049298240761	SMC1A
Positive Regulation Of Icosanoid Secretion (GO:0032305)	1/6	0.03866659935826289	0.2710835753449094	0	0	30.56	99.4049298240761	P2RX4
Regulation Of Atrial Cardiac Muscle Cell Membrane Repolarization (GO:0060372)	1/6	0.03866659935826289	0.2710835753449094	0	0	30.56	99.4049298240761	NPPA
Regulation Of Cytoskeleton Organization (GO:0051493)	3/114	0.0390511781129319	0.2710835753449094	0	0	4.171875	13.528899319160576	CLIC4;CDK2AP2;DYNLL1
Negative Regulation Of Programmed Cell Death (GO:0043069)	6/381	0.03959028340029329	0.2710835753449094	0	0	2.495232	8.057532208776722	DNAJA1;HSPA5;HSPB1;GATA1;MMP9;HSP90B1
Negative Regulation Of DNA Metabolic Process (GO:0051053)	2/49	0.04098712829646158	0.2710835753449094	0	0	6.538677222497114	20.887786115308213	H1-6;S100A11
Regulation Of Interferon-Beta Production (GO:0032648)	2/50	0.04251576774636915	0.2710835753449094	0	0	6.4021317829457365	20.217165618082923	HSP90AA1;ISG15
Positive Regulation Of Cell Death (GO:0010942)	2/50	0.04251576774636915	0.2710835753449094	0	0	6.4021317829457365	20.217165618082923	HBE1;CIDEB
Regulation Of Cytoplasmic Translational Elongation (GO:1900247)	1/7	0.044965205761108	0.2710835753449094	0	0	25.465384615384615	78.99021819196878	DPH3
Regulation Of Establishment Of Protein Localization To Mitochondrion (GO:1903747)	1/7	0.044965205761108	0.2710835753449094	0	0	25.465384615384615	78.99021819196878	DNAJA1
Negative Regulation Of Phospholipase Activity (GO:0010519)	1/7	0.044965205761108	0.2710835753449094	0	0	25.465384615384615	78.99021819196878	RGS2
Negative Regulation Of Striated Muscle Cell Apoptotic Process (GO:0010664)	1/7	0.044965205761108	0.2710835753449094	0	0	25.465384615384615	78.99021819196878	BMP7
Anterograde Axonal Protein Transport (GO:0099641)	1/7	0.044965205761108	0.2710835753449094	0	0	25.465384615384615	78.99021819196878	HSPB1
Axo-Dendritic Protein Transport (GO:0099640)	1/7	0.044965205761108	0.2710835753449094	0	0	25.465384615384615	78.99021819196878	HSPB1
Axon Ensheathment In Central Nervous System (GO:0032291)	1/7	0.044965205761108	0.2710835753449094	0	0	25.465384615384615	78.99021819196878	PLP1
Cardiac Muscle Hypertrophy (GO:0003300)	1/7	0.044965205761108	0.2710835753449094	0	0	25.465384615384615	78.99021819196878	TCAP
Regulation Of Response To Wounding (GO:1903034)	1/7	0.044965205761108	0.2710835753449094	0	0	25.465384615384615	78.99021819196878	PLAU
Pericardium Development (GO:0060039)	1/7	0.044965205761108	0.2710835753449094	0	0	25.465384615384615	78.99021819196878	BMP7
Positive Regulation By Host Of Viral Genome Replication (GO:0044829)	1/7	0.044965205761108	0.2710835753449094	0	0	25.465384615384615	78.99021819196878	NUCKS1
Positive Regulation Of CoA-transferase Activity (GO:1905920)	1/7	0.044965205761108	0.2710835753449094	0	0	25.465384615384615	78.99021819196878	APOA1
Depyrimidination (GO:0045008)	1/7	0.044965205761108	0.2710835753449094	0	0	25.465384615384615	78.99021819196878	UNG
Positive Regulation Of Cell Migration By Vascular Endothelial Growth Factor Signaling Pathway (GO:0038089)	1/7	0.044965205761108	0.2710835753449094	0	0	25.465384615384615	78.99021819196878	HSPB1
Positive Regulation Of Execution Phase Of Apoptosis (GO:1900119)	1/7	0.044965205761108	0.2710835753449094	0	0	25.465384615384615	78.99021819196878	DYNLL1
Positive Regulation Of Glial Cell Migration (GO:1903977)	1/7	0.044965205761108	0.2710835753449094	0	0	25.465384615384615	78.99021819196878	P2RX4
Post-Translational Protein Targeting To Membrane, Translocation (GO:0031204)	1/7	0.044965205761108	0.2710835753449094	0	0	25.465384615384615	78.99021819196878	HYOU1
Lipoxygenase Pathway (GO:0019372)	1/7	0.044965205761108	0.2710835753449094	0	0	25.465384615384615	78.99021819196878	ALOX5
Protein Localization To Presynapse (GO:1905383)	1/7	0.044965205761108	0.2710835753449094	0	0	25.465384615384615	78.99021819196878	HSPB1
Regulation Of Cdc42 Protein Signal Transduction (GO:0032489)	1/7	0.044965205761108	0.2710835753449094	0	0	25.465384615384615	78.99021819196878	APOA1
Regulation Of CoA-transferase Activity (GO:1905918)	1/7	0.044965205761108	0.2710835753449094	0	0	25.465384615384615	78.99021819196878	APOA1
Negative Regulation Of DNA-templated DNA Replication (GO:2000104)	1/7	0.044965205761108	0.2710835753449094	0	0	25.465384615384615	78.99021819196878	TIPIN
Negative Regulation Of Response To Stimulus (GO:0048585)	2/52	0.04563604121989421	0.2710835753449094	0	0	6.145426356589147	18.971284506471022	ALOX5;APOA1
Regulation Of Cell Development (GO:0060284)	2/52	0.04563604121989421	0.2710835753449094	0	0	6.145426356589147	18.971284506471022	HES6;HES3
Actin Polymerization Or Depolymerization (GO:0008154)	2/53	0.04722700382563352	0.2710835753449094	0	0	6.024623803009576	18.391907895894818	CAPG;MSRB1
Negative Regulation Of Protein Modification By Small Protein Conjugation Or Removal (GO:1903321)	2/54	0.0488380751277771	0.2710835753449094	0	0	5.908467501490757	17.839111211552154	DNAJA1;ISG15
Negative Regulation Of Protein Ubiquitination (GO:0031397)	2/54	0.0488380751277771	0.2710835753449094	0	0	5.908467501490757	17.839111211552154	DNAJA1;ISG15
Nucleosome Assembly (GO:0006334)	2/54	0.0488380751277771	0.2710835753449094	0	0	5.908467501490757	17.839111211552154	NASP;H2BC1
Regulation Of Blood Vessel Endothelial Cell Migration (GO:0043535)	2/54	0.0488380751277771	0.2710835753449094	0	0	5.908467501490757	17.839111211552154	P2RX4;HSPB1
Negative Regulation Of Lipase Activity (GO:0060192)	1/8	0.05122285833690137	0.2710835753449094	0	0	21.826373626373627	64.85858386485305	RGS2
Regulation Of Glucan Biosynthetic Process (GO:0010962)	1/8	0.05122285833690137	0.2710835753449094	0	0	21.826373626373627	64.85858386485305	PPP1R3B
Regulation Of Heme Biosynthetic Process (GO:0070453)	1/8	0.05122285833690137	0.2710835753449094	0	0	21.826373626373627	64.85858386485305	TMEM14C
Adult Heart Development (GO:0007512)	1/8	0.05122285833690137	0.2710835753449094	0	0	21.826373626373627	64.85858386485305	TCAP
Alcohol Catabolic Process (GO:0046164)	1/8	0.05122285833690137	0.2710835753449094	0	0	21.826373626373627	64.85858386485305	CYP46A1
Negative Regulation Of Systemic Arterial Blood Pressure (GO:0003085)	1/8	0.05122285833690137	0.2710835753449094	0	0	21.826373626373627	64.85858386485305	NPPA
Negative Regulation Of Triglyceride Metabolic Process (GO:0090209)	1/8	0.05122285833690137	0.2710835753449094	0	0	21.826373626373627	64.85858386485305	CIDEC
Angiotensin Maturation (GO:0002003)	1/8	0.05122285833690137	0.2710835753449094	0	0	21.826373626373627	64.85858386485305	REN
Regulation Of Mitotic Centrosome Separation (GO:0046602)	1/8	0.05122285833690137	0.2710835753449094	0	0	21.826373626373627	64.85858386485305	CHEK1
Regulation Of Nuclear Cell Cycle DNA Replication (GO:0033262)	1/8	0.05122285833690137	0.2710835753449094	0	0	21.826373626373627	64.85858386485305	TIPIN
Bone Resorption (GO:0045453)	1/8	0.05122285833690137	0.2710835753449094	0	0	21.826373626373627	64.85858386485305	PTH
Plasminogen Activation (GO:0031639)	1/8	0.05122285833690137	0.2710835753449094	0	0	21.826373626373627	64.85858386485305	PLAU
Positive Regulation Of Calcium Ion Transport Into Cytosol (GO:0010524)	1/8	0.05122285833690137	0.2710835753449094	0	0	21.826373626373627	64.85858386485305	P2RX4
Skeletal Myofibril Assembly (GO:0014866)	1/8	0.05122285833690137	0.2710835753449094	0	0	21.826373626373627	64.85858386485305	TCAP
Positive Regulation Of Inositol Phosphate Biosynthetic Process (GO:0060732)	1/8	0.05122285833690137	0.2710835753449094	0	0	21.826373626373627	64.85858386485305	PTH
Protein Hexamerization (GO:0034214)	1/8	0.05122285833690137	0.2710835753449094	0	0	21.826373626373627	64.85858386485305	MAT2A
Pyrimidine-Containing Compound Metabolic Process (GO:0072527)	1/8	0.05122285833690137	0.2710835753449094	0	0	21.826373626373627	64.85858386485305	DCK
Modification-Dependent Macromolecule Catabolic Process (GO:0043632)	1/8	0.05122285833690137	0.2710835753449094	0	0	21.826373626373627	64.85858386485305	ISG15
Regulation Of Angiotensin Levels In Blood (GO:0002002)	1/8	0.05122285833690137	0.2710835753449094	0	0	21.826373626373627	64.85858386485305	REN
Regulation Of Mitotic Nuclear Division (GO:0007088)	2/56	0.05211923851701966	0.2710835753449094	0	0	5.689061154177433	16.806744711469648	CHEK1;BMP7
Mitotic DNA Damage Checkpoint Signaling (GO:0044773)	2/56	0.05211923851701966	0.2710835753449094	0	0	5.689061154177433	16.806744711469648	TIPIN;CHEK1
Monoatomic Anion Transport (GO:0006820)	2/57	0.05378868634510218	0.2710835753449094	0	0	5.5853417899929525	16.324234464553616	CLIC4;ANO9
Positive Regulation Of Mitochondrion Organization (GO:0010822)	2/58	0.05547695427659432	0.2710835753449094	0	0	5.485326688815061	15.862399605903178	CIDEB;MMP9
Anterior/Posterior Pattern Specification (GO:0009952)	2/59	0.05718372844200178	0.2710835753449094	0	0	5.388820889432885	15.420034932718025	HES6;HES3
Heart Morphogenesis (GO:0003007)	2/59	0.05718372844200178	0.2710835753449094	0	0	5.388820889432885	15.420034932718025	TCAP;DYNLL1
Positive Regulation Of Protein Binding (GO:0032092)	2/59	0.05718372844200178	0.2710835753449094	0	0	5.388820889432885	15.420034932718025	B2M;MMP9
Protein Targeting To Mitochondrion (GO:0006626)	2/59	0.05718372844200178	0.2710835753449094	0	0	5.388820889432885	15.420034932718025	HSP90AA1;HSPA4
protein-DNA Complex Assembly (GO:0065004)	2/59	0.05718372844200178	0.2710835753449094	0	0	5.388820889432885	15.420034932718025	NASP;H2BC1
Negative Regulation Of Establishment Of Protein Localization (GO:1904950)	1/9	0.05743982106231268	0.2710835753449094	0	0	19.097115384615385	54.560792270090865	DNAJA1
Negative Regulation Of Heterotypic Cell-Cell Adhesion (GO:0034115)	1/9	0.05743982106231268	0.2710835753449094	0	0	19.097115384615385	54.560792270090865	APOA1
Regulation Of Endoplasmic Reticulum Unfolded Protein Response (GO:1900101)	1/9	0.05743982106231268	0.2710835753449094	0	0	19.097115384615385	54.560792270090865	HSPA5
Negative Regulation Of Muscle Cell Apoptotic Process (GO:0010656)	1/9	0.05743982106231268	0.2710835753449094	0	0	19.097115384615385	54.560792270090865	BMP7
Regulation Of High Voltage-Gated Calcium Channel Activity (GO:1901841)	1/9	0.05743982106231268	0.2710835753449094	0	0	19.097115384615385	54.560792270090865	NPPA
Negative Regulation Of Receptor Binding (GO:1900121)	1/9	0.05743982106231268	0.2710835753449094	0	0	19.097115384615385	54.560792270090865	B2M
Nucleobase-Containing Compound Biosynthetic Process (GO:0034654)	1/9	0.05743982106231268	0.2710835753449094	0	0	19.097115384615385	54.560792270090865	DCK
cGMP Biosynthetic Process (GO:0006182)	1/9	0.05743982106231268	0.2710835753449094	0	0	19.097115384615385	54.560792270090865	NPPA
Regulation Of Tau-Protein Kinase Activity (GO:1902947)	1/9	0.05743982106231268	0.2710835753449094	0	0	19.097115384615385	54.560792270090865	HSP90AA1
Response To Type I Interferon (GO:0034340)	1/9	0.05743982106231268	0.2710835753449094	0	0	19.097115384615385	54.560792270090865	ISG15
Positive Regulation Of Keratinocyte Migration (GO:0051549)	1/9	0.05743982106231268	0.2710835753449094	0	0	19.097115384615385	54.560792270090865	MMP9
High-Density Lipoprotein Particle Assembly (GO:0034380)	1/9	0.05743982106231268	0.2710835753449094	0	0	19.097115384615385	54.560792270090865	APOA1
Homologous Recombination (GO:0035825)	1/9	0.05743982106231268	0.2710835753449094	0	0	19.097115384615385	54.560792270090865	NUCKS1
Receptor Guanylyl Cyclase Signaling Pathway (GO:0007168)	1/9	0.05743982106231268	0.2710835753449094	0	0	19.097115384615385	54.560792270090865	NPPA
Morphogenesis Of An Epithelial Sheet (GO:0002011)	1/9	0.05743982106231268	0.2710835753449094	0	0	19.097115384615385	54.560792270090865	BMP7
Regulation Of Cell-Cell Adhesion Involved In Gastrulation (GO:0070587)	1/9	0.05743982106231268	0.2710835753449094	0	0	19.097115384615385	54.560792270090865	APOA1
Sterol Metabolic Process (GO:0016125)	2/60	0.05890869820164627	0.2710835753449094	0	0	5.2956428762363	14.99602420823152	APOA1;CYP46A1
protein-DNA Complex Organization (GO:0071824)	2/60	0.05890869820164627	0.2710835753449094	0	0	5.2956428762363	14.99602420823152	NUCKS1;SAFB
Apoptotic Process (GO:0006915)	4/228	0.06312041808540676	0.2710835753449094	0	0	2.762232845894263	7.631251009372423	CHEK1;CIDEB;DYNLL1;CIDEC
Negative Regulation Of Cellular Process (GO:0048523)	7/537	0.06336768770003719	0.2710835753449094	0	0	2.059844796104686	5.6827023059912065	CNOT7;ALOX5;AGR2;APOA1;DYNLL1;BMP7;S100A11
Regulation Of Cysteine-Type Endopeptidase Activity Involved In Apoptotic Signaling Pathway (GO:2001267)	1/10	0.06361635628304867	0.2710835753449094	0	0	16.974358974358974	46.76240127804881	MMP9
Negative Regulation Of Inclusion Body Assembly (GO:0090084)	1/10	0.06361635628304867	0.2710835753449094	0	0	16.974358974358974	46.76240127804881	HSPA2
Regulation Of Glycoprotein Biosynthetic Process (GO:0010559)	1/10	0.06361635628304867	0.2710835753449094	0	0	16.974358974358974	46.76240127804881	GATA1
Regulation Of Inclusion Body Assembly (GO:0090083)	1/10	0.06361635628304867	0.2710835753449094	0	0	16.974358974358974	46.76240127804881	HSPA2
Negative Regulation Of Sprouting Angiogenesis (GO:1903671)	1/10	0.06361635628304867	0.2710835753449094	0	0	16.974358974358974	46.76240127804881	ALOX5
Regulation Of Phospholipase Activity (GO:0010517)	1/10	0.06361635628304867	0.2710835753449094	0	0	16.974358974358974	46.76240127804881	RGS2
Nucleoside Triphosphate Metabolic Process (GO:0009141)	1/10	0.06361635628304867	0.2710835753449094	0	0	16.974358974358974	46.76240127804881	DCTPP1
Oxygen Transport (GO:0015671)	1/10	0.06361635628304867	0.2710835753449094	0	0	16.974358974358974	46.76240127804881	HBE1
Cellular Response To UV-A (GO:0071492)	1/10	0.06361635628304867	0.2710835753449094	0	0	16.974358974358974	46.76240127804881	MMP9
Positive Regulation Of Cellular Senescence (GO:2000774)	1/10	0.06361635628304867	0.2710835753449094	0	0	16.974358974358974	46.76240127804881	B2M
Positive Regulation Of Cholesterol Metabolic Process (GO:0090205)	1/10	0.06361635628304867	0.2710835753449094	0	0	16.974358974358974	46.76240127804881	APOA1
Positive Regulation Of Dendrite Development (GO:1900006)	1/10	0.06361635628304867	0.2710835753449094	0	0	16.974358974358974	46.76240127804881	BMP7
Steroid Hormone Mediated Signaling Pathway (GO:0043401)	1/10	0.06361635628304867	0.2710835753449094	0	0	16.974358974358974	46.76240127804881	BMP7
Very-Low-Density Lipoprotein Particle Assembly (GO:0034379)	1/10	0.06361635628304867	0.2710835753449094	0	0	16.974358974358974	46.76240127804881	CIDEB
Positive Regulation Of Phospholipid Transport (GO:2001140)	1/10	0.06361635628304867	0.2710835753449094	0	0	16.974358974358974	46.76240127804881	APOA1
Positive Regulation Of Transcription From RNA Polymerase II Promoter In Response To Endoplasmic Reticulum Stress (GO:1990440)	1/10	0.06361635628304867	0.2710835753449094	0	0	16.974358974358974	46.76240127804881	HSPA5
Positive Regulation Of Voltage-Gated Potassium Channel Activity (GO:1903818)	1/10	0.06361635628304867	0.2710835753449094	0	0	16.974358974358974	46.76240127804881	NPPA
Maintenance Of Synapse Structure (GO:0099558)	1/10	0.06361635628304867	0.2710835753449094	0	0	16.974358974358974	46.76240127804881	CBLN3
Meiotic Sister Chromatid Cohesion (GO:0051177)	1/10	0.06361635628304867	0.2710835753449094	0	0	16.974358974358974	46.76240127804881	SMC1A
Mesonephros Development (GO:0001823)	1/10	0.06361635628304867	0.2710835753449094	0	0	16.974358974358974	46.76240127804881	BMP7
Regulation Of Calcium Ion Transmembrane Transport Via High Voltage-Gated Calcium Channel (GO:1902514)	1/10	0.06361635628304867	0.2710835753449094	0	0	16.974358974358974	46.76240127804881	NPPA
Positive Regulation Of Type I Interferon Production (GO:0032481)	2/64	0.06598443261380274	0.27376633317151355	0	0	4.952988247061765	13.463888410474985	HSP90AA1;ISG15
Negative Regulation Of Fibrinolysis (GO:0051918)	1/11	0.0697527247352707	0.27376633317151355	0	0	15.276153846153846	40.677324049781355	PLAU
Regulation Of Glycogen Metabolic Process (GO:0070873)	1/11	0.0697527247352707	0.27376633317151355	0	0	15.276153846153846	40.677324049781355	PPP1R3B
Regulation Of Keratinocyte Migration (GO:0051547)	1/11	0.0697527247352707	0.27376633317151355	0	0	15.276153846153846	40.677324049781355	MMP9
Regulation Of Muscle System Process (GO:0090257)	1/11	0.0697527247352707	0.27376633317151355	0	0	15.276153846153846	40.677324049781355	MYL9
Base-Excision Repair, AP Site Formation (GO:0006285)	1/11	0.0697527247352707	0.27376633317151355	0	0	15.276153846153846	40.677324049781355	UNG
Nucleoside Phosphate Biosynthetic Process (GO:1901293)	1/11	0.0697527247352707	0.27376633317151355	0	0	15.276153846153846	40.677324049781355	DCK
cGMP Metabolic Process (GO:0046068)	1/11	0.0697527247352707	0.27376633317151355	0	0	15.276153846153846	40.677324049781355	NPPA
Carbon Dioxide Transport (GO:0015670)	1/11	0.0697527247352707	0.27376633317151355	0	0	15.276153846153846	40.677324049781355	HBE1
Regulation Of Response To Oxidative Stress (GO:1902882)	1/11	0.0697527247352707	0.27376633317151355	0	0	15.276153846153846	40.677324049781355	ALOX5
Phospholipid Efflux (GO:0033700)	1/11	0.0697527247352707	0.27376633317151355	0	0	15.276153846153846	40.677324049781355	APOA1
Cellular Response To Thyroid Hormone Stimulus (GO:0097067)	1/11	0.0697527247352707	0.27376633317151355	0	0	15.276153846153846	40.677324049781355	GATA1
Central Nervous System Myelination (GO:0022010)	1/11	0.0697527247352707	0.27376633317151355	0	0	15.276153846153846	40.677324049781355	PLP1
Central Nervous System Neuron Axonogenesis (GO:0021955)	1/11	0.0697527247352707	0.27376633317151355	0	0	15.276153846153846	40.677324049781355	HSP90AA1
Response To X-ray (GO:0010165)	1/11	0.0697527247352707	0.27376633317151355	0	0	15.276153846153846	40.677324049781355	NUCKS1
Double-Strand Break Repair Via Break-Induced Replication (GO:0000727)	1/11	0.0697527247352707	0.27376633317151355	0	0	15.276153846153846	40.677324049781355	MCM5
Erythrocyte Development (GO:0048821)	1/11	0.0697527247352707	0.27376633317151355	0	0	15.276153846153846	40.677324049781355	GATA1
Sulfate Transport (GO:0008272)	1/11	0.0697527247352707	0.27376633317151355	0	0	15.276153846153846	40.677324049781355	SLC13A1
Intestinal Absorption (GO:0050892)	1/11	0.0697527247352707	0.27376633317151355	0	0	15.276153846153846	40.677324049781355	FABP2
Intestinal Lipid Absorption (GO:0098856)	1/11	0.0697527247352707	0.27376633317151355	0	0	15.276153846153846	40.677324049781355	FABP2
Maintenance Of Protein Localization In Endoplasmic Reticulum (GO:0035437)	1/11	0.0697527247352707	0.27376633317151355	0	0	15.276153846153846	40.677324049781355	HSPA5
Regulation Of Viral Genome Replication (GO:0045069)	2/67	0.07146753897988421	0.27840339811566833	0	0	4.723673225998807	12.463468172750613	CNOT7;ISG15
Cholesterol Metabolic Process (GO:0008203)	2/67	0.07146753897988421	0.27840339811566833	0	0	4.723673225998807	12.463468172750613	APOA1;CYP46A1
Neuropeptide Signaling Pathway (GO:0007218)	2/68	0.0733272711525333	0.27981112951589837	0	0	4.651867512332629	12.154504990895887	NPPA;KISS1R
Negative Regulation Of DNA-binding Transcription Factor Activity (GO:0043433)	3/149	0.07463446416859025	0.27981112951589837	0	0	3.1661494006849313	8.2166417745814	HES6;PRMT2;BMP7
cAMP Metabolic Process (GO:0046058)	1/12	0.07584918549137858	0.27981112951589837	0	0	13.886713286713286	35.81394898804782	PTH
Phospholipid Homeostasis (GO:0055091)	1/12	0.07584918549137858	0.27981112951589837	0	0	13.886713286713286	35.81394898804782	APOA1
Positive Regulation Of Alcohol Biosynthetic Process (GO:1902932)	1/12	0.07584918549137858	0.27981112951589837	0	0	13.886713286713286	35.81394898804782	PTH
Positive Regulation Of Calcium-Mediated Signaling (GO:0050850)	1/12	0.07584918549137858	0.27981112951589837	0	0	13.886713286713286	35.81394898804782	P2RX4
Response To Iron Ion (GO:0010039)	1/12	0.07584918549137858	0.27981112951589837	0	0	13.886713286713286	35.81394898804782	B2M
Response To Thyroid Hormone (GO:0097066)	1/12	0.07584918549137858	0.27981112951589837	0	0	13.886713286713286	35.81394898804782	GATA1
Exonucleolytic Catabolism Of Deadenylated mRNA (GO:0043928)	1/12	0.07584918549137858	0.27981112951589837	0	0	13.886713286713286	35.81394898804782	CNOT7
Fibrinolysis (GO:0042730)	1/12	0.07584918549137858	0.27981112951589837	0	0	13.886713286713286	35.81394898804782	PLAU
Positive Regulation Of mRNA Metabolic Process (GO:1903313)	1/12	0.07584918549137858	0.27981112951589837	0	0	13.886713286713286	35.81394898804782	CNOT7
Granulocyte Differentiation (GO:0030851)	1/12	0.07584918549137858	0.27981112951589837	0	0	13.886713286713286	35.81394898804782	GATA1
Positive Regulation Of Nuclear-Transcribed mRNA poly(A) Tail Shortening (GO:0060213)	1/12	0.07584918549137858	0.27981112951589837	0	0	13.886713286713286	35.81394898804782	CNOT7
Pyrimidine Deoxyribonucleotide Catabolic Process (GO:0009223)	1/12	0.07584918549137858	0.27981112951589837	0	0	13.886713286713286	35.81394898804782	UNG
Regulation Of DNA-templated DNA Replication Initiation (GO:0030174)	1/12	0.07584918549137858	0.27981112951589837	0	0	13.886713286713286	35.81394898804782	MCM5
Positive Regulation Of Cell-Substrate Adhesion (GO:0010811)	2/71	0.07899860044153495	0.28557543430657933	0	0	4.448938321536906	11.292851999442588	AGR2;APOA1
Kidney Development (GO:0001822)	2/71	0.07899860044153495	0.28557543430657933	0	0	4.448938321536906	11.292851999442588	REN;BMP7
Cellular Response To Hypoxia (GO:0071456)	2/72	0.08091883196264348	0.28557543430657933	0	0	4.38516057585825	11.02564739229094	HYOU1;BMP7
T Cell Differentiation In Thymus (GO:0033077)	1/13	0.0819059960266386	0.28557543430657933	0	0	12.728846153846154	31.849903464460027	MR1
Outer Mitochondrial Membrane Organization (GO:0007008)	1/13	0.0819059960266386	0.28557543430657933	0	0	12.728846153846154	31.849903464460027	HSPA4
Regulation Of Response To Endoplasmic Reticulum Stress (GO:1905897)	1/13	0.0819059960266386	0.28557543430657933	0	0	12.728846153846154	31.849903464460027	MANF
Response To UV-A (GO:0070141)	1/13	0.0819059960266386	0.28557543430657933	0	0	12.728846153846154	31.849903464460027	MMP9
Positive Regulation Of Glycogen Biosynthetic Process (GO:0045725)	1/13	0.0819059960266386	0.28557543430657933	0	0	12.728846153846154	31.849903464460027	PTH
Intraciliary Retrograde Transport (GO:0035721)	1/13	0.0819059960266386	0.28557543430657933	0	0	12.728846153846154	31.849903464460027	DYNLL1
Lipid Oxidation (GO:0034440)	1/13	0.0819059960266386	0.28557543430657933	0	0	12.728846153846154	31.849903464460027	ALOX5
Protein Insertion Into Mitochondrial Outer Membrane (GO:0045040)	1/13	0.0819059960266386	0.28557543430657933	0	0	12.728846153846154	31.849903464460027	HSPA4
Membrane Depolarization (GO:0051899)	1/13	0.0819059960266386	0.28557543430657933	0	0	12.728846153846154	31.849903464460027	P2RX4
ncRNA Transcription (GO:0098781)	1/13	0.0819059960266386	0.28557543430657933	0	0	12.728846153846154	31.849903464460027	GTF3A
DNA Replication (GO:0006260)	2/73	0.08285350374808254	0.28557543430657933	0	0	4.3231793863958945	10.76766181968016	CHEK1;MCM5
Cellular Response To Decreased Oxygen Levels (GO:0036294)	2/73	0.08285350374808254	0.28557543430657933	0	0	4.3231793863958945	10.76766181968016	HYOU1;BMP7
Regulation Of Rho Protein Signal Transduction (GO:0035023)	2/73	0.08285350374808254	0.28557543430657933	0	0	4.3231793863958945	10.76766181968016	APOA1;DYNLL1
Negative Regulation Of Phosphorylation (GO:0042326)	2/75	0.08676509873259489	0.28557543430657933	0	0	4.2043113518105555	10.277652789970434	DYNLL1;BMP7
Nucleosome Organization (GO:0034728)	2/75	0.08676509873259489	0.28557543430657933	0	0	4.2043113518105555	10.277652789970434	NASP;H2BC1
Regulation Of Stress Fiber Assembly (GO:0051492)	2/75	0.08676509873259489	0.28557543430657933	0	0	4.2043113518105555	10.277652789970434	APOA1;DYNLL1
Regulation Of DNA Replication (GO:0006275)	2/75	0.08676509873259489	0.28557543430657933	0	0	4.2043113518105555	10.277652789970434	NUCKS1;S100A11
Regulation Of Establishment Of Protein Localization (GO:0070201)	1/14	0.08792341216396707	0.28557543430657933	0	0	11.749112426035502	28.565489678311135	DNAJA1
Negative Regulation Of Transcription Regulatory Region DNA Binding (GO:2000678)	1/14	0.08792341216396707	0.28557543430657933	0	0	11.749112426035502	28.565489678311135	GATA1
Regulation Of Nuclear-Transcribed mRNA poly(A) Tail Shortening (GO:0060211)	1/14	0.08792341216396707	0.28557543430657933	0	0	11.749112426035502	28.565489678311135	CNOT7
Blood Coagulation, Fibrin Clot Formation (GO:0072378)	1/14	0.08792341216396707	0.28557543430657933	0	0	11.749112426035502	28.565489678311135	F13B
Cardiac Cell Development (GO:0055006)	1/14	0.08792341216396707	0.28557543430657933	0	0	11.749112426035502	28.565489678311135	TCAP
Centromere Complex Assembly (GO:0034508)	1/14	0.08792341216396707	0.28557543430657933	0	0	11.749112426035502	28.565489678311135	NASP
Positive Regulation Of Glycogen Metabolic Process (GO:0070875)	1/14	0.08792341216396707	0.28557543430657933	0	0	11.749112426035502	28.565489678311135	PTH
Positive Regulation Of Heterotypic Cell-Cell Adhesion (GO:0034116)	1/14	0.08792341216396707	0.28557543430657933	0	0	11.749112426035502	28.565489678311135	BMP7
Striated Muscle Cell Development (GO:0055002)	1/14	0.08792341216396707	0.28557543430657933	0	0	11.749112426035502	28.565489678311135	MYL9
Striated Muscle Tissue Development (GO:0014706)	1/14	0.08792341216396707	0.28557543430657933	0	0	11.749112426035502	28.565489678311135	BMP7
Positive Regulation Of Nuclear-Transcribed mRNA Catabolic Process, Deadenylation-Dependent Decay (GO:1900153)	1/14	0.08792341216396707	0.28557543430657933	0	0	11.749112426035502	28.565489678311135	CNOT7
Protein Activation Cascade (GO:0072376)	1/14	0.08792341216396707	0.28557543430657933	0	0	11.749112426035502	28.565489678311135	F13B
Mitotic intra-S DNA Damage Checkpoint Signaling (GO:0031573)	1/14	0.08792341216396707	0.28557543430657933	0	0	11.749112426035502	28.565489678311135	TIPIN
Monosaccharide Transmembrane Transport (GO:0015749)	1/14	0.08792341216396707	0.28557543430657933	0	0	11.749112426035502	28.565489678311135	SLC5A9
Negative Regulation Of Blood Pressure (GO:0045776)	1/14	0.08792341216396707	0.28557543430657933	0	0	11.749112426035502	28.565489678311135	NPPA
Regulation Of Carbohydrate Catabolic Process (GO:0043470)	1/14	0.08792341216396707	0.28557543430657933	0	0	11.749112426035502	28.565489678311135	PPP1R3B
Actomyosin Structure Organization (GO:0031032)	2/77	0.09073127492468112	0.28557543430657933	0	0	4.091782945736434	9.819678248913744	TCAP;MYL9
Chloride Transport (GO:0006821)	2/77	0.09073127492468112	0.28557543430657933	0	0	4.091782945736434	9.819678248913744	CLIC4;ANO9
Negative Regulation Of Blood Vessel Morphogenesis (GO:2000181)	2/77	0.09073127492468112	0.28557543430657933	0	0	4.091782945736434	9.819678248913744	ALOX5;PRL
Long-Chain Fatty Acid Metabolic Process (GO:0001676)	2/78	0.0927341836815326	0.28557543430657933	0	0	4.037739698082415	9.601818159344294	ALOX5;ACSL6
Regulation Of Cellular Response To Heat (GO:1900034)	1/15	0.0939016881241754	0.28557543430657933	0	0	10.90934065934066	25.806120768156763	CHORDC1
Negative Regulation Of Epithelial Cell Differentiation (GO:0030857)	1/15	0.0939016881241754	0.28557543430657933	0	0	10.90934065934066	25.806120768156763	MMP9
Negative Regulation Of Focal Adhesion Assembly (GO:0051895)	1/15	0.0939016881241754	0.28557543430657933	0	0	10.90934065934066	25.806120768156763	DYNLL1
Negative Regulation Of Protein Processing (GO:0010955)	1/15	0.0939016881241754	0.28557543430657933	0	0	10.90934065934066	25.806120768156763	PLAU
Activation Of NF-kappaB-inducing Kinase Activity (GO:0007250)	1/15	0.0939016881241754	0.28557543430657933	0	0	10.90934065934066	25.806120768156763	ZFP91
Regulation Of mRNA Metabolic Process (GO:1903311)	1/15	0.0939016881241754	0.28557543430657933	0	0	10.90934065934066	25.806120768156763	SAFB
Cardiac Myofibril Assembly (GO:0055003)	1/15	0.0939016881241754	0.28557543430657933	0	0	10.90934065934066	25.806120768156763	TCAP
Regulation Of Systemic Arterial Blood Pressure (GO:0003073)	1/15	0.0939016881241754	0.28557543430657933	0	0	10.90934065934066	25.806120768156763	NPPA
Cellular Response To Zinc Ion (GO:0071294)	1/15	0.0939016881241754	0.28557543430657933	0	0	10.90934065934066	25.806120768156763	P2RX4
Defense Response To Protozoan (GO:0042832)	1/15	0.0939016881241754	0.28557543430657933	0	0	10.90934065934066	25.806120768156763	GBP6
Endoplasmic Reticulum To Cytosol Transport (GO:1903513)	1/15	0.0939016881241754	0.28557543430657933	0	0	10.90934065934066	25.806120768156763	HSP90B1
tRNA Wobble Uridine Modification (GO:0002098)	1/15	0.0939016881241754	0.28557543430657933	0	0	10.90934065934066	25.806120768156763	DPH3
Gas Transport (GO:0015669)	1/15	0.0939016881241754	0.28557543430657933	0	0	10.90934065934066	25.806120768156763	HBE1
High-Density Lipoprotein Particle Remodeling (GO:0034375)	1/15	0.0939016881241754	0.28557543430657933	0	0	10.90934065934066	25.806120768156763	APOA1
Positive Regulation Of Secretion (GO:0051047)	1/15	0.0939016881241754	0.28557543430657933	0	0	10.90934065934066	25.806120768156763	PRL
Negative Regulation Of DNA Replication (GO:0008156)	1/15	0.0939016881241754	0.28557543430657933	0	0	10.90934065934066	25.806120768156763	S100A11
Negative Regulation Of Cation Transmembrane Transport (GO:1904063)	1/15	0.0939016881241754	0.28557543430657933	0	0	10.90934065934066	25.806120768156763	MMP9
Negative Regulation Of Cell-Substrate Junction Organization (GO:0150118)	1/15	0.0939016881241754	0.28557543430657933	0	0	10.90934065934066	25.806120768156763	DYNLL1
Positive Regulation Of Endocytosis (GO:0045807)	2/79	0.09474996654171976	0.28557543430657933	0	0	3.9851001711466822	9.39094350043163	APOA1;B2M
Positive Regulation Of Cellular Process (GO:0048522)	7/594	0.0957721135821191	0.28557543430657933	0	0	1.854344122657581	4.349890265959242	TIPIN;CNOT7;EGR4;CHEK1;HBE1;CIDEB;PRL
Regulation Of Protein Phosphorylation (GO:0001932)	4/265	0.09666533622341378	0.28557543430657933	0	0	2.3661869852475337	5.528596856365363	HSP90AA1;HSPB1;BMP7;MMP9
Negative Regulation Of Protein Serine/Threonine Kinase Activity (GO:0071901)	2/80	0.09677837209693288	0.28557543430657933	0	0	3.933810375670841	9.186752223207284	RGS2;BMP7
Negative Regulation Of Apoptotic Process (GO:0043066)	6/482	0.0973896333205328	0.28557543430657933	0	0	1.9555966386554624	4.554654010908369	DNAJA1;HSPA5;HSPB1;GATA1;MMP9;HSP90B1
Double-Strand Break Repair (GO:0006302)	3/168	0.09829502852315362	0.28557543430657933	0	0	2.7988636363636363	6.492753001688623	POLN;NABP1;NUCKS1
Negative Regulation Of NF-kappaB Transcription Factor Activity (GO:0032088)	2/81	0.09881915169852731	0.28557543430657933	0	0	3.8838190560298305	8.988958804776345	PRMT2;BMP7
Regulation Of Fibrinolysis (GO:0051917)	1/16	0.09984107647289782	0.28557543430657933	0	0	10.181538461538462	23.460052416555833	PLAU
Activation Of Cysteine-Type Endopeptidase Activity (GO:0097202)	1/16	0.09984107647289782	0.28557543430657933	0	0	10.181538461538462	23.460052416555833	CIDEB
Regulation Of Plasminogen Activation (GO:0010755)	1/16	0.09984107647289782	0.28557543430657933	0	0	10.181538461538462	23.460052416555833	PLAU
Oligodendrocyte Development (GO:0014003)	1/16	0.09984107647289782	0.28557543430657933	0	0	10.181538461538462	23.460052416555833	PLP1
Pharyngeal System Development (GO:0060037)	1/16	0.09984107647289782	0.28557543430657933	0	0	10.181538461538462	23.460052416555833	BMP7
Positive Regulation By Host Of Viral Transcription (GO:0043923)	1/16	0.09984107647289782	0.28557543430657933	0	0	10.181538461538462	23.460052416555833	NUCKS1
Reverse Cholesterol Transport (GO:0043691)	1/16	0.09984107647289782	0.28557543430657933	0	0	10.181538461538462	23.460052416555833	APOA1
Positive Regulation Of Smooth Muscle Cell Migration (GO:0014911)	1/16	0.09984107647289782	0.28557543430657933	0	0	10.181538461538462	23.460052416555833	S100A11
Protein Localization To Endoplasmic Reticulum (GO:0070972)	1/16	0.09984107647289782	0.28557543430657933	0	0	10.181538461538462	23.460052416555833	HSPA5
Mesonephric Tubule Development (GO:0072164)	1/16	0.09984107647289782	0.28557543430657933	0	0	10.181538461538462	23.460052416555833	BMP7
Regulation Of DNA Strand Elongation (GO:0060382)	1/16	0.09984107647289782	0.28557543430657933	0	0	10.181538461538462	23.460052416555833	NUCKS1
Regulation Of Epithelial To Mesenchymal Transition (GO:0010717)	2/83	0.10293685164162228	0.28557543430657933	0	0	3.787539477461958	8.611499627484111	GLIPR2;ZNF750
Positive Regulation Of Cell Migration (GO:0030335)	4/272	0.103798710880065	0.28557543430657933	0	0	2.30356093548008	5.218260566762608	HSPA5;PLAU;GLIPR2;S100A11
Regulation Of Interleukin-1 Beta Production (GO:0032651)	2/84	0.10501328789186028	0.28557543430657933	0	0	3.741160899981093	8.431336045283201	HSPB1;APOA1
Purine Ribonucleotide Metabolic Process (GO:0009150)	2/84	0.10501328789186028	0.28557543430657933	0	0	3.741160899981093	8.431336045283201	PTH;ACSL6
DNA Modification (GO:0006304)	1/17	0.10574182820484038	0.28557543430657933	0	0	9.544711538461538	21.444625878565983	UNG
Regulation Of Delayed Rectifier Potassium Channel Activity (GO:1902259)	1/17	0.10574182820484038	0.28557543430657933	0	0	9.544711538461538	21.444625878565983	NPPA
DNA Replication Checkpoint Signaling (GO:0000076)	1/17	0.10574182820484038	0.28557543430657933	0	0	9.544711538461538	21.444625878565983	TIPIN
Negative Regulation Of Oxidative Stress-Induced Intrinsic Apoptotic Signaling Pathway (GO:1902176)	1/17	0.10574182820484038	0.28557543430657933	0	0	9.544711538461538	21.444625878565983	HSPB1
Nuclear-Transcribed mRNA Catabolic Process, Exonucleolytic (GO:0000291)	1/17	0.10574182820484038	0.28557543430657933	0	0	9.544711538461538	21.444625878565983	CNOT7
cGMP-mediated Signaling (GO:0019934)	1/17	0.10574182820484038	0.28557543430657933	0	0	9.544711538461538	21.444625878565983	NPPA
Positive Regulation By Host Of Viral Process (GO:0044794)	1/17	0.10574182820484038	0.28557543430657933	0	0	9.544711538461538	21.444625878565983	NUCKS1
Central Nervous System Neuron Development (GO:0021954)	1/17	0.10574182820484038	0.28557543430657933	0	0	9.544711538461538	21.444625878565983	HSP90AA1
Positive Regulation Of SMAD Protein Signal Transduction (GO:0060391)	1/17	0.10574182820484038	0.28557543430657933	0	0	9.544711538461538	21.444625878565983	BMP7
Retrograde Protein Transport, ER To Cytosol (GO:0030970)	1/17	0.10574182820484038	0.28557543430657933	0	0	9.544711538461538	21.444625878565983	HSP90B1
Positive Regulation Of Heart Rate (GO:0010460)	1/17	0.10574182820484038	0.28557543430657933	0	0	9.544711538461538	21.444625878565983	NPPA
Positive Regulation Of Potassium Ion Transmembrane Transport (GO:1901381)	1/17	0.10574182820484038	0.28557543430657933	0	0	9.544711538461538	21.444625878565983	NPPA
Intracellular Estrogen Receptor Signaling Pathway (GO:0030520)	1/17	0.10574182820484038	0.28557543430657933	0	0	9.544711538461538	21.444625878565983	SAFB
Positive Regulation Of Transcription From RNA Polymerase II Promoter In Response To Stress (GO:0036003)	1/17	0.10574182820484038	0.28557543430657933	0	0	9.544711538461538	21.444625878565983	HSPA5
Long-Chain fatty-acyl-CoA Biosynthetic Process (GO:0035338)	1/17	0.10574182820484038	0.28557543430657933	0	0	9.544711538461538	21.444625878565983	ACSL6
Megakaryocyte Differentiation (GO:0030219)	1/17	0.10574182820484038	0.28557543430657933	0	0	9.544711538461538	21.444625878565983	GATA1
Mesenchyme Development (GO:0060485)	1/17	0.10574182820484038	0.28557543430657933	0	0	9.544711538461538	21.444625878565983	BMP7
rRNA Transcription (GO:0009303)	1/17	0.10574182820484038	0.28557543430657933	0	0	9.544711538461538	21.444625878565983	GTF3A
Motile Cilium Assembly (GO:0044458)	1/17	0.10574182820484038	0.28557543430657933	0	0	9.544711538461538	21.444625878565983	DYNLL1
Muscle Tissue Morphogenesis (GO:0060415)	1/17	0.10574182820484038	0.28557543430657933	0	0	9.544711538461538	21.444625878565983	TCAP
Negative Regulation Of Rho Protein Signal Transduction (GO:0035024)	1/17	0.10574182820484038	0.28557543430657933	0	0	9.544711538461538	21.444625878565983	DYNLL1
Positive Regulation Of Cellular Biosynthetic Process (GO:0031328)	3/174	0.10632775304418685	0.28557543430657933	0	0	2.6998355263157894	6.050949529535229	HSP90AA1;P2RX4;PTH
Defense Response To Gram-positive Bacterium (GO:0050830)	2/85	0.10710112995119656	0.28557543430657933	0	0	3.695899878584104	8.256572882844548	GBP6;MR1
Positive Regulation Of Endothelial Cell Migration (GO:0010595)	2/85	0.10710112995119656	0.28557543430657933	0	0	3.695899878584104	8.256572882844548	P2RX4;HSPB1
Integrin-Mediated Signaling Pathway (GO:0007229)	2/85	0.10710112995119656	0.28557543430657933	0	0	3.695899878584104	8.256572882844548	APOA1;ISG15
DNA Damage Response (GO:0006974)	5/384	0.10824725526855528	0.28557543430657933	0	0	2.0406667504292835	4.5370904376096926	CHEK1;CIDEB;NABP1;SMC1A;UNG
Extracellular Matrix Organization (GO:0030198)	3/176	0.10906122896377024	0.28557543430657933	0	0	2.6683526011560694	5.912657959835746	SERPINH1;CAPG;MMP9
Negative Regulation Of Angiogenesis (GO:0016525)	2/86	0.10920014225785252	0.28557543430657933	0	0	3.65171650055371	8.086992447879068	ALOX5;PRL
Glucose Homeostasis (GO:0042593)	2/87	0.11131009182500674	0.28557543430657933	0	0	3.608572731418149	7.922388146727323	ALOX5;NUCKS1
Negative Regulation Of Lipid Catabolic Process (GO:0050995)	1/18	0.11160419271751376	0.28557543430657933	0	0	8.982805429864253	19.697465749311625	CIDEC
Negative Regulation Of Nervous System Development (GO:0051961)	1/18	0.11160419271751376	0.28557543430657933	0	0	8.982805429864253	19.697465749311625	B2M
Actin Filament Capping (GO:0051693)	1/18	0.11160419271751376	0.28557543430657933	0	0	8.982805429864253	19.697465749311625	CAPG
Antigen Processing And Presentation Of Peptide Antigen Via MHC Class I (GO:0002474)	1/18	0.11160419271751376	0.28557543430657933	0	0	8.982805429864253	19.697465749311625	B2M
Barbed-End Actin Filament Capping (GO:0051016)	1/18	0.11160419271751376	0.28557543430657933	0	0	8.982805429864253	19.697465749311625	CAPG
Regulation Of Oxidative Stress-Induced Intrinsic Apoptotic Signaling Pathway (GO:1902175)	1/18	0.11160419271751376	0.28557543430657933	0	0	8.982805429864253	19.697465749311625	HSPB1
Nucleosome Disassembly (GO:0006337)	1/18	0.11160419271751376	0.28557543430657933	0	0	8.982805429864253	19.697465749311625	H2BC1
Cell Junction Maintenance (GO:0034331)	1/18	0.11160419271751376	0.28557543430657933	0	0	8.982805429864253	19.697465749311625	CBLN3
Response To Axon Injury (GO:0048678)	1/18	0.11160419271751376	0.28557543430657933	0	0	8.982805429864253	19.697465749311625	P2RX4
Response To Organophosphorus (GO:0046683)	1/18	0.11160419271751376	0.28557543430657933	0	0	8.982805429864253	19.697465749311625	P2RX4
Detection Of Mechanical Stimulus (GO:0050982)	1/18	0.11160419271751376	0.28557543430657933	0	0	8.982805429864253	19.697465749311625	TCAP
Positive Regulation Of Macrophage Migration (GO:1905523)	1/18	0.11160419271751376	0.28557543430657933	0	0	8.982805429864253	19.697465749311625	P2RX4
Ureteric Bud Development (GO:0001657)	1/18	0.11160419271751376	0.28557543430657933	0	0	8.982805429864253	19.697465749311625	BMP7
Heart Trabecula Morphogenesis (GO:0061384)	1/18	0.11160419271751376	0.28557543430657933	0	0	8.982805429864253	19.697465749311625	BMP7
Maintenance Of Protein Localization In Organelle (GO:0072595)	1/18	0.11160419271751376	0.28557543430657933	0	0	8.982805429864253	19.697465749311625	HSPA5
ncRNA-mediated Post-Transcriptional Gene Silencing (GO:0035194)	1/18	0.11160419271751376	0.28557543430657933	0	0	8.982805429864253	19.697465749311625	CNOT7
RNA-templated DNA Biosynthetic Process (GO:0006278)	1/19	0.11742841776762576	0.29257670401362956	0	0	8.483333333333333	18.170675130648927	HSP90AA1
Regulation Of Neuroinflammatory Response (GO:0150077)	1/19	0.11742841776762576	0.29257670401362956	0	0	8.483333333333333	18.170675130648927	MMP9
Phosphatidylcholine Biosynthetic Process (GO:0006656)	1/19	0.11742841776762576	0.29257670401362956	0	0	8.483333333333333	18.170675130648927	APOA1
Cyclic Nucleotide Biosynthetic Process (GO:0009190)	1/19	0.11742841776762576	0.29257670401362956	0	0	8.483333333333333	18.170675130648927	NPPA
Dopaminergic Neuron Differentiation (GO:0071542)	1/19	0.11742841776762576	0.29257670401362956	0	0	8.483333333333333	18.170675130648927	MANF
Skeletal Muscle Contraction (GO:0003009)	1/19	0.11742841776762576	0.29257670401362956	0	0	8.483333333333333	18.170675130648927	TCAP
Telomere Maintenance Via Telomerase (GO:0007004)	1/19	0.11742841776762576	0.29257670401362956	0	0	8.483333333333333	18.170675130648927	HSP90AA1
Linoleic Acid Metabolic Process (GO:0043651)	1/19	0.11742841776762576	0.29257670401362956	0	0	8.483333333333333	18.170675130648927	ALOX5
Protein Heterooligomerization (GO:0051291)	1/19	0.11742841776762576	0.29257670401362956	0	0	8.483333333333333	18.170675130648927	MAT2A
Protein Insertion Into Membrane (GO:0051205)	1/19	0.11742841776762576	0.29257670401362956	0	0	8.483333333333333	18.170675130648927	TRAM2
Mitotic Sister Chromatid Cohesion (GO:0007064)	1/19	0.11742841776762576	0.29257670401362956	0	0	8.483333333333333	18.170675130648927	SMC1A
Regulation Of Peptidyl-Tyrosine Phosphorylation (GO:0050730)	2/90	0.11770327172962108	0.29257670401362956	0	0	3.485024665257223	7.456518584163469	CNOT7;GATA1
Steroid Metabolic Process (GO:0008202)	2/92	0.12201591896200426	0.29845985742207726	0	0	3.407235142118863	7.167472654345803	RDH5;CYP46A1
DNA Unwinding Involved In DNA Replication (GO:0006268)	1/20	0.12321474956792654	0.29845985742207726	0	0	8.036437246963562	16.82690539004688	MCM5
Nuclear-Transcribed mRNA poly(A) Tail Shortening (GO:0000289)	1/20	0.12321474956792654	0.29845985742207726	0	0	8.036437246963562	16.82690539004688	CNOT7
Regulation Of Phosphatase Activity (GO:0010921)	1/20	0.12321474956792654	0.29845985742207726	0	0	8.036437246963562	16.82690539004688	HSP90B1
Cell Projection Organization (GO:0030030)	1/20	0.12321474956792654	0.29845985742207726	0	0	8.036437246963562	16.82690539004688	CAPG
Sensory Perception Of Pain (GO:0019233)	1/20	0.12321474956792654	0.29845985742207726	0	0	8.036437246963562	16.82690539004688	P2RX4
Hydrogen Peroxide Catabolic Process (GO:0042744)	1/20	0.12321474956792654	0.29845985742207726	0	0	8.036437246963562	16.82690539004688	HBE1
Positive Regulation Of Vascular Associated Smooth Muscle Cell Proliferation (GO:1904707)	1/20	0.12321474956792654	0.29845985742207726	0	0	8.036437246963562	16.82690539004688	MMP9
Leukotriene Metabolic Process (GO:0006691)	1/20	0.12321474956792654	0.29845985742207726	0	0	8.036437246963562	16.82690539004688	ALOX5
protein-DNA Complex Disassembly (GO:0032986)	1/20	0.12321474956792654	0.29845985742207726	0	0	8.036437246963562	16.82690539004688	H2BC1
Regulation Of Calcium Ion Transmembrane Transport (GO:1903169)	1/20	0.12321474956792654	0.29845985742207726	0	0	8.036437246963562	16.82690539004688	NPPA
Regulation Of Endothelial Cell Proliferation (GO:0001936)	2/93	0.12418673901548176	0.29942483956619625	0	0	3.369622625436579	7.028927955553716	ALOX5;PRL
Positive Regulation Of Protein Kinase B Signaling (GO:0051897)	2/93	0.12418673901548176	0.29942483956619625	0	0	3.369622625436579	7.028927955553716	HSP90AA1;P2RX4
Positive Regulation Of Epithelial Cell Migration (GO:0010634)	2/95	0.12855629313111225	0.30461046112227413	0	0	3.2968242060515127	6.763066905881875	GLIPR2;MMP9
DNA Replication Initiation (GO:0006270)	1/21	0.1289634327739896	0.30461046112227413	0	0	7.634230769230769	15.636632865318903	MCM5
Negative Regulation Of Tumor Necrosis Factor-Mediated Signaling Pathway (GO:0010804)	1/21	0.1289634327739896	0.30461046112227413	0	0	7.634230769230769	15.636632865318903	APOA1
Response To Cadmium Ion (GO:0046686)	1/21	0.1289634327739896	0.30461046112227413	0	0	7.634230769230769	15.636632865318903	MMP9
Positive Regulation Of Blood Coagulation (GO:0030194)	1/21	0.1289634327739896	0.30461046112227413	0	0	7.634230769230769	15.636632865318903	PLAU
Sulfur Compound Transport (GO:0072348)	1/21	0.1289634327739896	0.30461046112227413	0	0	7.634230769230769	15.636632865318903	SLC13A1
Focal Adhesion Assembly (GO:0048041)	1/21	0.1289634327739896	0.30461046112227413	0	0	7.634230769230769	15.636632865318903	DYNLL1
Macrophage Differentiation (GO:0030225)	1/21	0.1289634327739896	0.30461046112227413	0	0	7.634230769230769	15.636632865318903	MMP9
Modulation By Host Of Viral Genome Replication (GO:0044827)	1/21	0.1289634327739896	0.30461046112227413	0	0	7.634230769230769	15.636632865318903	NUCKS1
Regulation Of Intracellular Signal Transduction (GO:1902531)	4/297	0.13114255396627292	0.3083342054256635	0	0	2.1043239902179462	4.274871791287759	CHEK1;HSPB1;REN;DYNLL1
Neuron Projection Development (GO:0031175)	3/192	0.13187000897719145	0.3083342054256635	0	0	2.4404761904761907	4.944254970568149	PLP1;BMP7;MANF
Negative Regulation Of Extrinsic Apoptotic Signaling Pathway In Absence Of Ligand (GO:2001240)	1/22	0.13467471041580706	0.3083342054256635	0	0	7.27032967032967	14.576232777739394	GATA1
Regulation Of Intracellular Steroid Hormone Receptor Signaling Pathway (GO:0033143)	1/22	0.13467471041580706	0.3083342054256635	0	0	7.27032967032967	14.576232777739394	PRMT2
Negative Regulation Of Signal Transduction In Absence Of Ligand (GO:1901099)	1/22	0.13467471041580706	0.3083342054256635	0	0	7.27032967032967	14.576232777739394	GATA1
Cellular Response To Cadmium Ion (GO:0071276)	1/22	0.13467471041580706	0.3083342054256635	0	0	7.27032967032967	14.576232777739394	MMP9
Positive Regulation Of Cholesterol Efflux (GO:0010875)	1/22	0.13467471041580706	0.3083342054256635	0	0	7.27032967032967	14.576232777739394	APOA1
Hexose Transmembrane Transport (GO:0008645)	1/22	0.13467471041580706	0.3083342054256635	0	0	7.27032967032967	14.576232777739394	SLC5A9
Postreplication Repair (GO:0006301)	1/22	0.13467471041580706	0.3083342054256635	0	0	7.27032967032967	14.576232777739394	POLN
Mammary Gland Development (GO:0030879)	1/22	0.13467471041580706	0.3083342054256635	0	0	7.27032967032967	14.576232777739394	PRL
Modulation By Host Of Viral Process (GO:0044788)	1/22	0.13467471041580706	0.3083342054256635	0	0	7.27032967032967	14.576232777739394	NUCKS1
Negative Regulation Of G Protein-Coupled Receptor Signaling Pathway (GO:0045744)	1/22	0.13467471041580706	0.3083342054256635	0	0	7.27032967032967	14.576232777739394	RGS2
Negative Regulation Of Cell Development (GO:0010721)	1/22	0.13467471041580706	0.3083342054256635	0	0	7.27032967032967	14.576232777739394	B2M
Regulation Of Cardiac Muscle Cell Membrane Repolarization (GO:0099623)	1/22	0.13467471041580706	0.3083342054256635	0	0	7.27032967032967	14.576232777739394	NPPA
Regulation Of Programmed Cell Death (GO:0043067)	3/195	0.136321442690334	0.3114214139359053	0	0	2.4019775390625	4.786515839284742	HSP90AA1;CIDEB;CIDEC
Regulation Of Cholesterol Metabolic Process (GO:0090181)	1/23	0.14034882405071863	0.3130858382669877	0	0	6.939510489510489	13.626591808289202	APOA1
Regulation Of Cholesterol Transport (GO:0032374)	1/23	0.14034882405071863	0.3130858382669877	0	0	6.939510489510489	13.626591808289202	APOA1
Negative Regulation Of Oxidative Stress-Induced Cell Death (GO:1903202)	1/23	0.14034882405071863	0.3130858382669877	0	0	6.939510489510489	13.626591808289202	HSPB1
Regulation Of Lipid Catabolic Process (GO:0050994)	1/23	0.14034882405071863	0.3130858382669877	0	0	6.939510489510489	13.626591808289202	CIDEC
Axon Extension (GO:0048675)	1/23	0.14034882405071863	0.3130858382669877	0	0	6.939510489510489	13.626591808289202	HSP90AA1
Regulation Of Nuclear-Transcribed mRNA Catabolic Process, Deadenylation-Dependent Decay (GO:1900151)	1/23	0.14034882405071863	0.3130858382669877	0	0	6.939510489510489	13.626591808289202	CNOT7
Cholesterol Efflux (GO:0033344)	1/23	0.14034882405071863	0.3130858382669877	0	0	6.939510489510489	13.626591808289202	APOA1
Response To BMP (GO:0071772)	1/23	0.14034882405071863	0.3130858382669877	0	0	6.939510489510489	13.626591808289202	BMP7
Translesion Synthesis (GO:0019985)	1/23	0.14034882405071863	0.3130858382669877	0	0	6.939510489510489	13.626591808289202	POLN
Long-Chain fatty-acyl-CoA Metabolic Process (GO:0035336)	1/23	0.14034882405071863	0.3130858382669877	0	0	6.939510489510489	13.626591808289202	ACSL6
Protein Alkylation (GO:0008213)	1/23	0.14034882405071863	0.3130858382669877	0	0	6.939510489510489	13.626591808289202	PRMT2
Regulation Of Protein Secretion (GO:0050708)	2/102	0.1441209130081196	0.3184231877757261	0	0	3.0649612403100774	5.937144565478081	ALOX5;DPH3
Negative Regulation Of Ion Transmembrane Transporter Activity (GO:0032413)	1/24	0.14598601360501082	0.3184231877757261	0	0	6.637458193979933	12.77209215219812	MMP9
Regulation Of Execution Phase Of Apoptosis (GO:1900117)	1/24	0.14598601360501082	0.3184231877757261	0	0	6.637458193979933	12.77209215219812	DYNLL1
Acylglycerol Homeostasis (GO:0055090)	1/24	0.14598601360501082	0.3184231877757261	0	0	6.637458193979933	12.77209215219812	APOA1
Amyloid Fibril Formation (GO:1990000)	1/24	0.14598601360501082	0.3184231877757261	0	0	6.637458193979933	12.77209215219812	B2M
Regulation Of Ruffle Assembly (GO:1900027)	1/24	0.14598601360501082	0.3184231877757261	0	0	6.637458193979933	12.77209215219812	P2RX4
Response To Purine-Containing Compound (GO:0014074)	1/24	0.14598601360501082	0.3184231877757261	0	0	6.637458193979933	12.77209215219812	P2RX4
Positive Regulation Of Peptidyl-Threonine Phosphorylation (GO:0010800)	1/24	0.14598601360501082	0.3184231877757261	0	0	6.637458193979933	12.77209215219812	BMP7
Protein Exit From Endoplasmic Reticulum (GO:0032527)	1/24	0.14598601360501082	0.3184231877757261	0	0	6.637458193979933	12.77209215219812	HSP90B1
Negative Regulation Of Cell Junction Assembly (GO:1901889)	1/24	0.14598601360501082	0.3184231877757261	0	0	6.637458193979933	12.77209215219812	DYNLL1
Defense Response To Bacterium (GO:0042742)	3/204	0.14997777981218033	0.3184231877757261	0	0	2.293376865671642	4.351150838337175	GBP6;ISG15;MR1
Cellular Response To Organonitrogen Compound (GO:0071417)	2/105	0.15090851911570427	0.3184231877757261	0	0	2.9752389553699103	5.626419225872187	P2RX4;HSP90B1
Negative Regulation Of MAPK Cascade (GO:0043409)	2/105	0.15090851911570427	0.3184231877757261	0	0	2.9752389553699103	5.626419225872187	RGS2;BMP7
Regulation Of Angiogenesis (GO:0045765)	3/205	0.1515218611679792	0.3184231877757261	0	0	2.281907487623762	4.306017312705553	ALOX5;HSPB1;PRL
Negative Regulation Of Protein Transport (GO:0051224)	1/25	0.15158651755223743	0.3184231877757261	0	0	6.360576923076923	11.99985643470596	DPH3
Negative Regulation Of Response To Wounding (GO:1903035)	1/25	0.15158651755223743	0.3184231877757261	0	0	6.360576923076923	11.99985643470596	ALOX5
Negative Regulation Of Stress Fiber Assembly (GO:0051497)	1/25	0.15158651755223743	0.3184231877757261	0	0	6.360576923076923	11.99985643470596	DYNLL1
Bile Acid Biosynthetic Process (GO:0006699)	1/25	0.15158651755223743	0.3184231877757261	0	0	6.360576923076923	11.99985643470596	CYP46A1
Cardiac Conduction System Development (GO:0003161)	1/25	0.15158651755223743	0.3184231877757261	0	0	6.360576923076923	11.99985643470596	NPPA
Regulation Of Protein Processing (GO:0070613)	1/25	0.15158651755223743	0.3184231877757261	0	0	6.360576923076923	11.99985643470596	PLAU
Cellular Response To Steroid Hormone Stimulus (GO:0071383)	1/25	0.15158651755223743	0.3184231877757261	0	0	6.360576923076923	11.99985643470596	BMP7
Response To Zinc Ion (GO:0010043)	1/25	0.15158651755223743	0.3184231877757261	0	0	6.360576923076923	11.99985643470596	P2RX4
Ribonucleoside Bisphosphate Metabolic Process (GO:0033875)	1/25	0.15158651755223743	0.3184231877757261	0	0	6.360576923076923	11.99985643470596	ACSL6
Positive Regulation Of Glucose Import (GO:0046326)	1/25	0.15158651755223743	0.3184231877757261	0	0	6.360576923076923	11.99985643470596	PTH
Sterol Transport (GO:0015918)	1/25	0.15158651755223743	0.3184231877757261	0	0	6.360576923076923	11.99985643470596	APOA1
fatty-acyl-CoA Biosynthetic Process (GO:0046949)	1/25	0.15158651755223743	0.3184231877757261	0	0	6.360576923076923	11.99985643470596	ACSL6
Long-Chain Fatty Acid Biosynthetic Process (GO:0042759)	1/25	0.15158651755223743	0.3184231877757261	0	0	6.360576923076923	11.99985643470596	ALOX5
Metanephros Development (GO:0001656)	1/25	0.15158651755223743	0.3184231877757261	0	0	6.360576923076923	11.99985643470596	BMP7
Purine Nucleoside Bisphosphate Metabolic Process (GO:0034032)	1/25	0.15158651755223743	0.3184231877757261	0	0	6.360576923076923	11.99985643470596	ACSL6
Regulation Of G1/S Transition Of Mitotic Cell Cycle (GO:2000045)	2/106	0.15318523851381197	0.32113531929401545	0	0	2.9464818127608825	5.527916275920331	PRMT2;CDK2AP2
Negative Regulation Of Lipid Metabolic Process (GO:0045833)	1/26	0.15715057276342775	0.3254066426800468	0	0	6.105846153846154	11.29917891851374	CIDEC
Cardiac Muscle Cell Development (GO:0055013)	1/26	0.15715057276342775	0.3254066426800468	0	0	6.105846153846154	11.29917891851374	TCAP
Regulation Of Reactive Oxygen Species Biosynthetic Process (GO:1903426)	1/26	0.15715057276342775	0.3254066426800468	0	0	6.105846153846154	11.29917891851374	ALOX5
Positive Regulation Of Erythrocyte Differentiation (GO:0045648)	1/26	0.15715057276342775	0.3254066426800468	0	0	6.105846153846154	11.29917891851374	GATA1
Telomere Maintenance Via Telomere Lengthening (GO:0010833)	1/26	0.15715057276342775	0.3254066426800468	0	0	6.105846153846154	11.29917891851374	HSP90AA1
miRNA-mediated Gene Silencing (GO:0035195)	1/26	0.15715057276342775	0.3254066426800468	0	0	6.105846153846154	11.29917891851374	CNOT7
Proteasome-Mediated Ubiquitin-Dependent Protein Catabolic Process (GO:0043161)	4/319	0.157404554169946	0.3254066426800468	0	0	1.9551556055493065	3.614957603631816	HSPA5;UBXN10;DNAJB9;HSP90B1
DNA Synthesis Involved In DNA Repair (GO:0000731)	1/27	0.16267841463048652	0.3272375045746203	0	0	5.870710059171597	10.661091720478288	POLN
GPI Anchor Metabolic Process (GO:0006505)	1/27	0.16267841463048652	0.3272375045746203	0	0	5.870710059171597	10.661091720478288	PIGP
Regulation Of Extrinsic Apoptotic Signaling Pathway In Absence Of Ligand (GO:2001239)	1/27	0.16267841463048652	0.3272375045746203	0	0	5.870710059171597	10.661091720478288	GATA1
Negative Regulation Of Neurogenesis (GO:0050768)	1/27	0.16267841463048652	0.3272375045746203	0	0	5.870710059171597	10.661091720478288	B2M
Regulation Of Immunoglobulin Production (GO:0002637)	1/27	0.16267841463048652	0.3272375045746203	0	0	5.870710059171597	10.661091720478288	DNAJB9
Activation Of Phospholipase C Activity (GO:0007202)	1/27	0.16267841463048652	0.3272375045746203	0	0	5.870710059171597	10.661091720478288	PTH
Regulation Of Microtubule Polymerization Or Depolymerization (GO:0031110)	1/27	0.16267841463048652	0.3272375045746203	0	0	5.870710059171597	10.661091720478288	FKBP4
Cardiac Muscle Cell Differentiation (GO:0055007)	1/27	0.16267841463048652	0.3272375045746203	0	0	5.870710059171597	10.661091720478288	TCAP
Peptide Cross-Linking (GO:0018149)	1/27	0.16267841463048652	0.3272375045746203	0	0	5.870710059171597	10.661091720478288	F13B
Regulation Of Transcription Regulatory Region DNA Binding (GO:2000677)	1/27	0.16267841463048652	0.3272375045746203	0	0	5.870710059171597	10.661091720478288	GATA1
Myeloid Cell Development (GO:0061515)	1/27	0.16267841463048652	0.3272375045746203	0	0	5.870710059171597	10.661091720478288	GATA1
Regulation Of SMAD Protein Signal Transduction (GO:0060390)	1/27	0.16267841463048652	0.3272375045746203	0	0	5.870710059171597	10.661091720478288	BMP7
Negative Regulation Of NIK/NF-kappaB Signaling (GO:1901223)	1/27	0.16267841463048652	0.3272375045746203	0	0	5.870710059171597	10.661091720478288	BMP7
Regulation Of Androgen Receptor Signaling Pathway (GO:0060765)	1/27	0.16267841463048652	0.3272375045746203	0	0	5.870710059171597	10.661091720478288	PRMT2
Negative Regulation Of Inflammatory Response (GO:0050728)	2/111	0.16466686953321627	0.32778653465979857	0	0	2.810610909608136	5.069866577507228	ALOX5;APOA1
Negative Regulation Of Defense Response (GO:0031348)	2/112	0.16698154074413318	0.32778653465979857	0	0	2.78491895701198	4.984648483312149	ALOX5;APOA1
Regulation Of Chemotaxis (GO:0050920)	1/28	0.16817027705325713	0.32778653465979857	0	0	5.652991452991453	10.078030260645932	P2RX4
Negative Regulation Of Wound Healing (GO:0061045)	1/28	0.16817027705325713	0.32778653465979857	0	0	5.652991452991453	10.078030260645932	ALOX5
Regulation Of Monoatomic Ion Transport (GO:0043269)	1/28	0.16817027705325713	0.32778653465979857	0	0	5.652991452991453	10.078030260645932	KCNJ1
Regulation Of Protein Transport (GO:0051223)	1/28	0.16817027705325713	0.32778653465979857	0	0	5.652991452991453	10.078030260645932	DNAJA1
Cell-Substrate Junction Assembly (GO:0007044)	1/28	0.16817027705325713	0.32778653465979857	0	0	5.652991452991453	10.078030260645932	DYNLL1
Diterpenoid Metabolic Process (GO:0016101)	1/28	0.16817027705325713	0.32778653465979857	0	0	5.652991452991453	10.078030260645932	RDH5
Positive Regulation Of Defense Response To Virus By Host (GO:0002230)	1/28	0.16817027705325713	0.32778653465979857	0	0	5.652991452991453	10.078030260645932	HSP90AA1
Fatty Acid Derivative Biosynthetic Process (GO:1901570)	1/28	0.16817027705325713	0.32778653465979857	0	0	5.652991452991453	10.078030260645932	ALOX5
Transcription By RNA Polymerase III (GO:0006383)	1/28	0.16817027705325713	0.32778653465979857	0	0	5.652991452991453	10.078030260645932	GTF3A
Vascular Endothelial Growth Factor Receptor Signaling Pathway (GO:0048010)	1/28	0.16817027705325713	0.32778653465979857	0	0	5.652991452991453	10.078030260645932	HSPB1
Primary Neural Tube Formation (GO:0014020)	1/28	0.16817027705325713	0.32778653465979857	0	0	5.652991452991453	10.078030260645932	DYNLL1
Negative Regulation Of Actin Filament Bundle Assembly (GO:0032232)	1/28	0.16817027705325713	0.32778653465979857	0	0	5.652991452991453	10.078030260645932	DYNLL1
Negative Regulation Of Cation Channel Activity (GO:2001258)	1/28	0.16817027705325713	0.32778653465979857	0	0	5.652991452991453	10.078030260645932	MMP9
Negative Regulation Of Cytoskeleton Organization (GO:0051494)	1/28	0.16817027705325713	0.32778653465979857	0	0	5.652991452991453	10.078030260645932	FKBP4
Protein-Containing Complex Assembly (GO:0065003)	4/328	0.16867672457485788	0.32778653465979857	0	0	1.899970836978711	3.381513506213107	HSP90AA1;HSPA4;TCAP;CAPG
Regulation Of MAP Kinase Activity (GO:0043405)	2/114	0.17162782292474288	0.32778653465979857	0	0	2.734911406423034	4.820081614530397	RGS2;BMP7
Regulation Of Developmental Growth (GO:0048638)	1/29	0.1736263924012151	0.32778653465979857	0	0	5.4508241758241764	9.543572555804772	AGR2
RNA-mediated Gene Silencing (GO:0031047)	1/29	0.1736263924012151	0.32778653465979857	0	0	5.4508241758241764	9.543572555804772	CNOT7
Regulation Of Monoatomic Ion Transmembrane Transport (GO:0034765)	1/29	0.1736263924012151	0.32778653465979857	0	0	5.4508241758241764	9.543572555804772	KCNJ1
Regulation Of Muscle Contraction (GO:0006937)	1/29	0.1736263924012151	0.32778653465979857	0	0	5.4508241758241764	9.543572555804772	MYL9
Regulation Of Protein Modification By Small Protein Conjugation Or Removal (GO:1903320)	1/29	0.1736263924012151	0.32778653465979857	0	0	5.4508241758241764	9.543572555804772	HSP90AA1
Regulation Of Striated Muscle Contraction (GO:0006942)	1/29	0.1736263924012151	0.32778653465979857	0	0	5.4508241758241764	9.543572555804772	P2RX4
Regulation Of Voltage-Gated Calcium Channel Activity (GO:1901385)	1/29	0.1736263924012151	0.32778653465979857	0	0	5.4508241758241764	9.543572555804772	NPPA
Positive Regulation Of Calcium Ion Transport (GO:0051928)	1/29	0.1736263924012151	0.32778653465979857	0	0	5.4508241758241764	9.543572555804772	P2RX4
Sarcomere Organization (GO:0045214)	1/29	0.1736263924012151	0.32778653465979857	0	0	5.4508241758241764	9.543572555804772	TCAP
Positive Regulation Of Dephosphorylation (GO:0035306)	1/29	0.1736263924012151	0.32778653465979857	0	0	5.4508241758241764	9.543572555804772	DYNLL1
Tube Closure (GO:0060606)	1/29	0.1736263924012151	0.32778653465979857	0	0	5.4508241758241764	9.543572555804772	DYNLL1
Vacuolar Acidification (GO:0007035)	1/29	0.1736263924012151	0.32778653465979857	0	0	5.4508241758241764	9.543572555804772	ATP6V0E1
Positive Regulation Of Viral Genome Replication (GO:0045070)	1/29	0.1736263924012151	0.32778653465979857	0	0	5.4508241758241764	9.543572555804772	CNOT7
Protein Insertion Into ER Membrane (GO:0045048)	1/29	0.1736263924012151	0.32778653465979857	0	0	5.4508241758241764	9.543572555804772	TRAM2
Negative Regulation Of DNA Binding (GO:0043392)	1/29	0.1736263924012151	0.32778653465979857	0	0	5.4508241758241764	9.543572555804772	GATA1
Regulation Of Blood Coagulation (GO:0030193)	1/29	0.1736263924012151	0.32778653465979857	0	0	5.4508241758241764	9.543572555804772	PLAU
Endoplasmic Reticulum To Golgi Vesicle-Mediated Transport (GO:0006888)	2/115	0.173959091548844	0.32782182595125114	0	0	2.7105714481717773	4.740613583223972	HYOU1;ERGIC1
Negative Regulation Of Epithelial To Mesenchymal Transition (GO:0010719)	1/30	0.17904699159160314	0.33319974905817057	0	0	5.262599469496021	9.052234105349967	ZNF750
GPI Anchor Biosynthetic Process (GO:0006506)	1/30	0.17904699159160314	0.33319974905817057	0	0	5.262599469496021	9.052234105349967	PIGP
Positive Regulation Of Interleukin-10 Production (GO:0032733)	1/30	0.17904699159160314	0.33319974905817057	0	0	5.262599469496021	9.052234105349967	ISG15
Positive Regulation Of Phosphate Metabolic Process (GO:0045937)	1/30	0.17904699159160314	0.33319974905817057	0	0	5.262599469496021	9.052234105349967	PTH
Mitotic G2 DNA Damage Checkpoint Signaling (GO:0007095)	1/30	0.17904699159160314	0.33319974905817057	0	0	5.262599469496021	9.052234105349967	CHEK1
Negative Regulation Of Blood Coagulation (GO:0030195)	1/30	0.17904699159160314	0.33319974905817057	0	0	5.262599469496021	9.052234105349967	PLAU
Regulation Of Calcium-Mediated Signaling (GO:0050848)	1/30	0.17904699159160314	0.33319974905817057	0	0	5.262599469496021	9.052234105349967	P2RX4
Regulation Of Protein-Containing Complex Assembly (GO:0043254)	2/119	0.18333444746690553	0.3348649137458673	0	0	2.6173722917908964	4.440223458601587	HSP90AA1;HSPA5
Positive Regulation Of Protein Modification Process (GO:0031401)	3/225	0.18340423653269544	0.3348649137458673	0	0	2.07421875	3.518004886471324	HSP90AA1;DYNLL1;MMP9
Negative Regulation Of Microtubule Polymerization Or Depolymerization (GO:0031111)	1/31	0.18443230402669897	0.3348649137458673	0	0	5.086923076923077	8.599305090496161	FKBP4
Actin Filament Polymerization (GO:0030041)	1/31	0.18443230402669897	0.3348649137458673	0	0	5.086923076923077	8.599305090496161	MSRB1
acyl-CoA Metabolic Process (GO:0006637)	1/31	0.18443230402669897	0.3348649137458673	0	0	5.086923076923077	8.599305090496161	ACSL6
Regulation Of Long-Term Synaptic Potentiation (GO:1900271)	1/31	0.18443230402669897	0.3348649137458673	0	0	5.086923076923077	8.599305090496161	CYP46A1
Bile Acid Metabolic Process (GO:0008206)	1/31	0.18443230402669897	0.3348649137458673	0	0	5.086923076923077	8.599305090496161	CYP46A1
Cardiac Muscle Tissue Morphogenesis (GO:0055008)	1/31	0.18443230402669897	0.3348649137458673	0	0	5.086923076923077	8.599305090496161	TCAP
Positive Regulation Of Rho Protein Signal Transduction (GO:0035025)	1/31	0.18443230402669897	0.3348649137458673	0	0	5.086923076923077	8.599305090496161	APOA1
Positive Regulation Of Cholesterol Transport (GO:0032376)	1/31	0.18443230402669897	0.3348649137458673	0	0	5.086923076923077	8.599305090496161	APOA1
Endodermal Cell Differentiation (GO:0035987)	1/31	0.18443230402669897	0.3348649137458673	0	0	5.086923076923077	8.599305090496161	MMP9
Positive Regulation Of Glucose Transmembrane Transport (GO:0010828)	1/31	0.18443230402669897	0.3348649137458673	0	0	5.086923076923077	8.599305090496161	PTH
Triglyceride Homeostasis (GO:0070328)	1/31	0.18443230402669897	0.3348649137458673	0	0	5.086923076923077	8.599305090496161	APOA1
Negative Regulation Of Cell-Matrix Adhesion (GO:0001953)	1/31	0.18443230402669897	0.3348649137458673	0	0	5.086923076923077	8.599305090496161	DYNLL1
Regulation Of Cholesterol Efflux (GO:0010874)	1/32	0.18978255763675175	0.3398507550133256	0	0	4.922580645161291	8.18072008774948	APOA1
NIK/NF-kappaB Signaling (GO:0038061)	1/32	0.18978255763675175	0.3398507550133256	0	0	4.922580645161291	8.18072008774948	ZFP91
Neural Tube Closure (GO:0001843)	1/32	0.18978255763675175	0.3398507550133256	0	0	4.922580645161291	8.18072008774948	DYNLL1
Regulation Of Transmembrane Transport (GO:0034762)	1/32	0.18978255763675175	0.3398507550133256	0	0	4.922580645161291	8.18072008774948	KCNJ1
Chromosome Condensation (GO:0030261)	1/32	0.18978255763675175	0.3398507550133256	0	0	4.922580645161291	8.18072008774948	H1-6
Very Long-Chain Fatty Acid Metabolic Process (GO:0000038)	1/32	0.18978255763675175	0.3398507550133256	0	0	4.922580645161291	8.18072008774948	ACSL6
Intracellular pH Reduction (GO:0051452)	1/32	0.18978255763675175	0.3398507550133256	0	0	4.922580645161291	8.18072008774948	ATP6V0E1
Muscle Cell Development (GO:0055001)	1/32	0.18978255763675175	0.3398507550133256	0	0	4.922580645161291	8.18072008774948	TCAP
Fatty Acid Metabolic Process (GO:0006631)	2/122	0.1904142112645888	0.34039800780861423	0	0	2.5515503875968992	4.231882877866458	ALOX5;ACSL6
Negative Regulation Of Multicellular Organismal Process (GO:0051241)	3/231	0.19330063384693055	0.34174880875257607	0	0	2.019017269736842	3.3182722739998765	RGS2;APOA1;ZNF750
Actin Filament Bundle Assembly (GO:0051017)	1/33	0.1950979789430415	0.34174880875257607	0	0	4.768509615384615	7.792953006521877	HSP90B1
Cardiac Muscle Contraction (GO:0060048)	1/33	0.1950979789430415	0.34174880875257607	0	0	4.768509615384615	7.792953006521877	TCAP
Regulation Of Protein Polymerization (GO:0032271)	1/33	0.1950979789430415	0.34174880875257607	0	0	4.768509615384615	7.792953006521877	HSP90AA1
Regulation Of Sprouting Angiogenesis (GO:1903670)	1/33	0.1950979789430415	0.34174880875257607	0	0	4.768509615384615	7.792953006521877	ALOX5
Positive Regulation Of DNA Binding (GO:0043388)	1/33	0.1950979789430415	0.34174880875257607	0	0	4.768509615384615	7.792953006521877	MMP9
Positive Regulation Of T Cell Mediated Cytotoxicity (GO:0001916)	1/33	0.1950979789430415	0.34174880875257607	0	0	4.768509615384615	7.792953006521877	MR1
Positive Regulation Of Protein Dephosphorylation (GO:0035307)	1/33	0.1950979789430415	0.34174880875257607	0	0	4.768509615384615	7.792953006521877	DYNLL1
Positive Regulation Of Small Molecule Metabolic Process (GO:0062013)	1/33	0.1950979789430415	0.34174880875257607	0	0	4.768509615384615	7.792953006521877	APOA1
Positive Regulation Of Telomerase Activity (GO:0051973)	1/33	0.1950979789430415	0.34174880875257607	0	0	4.768509615384615	7.792953006521877	HSP90AA1
Regulation Of G0 To G1 Transition (GO:0070316)	1/33	0.1950979789430415	0.34174880875257607	0	0	4.768509615384615	7.792953006521877	CHEK1
Regulation Of Cell Adhesion Mediated By Integrin (GO:0033628)	1/33	0.1950979789430415	0.34174880875257607	0	0	4.768509615384615	7.792953006521877	PLAU
Positive Regulation Of Developmental Process (GO:0051094)	3/233	0.19662925176034568	0.34385416890753917	0	0	2.001256793478261	3.254914681542062	AGR2;PRL;BMP7
Protein-Containing Complex Organization (GO:0043933)	2/126	0.19991017403470432	0.3452070294444449	0	0	2.4687421855463865	3.974396304262144	TCAP;CAPG
ATP Metabolic Process (GO:0046034)	1/34	0.2003787929533847	0.3452070294444449	0	0	4.623776223776224	7.432931766422354	NUDT5
DNA Damage Checkpoint Signaling (GO:0000077)	1/34	0.2003787929533847	0.3452070294444449	0	0	4.623776223776224	7.432931766422354	CHEK1
Organophosphate Biosynthetic Process (GO:0090407)	1/34	0.2003787929533847	0.3452070294444449	0	0	4.623776223776224	7.432931766422354	DCK
Cellular Response To Vascular Endothelial Growth Factor Stimulus (GO:0035924)	1/34	0.2003787929533847	0.3452070294444449	0	0	4.623776223776224	7.432931766422354	HSPB1
Positive Regulation Of Carbohydrate Metabolic Process (GO:0045913)	1/34	0.2003787929533847	0.3452070294444449	0	0	4.623776223776224	7.432931766422354	PTH
Sister Chromatid Segregation (GO:0000819)	1/34	0.2003787929533847	0.3452070294444449	0	0	4.623776223776224	7.432931766422354	SMC1A
Positive Regulation Of Immunoglobulin Production (GO:0002639)	1/34	0.2003787929533847	0.3452070294444449	0	0	4.623776223776224	7.432931766422354	DNAJB9
Negative Regulation Of Ras Protein Signal Transduction (GO:0046580)	1/34	0.2003787929533847	0.3452070294444449	0	0	4.623776223776224	7.432931766422354	DYNLL1
Regulation Of Response To External Stimulus (GO:0032101)	2/127	0.2022932051387908	0.34793098214974894	0	0	2.4488682170542635	3.913382321206443	P2RX4;ALOX5
Regulation Of Cellular Senescence (GO:2000772)	1/35	0.2056252232488539	0.34906135458829834	0	0	4.487556561085973	7.097968534671513	B2M
Regulation Of mRNA Processing (GO:0050684)	1/35	0.2056252232488539	0.34906135458829834	0	0	4.487556561085973	7.097968534671513	SAFB
One-Carbon Compound Transport (GO:0019755)	1/35	0.2056252232488539	0.34906135458829834	0	0	4.487556561085973	7.097968534671513	HBE1
Regulation Of Sodium Ion Transport (GO:0002028)	1/35	0.2056252232488539	0.34906135458829834	0	0	4.487556561085973	7.097968534671513	P2RX4
Response To Nutrient Levels (GO:0031667)	1/35	0.2056252232488539	0.34906135458829834	0	0	4.487556561085973	7.097968534671513	PRL
Endoderm Formation (GO:0001706)	1/35	0.2056252232488539	0.34906135458829834	0	0	4.487556561085973	7.097968534671513	MMP9
Positive Regulation Of Substrate Adhesion-Dependent Cell Spreading (GO:1900026)	1/35	0.2056252232488539	0.34906135458829834	0	0	4.487556561085973	7.097968534671513	APOA1
Protein Methylation (GO:0006479)	1/35	0.2056252232488539	0.34906135458829834	0	0	4.487556561085973	7.097968534671513	PRMT2
Regulation Of Inflammatory Response (GO:0050727)	3/240	0.20838814690329183	0.3527473424011701	0	0	1.9414556962025316	3.0448875692093806	ALOX5;APOA1;MMP9
Transmembrane Receptor Protein Serine/Threonine Kinase Signaling Pathway (GO:0007178)	2/130	0.2094616514097493	0.3527473424011701	0	0	2.391109496124031	3.737817285392478	APOA1;BMP7
Regulation Of Cell Cycle Process (GO:0010564)	2/130	0.2094616514097493	0.3527473424011701	0	0	2.391109496124031	3.737817285392478	TIPIN;CHEK1
Regulation Of Erythrocyte Differentiation (GO:0045646)	1/36	0.21083749200989477	0.3527473424011701	0	0	4.359120879120879	6.785702334197538	GATA1
Regulation Of Glucose Import (GO:0046324)	1/36	0.21083749200989477	0.3527473424011701	0	0	4.359120879120879	6.785702334197538	PTH
Base-Excision Repair (GO:0006284)	1/36	0.21083749200989477	0.3527473424011701	0	0	4.359120879120879	6.785702334197538	UNG
Regulation Of Peptidyl-Threonine Phosphorylation (GO:0010799)	1/36	0.21083749200989477	0.3527473424011701	0	0	4.359120879120879	6.785702334197538	BMP7
Positive Regulation Of Myeloid Cell Differentiation (GO:0045639)	1/36	0.21083749200989477	0.3527473424011701	0	0	4.359120879120879	6.785702334197538	GATA1
Positive Regulation Of Phospholipase C Activity (GO:0010863)	1/36	0.21083749200989477	0.3527473424011701	0	0	4.359120879120879	6.785702334197538	PTH
Cilium Assembly (GO:0060271)	3/243	0.213476186522797	0.35659062196768015	0	0	1.91689453125	2.9601260248728845	UBXN10;POC1A;DYNLL1
Regulation Of Defense Response To Virus By Host (GO:0050691)	1/37	0.2160158199701249	0.3568362595709025	0	0	4.237820512820512	6.49405155144787	HSP90AA1
Aortic Valve Morphogenesis (GO:0003180)	1/37	0.2160158199701249	0.3568362595709025	0	0	4.237820512820512	6.49405155144787	NPPA
Regulation Of Phosphoprotein Phosphatase Activity (GO:0043666)	1/37	0.2160158199701249	0.3568362595709025	0	0	4.237820512820512	6.49405155144787	HSP90B1
Regulation Of Vascular Associated Smooth Muscle Cell Proliferation (GO:1904705)	1/37	0.2160158199701249	0.3568362595709025	0	0	4.237820512820512	6.49405155144787	MMP9
Positive Regulation Of Receptor Signaling Pathway Via JAK-STAT (GO:0046427)	1/37	0.2160158199701249	0.3568362595709025	0	0	4.237820512820512	6.49405155144787	PRL
Positive Regulation Of Receptor Signaling Pathway Via STAT (GO:1904894)	1/37	0.2160158199701249	0.3568362595709025	0	0	4.237820512820512	6.49405155144787	PRL
Regulation Of Cellular Component Biogenesis (GO:0044087)	1/37	0.2160158199701249	0.3568362595709025	0	0	4.237820512820512	6.49405155144787	HSP90AA1
Negative Regulation Of Cell Motility (GO:2000146)	2/133	0.21665615030978333	0.3573286270512066	0	0	2.335996212793656	3.5727747912595587	CLIC4;DYNLL1
Amino Acid Catabolic Process (GO:0009063)	1/38	0.22116042647143752	0.36246700978992275	0	0	4.123076923076923	6.221174415676765	AMDHD1
Response To Peptide (GO:1901652)	1/38	0.22116042647143752	0.36246700978992275	0	0	4.123076923076923	6.221174415676765	MMP9
Fatty Acid Transport (GO:0015908)	1/38	0.22116042647143752	0.36246700978992275	0	0	4.123076923076923	6.221174415676765	FABP2
Positive Regulation Of Production Of Molecular Mediator Of Immune Response (GO:0002702)	1/38	0.22116042647143752	0.36246700978992275	0	0	4.123076923076923	6.221174415676765	DNAJB9
Regulation Of Protein Kinase B Signaling (GO:0051896)	2/136	0.2238729880649152	0.36567720847141255	0	0	2.2833506884183734	3.417437100860096	HSP90AA1;P2RX4
Negative Regulation Of Protein Secretion (GO:0050709)	1/39	0.2262715293798204	0.36567720847141255	0	0	4.014372469635627	5.965435944563848	DPH3
Anterograde Axonal Transport (GO:0008089)	1/39	0.2262715293798204	0.36567720847141255	0	0	4.014372469635627	5.965435944563848	HSPB1
Neuron Projection Extension (GO:1990138)	1/39	0.2262715293798204	0.36567720847141255	0	0	4.014372469635627	5.965435944563848	HSP90AA1
Nuclear-Transcribed mRNA Catabolic Process, Deadenylation-Dependent Decay (GO:0000288)	1/39	0.2262715293798204	0.36567720847141255	0	0	4.014372469635627	5.965435944563848	CNOT7
Regulation Of Receptor-Mediated Endocytosis (GO:0048259)	1/39	0.2262715293798204	0.36567720847141255	0	0	4.014372469635627	5.965435944563848	B2M
Positive Regulation Of ATP-dependent Activity (GO:0032781)	1/39	0.2262715293798204	0.36567720847141255	0	0	4.014372469635627	5.965435944563848	DNAJB11
Fibroblast Growth Factor Receptor Signaling Pathway (GO:0008543)	1/39	0.2262715293798204	0.36567720847141255	0	0	4.014372469635627	5.965435944563848	FIBP
Vitamin Transport (GO:0051180)	1/39	0.2262715293798204	0.36567720847141255	0	0	4.014372469635627	5.965435944563848	APOA1
Negative Regulation Of Secretion By Cell (GO:1903531)	1/40	0.23134934524843717	0.36874613196850137	0	0	3.911242603550296	5.725380155504451	DPH3
Regulation Of Microtubule Cytoskeleton Organization (GO:0070507)	1/40	0.23134934524843717	0.36874613196850137	0	0	3.911242603550296	5.725380155504451	CDK2AP2
Aortic Valve Development (GO:0003176)	1/40	0.23134934524843717	0.36874613196850137	0	0	3.911242603550296	5.725380155504451	NPPA
Cellular Response To Heat (GO:0034605)	1/40	0.23134934524843717	0.36874613196850137	0	0	3.911242603550296	5.725380155504451	HSP90AA1
Cyclic-Nucleotide-Mediated Signaling (GO:0019935)	1/40	0.23134934524843717	0.36874613196850137	0	0	3.911242603550296	5.725380155504451	NPPA
Positive Regulation Of Catalytic Activity (GO:0043085)	1/40	0.23134934524843717	0.36874613196850137	0	0	3.911242603550296	5.725380155504451	APOA1
Retinoid Metabolic Process (GO:0001523)	1/40	0.23134934524843717	0.36874613196850137	0	0	3.911242603550296	5.725380155504451	RDH5
Positive Regulation Of Monoatomic Ion Transport (GO:0043270)	1/40	0.23134934524843717	0.36874613196850137	0	0	3.911242603550296	5.725380155504451	P2RX4
Negative Regulation Of Cell-Cell Adhesion (GO:0022408)	1/40	0.23134934524843717	0.36874613196850137	0	0	3.911242603550296	5.725380155504451	APOA1
Positive Regulation Of Protein Phosphorylation (GO:0001934)	4/377	0.2344191366042932	0.3728027630252895	0	0	1.646239260306939	2.388108066617024	HSP90AA1;GATA1;BMP7;MMP9
DNA Duplex Unwinding (GO:0032508)	1/41	0.23639408919802837	0.3728027630252895	0	0	3.813269230769231	5.499706603575161	MCM5
Regulation Of Dendrite Development (GO:0050773)	1/41	0.23639408919802837	0.3728027630252895	0	0	3.813269230769231	5.499706603575161	BMP7
Regulation Of Microtubule-Based Process (GO:0032886)	1/41	0.23639408919802837	0.3728027630252895	0	0	3.813269230769231	5.499706603575161	CDK2AP2
Heart Contraction (GO:0060047)	1/41	0.23639408919802837	0.3728027630252895	0	0	3.813269230769231	5.499706603575161	TCAP
Positive Regulation Of Viral Process (GO:0048524)	1/41	0.23639408919802837	0.3728027630252895	0	0	3.813269230769231	5.499706603575161	CNOT7
Negative Regulation Of DNA Recombination (GO:0045910)	1/41	0.23639408919802837	0.3728027630252895	0	0	3.813269230769231	5.499706603575161	H1-6
Regulation Of Cell Population Proliferation (GO:0042127)	7/766	0.23698841009667596	0.3729965539342187	0	0	1.4213311232946575	2.0463530158876955	TIPIN;CNOT7;EGR4;CDCA7;PRL;DYNLL1;S100A11
Negative Regulation Of Cell Population Proliferation (GO:0008285)	4/379	0.2372315247244456	0.3729965539342187	0	0	1.637291338582677	2.3556016942127553	CNOT7;DYNLL1;B2M;S100A11
Positive Regulation Of Transferase Activity (GO:0051347)	2/143	0.2407792767357616	0.3744841572962883	0	0	2.169223156853043	3.08870181837277	HSP90AA1;APOA1
Organic Hydroxy Compound Biosynthetic Process (GO:1901617)	1/42	0.24140597496207092	0.3744841572962883	0	0	3.720075046904315	5.287250478221397	CYP46A1
Cellular Response To Glucose Starvation (GO:0042149)	1/42	0.24140597496207092	0.3744841572962883	0	0	3.720075046904315	5.287250478221397	HSPA5
Collagen Fibril Organization (GO:0030199)	1/42	0.24140597496207092	0.3744841572962883	0	0	3.720075046904315	5.287250478221397	SERPINH1
Positive Regulation Of Calcium Ion Transmembrane Transport (GO:1904427)	1/42	0.24140597496207092	0.3744841572962883	0	0	3.720075046904315	5.287250478221397	P2RX4
Keratinocyte Differentiation (GO:0030216)	1/42	0.24140597496207092	0.3744841572962883	0	0	3.720075046904315	5.287250478221397	CLIC4
Lipid Modification (GO:0030258)	1/42	0.24140597496207092	0.3744841572962883	0	0	3.720075046904315	5.287250478221397	ALOX5
Potassium Ion Import Across Plasma Membrane (GO:1990573)	1/42	0.24140597496207092	0.3744841572962883	0	0	3.720075046904315	5.287250478221397	KCNJ1
Modulation By Host Of Symbiont Process (GO:0051851)	1/42	0.24140597496207092	0.3744841572962883	0	0	3.720075046904315	5.287250478221397	NUCKS1
Actin Filament Organization (GO:0007015)	2/144	0.2432002772492554	0.37606164382849583	0	0	2.153837755213451	3.0452465630250556	TCAP;CAPG
Regulation Of Cell Adhesion (GO:0030155)	2/144	0.2432002772492554	0.37606164382849583	0	0	2.153837755213451	3.0452465630250556	PLAU;CXCR3
Response To Amyloid-Beta (GO:1904645)	1/43	0.24638521492211796	0.37606164382849583	0	0	3.6313186813186817	5.086965650860344	MMP9
Ephrin Receptor Signaling Pathway (GO:0048013)	1/43	0.24638521492211796	0.37606164382849583	0	0	3.6313186813186817	5.086965650860344	MMP9
Positive Regulation Of miRNA Transcription (GO:1902895)	1/43	0.24638521492211796	0.37606164382849583	0	0	3.6313186813186817	5.086965650860344	PRL
Glycolipid Biosynthetic Process (GO:0009247)	1/43	0.24638521492211796	0.37606164382849583	0	0	3.6313186813186817	5.086965650860344	PIGP
Positive Regulation Of Receptor-Mediated Endocytosis (GO:0048260)	1/43	0.24638521492211796	0.37606164382849583	0	0	3.6313186813186817	5.086965650860344	B2M
Positive Regulation Of Stress Fiber Assembly (GO:0051496)	1/43	0.24638521492211796	0.37606164382849583	0	0	3.6313186813186817	5.086965650860344	APOA1
Intracellular Glucose Homeostasis (GO:0001678)	1/43	0.24638521492211796	0.37606164382849583	0	0	3.6313186813186817	5.086965650860344	NUCKS1
Intracellular Steroid Hormone Receptor Signaling Pathway (GO:0030518)	1/43	0.24638521492211796	0.37606164382849583	0	0	3.6313186813186817	5.086965650860344	SAFB
Positive Regulation Of Transcription Elongation By RNA Polymerase II (GO:0032968)	1/43	0.24638521492211796	0.37606164382849583	0	0	3.6313186813186817	5.086965650860344	MED11
Negative Regulation Of Response To External Stimulus (GO:0032102)	2/146	0.2480454353419835	0.3780429700686581	0	0	2.123708010335917	2.960753384179589	ALOX5;APOA1
Regulation Of Insulin Receptor Signaling Pathway (GO:0046626)	1/44	0.2513320201385109	0.38027627394870345	0	0	3.5466905187835422	4.897910178444639	NUCKS1
Regulation Of Transport (GO:0051049)	1/44	0.2513320201385109	0.38027627394870345	0	0	3.5466905187835422	4.897910178444639	DNAJA1
Positive Regulation Of Osteoblast Differentiation (GO:0045669)	1/44	0.2513320201385109	0.38027627394870345	0	0	3.5466905187835422	4.897910178444639	BMP7
Mitotic Spindle Assembly (GO:0090307)	1/44	0.2513320201385109	0.38027627394870345	0	0	3.5466905187835422	4.897910178444639	SMC1A
Regulation Of Cell-Substrate Adhesion (GO:0010810)	1/44	0.2513320201385109	0.38027627394870345	0	0	3.5466905187835422	4.897910178444639	AGR2
Defense Response To Symbiont (GO:0140546)	2/148	0.2528940290116941	0.3820859135864091	0	0	2.0944037379207816	2.879354289205414	CNOT7;ISG15
Skeletal System Development (GO:0001501)	2/149	0.2553193294372331	0.38272024410052696	0	0	2.0800506249011232	2.839768824668819	PTH;BMP7
Regulation Of Cellular Metabolic Process (GO:0031323)	1/45	0.2562466002167321	0.38272024410052696	0	0	3.465909090909091	4.719233862496041	CIDEB
Regulation Of Protein Modification Process (GO:0031399)	1/45	0.2562466002167321	0.38272024410052696	0	0	3.465909090909091	4.719233862496041	HSPB1
Regulation Of Telomerase Activity (GO:0051972)	1/45	0.2562466002167321	0.38272024410052696	0	0	3.465909090909091	4.719233862496041	HSP90AA1
Chromosome Organization (GO:0051276)	1/45	0.2562466002167321	0.38272024410052696	0	0	3.465909090909091	4.719233862496041	H1-6
Establishment Of Protein Localization To Extracellular Region (GO:0035592)	1/45	0.2562466002167321	0.38272024410052696	0	0	3.465909090909091	4.719233862496041	PDIA4
Positive Regulation Of mRNA Catabolic Process (GO:0061014)	1/45	0.2562466002167321	0.38272024410052696	0	0	3.465909090909091	4.719233862496041	CNOT7
Mitotic Nuclear Division (GO:0140014)	1/45	0.2562466002167321	0.38272024410052696	0	0	3.465909090909091	4.719233862496041	SMC1A
Positive Regulation Of Apoptotic Process (GO:0043065)	3/270	0.2603153633338334	0.3845117725044671	0	0	1.7206811797752808	2.315798462575181	DNAJA1;PRMT2;DYNLL1
Regulation Of Cytokine Production Involved In Inflammatory Response (GO:1900015)	1/46	0.2611291635111755	0.3845117725044671	0	0	3.388717948717949	4.5501675272107995	ALOX5
T Cell Differentiation (GO:0030217)	1/46	0.2611291635111755	0.3845117725044671	0	0	3.388717948717949	4.5501675272107995	MR1
Regulation Of Interleukin-10 Production (GO:0032653)	1/46	0.2611291635111755	0.3845117725044671	0	0	3.388717948717949	4.5501675272107995	ISG15
Regulation Of mRNA Catabolic Process (GO:0061013)	1/46	0.2611291635111755	0.3845117725044671	0	0	3.388717948717949	4.5501675272107995	CNOT7
Replication Fork Processing (GO:0031297)	1/46	0.2611291635111755	0.3845117725044671	0	0	3.388717948717949	4.5501675272107995	NUCKS1
Positive Regulation Of Cell-Cell Adhesion (GO:0022409)	1/46	0.2611291635111755	0.3845117725044671	0	0	3.388717948717949	4.5501675272107995	BMP7
Development Of Primary Male Sexual Characteristics (GO:0046546)	1/46	0.2611291635111755	0.3845117725044671	0	0	3.388717948717949	4.5501675272107995	GATA1
Male Gonad Development (GO:0008584)	1/46	0.2611291635111755	0.3845117725044671	0	0	3.388717948717949	4.5501675272107995	GATA1
Negative Regulation Of Cellular Metabolic Process (GO:0031324)	1/46	0.2611291635111755	0.3845117725044671	0	0	3.388717948717949	4.5501675272107995	CIDEC
Cellular Response To Organic Cyclic Compound (GO:0071407)	2/152	0.26259791271574234	0.386129888556669	0	0	2.038139534883721	2.7252600959035593	P2RX4;HSP90B1
Regulation Of Signal Transduction By P53 Class Mediator (GO:1901796)	1/47	0.2659799169914363	0.3883678787958874	0	0	3.3148829431438127	4.390013755839864	CHEK1
Secondary Alcohol Metabolic Process (GO:1902652)	1/47	0.2659799169914363	0.3883678787958874	0	0	3.3148829431438127	4.390013755839864	APOA1
Positive Regulation Of Epithelial To Mesenchymal Transition (GO:0010718)	1/47	0.2659799169914363	0.3883678787958874	0	0	3.3148829431438127	4.390013755839864	GLIPR2
Epithelial To Mesenchymal Transition (GO:0001837)	1/47	0.2659799169914363	0.3883678787958874	0	0	3.3148829431438127	4.390013755839864	BMP7
Positive Regulation Of Smooth Muscle Cell Proliferation (GO:0048661)	1/47	0.2659799169914363	0.3883678787958874	0	0	3.3148829431438127	4.390013755839864	MMP9
Cellular Response To Growth Factor Stimulus (GO:0071363)	2/155	0.26987825311019525	0.3910293571287566	0	0	1.9978720170238635	2.6167814733962427	HSPB1;BMP7
Regulation Of Intrinsic Apoptotic Signaling Pathway (GO:2001242)	1/48	0.2707990662874435	0.3910293571287566	0	0	3.244189852700491	4.238138854578135	MMP9
Cellular Response To Mechanical Stimulus (GO:0071260)	1/48	0.2707990662874435	0.3910293571287566	0	0	3.244189852700491	4.238138854578135	CHEK1
Regulation Of Tumor Necrosis Factor-Mediated Signaling Pathway (GO:0010803)	1/48	0.2707990662874435	0.3910293571287566	0	0	3.244189852700491	4.238138854578135	APOA1
Chloride Transmembrane Transport (GO:1902476)	1/48	0.2707990662874435	0.3910293571287566	0	0	3.244189852700491	4.238138854578135	ANO9
Retrograde Vesicle-Mediated Transport, Golgi To Endoplasmic Reticulum (GO:0006890)	1/48	0.2707990662874435	0.3910293571287566	0	0	3.244189852700491	4.238138854578135	ERGIC1
Regulation Of DNA Binding (GO:0051101)	1/48	0.2707990662874435	0.3910293571287566	0	0	3.244189852700491	4.238138854578135	MMP9
Myelination (GO:0042552)	1/48	0.2707990662874435	0.3910293571287566	0	0	3.244189852700491	4.238138854578135	PLP1
Erythrocyte Differentiation (GO:0030218)	1/49	0.27558681582982053	0.39405260707917034	0	0	3.176442307692308	4.093965860472672	GATA1
Positive Regulation Of miRNA Metabolic Process (GO:2000630)	1/49	0.27558681582982053	0.39405260707917034	0	0	3.176442307692308	4.093965860472672	PRL
Unsaturated Fatty Acid Metabolic Process (GO:0033559)	1/49	0.27558681582982053	0.39405260707917034	0	0	3.176442307692308	4.093965860472672	ALOX5
Positive Regulation Of Pathway-Restricted SMAD Protein Phosphorylation (GO:0010862)	1/49	0.27558681582982053	0.39405260707917034	0	0	3.176442307692308	4.093965860472672	BMP7
Intrinsic Apoptotic Signaling Pathway In Response To DNA Damage (GO:0008630)	1/49	0.27558681582982053	0.39405260707917034	0	0	3.176442307692308	4.093965860472672	CIDEB
Proton Transmembrane Transport (GO:1902600)	1/49	0.27558681582982053	0.39405260707917034	0	0	3.176442307692308	4.093965860472672	ATP6V0E1
Negative Regulation Of Cysteine-Type Endopeptidase Activity Involved In Apoptotic Process (GO:0043154)	1/49	0.27558681582982053	0.39405260707917034	0	0	3.176442307692308	4.093965860472672	MMP9
Cellular Response To Oxygen-Containing Compound (GO:1901701)	4/406	0.27591231396060684	0.39405260707917034	0	0	1.5252086026560112	1.963968666180532	CLIC4;P2RX4;MMP9;HSP90B1
Regulation Of Epithelial Cell Migration (GO:0010632)	1/50	0.28034336849839514	0.3965833017782175	0	0	3.111459968602826	3.956968446025251	GLIPR2
Plasma Membrane Bounded Cell Projection Morphogenesis (GO:0120039)	1/50	0.28034336849839514	0.3965833017782175	0	0	3.111459968602826	3.956968446025251	BMP7
Positive Regulation Of Developmental Growth (GO:0048639)	1/50	0.28034336849839514	0.3965833017782175	0	0	3.111459968602826	3.956968446025251	AGR2
Positive Regulation Of Fat Cell Differentiation (GO:0045600)	1/50	0.28034336849839514	0.3965833017782175	0	0	3.111459968602826	3.956968446025251	BMP7
Steroid Biosynthetic Process (GO:0006694)	1/50	0.28034336849839514	0.3965833017782175	0	0	3.111459968602826	3.956968446025251	CYP46A1
Intracellular Iron Ion Homeostasis (GO:0006879)	1/50	0.28034336849839514	0.3965833017782175	0	0	3.111459968602826	3.956968446025251	B2M
Negative Regulation Of Cell Projection Organization (GO:0031345)	1/50	0.28034336849839514	0.3965833017782175	0	0	3.111459968602826	3.956968446025251	FKBP4
Negative Regulation Of Gene Expression, Epigenetic (GO:0045814)	1/51	0.28506892612655743	0.39894364460606696	0	0	3.0490769230769232	3.8266655758285544	CHEK1
SMAD Protein Signal Transduction (GO:0060395)	1/51	0.28506892612655743	0.39894364460606696	0	0	3.0490769230769232	3.8266655758285544	BMP7
Regulation Of Substrate Adhesion-Dependent Cell Spreading (GO:1900024)	1/51	0.28506892612655743	0.39894364460606696	0	0	3.0490769230769232	3.8266655758285544	APOA1
Positive Regulation Of Ras Protein Signal Transduction (GO:0046579)	1/51	0.28506892612655743	0.39894364460606696	0	0	3.0490769230769232	3.8266655758285544	APOA1
Cholesterol Transport (GO:0030301)	1/51	0.28506892612655743	0.39894364460606696	0	0	3.0490769230769232	3.8266655758285544	APOA1
Positive Regulation Of Actin Filament Bundle Assembly (GO:0032233)	1/51	0.28506892612655743	0.39894364460606696	0	0	3.0490769230769232	3.8266655758285544	APOA1
Sensory Perception (GO:0007600)	1/51	0.28506892612655743	0.39894364460606696	0	0	3.0490769230769232	3.8266655758285544	P2RX4
Positive Regulation Of Protein Localization To Plasma Membrane (GO:1903078)	1/51	0.28506892612655743	0.39894364460606696	0	0	3.0490769230769232	3.8266655758285544	AGR2
Nitrogen Compound Transport (GO:0071705)	2/163	0.2892799708985791	0.40174407894016206	0	0	1.8978284943906785	2.3539911251636685	SLC13A1;HSP90B1
Negative Regulation Of Cell Migration (GO:0030336)	2/163	0.2892799708985791	0.40174407894016206	0	0	1.8978284943906785	2.3539911251636685	CLIC4;DYNLL1
Regulation Of Peptide Hormone Secretion (GO:0090276)	1/52	0.2897636891206341	0.40174407894016206	0	0	2.9891402714932127	3.702616827604864	ALOX5
Cell Cycle G1/S Phase Transition (GO:0044843)	1/52	0.2897636891206341	0.40174407894016206	0	0	2.9891402714932127	3.702616827604864	CCNE1
Cellular Response To Ionizing Radiation (GO:0071479)	1/52	0.2897636891206341	0.40174407894016206	0	0	2.9891402714932127	3.702616827604864	NUCKS1
Icosanoid Metabolic Process (GO:0006690)	1/52	0.2897636891206341	0.40174407894016206	0	0	2.9891402714932127	3.702616827604864	ALOX5
Positive Regulation Of Transcription Initiation By RNA Polymerase II (GO:0060261)	1/52	0.2897636891206341	0.40174407894016206	0	0	2.9891402714932127	3.702616827604864	MED11
Regulation Of Cyclin-Dependent Protein Kinase Activity (GO:1904029)	1/53	0.29442785660299275	0.40445089775463744	0	0	2.931508875739645	3.5844182701898526	CCNE1
Regulation Of Macromolecule Biosynthetic Process (GO:0010556)	1/53	0.29442785660299275	0.40445089775463744	0	0	2.931508875739645	3.5844182701898526	GATA1
Negative Regulation Of Viral Genome Replication (GO:0045071)	1/53	0.29442785660299275	0.40445089775463744	0	0	2.931508875739645	3.5844182701898526	ISG15
Regulation Of Receptor Signaling Pathway Via JAK-STAT (GO:0046425)	1/53	0.29442785660299275	0.40445089775463744	0	0	2.931508875739645	3.5844182701898526	PRL
Gonad Development (GO:0008406)	1/53	0.29442785660299275	0.40445089775463744	0	0	2.931508875739645	3.5844182701898526	GATA1
Protein Homotetramerization (GO:0051289)	1/53	0.29442785660299275	0.40445089775463744	0	0	2.931508875739645	3.5844182701898526	B2M
Mitochondrial Transport (GO:0006839)	1/53	0.29442785660299275	0.40445089775463744	0	0	2.931508875739645	3.5844182701898526	HSP90AA1
Regulation Of Cytokine Production (GO:0001817)	2/167	0.298962363679065	0.4054809584226527	0	0	1.851444679351656	2.2355038970210863	ALOX5;ISG15
Regulation Of Focal Adhesion Assembly (GO:0051893)	1/54	0.29906162642283773	0.4054809584226527	0	0	2.876052249637155	3.471698829323926	DYNLL1
Negative Regulation Of Neuron Projection Development (GO:0010977)	1/54	0.29906162642283773	0.4054809584226527	0	0	2.876052249637155	3.471698829323926	FKBP4
Regulation Of Lipid Metabolic Process (GO:0019216)	1/54	0.29906162642283773	0.4054809584226527	0	0	2.876052249637155	3.471698829323926	CIDEB
Ribosomal Large Subunit Biogenesis (GO:0042273)	1/54	0.29906162642283773	0.4054809584226527	0	0	2.876052249637155	3.471698829323926	GTF3A
Endoplasmic Reticulum Organization (GO:0007029)	1/54	0.29906162642283773	0.4054809584226527	0	0	2.876052249637155	3.471698829323926	TRAM2
Epidermal Cell Differentiation (GO:0009913)	1/54	0.29906162642283773	0.4054809584226527	0	0	2.876052249637155	3.471698829323926	CLIC4
Protein K63-linked Ubiquitination (GO:0070534)	1/54	0.29906162642283773	0.4054809584226527	0	0	2.876052249637155	3.471698829323926	ZFP91
Mesenchymal Cell Differentiation (GO:0048762)	1/54	0.29906162642283773	0.4054809584226527	0	0	2.876052249637155	3.471698829323926	BMP7
Monoatomic Anion Transmembrane Transport (GO:0098656)	1/54	0.29906162642283773	0.4054809584226527	0	0	2.876052249637155	3.471698829323926	ANO9
Phosphatidylcholine Metabolic Process (GO:0046470)	1/55	0.3036651952121775	0.4101247914637947	0	0	2.822649572649573	3.364117074082027	APOA1
Cellular Response To Fibroblast Growth Factor Stimulus (GO:0044344)	1/55	0.3036651952121775	0.4101247914637947	0	0	2.822649572649573	3.364117074082027	FIBP
Purine Ribonucleotide Biosynthetic Process (GO:0009152)	1/55	0.3036651952121775	0.4101247914637947	0	0	2.822649572649573	3.364117074082027	NPPA
RNA Polymerase II Preinitiation Complex Assembly (GO:0051123)	1/56	0.3082387582984377	0.41309533204565974	0	0	2.771188811188811	3.2613583703120255	MED11
Regulation Of Reactive Oxygen Species Metabolic Process (GO:2000377)	1/56	0.3082387582984377	0.41309533204565974	0	0	2.771188811188811	3.2613583703120255	ALOX5
Positive Regulation Of DNA-templated Transcription Initiation (GO:2000144)	1/56	0.3082387582984377	0.41309533204565974	0	0	2.771188811188811	3.2613583703120255	MED11
Positive Regulation Of DNA-templated Transcription, Elongation (GO:0032786)	1/56	0.3082387582984377	0.41309533204565974	0	0	2.771188811188811	3.2613583703120255	MED11
Positive Regulation Of Cellular Metabolic Process (GO:0031325)	1/56	0.3082387582984377	0.41309533204565974	0	0	2.771188811188811	3.2613583703120255	B2M
Regulation Of Cation Channel Activity (GO:2001257)	1/56	0.3082387582984377	0.41309533204565974	0	0	2.771188811188811	3.2613583703120255	MMP9
Regulation Of Cell Cycle (GO:0051726)	3/298	0.3101452999138693	0.4151175552693327	0	0	1.5551377118644067	1.820622085135412	CHEK1;TTLL12;BMP7
Regulation Of Transcription Initiation By RNA Polymerase II (GO:0060260)	1/57	0.31278250973806404	0.415451577820024	0	0	2.721565934065934	3.163132351195512	MED11
Signal Transduction In Response To DNA Damage (GO:0042770)	1/57	0.31278250973806404	0.415451577820024	0	0	2.721565934065934	3.163132351195512	CHEK1
Striated Muscle Contraction (GO:0006941)	1/57	0.31278250973806404	0.415451577820024	0	0	2.721565934065934	3.163132351195512	TCAP
Positive Regulation Of Interleukin-1 Beta Production (GO:0032731)	1/57	0.31278250973806404	0.415451577820024	0	0	2.721565934065934	3.163132351195512	HSPB1
Myeloid Cell Differentiation (GO:0030099)	1/57	0.31278250973806404	0.415451577820024	0	0	2.721565934065934	3.163132351195512	GATA1
Regulation Of Calcium Ion Transport (GO:0051924)	1/57	0.31278250973806404	0.415451577820024	0	0	2.721565934065934	3.163132351195512	P2RX4
Regulation Of Cell Migration (GO:0030334)	4/434	0.31704494709556147	0.4187834319213546	0	0	1.423841787218458	1.6355837572470278	CLIC4;HSPA5;PLAU;DYNLL1
Regulation Of Phagocytosis (GO:0050764)	1/58	0.3172966423848577	0.4187834319213546	0	0	2.6736842105263157	3.069170665465753	APOA1
Peptidyl-Threonine Phosphorylation (GO:0018107)	1/58	0.3172966423848577	0.4187834319213546	0	0	2.6736842105263157	3.069170665465753	CHEK1
Renal System Development (GO:0072001)	1/58	0.3172966423848577	0.4187834319213546	0	0	2.6736842105263157	3.069170665465753	REN
Positive Regulation Of Type II Interferon Production (GO:0032729)	1/58	0.3172966423848577	0.4187834319213546	0	0	2.6736842105263157	3.069170665465753	ISG15
Negative Regulation Of Protein-Containing Complex Assembly (GO:0031333)	1/59	0.32178134786200596	0.4220348331255455	0	0	2.627453580901857	2.979224969691473	HSPA5
Regulation Of miRNA Transcription (GO:1902893)	1/59	0.32178134786200596	0.4220348331255455	0	0	2.627453580901857	2.979224969691473	PRL
Phospholipid Transport (GO:0015914)	1/59	0.32178134786200596	0.4220348331255455	0	0	2.627453580901857	2.979224969691473	APOA1
Chordate Embryonic Development (GO:0043009)	1/59	0.32178134786200596	0.4220348331255455	0	0	2.627453580901857	2.979224969691473	BMP7
Transcription Preinitiation Complex Assembly (GO:0070897)	1/59	0.32178134786200596	0.4220348331255455	0	0	2.627453580901857	2.979224969691473	MED11
Negative Regulation Of Peptidase Activity (GO:0010466)	1/60	0.32623681643701347	0.4268060606018071	0	0	2.5827900912646675	2.8930651345761484	SERPINH1
Positive Regulation Of Phagocytosis (GO:0050766)	1/60	0.32623681643701347	0.4268060606018071	0	0	2.5827900912646675	2.8930651345761484	APOA1
BMP Signaling Pathway (GO:0030509)	1/61	0.3306632373744845	0.4304394262081818	0	0	2.539615384615385	2.8104776349330467	BMP7
Negative Regulation Of Viral Process (GO:0048525)	1/61	0.3306632373744845	0.4304394262081818	0	0	2.539615384615385	2.8104776349330467	ISG15
Regulation Of Pathway-Restricted SMAD Protein Phosphorylation (GO:0060393)	1/61	0.3306632373744845	0.4304394262081818	0	0	2.539615384615385	2.8104776349330467	BMP7
Positive Regulation Of Organelle Assembly (GO:1902117)	1/61	0.3306632373744845	0.4304394262081818	0	0	2.539615384615385	2.8104776349330467	CAPG
Negative Regulation Of Kinase Activity (GO:0033673)	1/62	0.3350607985306605	0.43399934698016074	0	0	2.4978562421185373	2.731264111042341	HSPB1
Glycerophospholipid Metabolic Process (GO:0006650)	1/62	0.3350607985306605	0.43399934698016074	0	0	2.4978562421185373	2.731264111042341	APOA1
Protein Lipidation (GO:0006497)	1/62	0.3350607985306605	0.43399934698016074	0	0	2.4978562421185373	2.731264111042341	PIGP
Regulation Of T Cell Activation (GO:0050863)	1/62	0.3350607985306605	0.43399934698016074	0	0	2.4978562421185373	2.731264111042341	B2M
G1/S Transition Of Mitotic Cell Cycle (GO:0000082)	1/63	0.3394296866616383	0.4374562184093865	0	0	2.4574441687344915	2.6552400701818284	CCNE1
Inorganic Anion Transmembrane Transport (GO:0098661)	1/63	0.3394296866616383	0.4374562184093865	0	0	2.4574441687344915	2.6552400701818284	ANO9
Protein Polymerization (GO:0051258)	1/63	0.3394296866616383	0.4374562184093865	0	0	2.4574441687344915	2.6552400701818284	MSRB1
Regulation Of Cellular Catabolic Process (GO:0031329)	1/63	0.3394296866616383	0.4374562184093865	0	0	2.4574441687344915	2.6552400701818284	HSPB1
Phosphate-Containing Compound Metabolic Process (GO:0006796)	2/184	0.33982470606323034	0.4374562184093865	0	0	1.6770593747337934	1.810092721302234	NUDT5;XYLB
Supramolecular Fiber Organization (GO:0097435)	3/316	0.34240081278849094	0.44022961644234554	0	0	1.4643570287539935	1.5694587078576254	SERPINH1;B2M;MYL9
Cellular Response To Virus (GO:0098586)	1/64	0.34377008725903546	0.44036315472200366	0	0	2.418315018315018	2.582233720987442	HSP90AA1
Positive Regulation Of Cysteine-Type Endopeptidase Activity (GO:2001056)	1/64	0.34377008725903546	0.44036315472200366	0	0	2.418315018315018	2.582233720987442	CIDEB
Positive Regulation Of Interleukin-1 Production (GO:0032732)	1/64	0.34377008725903546	0.44036315472200366	0	0	2.418315018315018	2.582233720987442	HSPB1
Negative Regulation Of Macromolecule Metabolic Process (GO:0010605)	2/186	0.3445899867813352	0.4408724830878847	0	0	1.6586619480957197	1.7671384607694909	CNOT7;PTH
Regulation Of Translational Initiation (GO:0006446)	1/65	0.34808218466161406	0.4415526133496052	0	0	2.3804086538461537	2.512084920173941	HSPB1
Positive Regulation Of DNA Biosynthetic Process (GO:2000573)	1/65	0.34808218466161406	0.4415526133496052	0	0	2.3804086538461537	2.512084920173941	HSP90AA1
Regulation Of Tyrosine Phosphorylation Of STAT Protein (GO:0042509)	1/65	0.34808218466161406	0.4415526133496052	0	0	2.3804086538461537	2.512084920173941	CNOT7
Positive Regulation Of Cell Cycle (GO:0045787)	1/65	0.34808218466161406	0.4415526133496052	0	0	2.3804086538461537	2.512084920173941	CHEK1
Fatty Acid Biosynthetic Process (GO:0006633)	1/65	0.34808218466161406	0.4415526133496052	0	0	2.3804086538461537	2.512084920173941	ALOX5
Monocarboxylic Acid Biosynthetic Process (GO:0072330)	1/65	0.34808218466161406	0.4415526133496052	0	0	2.3804086538461537	2.512084920173941	CYP46A1
Regulation Of Cell-Matrix Adhesion (GO:0001952)	1/65	0.34808218466161406	0.4415526133496052	0	0	2.3804086538461537	2.512084920173941	PLAU
Defense Response To Virus (GO:0051607)	2/189	0.35171737815318116	0.4437518373946895	0	0	1.6318036728433445	1.70511625308354	CNOT7;ISG15
Negative Regulation Of Endopeptidase Activity (GO:0010951)	1/66	0.3523661620691548	0.4437518373946895	0	0	2.3436686390532544	2.444644221713126	SERPINH1
Peptidyl-Threonine Modification (GO:0018210)	1/66	0.3523661620691548	0.4437518373946895	0	0	2.3436686390532544	2.444644221713126	CHEK1
Cellular Response To BMP Stimulus (GO:0071773)	1/66	0.3523661620691548	0.4437518373946895	0	0	2.3436686390532544	2.444644221713126	BMP7
Cellular Response To Type II Interferon (GO:0071346)	1/66	0.3523661620691548	0.4437518373946895	0	0	2.3436686390532544	2.444644221713126	GBP6
Response To Reactive Oxygen Species (GO:0000302)	1/66	0.3523661620691548	0.4437518373946895	0	0	2.3436686390532544	2.444644221713126	MMP9
Activation Of Cysteine-Type Endopeptidase Activity Involved In Apoptotic Process (GO:0006919)	1/67	0.3566222013839577	0.4480307800780408	0	0	2.308041958041958	2.379772017624197	DYNLL1
Protein Secretion (GO:0009306)	1/67	0.3566222013839577	0.4480307800780408	0	0	2.308041958041958	2.379772017624197	PDIA4
B Cell Differentiation (GO:0030183)	1/68	0.3608504834564241	0.452124000829371	0	0	2.2734787600459243	2.3173377567270332	DNAJB9
Skin Development (GO:0043588)	1/68	0.3608504834564241	0.452124000829371	0	0	2.2734787600459243	2.3173377567270332	CLIC4
Regulation Of Signal Transduction (GO:0009966)	2/193	0.3611795179039228	0.452124000829371	0	0	1.597305085433662	1.626663816043152	RGS2;NUCKS1
DNA-templated DNA Replication (GO:0006261)	1/69	0.36505118796267055	0.45478930815397145	0	0	2.2399321266968326	2.257219237966515	MCM5
Regulation Of Endopeptidase Activity (GO:0052548)	1/69	0.36505118796267055	0.45478930815397145	0	0	2.2399321266968326	2.257219237966515	SERPINH1
Regulation Of Heart Contraction (GO:0008016)	1/69	0.36505118796267055	0.45478930815397145	0	0	2.2399321266968326	2.257219237966515	P2RX4
Cellular Response To Calcium Ion (GO:0071277)	1/69	0.36505118796267055	0.45478930815397145	0	0	2.2399321266968326	2.257219237966515	CLIC4
Proteolysis (GO:0006508)	3/330	0.36743050228284047	0.4567184490527565	0	0	1.4006594036697249	1.4023697315653925	PLAU;REN;MMP9
Negative Regulation Of Extrinsic Apoptotic Signaling Pathway (GO:2001237)	1/70	0.3692244932955234	0.4567184490527565	0	0	2.2073578595317724	2.1993019679968873	GATA1
Sulfur Compound Biosynthetic Process (GO:0044272)	1/70	0.3692244932955234	0.4567184490527565	0	0	2.2073578595317724	2.1993019679968873	MAT2A
Positive Regulation Of Protein Polymerization (GO:0032273)	1/70	0.3692244932955234	0.4567184490527565	0	0	2.2073578595317724	2.1993019679968873	HSP90AA1
Regulation Of G Protein-Coupled Receptor Signaling Pathway (GO:0008277)	1/70	0.3692244932955234	0.4567184490527565	0	0	2.2073578595317724	2.1993019679968873	RGS2
Regulation Of Actin Filament-Based Process (GO:0032970)	1/70	0.3692244932955234	0.4567184490527565	0	0	2.2073578595317724	2.1993019679968873	DYNLL1
Golgi Vesicle Transport (GO:0048193)	2/197	0.37059111628684904	0.45786642059582294	0	0	1.564221824686941	1.5527340804059586	HYOU1;ERGIC1
Regulation Of Double-Strand Break Repair Via Homologous Recombination (GO:0010569)	1/71	0.3733705769010774	0.45912706982888674	0	0	2.1757142857142857	2.1434785738462874	CHEK1
Regulation Of Hydrolase Activity (GO:0051336)	1/71	0.3733705769010774	0.45912706982888674	0	0	2.1757142857142857	2.1434785738462874	APOA1
Negative Regulation Of Protein Binding (GO:0032091)	1/71	0.3733705769010774	0.45912706982888674	0	0	2.1757142857142857	2.1434785738462874	B2M
Myeloid Leukocyte Differentiation (GO:0002573)	1/71	0.3733705769010774	0.45912706982888674	0	0	2.1757142857142857	2.1434785738462874	MMP9
DNA-templated Transcription (GO:0006351)	2/199	0.37527678507139006	0.4603962126171039	0	0	1.5481840003147995	1.5173618734733652	GTF3A;POLR2H
Regulation Of Cellular Localization (GO:0060341)	1/72	0.3774896149427596	0.4603962126171039	0	0	2.144962080173348	2.089648271564957	HSP90AA1
Cholesterol Homeostasis (GO:0042632)	1/72	0.3774896149427596	0.4603962126171039	0	0	2.144962080173348	2.089648271564957	APOA1
Response To Ionizing Radiation (GO:0010212)	1/72	0.3774896149427596	0.4603962126171039	0	0	2.144962080173348	2.089648271564957	NABP1
Second-Messenger-Mediated Signaling (GO:0019932)	1/72	0.3774896149427596	0.4603962126171039	0	0	2.144962080173348	2.089648271564957	P2RX4
Transforming Growth Factor Beta Receptor Signaling Pathway (GO:0007179)	1/72	0.3774896149427596	0.4603962126171039	0	0	2.144962080173348	2.089648271564957	APOA1
Negative Regulation Of Catabolic Process (GO:0009895)	1/72	0.3774896149427596	0.4603962126171039	0	0	2.144962080173348	2.089648271564957	CIDEC
Negative Regulation Of Gene Expression (GO:0010629)	3/336	0.3781148964770501	0.46062071402805166	0	0	1.375	1.3372661095952294	CNOT7;PTH;CHEK1
Cellular Response To Reactive Oxygen Species (GO:0034614)	1/73	0.3815817824645011	0.462147773657702	0	0	2.1150641025641024	2.037716378427825	MMP9
Sterol Homeostasis (GO:0055092)	1/73	0.3815817824645011	0.462147773657702	0	0	2.1150641025641024	2.037716378427825	APOA1
Positive Regulation Of Secretion By Cell (GO:1903532)	1/73	0.3815817824645011	0.462147773657702	0	0	2.1150641025641024	2.037716378427825	P2RX4
Protein Tetramerization (GO:0051262)	1/73	0.3815817824645011	0.462147773657702	0	0	2.1150641025641024	2.037716378427825	B2M
Monocarboxylic Acid Transport (GO:0015718)	1/73	0.3815817824645011	0.462147773657702	0	0	2.1150641025641024	2.037716378427825	FABP2
Gland Development (GO:0048732)	1/74	0.38564725347575407	0.4665303970204951	0	0	2.085985247629083	1.987593867677253	PRL
Regulation Of Fat Cell Differentiation (GO:0045598)	1/75	0.3896862007199225	0.4695227954973347	0	0	2.0576923076923075	1.9391969628488115	ALOX5
Regulation Of Plasma Membrane Bounded Cell Projection Assembly (GO:0120032)	1/75	0.3896862007199225	0.4695227954973347	0	0	2.0576923076923075	1.9391969628488115	P2RX4
Defense Response To Gram-negative Bacterium (GO:0050829)	1/75	0.3896862007199225	0.4695227954973347	0	0	2.0576923076923075	1.9391969628488115	MR1
Positive Regulation Of Cell Population Proliferation (GO:0008284)	4/483	0.38991979281244177	0.4695227954973347	0	0	1.274965890224056	1.2007810060202324	TIPIN;CNOT7;EGR4;PRL
Transcription Initiation At RNA Polymerase II Promoter (GO:0006367)	1/76	0.3936987960431698	0.4726500075995648	0	0	2.030153846153846	1.8924467629967627	MED11
Regulation Of Ras Protein Signal Transduction (GO:0046578)	1/76	0.3936987960431698	0.4726500075995648	0	0	2.030153846153846	1.8924467629967627	DYNLL1
Negative Regulation Of Cell Differentiation (GO:0045596)	2/207	0.3938750063329707	0.4726500075995648	0	0	1.4871620344110421	1.3856210835932536	BMP7;ZNF750
Protein Stabilization (GO:0050821)	2/208	0.3961826790988379	0.47487338344338326	0	0	1.479867539700459	1.3701795552758316	HSP90AA1;APOA1
Regulation Of Transcription Elongation By RNA Polymerase II (GO:0034243)	1/77	0.39768520999592366	0.4761277055455783	0	0	2.0033400809716597	1.847268902960126	MED11
Positive Regulation Of Tumor Necrosis Factor Production (GO:0032760)	1/78	0.40164561203881466	0.4797689004216504	0	0	1.9772227772227773	1.803593238343446	HSPB1
Proteolysis Involved In Protein Catabolic Process (GO:0051603)	1/78	0.40164561203881466	0.4797689004216504	0	0	1.9772227772227773	1.803593238343446	ISG15
Regulation Of Cyclin-Dependent Protein Serine/Threonine Kinase Activity (GO:0000079)	1/79	0.4055801707455224	0.4817129673018491	0	0	1.951775147928994	1.7613535560282274	CCNE1
Regulation Of Neuron Differentiation (GO:0045664)	1/79	0.4055801707455224	0.4817129673018491	0	0	1.951775147928994	1.7613535560282274	BMP7
Cellular Response To UV (GO:0034644)	1/79	0.4055801707455224	0.4817129673018491	0	0	1.951775147928994	1.7613535560282274	MMP9
Positive Regulation Of Catabolic Process (GO:0009896)	1/79	0.4055801707455224	0.4817129673018491	0	0	1.951775147928994	1.7613535560282274	HSP90AA1
Positive Regulation Of Protein Modification By Small Protein Conjugation Or Removal (GO:1903322)	1/79	0.4055801707455224	0.4817129673018491	0	0	1.951775147928994	1.7613535560282274	HSPBP1
Calcium Ion Transmembrane Transport (GO:0070588)	1/80	0.4094890533403055	0.4847013284436269	0	0	1.9269717624148004	1.720487310971666	P2RX4
Regulation Of Protein Localization To Plasma Membrane (GO:1903076)	1/80	0.4094890533403055	0.4847013284436269	0	0	1.9269717624148004	1.720487310971666	AGR2
Response To Type II Interferon (GO:0034341)	1/80	0.4094890533403055	0.4847013284436269	0	0	1.9269717624148004	1.720487310971666	GBP6
Activation Of Protein Kinase Activity (GO:0032147)	1/81	0.41337242618858927	0.4876393366563697	0	0	1.9027884615384616	1.6809353792517892	ZFP91
Spindle Assembly (GO:0051225)	1/81	0.41337242618858927	0.4876393366563697	0	0	1.9027884615384616	1.6809353792517892	SMC1A
Positive Regulation Of Growth (GO:0045927)	1/81	0.41337242618858927	0.4876393366563697	0	0	1.9027884615384616	1.6809353792517892	AGR2
Positive Regulation Of Tumor Necrosis Factor Superfamily Cytokine Production (GO:1903557)	1/82	0.41723045440387496	0.49108071521718766	0	0	1.8792022792022791	1.6426418344463662	HSPB1
Negative Regulation Of Apoptotic Signaling Pathway (GO:2001234)	1/82	0.41723045440387496	0.49108071521718766	0	0	1.8792022792022791	1.6426418344463662	MMP9
Epigenetic Regulation Of Gene Expression (GO:0040029)	1/83	0.42106330223634186	0.4928139994784091	0	0	1.8561913696060035	1.6055537376823723	CHEK1
Positive Regulation Of Proteasomal Ubiquitin-Dependent Protein Catabolic Process (GO:0032436)	1/83	0.42106330223634186	0.4928139994784091	0	0	1.8561913696060035	1.6055537376823723	HSPBP1
Positive Regulation Of Ubiquitin-Dependent Protein Catabolic Process (GO:2000060)	1/83	0.42106330223634186	0.4928139994784091	0	0	1.8561913696060035	1.6055537376823723	HSPBP1
Regulation Of NIK/NF-kappaB Signaling (GO:1901222)	1/83	0.42106330223634186	0.4928139994784091	0	0	1.8561913696060035	1.6055537376823723	BMP7
Regulation Of Cell Division (GO:0051302)	1/83	0.42106330223634186	0.4928139994784091	0	0	1.8561913696060035	1.6055537376823723	CDK2AP2
Positive Regulation Of Protein Ubiquitination (GO:0031398)	1/84	0.42487113264784415	0.49671384376746847	0	0	1.833734939759036	1.569620947250916	HSPBP1
Positive Regulation Of Cell Motility (GO:2000147)	2/221	0.425805188978693	0.4972387650809106	0	0	1.3911011999575236	1.1876851180085306	HSPA5;PLAU
Regulation Of Osteoblast Differentiation (GO:0045667)	1/85	0.4286541078283712	0.4972387650809106	0	0	1.8118131868131868	1.534795938460661	BMP7
Nuclear-Transcribed mRNA Catabolic Process (GO:0000956)	1/85	0.4286541078283712	0.4972387650809106	0	0	1.8118131868131868	1.534795938460661	CNOT7
Calcium-Mediated Signaling (GO:0019722)	1/85	0.4286541078283712	0.4972387650809106	0	0	1.8118131868131868	1.534795938460661	P2RX4
Epidermis Development (GO:0008544)	1/85	0.4286541078283712	0.4972387650809106	0	0	1.8118131868131868	1.534795938460661	ZNF750
Mitotic Spindle Organization (GO:0007052)	1/85	0.4286541078283712	0.4972387650809106	0	0	1.8118131868131868	1.534795938460661	SMC1A
Negative Regulation Of Cell Cycle (GO:0045786)	1/85	0.4286541078283712	0.4972387650809106	0	0	1.8118131868131868	1.534795938460661	BMP7
Regulation Of Insulin Secretion (GO:0050796)	1/87	0.4361461351936056	0.5048077218870557	0	0	1.769499105545617	1.4682912860531891	ALOX5
Regulation Of Type II Interferon Production (GO:0032649)	1/87	0.4361461351936056	0.5048077218870557	0	0	1.769499105545617	1.4682912860531891	ISG15
Regulation Of Double-Strand Break Repair (GO:2000779)	1/88	0.4398555062916063	0.5074134238325271	0	0	1.7490716180371353	1.436528262928994	CHEK1
Negative Regulation Of Protein Kinase Activity (GO:0006469)	1/88	0.4398555062916063	0.5074134238325271	0	0	1.7490716180371353	1.436528262928994	HSPB1
Positive Regulation Of Cell Adhesion (GO:0045785)	1/88	0.4398555062916063	0.5074134238325271	0	0	1.7490716180371353	1.436528262928994	AGR2
Chromatin Remodeling (GO:0006338)	2/228	0.4414452393323715	0.5081243989669194	0	0	1.3475337861013923	1.1018801284911317	CHEK1;NUDT5
Cilium Organization (GO:0044782)	2/228	0.4414452393323715	0.5081243989669194	0	0	1.3475337861013923	1.1018801284911317	UBXN10;POC1A
Sensory Perception Of Mechanical Stimulus (GO:0050954)	1/89	0.4435406599599452	0.5094130352015211	0	0	1.7291083916083916	1.405705989819677	P2RX4
Positive Regulation Of Peptidyl-Serine Phosphorylation (GO:0033138)	1/89	0.4435406599599452	0.5094130352015211	0	0	1.7291083916083916	1.405705989819677	HSP90AA1
Positive Regulation Of Proteasomal Protein Catabolic Process (GO:1901800)	1/90	0.4472017530075081	0.5129305732663864	0	0	1.709593777009507	1.375787791489654	HSPBP1
Negative Regulation Of Intracellular Signal Transduction (GO:1902532)	2/231	0.448077282393625	0.5129305732663864	0	0	1.3296773975153178	1.0674511277096193	BMP7;MMP9
Positive Regulation Of Phosphorylation (GO:0042327)	2/231	0.448077282393625	0.5129305732663864	0	0	1.3296773975153178	1.0674511277096193	HSP90AA1;MMP9
Regulation Of Epithelial Cell Proliferation (GO:0050678)	1/91	0.45083894134441127	0.5138382693925386	0	0	1.6905128205128206	1.346738785032599	B2M
Lymphocyte Differentiation (GO:0030098)	1/91	0.45083894134441127	0.5138382693925386	0	0	1.6905128205128206	1.346738785032599	DNAJB9
rRNA Metabolic Process (GO:0016072)	1/91	0.45083894134441127	0.5138382693925386	0	0	1.6905128205128206	1.346738785032599	GTF3A
Regulation Of Actin Cytoskeleton Organization (GO:0032956)	1/91	0.45083894134441127	0.5138382693925386	0	0	1.6905128205128206	1.346738785032599	DYNLL1
B Cell Activation (GO:0042113)	1/92	0.45445237990743537	0.5162658156946274	0	0	1.6718512256973797	1.318525774673755	DNAJB9
Positive Regulation Of Neuron Projection Development (GO:0010976)	1/92	0.45445237990743537	0.5162658156946274	0	0	1.6718512256973797	1.318525774673755	BMP7
Positive Regulation Of Protein Catabolic Process (GO:0045732)	1/92	0.45445237990743537	0.5162658156946274	0	0	1.6718512256973797	1.318525774673755	HSP90AA1
Regulation Of Peptidyl-Serine Phosphorylation (GO:0033135)	1/93	0.4580422225383953	0.5186508463449944	0	0	1.6535953177257523	1.2911171539636297	HSP90AA1
Positive Regulation Of Cellular Component Biogenesis (GO:0044089)	1/93	0.4580422225383953	0.5186508463449944	0	0	1.6535953177257523	1.2911171539636297	BMP7
Protein O-linked Glycosylation (GO:0006493)	1/93	0.4580422225383953	0.5186508463449944	0	0	1.6535953177257523	1.2911171539636297	B3GLCT
Cellular Response To Hormone Stimulus (GO:0032870)	1/94	0.4616086222221189	0.5221228619717141	0	0	1.6357320099255583	1.2644828133338064	GATA1
Positive Regulation Of Transmembrane Receptor Protein Serine/Threonine Kinase Signaling Pathway (GO:0090100)	1/95	0.4651517307541396	0.5255610464364955	0	0	1.6182487725040915	1.2385940558980708	BMP7
Regulation Of Macroautophagy (GO:0016241)	1/96	0.4686716991821424	0.5283944427064327	0	0	1.6011336032388663	1.2134235161728557	ATP6V0E1
Cellular Response To Transforming Growth Factor Beta Stimulus (GO:0071560)	1/96	0.4686716991821424	0.5283944427064327	0	0	1.6011336032388663	1.2134235161728557	APOA1
Regulation Of Autophagy (GO:0010506)	2/241	0.4698632904887578	0.529166424239766	0	0	1.2733936622230873	0.9618114212044352	ATP6V0E1;HSPB1
Regulation Of Defense Response (GO:0031347)	1/97	0.47216867746164864	0.5306179755327892	0	0	1.584375	1.1889450868592453	ALOX5
Regulation Of Protein Localization (GO:0032880)	1/97	0.47216867746164864	0.5306179755327892	0	0	1.584375	1.1889450868592453	HSP90AA1
Phosphatidylinositol Biosynthetic Process (GO:0006661)	1/98	0.47564281459284896	0.5339474176719724	0	0	1.5679619349722442	1.1651338487722471	PIGP
Positive Regulation Of Programmed Cell Death (GO:0043068)	2/245	0.4784350043289999	0.5365049887427239	0	0	1.2521772418413246	0.9231487754897756	DNAJA1;PRMT2
Axon Development (GO:0061564)	1/99	0.4790942585697632	0.5366678175395201	0	0	1.5518838304552591	1.141966005927008	PLP1
Regulation Of Organelle Organization (GO:0033043)	1/100	0.4825231566060633	0.5393513656281906	0	0	1.5361305361305362	1.119418823893266	CLIC4
Protein Complex Oligomerization (GO:0051259)	1/100	0.4825231566060633	0.5393513656281906	0	0	1.5361305361305362	1.119418823893266	MAT2A
Protein Catabolic Process (GO:0030163)	1/102	0.4893138983023021	0.5463569089065278	0	0	1.5055597867479056	1.0761004785095143	HSP90AA1
Inorganic Cation Import Across Plasma Membrane (GO:0098659)	1/103	0.4926760314088613	0.5495232658021914	0	0	1.4907239819004523	1.0552886617859485	KCNJ1
Positive Regulation Of Vasculature Development (GO:1904018)	1/104	0.496016197552214	0.552658388734804	0	0	1.4761762509335326	1.0350161016980663	HSPB1
Intrinsic Apoptotic Signaling Pathway (GO:0097193)	1/105	0.4993345391220597	0.5557625360804161	0	0	1.4619082840236686	1.0152645867761303	CIDEB
Response To Calcium Ion (GO:0051592)	1/106	0.5026311976365985	0.5588359641454833	0	0	1.447912087912088	0.9960166740217916	CLIC4
Positive Regulation Of T Cell Activation (GO:0050870)	1/107	0.5059063136278865	0.5618789270505463	0	0	1.434179970972424	0.97725565022304	B2M
Glycerophospholipid Biosynthetic Process (GO:0046474)	1/108	0.5091600269245884	0.5642920043622827	0	0	1.420704529115744	0.9589654944443032	APOA1
Lipid Transport (GO:0006869)	1/108	0.5091600269245884	0.5642920043622827	0	0	1.420704529115744	0.9589654944443032	FABP2
Cellular Component Assembly (GO:0022607)	2/260	0.5098197898454349	0.5644240303272895	0	0	1.1784748512709573	0.7939361137622293	TCAP;CAPG
Regulation Of Proteasomal Ubiquitin-Dependent Protein Catabolic Process (GO:0032434)	1/109	0.5123924761587753	0.5648761827980585	0	0	1.4074786324786326	0.941130844881334	HSPBP1
Cell-Matrix Adhesion (GO:0007160)	1/109	0.5123924761587753	0.5648761827980585	0	0	1.4074786324786326	0.941130844881334	DYNLL1
Positive Regulation Of Cysteine-Type Endopeptidase Activity Involved In Apoptotic Process (GO:0043280)	1/109	0.5123924761587753	0.5648761827980585	0	0	1.4074786324786326	0.941130844881334	DYNLL1
Extracellular Structure Organization (GO:0043062)	1/109	0.5123924761587753	0.5648761827980585	0	0	1.4074786324786326	0.941130844881334	MMP9
Adenylate Cyclase-Activating G Protein-Coupled Receptor Signaling Pathway (GO:0007189)	1/110	0.5156037993562202	0.5672185105668008	0	0	1.3944954128440368	0.923736964670274	PTH
External Encapsulating Structure Organization (GO:0045229)	1/110	0.5156037993562202	0.5672185105668008	0	0	1.3944954128440368	0.923736964670274	MMP9
Mitotic Cell Cycle Phase Transition (GO:0044772)	1/111	0.518794133457392	0.5695279446156859	0	0	1.3817482517482518	0.9067697125745418	CCNE1
Mitotic Sister Chromatid Segregation (GO:0000070)	1/111	0.518794133457392	0.5695279446156859	0	0	1.3817482517482518	0.9067697125745418	SMC1A
Calcium Ion Transport (GO:0006816)	1/112	0.5219636146933403	0.5718048412800075	0	0	1.3692307692307693	0.8902155130639214	P2RX4
Regulation Of Protein Serine/Threonine Kinase Activity (GO:0071900)	1/112	0.5219636146933403	0.5718048412800075	0	0	1.3692307692307693	0.8902155130639214	CCNE1
Positive Regulation Of Cellular Component Organization (GO:0051130)	1/113	0.5251123782377586	0.5746512818450943	0	0	1.3569368131868131	0.8740613299953246	BMP7
Phosphorylation (GO:0016310)	3/429	0.5356248378896309	0.5855417075987168	0	0	1.0697073063380282	0.6678410478613797	CCNE1;CHEK1;XYLB
Cellular Response To Oxidative Stress (GO:0034599)	1/117	0.5375029306097294	0.586366833392432	0	0	1.3098806366047746	0.813201494064047	MMP9
Protein Maturation (GO:0051604)	1/117	0.5375029306097294	0.586366833392432	0	0	1.3098806366047746	0.813201494064047	DNAJB11
Plasma Membrane Bounded Cell Projection Assembly (GO:0120031)	2/275	0.5399589186249714	0.587236533885235	0	0	1.1128716244995316	0.6858207367074554	UBXN10;POC1A
Regulation Of Protein Binding (GO:0043393)	1/118	0.540550104467156	0.587236533885235	0	0	1.2986193293885602	0.7988689854731565	B2M
Regulation Of Small GTPase Mediated Signal Transduction (GO:0051056)	1/118	0.540550104467156	0.587236533885235	0	0	1.2986193293885602	0.7988689854731565	DYNLL1
Ribonucleoprotein Complex Biogenesis (GO:0022613)	1/118	0.540550104467156	0.587236533885235	0	0	1.2986193293885602	0.7988689854731565	GTF3A
Nervous System Development (GO:0007399)	3/433	0.5419159196750378	0.5881083369446356	0	0	1.0595385174418606	0.6491203597729794	CAPG;CYP46A1;RBM45
Regulation Of Protein Kinase Activity (GO:0045859)	1/119	0.5435773540502826	0.5886875079133765	0	0	1.28754889178618	0.7848682467297439	HSPB1
Positive Regulation Of Angiogenesis (GO:0045766)	1/119	0.5435773540502826	0.5886875079133765	0	0	1.28754889178618	0.7848682467297439	HSPB1
Monoatomic Cation Transmembrane Transport (GO:0098655)	2/281	0.5516552180436259	0.5959221525395545	0	0	1.0886054847045097	0.6475374134334745	ATP6V0E1;P2RX4
Regulation Of Protein Catabolic Process (GO:0042176)	1/122	0.5525408464159853	0.5959221525395545	0	0	1.255435473617292	0.7447593723960024	HSP90AA1
Positive Regulation Of Macromolecule Biosynthetic Process (GO:0010557)	1/122	0.5525408464159853	0.5959221525395545	0	0	1.255435473617292	0.7447593723960024	PTH
Protein Localization To Nucleus (GO:0034504)	1/122	0.5525408464159853	0.5959221525395545	0	0	1.255435473617292	0.7447593723960024	BMP7
Organonitrogen Compound Biosynthetic Process (GO:1901566)	1/123	0.5554896837382342	0.5978866710153188	0	0	1.2450819672131148	0.7319902142521676	APOA1
Positive Regulation Of Cell Differentiation (GO:0045597)	2/283	0.5555077307326238	0.5978866710153188	0	0	1.0807470550911749	0.6353417468853141	GLIPR2;BMP7
Transmembrane Receptor Protein Tyrosine Kinase Signaling Pathway (GO:0007169)	2/284	0.5574252789237244	0.5985520342164596	0	0	1.0768596404420254	0.6293456482146437	FIBP;MMP9
Inorganic Cation Transmembrane Transport (GO:0098662)	2/284	0.5574252789237244	0.5985520342164596	0	0	1.0768596404420254	0.6293456482146437	ATP6V0E1;P2RX4
Enzyme-Linked Receptor Protein Signaling Pathway (GO:0007167)	1/124	0.5584192349873867	0.5985520342164596	0	0	1.2348968105065663	0.7195067998015446	NPPA
Regulation Of DNA Metabolic Process (GO:0051052)	1/124	0.5584192349873867	0.5985520342164596	0	0	1.2348968105065663	0.7195067998015446	NUCKS1
Regulation Of Mitotic Cell Cycle (GO:0007346)	1/125	0.5613296254346638	0.6004386567149478	0	0	1.224875930521092	0.7073009049820274	TTLL12
Response To Cytokine (GO:0034097)	1/125	0.5613296254346638	0.6004386567149478	0	0	1.224875930521092	0.7073009049820274	ISG15
Cellular Response To Starvation (GO:0009267)	1/126	0.5642209791834661	0.6029137177763958	0	0	1.2150153846153846	0.6953646008048276	HSPA5
Regulation Of Tumor Necrosis Factor Production (GO:0032680)	1/127	0.5670934200868116	0.6053635281908296	0	0	1.2053113553113552	0.6836902387110143	HSPB1
Regulation Of Nucleic Acid-Templated Transcription (GO:1903506)	3/452	0.5711250352291919	0.6090444706632037	0	0	1.0137110244988865	0.5678273082647036	HES6;DLX4;ELAVL2
Positive Regulation Of DNA-templated Transcription (GO:0045893)	8/1243	0.572171866278634	0.6095381922396876	0	0	0.9813501859714954	0.5479033801183287	EGR4;PRMT2;PTH;NUCKS1;PRL;GATA1;BMP7;ZNF750
Protein Homooligomerization (GO:0051260)	1/129	0.5727820531517377	0.6095662217027668	0	0	1.186358173076923	0.6610980867446018	B2M
Positive Regulation Of Peptidyl-Tyrosine Phosphorylation (GO:0050731)	1/130	0.5755984885948349	0.6119397373655882	0	0	1.1771019677996422	0.6501663037283449	GATA1
Negative Regulation Of Nucleic Acid-Templated Transcription (GO:1903507)	3/456	0.5771284171656927	0.612942082930807	0	0	1.0045529801324504	0.5521932069791636	CNOT7;PRMT2;BMP7
Synapse Organization (GO:0050808)	1/131	0.5783964973795229	0.6136645764880304	0	0	1.1679881656804734	0.6394684561523504	CBLN3
Plasma Membrane Bounded Cell Projection Organization (GO:0120036)	1/132	0.5811761991817334	0.6153630344277177	0	0	1.159013505578391	0.6289981353738375	MANF
Circulatory System Development (GO:0072359)	1/132	0.5811761991817334	0.6153630344277177	0	0	1.159013505578391	0.6289981353738375	CACYBP
Positive Regulation Of Transcription By RNA Polymerase II (GO:0045944)	6/938	0.582040142120611	0.6156534026078195	0	0	0.9752961373390558	0.5278457386154525	MED11;EGR4;PTH;NUCKS1;GATA1;ZNF750
Non-Membrane-Bounded Organelle Assembly (GO:0140694)	1/135	0.5894066474557119	0.622814311683971	0	0	1.1328932261768083	0.5988914633418737	MYL9
Potassium Ion Transmembrane Transport (GO:0071805)	1/137	0.5948042369447535	0.6278823289892038	0	0	1.1161199095022625	0.57984989801779	KCNJ1
Protein Transport (GO:0015031)	2/313	0.6104863425915233	0.64378559764197	0	0	0.9749993768538596	0.4811615651033688	PDIA4;HSP90B1
Regulation Of Gene Expression (GO:0010468)	7/1127	0.6117572686315291	0.6444748622112174	0	0	0.9450100806451612	0.46439656562846615	HES6;CNOT7;DLX4;PTH;AGR2;BMP7;ELAVL2
Regulation Of DNA-templated Transcription (GO:0006355)	12/1922	0.6131381152587835	0.6452784196876714	0	0	0.9481631396013904	0.46380827722519463	HES6;MYCL;CNOT7;DLX4;EGR4;PRMT2;ZFP91;SAFB;HES3;GATA1;BMP7;ELAVL2
Positive Regulation Of Protein Kinase Activity (GO:0045860)	1/145	0.6156994393663706	0.647321464953163	0	0	1.0536858974358974	0.511033822340792	HSP90AA1
Neuron Projection Morphogenesis (GO:0048812)	1/146	0.618234982274939	0.6486807251206395	0	0	1.046366047745358	0.503183477578727	BMP7
Positive Regulation Of Cellular Catabolic Process (GO:0031331)	1/146	0.618234982274939	0.6486807251206395	0	0	1.046366047745358	0.503183477578727	CNOT7
Negative Regulation Of Protein Phosphorylation (GO:0001933)	1/149	0.625742428299264	0.6554559288856932	0	0	1.025	0.4805368601680079	HSPB1
Organelle Assembly (GO:0070925)	2/322	0.6259478554588468	0.6554559288856932	0	0	0.947141472868217	0.4437246126162223	UBXN10;POC1A
Neuron Development (GO:0048666)	1/150	0.6282122067872935	0.6565100539398743	0	0	1.0180691791430043	0.4732772111983408	MANF
protein-RNA Complex Assembly (GO:0022618)	1/150	0.6282122067872935	0.6565100539398743	0	0	1.0180691791430043	0.4732772111983408	HSP90AA1
Regulation Of Cellular Component Organization (GO:0051128)	1/153	0.6355249124726667	0.6634880086214641	0	0	0.997823886639676	0.45231754688375897	HSP90AA1
Ribosome Biogenesis (GO:0042254)	1/155	0.6403205677865307	0.667160352065008	0	0	0.9847652347652348	0.4389948906161399	GTF3A
Positive Regulation Of Response To External Stimulus (GO:0032103)	1/155	0.6403205677865307	0.667160352065008	0	0	0.9847652347652348	0.4389948906161399	PLAU
Regulation Of Macromolecule Metabolic Process (GO:0060255)	1/162	0.6566174919343953	0.6834582867193506	0	0	0.941614906832298	0.3960937324830159	PTH
Adenylate Cyclase-Modulating G Protein-Coupled Receptor Signaling Pathway (GO:0007188)	1/163	0.6588850054101069	0.6851354040320234	0	0	0.9357549857549856	0.3904028363160286	PTH
Negative Regulation Of DNA-templated Transcription (GO:0045892)	6/1025	0.6682566581792339	0.6941890061085773	0	0	0.8879293424926399	0.35790918800457994	CNOT7;DLX4;PRMT2;GATA1;BMP7;ZNF750
Positive Regulation Of Intracellular Signal Transduction (GO:1902533)	3/525	0.6721964462851896	0.6975875645345307	0	0	0.8686691810344828	0.3450394383641214	HSP90AA1;P2RX4;BMP7
Neuron Differentiation (GO:0030182)	1/173	0.6807585838825325	0.7057715606488222	0	0	0.8809033989266547	0.33874923332468176	MANF
Regulation Of Neuron Projection Development (GO:0010975)	1/174	0.6828678513134807	0.7072559888603908	0	0	0.8757670075589151	0.3340647587713552	FKBP4
Positive Regulation Of Hydrolase Activity (GO:0051345)	1/176	0.687044984441584	0.71087707012588075	0	0	0.8656703296703296	0.32493412753727646	APOA1
Protein Modification Process (GO:0036211)	4/711	0.6891606915041605	0.7123601603270728	0	0	0.853645769526334	0.317795939315096	CCNE1;CHEK1;APOA1;F13B
Negative Regulation Of Cytokine Production (GO:0001818)	1/178	0.6911675122813203	0.713727876183678	0	0	0.8558018252933507	0.31611014281734434	APOA1
Positive Regulation Of Macromolecule Metabolic Process (GO:0010604)	2/364	0.6918855147306052	0.7137633175679367	0	0	0.8354533384727397	0.3077265201162115	AGR2;BMP7
Positive Regulation Of ERK1 And ERK2 Cascade (GO:0070374)	1/179	0.6932085209849612	0.7144222072145109	0	0	0.8509507346585998	0.31180913702903773	GLIPR2
Macromolecule Biosynthetic Process (GO:0009059)	1/183	0.7012395603070521	0.7219862928605152	0	0	0.8320794590025359	0.2953097507732461	PTH
Positive Regulation Of Nucleic Acid-Templated Transcription (GO:1903508)	3/557	0.71068209699988	0.730579639560533	0	0	0.8171395532490975	0.2790777289221316	PRMT2;GATA1;BMP7
Axonogenesis (GO:0007409)	1/188	0.7109855496106336	0.730579639560533	0	0	0.8096256684491978	0.2761658847912082	HSP90AA1
Intracellular Monoatomic Cation Homeostasis (GO:0030003)	1/190	0.7147950071248216	0.7337718657210558	0	0	0.800976800976801	0.2689355547625844	B2M
Transcription By RNA Polymerase II (GO:0006366)	1/192	0.7185546306367605	0.7354617984164489	0	0	0.7925090616190092	0.2619349770737999	POLR2H
Protein Localization To Membrane (GO:0072657)	1/192	0.7185546306367605	0.7354617984164489	0	0	0.7925090616190092	0.2619349770737999	CYP46A1
Modification-Dependent Protein Catabolic Process (GO:0019941)	1/192	0.7185546306367605	0.7354617984164489	0	0	0.7925090616190092	0.2619349770737999	ISG15
Regulation Of Cell Differentiation (GO:0045595)	1/193	0.7204159571620049	0.7366447201539013	0	0	0.7883413461538461	0.25851803067388274	ALOX5
Positive Regulation Of Multicellular Organismal Process (GO:0051240)	2/387	0.7237938558422782	0.7393745454983742	0	0	0.7846169334541427	0.2536263697154018	GLIPR2;PRL
Positive Regulation Of Protein Metabolic Process (GO:0051247)	1/196	0.7259269553741231	0.7408286817307767	0	0	0.7760946745562131	0.24858768897872188	HSP90AA1
Anterograde Trans-Synaptic Signaling (GO:0098916)	1/199	0.7313301361490929	0.7456139278707549	0	0	0.7642191142191143	0.23911674680119524	PLP1
Organic Substance Transport (GO:0071702)	1/201	0.7348733936297591	0.7484954370238718	0	0	0.7565	0.2330451569418178	HSP90B1
Regulation Of Translation (GO:0006417)	1/202	0.7366275930715562	0.7495508841780748	0	0	0.7526980482204363	0.2300793317146151	HSPB1
Regulation Of MAPK Cascade (GO:0043408)	1/204	0.7401015110212044	0.7523524610575827	0	0	0.7452065176203108	0.22428325940612223	REN
Protein Polyubiquitination (GO:0000209)	1/226	0.7754394368902006	0.7875085331842114	0	0	0.6715897435897435	0.1708023268023434	ZFP91
Regulation Of I-kappaB kinase/NF-kappaB Signaling (GO:0043122)	1/232	0.7842200273714738	0.7956518061961309	0	0	0.653946053946054	0.15895182322206464	HSPB1
Regulation Of Transcription By RNA Polymerase II (GO:0006357)	11/2028	0.7867713226107395	0.7974653017530213	0	0	0.8113204429019997	0.1945689549245732	HES6;MYCL;DLX4;EGR4;PTH;ZFP91;NUCKS1;SAFB;HES3;GATA1;ZNF750
Regulation Of ERK1 And ERK2 Cascade (GO:0070372)	1/244	0.800771891238226	0.810868917994867	0	0	0.6212725546058879	0.13803380962187647	GLIPR2
Positive Regulation Of Gene Expression (GO:0010628)	2/480	0.8258085567089164	0.8354109817869271	0	0	0.6289448931270475	0.12037521209856404	AGR2;BMP7
Negative Regulation Of Signal Transduction (GO:0009968)	1/267	0.8290539984835928	0.8378822598420822	0	0	0.5668883747831116	0.10627455742790516	RGS2
Chemical Synaptic Transmission (GO:0007268)	1/273	0.8357518347554247	0.8438345410876823	0	0	0.5542138009049774	0.09943901224189892	PLP1
Protein Phosphorylation (GO:0006468)	2/500	0.842793086389536	0.850121721923358	0	0	0.6030634164565237	0.10314422789659652	CCNE1;CHEK1
Central Nervous System Development (GO:0007417)	1/283	0.8463409753645134	0.8528764269117297	0	0	0.5342880523731588	0.08913685535211781	CAPG
Gene Expression (GO:0010467)	1/296	0.8591000315942166	0.8648991639193463	0	0	0.5104041720990874	0.07751503698805993	DNAJB11
Cellular Response To Cytokine Stimulus (GO:0071345)	1/308	0.869941848967851	0.8749704145688213	0	0	0.49015284389877223	0.06829246139257608	GBP6
Positive Regulation Of MAPK Cascade (GO:0043410)	1/310	0.8716665234141813	0.8758612612554431	0	0	0.4869305451829723	0.06687910962088868	GLIPR2
Positive Regulation Of Cytokine Production (GO:0001819)	1/320	0.8799552877005353	0.8833397311147682	0	0	0.4714251265975404	0.06028781679851412	ISG15
Negative Regulation Of Transcription By RNA Polymerase II (GO:0000122)	3/763	0.8808280567380906	0.883366466123503	0	0	0.5892989309210527	0.074777815178632	DLX4;GATA1;ZNF750
Protein Modification By Small Protein Conjugation (GO:0032446)	1/364	0.9105498313576632	0.9122975277710176	0	0	0.4133502860775588	0.03873367126674678	ISG15
Organelle Organization (GO:0006996)	1/418	0.9377139578056198	0.938613012415213	0	0	0.35882678472606533	0.02307626732989598	CIDEC
Protein Ubiquitination (GO:0016567)	1/434	0.9440586874889524	0.9440586874889524	0	0	0.3452833540593356	0.01987690813529632	ISG15
