Term	Overlap	P-value	Adjusted P-value	Old P-value	Old Adjusted P-value	Odds Ratio	Combined Score	Genes
Metal Ion Transport (GO:0030001)	17/180	7.828160258838919e-9	1.4568206241699227e-5	0	0	6.521079125373604	121.71945227051344	KCNG1;RYR1;KCNF1;SLC12A3;KCNH5;TRPC3;CHRNA4;ATP1A4;SLC4A11;SLC5A12;CACNG7;CDH23;KCNN1;SLC17A7;CACNA1S;SCN4B;KCNK3
Skeletal System Development (GO:0001501)	15/160	6.636880049678537e-8	6.175616886225878e-5	0	0	6.432901383703053	106.32324342791692	PTGER4;GDF10;UCMA;COL11A2;IHH;STC1;HOXA11;COL1A1;VCAN;COL1A2;COL2A1;EPYC;COL10A1;COL9A2;MATN3
Extracellular Matrix Organization (GO:0030198)	15/182	3.601306149295959e-7	2.2340102479465932e-4	0	0	5.579160151035508	82.7768780401208	COL11A1;COL11A2;LOXL3;COL1A1;ADAMTS5;COL1A2;COL2A1;P4HA1;COL5A2;COL8A2;COL9A1;MATN1;COL10A1;COL9A2;MATN3
Modulation of Chemical Synaptic Transmission (GO:0050804)	12/117	5.258768476124372e-7	2.325818396326125e-4	0	0	7.053988283010365	101.9879647990936	GRM3;SLC8A3;MEF2C;NLGN1;GRM6;LRRK2;ADIPOQ;CASK;EIF4EBP2;DLGAP3;CPLX4;SLC8A2
Collagen Fibril Organization (GO:0030199)	8/45	6.248840398511889e-7	2.325818396326125e-4	0	0	13.224888439841711	188.92678535533173	COL1A1;COL1A2;COL2A1;P4HA1;COL11A1;COL11A2;COL5A2;LOXL3
External Encapsulating Structure Organization (GO:0045229)	11/111	2.211820208804152e-6	5.88028201226361e-4	0	0	6.769842767295597	88.15482607221827	ADAMTS5;COL1A2;COL2A1;COL11A1;COL5A2;COL8A2;COL9A1;MATN1;COL10A1;COL9A2;MATN3
Extracellular Structure Organization (GO:0043062)	11/111	2.211820208804152e-6	5.88028201226361e-4	0	0	6.769842767295597	88.15482607221827	ADAMTS5;COL1A2;COL2A1;COL11A1;COL5A2;COL8A2;COL9A1;MATN1;COL10A1;COL9A2;MATN3
Regulation of Carbohydrate Metabolic Process (GO:0006109)	5/15	3.064480658804357e-6	7.128748132543635e-4	0	0	30.34104938271605	385.1988109710359	PDK4;GNB3;FOXK1;MLYCD;PDK2
Cartilage Development (GO:0051216)	8/57	4.035752679888004e-6	8.345039708079529e-4	0	0	9.98003687456291	123.95522899778852	MEF2C;COL2A1;SNX19;EPYC;COL11A2;IHH;RUNX2;HOXA11
Regulation of Glucose Metabolic Process (GO:0010906)	6/28	5.254750339963323e-6	9.262181157201714e-4	0	0	16.590768364762173	201.6836526111468	PDK4;GNB3;FOXK1;IRS2;MLYCD;PDK2
Monoatomic Ion Transport (GO:0006811)	10/100	5.91458786274158e-6	9.262181157201714e-4	0	0	6.820271682340648	82.10303574013015	SLC8A3;PANX2;SLC12A3;SLC32A1;CHRNA4;ATP1A4;SLC5A12;SLC17A7;SLC1A7;SLC8A2
Sensory Perception of Light Stimulus (GO:0050953)	10/101	6.4700889330264525e-6	9.262181157201714e-4	0	0	6.744979158772262	80.59117413149073	COL1A1;COL2A1;PRPH2;COL11A1;ROM1;GUCA1B;PCDH15;CDH23;CABP1;ARR3
Visual Perception (GO:0007601)	10/101	6.4700889330264525e-6	9.262181157201714e-4	0	0	6.744979158772262	80.59117413149073	COL1A1;COL2A1;PRPH2;GRM6;COL11A1;ROM1;GUCA1B;CABP1;REEP6;ARR3
Glucan Biosynthetic Process (GO:0009250)	4/9	8.487824898539468e-6	0.00105305614241213	0	0	48.40861538461539	565.261485643423	PER2;NR1D1;GYG2;GYG1
Glycogen Biosynthetic Process (GO:0005978)	4/9	8.487824898539468e-6	0.00105305614241213	0	0	48.40861538461539	565.261485643423	PER2;NR1D1;GYG2;GYG1
Negative Regulation of Multicellular Organismal Process (GO:0051241)	15/243	1.3007234184715297e-5	0.00144827241901305	0	0	4.073709353000336	45.8292500990433	PTGER4;GDF10;PTPRU;MEF2C;PTCH1;SRF;ARRDC3;ADIPOQ;STC1;NR1D1;HOXC10;SPRED3;ADAMTS5;RGCC;SPRY1
Regulation of Small Molecule Metabolic Process (GO:0062012)	6/33	1.4414387951723595e-5	0.00144827241901305	0	0	13.514963880288958	150.65513639178238	ADIPOQ;PDK4;GNB3;FOXK1;MLYCD;PDK2
Inorganic Cation Transmembrane Transport (GO:0098662)	17/307	1.4469940841434052e-5	0.00144827241901305	0	0	3.6414345711759504	40.578097118380846	KCNG1;KCNF1;SLC12A3;KCNH5;TRPC3;AQP8;ATP1A4;SLC4A11;SLC8A2;SLC8A3;KCNV2;KCNN1;CACNA1S;RHCG;ASIC2;SCN4B;KCNK3
Glycogen Metabolic Process (GO:0005977)	5/20	1.4786231037747484e-5	0.00144827241901305	0	0	20.22222222222222	224.90779716479835	PER2;PHKG1;NR1D1;GYG2;GYG1
Positive Regulation of Cell Differentiation (GO:0045597)	16/297	3.600996818643536e-5	0.00335072753974781	0	0	3.527338464861915	36.09072104773654	CRB2;GDF10;MEF2C;LAMA2;SRF;TMEM64;FOXN1;RUNX2;HOXA11;COL1A1;GPRC5B;RGCC;MYF6;SP7;AGXT;BCL9L
Monoatomic Cation Transmembrane Transport (GO:0098655)	15/304	1.6671892560667754e-4	0.01477447240733461	0	0	3.20377757697309	27.870305882199492	KCNG1;KCNF1;SLC12A3;KCNH5;TRPC3;ATP1A4;SLC4A11;SLC8A2;SLC8A3;KCNV2;KCNN1;CACNA1S;ASIC2;SCN4B;KCNK3
Water Transport (GO:0006833)	4/18	1.833337611177266e-4	0.0150472382689362	0	0	17.28087912087912	148.68817875530988	AQP8;AQP6;AQP4;CFTR
Sodium Ion Transport (GO:0006814)	8/96	1.8596801729475155e-4	0.0150472382689362	0	0	5.5460209572359105	47.63996424022316	SLC8A3;SLC12A3;ATP1A4;SLC5A12;SLC4A11;ASIC2;SCN4B;SLC8A2
Regulation of Synaptic Transmission, Glutamatergic (GO:0051966)	6/52	2.038100997363675e-4	0.0158037748170575	0	0	7.925023556333288	67.34940109865718	GRM3;CACNG7;MEF2C;NLGN1;GRM6;LRRK2
Regulation of Cytosolic Calcium Ion Concentration (GO:0051480)	5/36	2.897748669649741e-4	0.02157084109687267	0	0	9.776981282357626	79.64726149597836	RYR1;TRPC3;CDH23;TMEM64;SLC8A2
Cellular Response to Alcohol (GO:0097306)	6/56	3.0763155182493004e-4	0.02201931992100749	0	0	7.28953560371517	58.94761511703557	PTGER4;PTCH1;ADCY1;ADCY7;CFTR;NFE2L1
Entrainment of Circadian Clock by Photoperiod (GO:0043153)	4/21	3.44880744912319e-4	0.02377122467710465	0	0	14.229140271493211	113.43914385231712	PER2;PER1;PER3;USP2
Chemical Synaptic Transmission (GO:0007268)	13/260	3.958986586594678e-4	0.02581139583466992	0	0	3.235176548967355	25.34551281122346	SLC32A1;CHRNA4;SH2D3C;GABRR3;GRM3;KCNN1;CHRNA10;UTS2;SNCG;SLC17A7;NPTX2;DRD4;KCNK3
Inorganic Anion Transmembrane Transport (GO:0098661)	7/82	4.043968197565741e-4	0.02581139583466992	0	0	5.68	44.378487150529104	GABRR3;SLC12A3;SLC25A3;AQP6;SLC1A7;CFTR;CLCN1
Photoperiodism (GO:0009648)	4/22	4.160891322085426e-4	0.02581139583466992	0	0	13.437948717948718	104.60920422066911	PER2;PER1;PER3;USP2
Muscle Cell Fate Commitment (GO:0042693)	3/10	4.857927447265171e-4	0.02916323541729188	0	0	25.851007887817705	197.23617102015228	MEF2C;MYL2;MYF6
Cellular Response to Metal Ion (GO:0071248)	8/112	5.317187831067361e-4	0.03092277048005112	0	0	4.68895279175653	35.35187103879694	RYR1;SLC13A2;MEF2C;NLGN1;LRRK2;DPEP1;ADCY1;ADCY7
Positive Regulation of Behavior (GO:0048520)	3/11	6.598446292086917e-4	0.03721123802901137	0	0	22.618481595092025	165.64658931292314	MEF2C;NLGN1;UCMA
Regulation of Epithelial to Mesenchymal Transition (GO:0010717)	7/91	7.593313919678448e-4	0.04076529543994674	0	0	5.069099378881988	36.4117071280795	SPRED3;CRB2;COL1A1;RGCC;SPRY1;AGXT;BCL9L
Regulation of Postsynaptic Membrane Potential (GO:0060078)	4/26	8.074443437873145e-4	0.04076529543994674	0	0	10.992447552447551	78.28421493717735	MEF2C;CHRNA4;LRRK2;DRD4
Chemical Synaptic Transmission, Postsynaptic (GO:0099565)	4/26	8.074443437873145e-4	0.04076529543994674	0	0	10.992447552447551	78.28421493717735	MEF2C;CHRNA4;LRRK2;DRD4
Glucose Homeostasis (GO:0042593)	7/92	8.104867981074849e-4	0.04076529543994674	0	0	5.009207161125319	35.6549129541454	ADIPOQ;PDK4;FOXK1;NR1D1;PCK1;PDK2;FOXO1
Epithelial Cell-Cell Adhesion (GO:0090136)	3/12	8.691056516287449e-4	0.04256330572844984	0	0	20.104294478527606	141.695989501582	PLEKHA7;THBS4;VCL
Skin Development (GO:0043588)	6/69	9.501607931986708e-4	0.04533972400365965	0	0	5.781512605042017	40.23284857315099	RYR1;COL1A1;COL1A2;COL5A2;TXNIP;DHCR24
Response to Calcium Ion (GO:0051592)	7/95	9.804511413768163e-4	0.04561548935255637	0	0	4.837697628458498	33.51313940673805	RYR1;MEF2C;NLGN1;TRPC3;ANXA11;DPEP1;ADCY1
Negative Regulation of Cold-Induced Thermogenesis (GO:0120163)	5/47	0.00101732861175385	0.04617679381643718	0	0	7.212301587301587	49.69690569777209	ADAMTS5;ADIPOQ;ARRDC3;NR1D1;HOXC10
Calcium Ion Transport (GO:0006816)	8/126	0.00115263554703138	0.05092036542418456	0	0	4.129679497333544	27.940189831809864	RYR1;SLC8A3;CACNG7;TRPC3;CHRNA4;CDH23;CACNA1S;SLC8A2
Anterograde Trans-Synaptic Signaling (GO:0098916)	10/189	0.00119120612589385	0.05092036542418456	0	0	3.413600462338663	22.983051417874957	GABRR3;GRM3;CHRNA4;UTS2;KCNN1;CHRNA10;SNCG;NPTX2;DRD4;KCNK3
Potassium Ion Transport (GO:0006813)	8/127	0.00121291079586407	0.05092036542418456	0	0	4.094766878714102	27.495262978499863	KCNG1;KCNF1;KCNV2;KCNH5;ATP1A4;KCNN1;SLC17A7;KCNK3
Positive Regulation of Epithelial to Mesenchymal Transition (GO:0010718)	5/49	0.00123128234502327	0.05092036542418456	0	0	6.8837682379349046	46.11917583906823	CRB2;COL1A1;RGCC;AGXT;BCL9L
Epithelium Development (GO:0060429)	9/159	0.00130106979883215	0.05263675860057918	0	0	3.6601875	24.320366313128964	VIL1;DHRS9;PTCH1;ANXA4;IHH;LOXL3;RHCG;VCL;CTSB
Calcium Ion Transmembrane Import Into Cytosol (GO:0097553)	6/74	0.00137116750463244	0.05429239842810612	0	0	5.355035512657075	35.30089055883458	ERO1A;RYR1;SLC8A3;CACNA1S;JPH1;SLC8A2
Regulation of Cell Morphogenesis (GO:0022604)	4/30	0.00140556130911668	0.05449478325554493	0	0	9.299408284023668	61.07217650640133	VIL1;ZRANB1;CAPZB;BCL9L
Modulation of Excitatory Postsynaptic Potential (GO:0098815)	4/31	0.0015930985869674	0.06050523408870093	0	0	8.954529914529914	57.68574758934524	SLC8A3;NLGN1;LRRK2;SLC8A2
Potassium Ion Transmembrane Transport (GO:0071805)	8/134	0.00170858138214657	0.06359339904349559	0	0	3.8658952677644263	24.63383974360095	KCNG1;KCNF1;SLC12A3;KCNV2;KCNH5;ATP1A4;KCNN1;KCNK3
Regulation of Focal Adhesion Assembly (GO:0051893)	5/53	0.00175653387316161	0.06409626545007396	0	0	6.30883487654321	40.025852756318606	SLC48A1;DUSP22;TSC1;APOD;VCL
Steroid Metabolic Process (GO:0008202)	7/106	0.0018555326608032	0.0664066592645146	0	0	4.297760210803689	27.031121603364923	CYP24A1;RDH8;DHRS9;MSMO1;DHCR24;CYP46A1;FDFT1
Regulation of Metabolic Process (GO:0019222)	5/55	0.00207326940337091	0.07144959349694813	0	0	6.055864197530864	37.41693509732646	LRRK2;PDK4;GNB3;S1PR4;PDK2
Striated Muscle Contraction (GO:0006941)	5/55	0.00207326940337091	0.07144959349694813	0	0	6.055864197530864	37.41693509732646	RYR1;MYL2;TNNI2;RCSD1;SCN4B
Negative Regulation of Cell Motility (GO:2000146)	8/139	0.00215163550712848	0.07144959349694813	0	0	3.717390787377232	22.830455983308	DUSP22;PTPRU;SERPINB1;RAP2A;ADIPOQ;DPEP1;STC1;VCL
Nitrogen Compound Transport (GO:0071705)	9/172	0.00223344138744981	0.07144959349694813	0	0	3.3660276073619633	20.54694496868527	SLC48A1;SLC32A1;AQP8;ARRDC2;ARRDC3;TXNIP;SLC16A10;PRICKLE1;RHCG
Intracellular Calcium Ion Homeostasis (GO:0006874)	8/140	0.00225019150011443	0.07144959349694813	0	0	3.6890399320305862	22.491117150033563	RYR1;SLC8A3;TRPC3;CDH23;STC1;TMEM64;DRD4;SLC8A2
Negative Regulation of Blood Vessel Endothelial Cell Migration (GO:0043537)	4/34	0.00225897723496456	0.07144959349694813	0	0	8.057846153846153	49.09519249266907	SLC48A1;MEF2C;RGCC;TBXA2R
Glucose Metabolic Process (GO:0006006)	5/57	0.00242976134985365	0.07144959349694813	0	0	5.822352801519468	35.05034399208299	PER2;IRS2;APOD;PCK1;PDK2
Aromatic Amino Acid Family Catabolic Process (GO:0009074)	3/17	0.00252745554316138	0.07144959349694813	0	0	12.920902716914988	77.27400391509727	HAL;UROC1;HPD
Regulation of Circadian Sleep/Wake Cycle (GO:0042749)	2/5	0.00261073205684711	0.07144959349694813	0	0	40.09785932721712	238.50706409004965	PER3;NR1D1
Renal Filtration Cell Differentiation (GO:0061318)	2/5	0.00261073205684711	0.07144959349694813	0	0	40.09785932721712	238.50706409004965	PTPRU;KLF15
Glomerular Epithelial Cell Differentiation (GO:0072311)	2/5	0.00261073205684711	0.07144959349694813	0	0	40.09785932721712	238.50706409004965	PTPRU;KLF15
Negative Regulation of T-helper 17 Cell Lineage Commitment (GO:2000329)	2/5	0.00261073205684711	0.07144959349694813	0	0	40.09785932721712	238.50706409004965	TBX21;LOXL3
Negative Regulation of Cell Fate Commitment (GO:0010454)	2/5	0.00261073205684711	0.07144959349694813	0	0	40.09785932721712	238.50706409004965	TBX21;LOXL3
Negative Regulation of Lens Fiber Cell Differentiation (GO:1902747)	2/5	0.00261073205684711	0.07144959349694813	0	0	40.09785932721712	238.50706409004965	SPRED3;SPRY1
Neurotransmitter Loading Into Synaptic Vesicle (GO:0098700)	2/5	0.00261073205684711	0.07144959349694813	0	0	40.09785932721712	238.50706409004965	SLC32A1;SLC17A7
Regulation of acyl-CoA Biosynthetic Process (GO:0050812)	2/5	0.00261073205684711	0.07144959349694813	0	0	40.09785932721712	238.50706409004965	PDK4;PDK2
Regulation of Signal Transduction (GO:0009966)	10/211	0.00268276768368163	0.07235696607726835	0	0	3.0365414307771488	17.979077286344797	SLC8A3;GRK1;GRK7;PTCH1;ADIPOQ;LRIT3;GUCA1B;SAMSN1;KAZALD1;SLC8A2
Cellular Response to Calcium Ion (GO:0071277)	5/59	0.00282880004705053	0.07520566982230072	0	0	5.60613854595336	32.89627533595711	RYR1;MEF2C;NLGN1;DPEP1;ADCY1
Fluid Transport (GO:0042044)	3/18	0.00299628196305696	0.0785363483556199	0	0	12.058895705521472	70.0668038673224	AQP8;SLC4A11;AQP4
Negative Regulation of Endothelial Cell Migration (GO:0010596)	4/37	0.00309521407622583	0.07979129479025858	0	0	7.324195804195805	42.31845780352455	SLC48A1;MEF2C;RGCC;STC1
Sodium Ion Transmembrane Transport (GO:0035725)	6/87	0.0031299110798973	0.07979129479025858	0	0	4.492604059167527	25.907727530301425	SLC8A3;SLC12A3;ATP1A4;ASIC2;SCN4B;SLC8A2
Positive Regulation of Neutrophil Chemotaxis (GO:0090023)	3/19	0.00351510720983937	0.08840019618258209	0	0	11.304639570552148	63.87896011766756	CAMK1D;DAPK2;THBS4
Chloride Transport (GO:0006821)	6/90	0.00370455648809968	0.08899688856197388	0	0	4.3314904909332155	24.2485142610089	GABRR3;SLC12A3;SLC17A7;SLC1A7;CFTR;CLCN1
Negative Regulation of Metabolic Process (GO:0009892)	5/63	0.00376571966896335	0.08899688856197388	0	0	5.218444018731375	29.128395826266892	ADAMTS5;ADIPOQ;ARRDC3;NR1D1;HOXC10
L-histidine Catabolic Process (GO:0006548)	2/6	0.00387358837910794	0.08899688856197388	0	0	30.071865443425075	167.00632921034034	HAL;UROC1
L-histidine Metabolic Process (GO:0006547)	2/6	0.00387358837910794	0.08899688856197388	0	0	30.071865443425075	167.00632921034034	HAL;UROC1
Regulation of Lens Fiber Cell Differentiation (GO:1902746)	2/6	0.00387358837910794	0.08899688856197388	0	0	30.071865443425075	167.00632921034034	SPRED3;SPRY1
Imidazole-Containing Compound Catabolic Process (GO:0052805)	2/6	0.00387358837910794	0.08899688856197388	0	0	30.071865443425075	167.00632921034034	HAL;UROC1
Regulation of acetyl-CoA Biosynthetic Process From Pyruvate (GO:0010510)	2/6	0.00387358837910794	0.08899688856197388	0	0	30.071865443425075	167.00632921034034	PDK4;PDK2
Regulation of Cardiac Conduction (GO:1903779)	3/20	0.00408551033061979	0.09257628197232431	0	0	10.639119451461566	58.51844054018509	SLC8A3;AGXT;SLC8A2
Sensory Perception of Mechanical Stimulus (GO:0050954)	6/92	0.00412887232869581	0.09257628197232431	0	0	4.230326157390741	23.223437054847967	COL1A1;COL2A1;COL11A1;COL11A2;PCDH15;CDH23
Chloride Transmembrane Transport (GO:1902476)	5/65	0.00430919259753226	0.09434596969420636	0	0	5.043981481481482	27.474590961304624	GABRR3;SLC12A3;SLC1A7;CFTR;CLCN1
Positive Regulation of Cell Junction Assembly (GO:1901890)	5/65	0.00430919259753226	0.09434596969420636	0	0	5.043981481481482	27.474590961304624	SLC48A1;NLGN1;IL1RAPL1;TSC1;AGXT
Positive Regulation of Granulocyte Chemotaxis (GO:0071624)	3/21	0.0047089509723639	0.1018656983982938	0	0	10.047546012269938	53.83766652025562	CAMK1D;DAPK2;THBS4
Skeletal Muscle Tissue Development (GO:0007519)	4/42	0.0049194333515043	0.1018656983982938	0	0	6.358866396761133	33.79458925472619	RYR1;EGR2;MEF2C;MYF6
Sensory Perception of Sound (GO:0007605)	6/96	0.00508385752977736	0.1018656983982938	0	0	4.041486068111455	21.345856138755767	COL1A1;COL2A1;COL11A1;COL11A2;PCDH15;CDH23
Negative Regulation of MAPK Cascade (GO:0043409)	7/127	0.00508637047775881	0.1018656983982938	0	0	3.5418478260869564	18.705174054877453	SPRED3;PER1;ADIPOQ;SPRY1;DUSP29;AGXT;FOXO1
Regulation of Anatomical Structure Morphogenesis (GO:0022603)	7/127	0.00508637047775881	0.1018656983982938	0	0	3.5418478260869564	18.705174054877453	CRB2;MEF2C;ZRANB1;RAP2A;CAPZB;LRRK2;BCL9L
Action Potential (GO:0001508)	5/68	0.00522597120481382	0.1018656983982938	0	0	4.803057025279248	25.235812146266063	KCNG1;KCNF1;KCNV2;CHRNA4;SCN4B
Inorganic Cation Import Across Plasma Membrane (GO:0098659)	6/97	0.00534596876012738	0.1018656983982938	0	0	3.9968700030619537	20.90927571439829	SLC8A3;SLC12A3;AQP8;ATP1A4;CACNA1S;SLC8A2
Cellular Response to Nitric Oxide (GO:0071732)	2/7	0.00536423344601439	0.1018656983982938	0	0	24.056269113149845	125.76621807152328	DPEP1;FOXO1
Cellular Response to Reactive Nitrogen Species (GO:1902170)	2/7	0.00536423344601439	0.1018656983982938	0	0	24.056269113149845	125.76621807152328	DPEP1;FOXO1
Embryonic Skeletal Joint Morphogenesis (GO:0060272)	2/7	0.00536423344601439	0.1018656983982938	0	0	24.056269113149845	125.76621807152328	HOXD11;HOXA11
Lactate Metabolic Process (GO:0006089)	2/7	0.00536423344601439	0.1018656983982938	0	0	24.056269113149845	125.76621807152328	PER2;LDHB
Negative Regulation of Circadian Rhythm (GO:0042754)	2/7	0.00536423344601439	0.1018656983982938	0	0	24.056269113149845	125.76621807152328	PER2;PASD1
Regulation of Cardiac Muscle Hypertrophy in Response to Stress (GO:1903242)	2/7	0.00536423344601439	0.1018656983982938	0	0	24.056269113149845	125.76621807152328	TRPC3;FOXO1
Cellular Response to Ketone (GO:1901655)	4/45	0.00630158729407986	0.11727253954282628	0	0	5.892682926829268	29.85795171151427	PTGER4;ADCY1;PCK1;CFTR
Synaptic Vesicle Cycle (GO:0099504)	4/45	0.00630158729407986	0.11727253954282628	0	0	5.892682926829268	29.85795171151427	NLGN1;SLC32A1;SLC17A7;CPLX4
Positive Regulation of DNA-templated Transcription (GO:0045893)	33/1274	0.00664697660669545	0.12079217053629164	0	0	1.655677635734042	8.300894091712822	ZNF395;HLF;SRF;IHH;GLIS3;FOXK1;HOXC13;FHL5;EPX;ABRA;HOXC10;FOXO1;HOXA11;TBX21;TNNI2;BCL9L;MEF2C;EGR2;MEF2B;EGF;LMO7;NR1D1;KLF15;RUNX2;ESR2;COL1A1;PER1;RGCC;MYF6;SP7;AGXT;PFKM;NFE2L1
Monoatomic Anion Transmembrane Transport (GO:0098656)	5/72	0.00665225628866027	0.12079217053629164	0	0	4.515386032798968	22.63472344925501	GABRR3;SLC12A3;SLC1A7;CFTR;CLCN1
Neurotransmitter Transport (GO:0006836)	4/46	0.00681399202354365	0.12079217053629164	0	0	5.752087912087912	28.695884627542448	SLC32A1;SH2D3C;SLC17A7;SLC1A7
Secondary Alcohol Biosynthetic Process (GO:1902653)	3/24	0.0069103940192405	0.12079217053629164	0	0	8.610867659947415	42.83672980156824	DHCR24;MSMO1;FDFT1
Regulation of Nervous System Process (GO:0031644)	2/8	0.00707487726408156	0.12079217053629164	0	0	20.045871559633028	99.25122317255348	SLC8A3;SLC8A2
Regulation of Opsin-Mediated Signaling Pathway (GO:0022400)	2/8	0.00707487726408156	0.12079217053629164	0	0	20.045871559633028	99.25122317255348	GRK1;GRK7
Skin Morphogenesis (GO:0043589)	2/8	0.00707487726408156	0.12079217053629164	0	0	20.045871559633028	99.25122317255348	COL1A1;COL1A2
Embryonic Skeletal Joint Development (GO:0072498)	2/8	0.00707487726408156	0.12079217053629164	0	0	20.045871559633028	99.25122317255348	HOXD11;HOXA11
Presynaptic Membrane Assembly (GO:0097105)	2/8	0.00707487726408156	0.12079217053629164	0	0	20.045871559633028	99.25122317255348	NLGN1;IL1RAPL1
Regulation of Trans-Synaptic Signaling (GO:0099177)	4/47	0.00735321803906686	0.1232823312675986	0	0	5.618032200357781	27.599241803767143	NLGN1;EIF4EBP2;DLGAP3;CPLX4
Intracellular Glucose Homeostasis (GO:0001678)	4/47	0.00735321803906686	0.1232823312675986	0	0	5.618032200357781	27.599241803767143	FOXK1;NR1D1;PCK1;FOXO1
Cholesterol Biosynthetic Process (GO:0006695)	3/25	0.00775834295398192	0.12385545691988456	0	0	8.21904629113218	39.93623500803849	MSMO1;DHCR24;FDFT1
Steroid Biosynthetic Process (GO:0006694)	3/25	0.00775834295398192	0.12385545691988456	0	0	8.21904629113218	39.93623500803849	RDH8;MSMO1;FDFT1
Positive Regulation of Neutrophil Migration (GO:1902624)	3/25	0.00775834295398192	0.12385545691988456	0	0	8.21904629113218	39.93623500803849	CAMK1D;DAPK2;THBS4
Regulation of Cell Junction Assembly (GO:1901888)	3/25	0.00775834295398192	0.12385545691988456	0	0	8.21904629113218	39.93623500803849	MEF2C;RAP2A;F11R
Positive Regulation of Multicellular Organismal Process (GO:0051240)	14/407	0.00781450465720356	0.12385545691988456	0	0	2.180152671755726	10.577607396362987	CRB2;PTGER4;UCMA;EGF;ELOVL3;ADIPOQ;TMEM64;COL1A1;PER2;RGCC;TBXA2R;CACNA1S;AGXT;BCL9L
Regulation of Fat Cell Differentiation (GO:0045598)	5/75	0.00788655983008802	0.12385545691988456	0	0	4.321208112874779	20.925861906181225	ADIPOQ;GNB3;NR1D1;TMEM64;FOXO1
Positive Regulation of Protein Serine/Threonine Kinase Activity (GO:0071902)	5/75	0.00788655983008802	0.12385545691988456	0	0	4.321208112874779	20.925861906181225	RGCC;LRRK2;ADIPOQ;DRD4;SLC8A2
Hexose Metabolic Process (GO:0019318)	4/48	0.00791982771277069	0.12385545691988456	0	0	5.4900699300699305	26.56307653795842	IRS2;APOD;PCK1;PDK2
Carboxylic Acid Transport (GO:0046942)	4/49	0.00851436665937904	0.12880872996605722	0	0	5.367794871794872	25.582912221799333	SLC32A1;SLC5A12;SLC16A10;SLC1A7
Regulation of Neutrophil Chemotaxis (GO:0090022)	3/26	0.00866498469079667	0.12880872996605722	0	0	7.861296345692184	37.329091515961295	CAMK1D;DAPK2;THBS4
Calcium Ion Import Across Plasma Membrane (GO:0098703)	3/26	0.00866498469079667	0.12880872996605722	0	0	7.861296345692184	37.329091515961295	SLC8A3;CACNA1S;SLC8A2
Cellular Response to Xenobiotic Stimulus (GO:0071466)	3/26	0.00866498469079667	0.12880872996605722	0	0	7.861296345692184	37.329091515961295	MEF2C;RAP2A;ADIPOQ
Negative Regulation of Macroautophagy (GO:0016242)	3/26	0.00866498469079667	0.12880872996605722	0	0	7.861296345692184	37.329091515961295	PPTC7;LRRK2;TSC1
Regulation of Actin Filament Bundle Assembly (GO:0032231)	3/26	0.00866498469079667	0.12880872996605722	0	0	7.861296345692184	37.329091515961295	PTGER4;VIL1;TSC1
Collagen Biosynthetic Process (GO:0032964)	2/9	0.00899792310348599	0.12880872996605722	0	0	17.181301878549586	80.93701531581212	COL1A1;PCOLCE
Somite Development (GO:0061053)	2/9	0.00899792310348599	0.12880872996605722	0	0	17.181301878549586	80.93701531581212	PTCH1;LOXL3
Positive Regulation of Skeletal Muscle Tissue Development (GO:0048643)	2/9	0.00899792310348599	0.12880872996605722	0	0	17.181301878549586	80.93701531581212	MEF2C;MYF6
Presynaptic Membrane Organization (GO:0097090)	2/9	0.00899792310348599	0.12880872996605722	0	0	17.181301878549586	80.93701531581212	NLGN1;IL1RAPL1
Progesterone Metabolic Process (GO:0042448)	2/9	0.00899792310348599	0.12880872996605722	0	0	17.181301878549586	80.93701531581212	DHRS9;CYP46A1
Regulation of Tumor Necrosis Factor-Mediated Signaling Pathway (GO:0010803)	4/50	0.00913736342690348	0.1298063613547129	0	0	5.250836120401337	24.65468875825799	ADIPOQ;MAPKAPK2;ULK1;BIRC7
Cellular Response to Decreased Oxygen Levels (GO:0036294)	5/78	0.00927160350582003	0.1307155615479628	0	0	4.142990021985455	19.392503288380688	SLC8A3;EGLN3;RGCC;TSC1;NDRG1
Calcium Ion Import Into Cytosol (GO:1902656)	3/27	0.00963114964028362	0.13395545352247787	0	0	7.533358895705521	34.9755221961655	SLC8A3;CACNA1S;SLC8A2
Regulation of Lipid Metabolic Process (GO:0019216)	4/51	0.00978932922034228	0.13395545352247787	0	0	5.1388543371522095	23.774716069833733	GNB3;IRS2;NR1D1;PCK1
Insulin Receptor Signaling Pathway (GO:0008286)	4/51	0.00978932922034228	0.13395545352247787	0	0	5.1388543371522095	23.774716069833733	PDK4;IRS2;PDK2;FOXO1
Myofibril Assembly (GO:0030239)	4/51	0.00978932922034228	0.13395545352247787	0	0	5.1388543371522095	23.774716069833733	MYBPC1;MYL2;ANKRD1;MYBPH
Regulation of Striated Muscle Contraction (GO:0006942)	3/28	0.01065757677757045	0.14372282886274354	0	0	7.231656441717791	32.842453507947	SLC8A3;MYL2;MYBPH
Sterol Biosynthetic Process (GO:0016126)	3/28	0.01065757677757045	0.14372282886274354	0	0	7.231656441717791	32.842453507947	MSMO1;DHCR24;FDFT1
Supramolecular Fiber Organization (GO:0097435)	12/339	0.01076811410322553	0.14416877946836484	0	0	2.2393424594101816	10.146832212056037	COL1A1;COL1A2;COL2A1;P4HA1;PRPH2;COL11A1;COL11A2;COL5A2;CORO6;LOXL3;KLHL24;VIM
Self Proteolysis (GO:0097264)	2/10	0.01112596328894556	0.1458128005685049	0	0	15.032874617737004	67.62499361239374	DHH;IHH
Embryonic Appendage Morphogenesis (GO:0035113)	2/10	0.01112596328894556	0.1458128005685049	0	0	15.032874617737004	67.62499361239374	PTCH1;HOXA11
Negative Regulation of T-helper 17 Cell Differentiation (GO:2000320)	2/10	0.01112596328894556	0.1458128005685049	0	0	15.032874617737004	67.62499361239374	TBX21;LOXL3
Negative Regulation of Cell Migration (GO:0030336)	8/184	0.01137599041188281	0.14720524086082198	0	0	2.760549419427924	12.356910025425517	DUSP22;PTPRU;SERPINB1;RAP2A;ADIPOQ;DPEP1;STC1;VCL
Regulation of Cold-Induced Thermogenesis (GO:0120161)	7/148	0.01139041089949401	0.14720524086082198	0	0	3.011100832562442	13.47462632187968	PER2;ADAMTS5;ADIPOQ;ARRDC3;ELOVL3;NR1D1;HOXC10
Maintenance of Blood-Brain Barrier (GO:0035633)	3/29	0.01174491719213591	0.15073993720389617	0	0	6.95316186880604	30.902178647337585	LAMA2;F11R;VCL
Regulation of Muscle Contraction (GO:0006937)	3/30	0.01289373752984227	0.16104191639621787	0	0	6.695296523517382	29.13132588366083	MYL2;MYBPH;CACNA1S
Regulation of Vasoconstriction (GO:0019229)	3/30	0.01289373752984227	0.16104191639621787	0	0	6.695296523517382	29.13132588366083	PER2;TBXA2R;AGXT
Dorsal/Ventral Pattern Formation (GO:0009953)	3/30	0.01289373752984227	0.16104191639621787	0	0	6.695296523517382	29.13132588366083	PTCH1;HOXD11;HOXA11
Negative Regulation of Cell-Matrix Adhesion (GO:0001953)	3/30	0.01289373752984227	0.16104191639621787	0	0	6.695296523517382	29.13132588366083	DUSP22;CASK;APOD
Carnitine Metabolic Process (GO:0009437)	2/11	0.01345177507535568	0.1615080865499156	0	0	13.361875637104994	57.57156804215818	CPT1B;CRAT
Cellular Hyperosmotic Response (GO:0071474)	2/11	0.01345177507535568	0.1615080865499156	0	0	13.361875637104994	57.57156804215818	EPX;RCSD1
Response to Nitric Oxide (GO:0071731)	2/11	0.01345177507535568	0.1615080865499156	0	0	13.361875637104994	57.57156804215818	DPEP1;FOXO1
Podocyte Differentiation (GO:0072112)	2/11	0.01345177507535568	0.1615080865499156	0	0	13.361875637104994	57.57156804215818	PTPRU;KLF15
Positive Regulation of Fatty Acid Oxidation (GO:0046321)	2/11	0.01345177507535568	0.1615080865499156	0	0	13.361875637104994	57.57156804215818	IRS2;MLYCD
Positive Regulation of Integrin-Mediated Signaling Pathway (GO:2001046)	2/11	0.01345177507535568	0.1615080865499156	0	0	13.361875637104994	57.57156804215818	LAMA2;LOXL3
MAPK Cascade (GO:0000165)	6/119	0.01394180840993744	0.16631862468521524	0	0	3.21510178361051	13.737689947380863	PTGER4;MEF2C;EGF;LRRK2;MAPKAPK2;SH2D3C
Regulation of Dendritic Spine Morphogenesis (GO:0061001)	3/31	0.01410452333628249	0.16718801228548869	0	0	6.455850131463628	27.510054182007124	NLGN1;LRRK2;IL1RAPL1
Positive Regulation of Biosynthetic Process (GO:0009891)	5/87	0.01441267063828102	0.16975936745468978	0	0	3.686577838000602	15.629790712971085	RGCC;PPTC7;VIM;PCK1;FOXO1
Muscle Organ Development (GO:0007517)	4/58	0.01520342420922818	0.17480610123685414	0	0	4.471111111111111	18.717120031891124	MEF2C;MEF2B;LAMA2;MKX
Chondrocyte Differentiation (GO:0002062)	3/32	0.01537768229531233	0.17480610123685414	0	0	6.232917283689444	26.021420065635017	MEF2C;SNX19;RUNX2
Negative Regulation of DNA-templated Transcription (GO:0045892)	26/1006	0.01563927334917476	0.17480610123685414	0	0	1.6365797804270223	6.8048496394326685	SRF;BHLHE41;LOXL3;GLIS3;FOXK1;PRICKLE1;EPX;HOXB13;FOXO1;TBX21;MEF2C;MTERF3;PTCH1;ADIPOQ;USP2;PASD1;NR1D1;TBX6;RUNX2;ESR2;PER2;DUSP22;PER1;PER3;NMNAT1;NFE2L1
Cellular Response to Lipid (GO:0071396)	9/234	0.01574463518347819	0.17480610123685414	0	0	2.43075	10.090664537563278	MEF2C;PDK4;ANKRD1;ATP1A4;NR1D1;ADCY1;VIM;CFTR;ESR2
Regulation of Ketone Metabolic Process (GO:0010565)	2/12	0.01596831660949231	0.17480610123685414	0	0	12.025076452599388	49.74952979640107	PDK4;PDK2
Adult Locomotory Behavior (GO:0008344)	2/12	0.01596831660949231	0.17480610123685414	0	0	12.025076452599388	49.74952979640107	TSC1;DRD4
Cellular Response to Cholesterol (GO:0071397)	2/12	0.01596831660949231	0.17480610123685414	0	0	12.025076452599388	49.74952979640107	PTCH1;NFE2L1
Detection of Light Stimulus Involved in Sensory Perception (GO:0050962)	2/12	0.01596831660949231	0.17480610123685414	0	0	12.025076452599388	49.74952979640107	GRM6;REEP6
Detection of Light Stimulus Involved in Visual Perception (GO:0050908)	2/12	0.01596831660949231	0.17480610123685414	0	0	12.025076452599388	49.74952979640107	GRM6;REEP6
Endochondral Bone Morphogenesis (GO:0060350)	2/12	0.01596831660949231	0.17480610123685414	0	0	12.025076452599388	49.74952979640107	MEF2C;HOXA11
Tyrosine Metabolic Process (GO:0006570)	2/12	0.01596831660949231	0.17480610123685414	0	0	12.025076452599388	49.74952979640107	TTC36;HPD
Hyperosmotic Response (GO:0006972)	2/12	0.01596831660949231	0.17480610123685414	0	0	12.025076452599388	49.74952979640107	EPX;RCSD1
Response to Light Stimulus (GO:0009416)	4/59	0.01610339872308969	0.17525394750684165	0	0	4.389594405594406	18.12342784819449	OPN4;OPN1SW;CPT1B;DDB2
Embryonic Skeletal System Morphogenesis (GO:0048704)	3/33	0.01671354738248182	0.17979139698727553	0	0	6.024846625766871	24.65087486303074	COL2A1;HOXD11;HOXA11
Negative Regulation of Developmental Growth (GO:0048640)	3/33	0.01671354738248182	0.17979139698727553	0	0	6.024846625766871	24.65087486303074	MAG;PTCH1;ULK1
Protein Localization to Membrane (GO:0072657)	8/199	0.01749600974130184	0.1867875990414264	0	0	2.541795110175988	10.283550019866032	RAP2A;NLGN1;PRPH2;PTCH1;ADIPOQ;F11R;CYP46A1;NKD2
Regulation of Osteoblast Differentiation (GO:0045667)	5/92	0.01796263617599352	0.1867875990414264	0	0	3.473818646232439	13.962880120590263	GDF10;MEF2C;PTCH1;TMEM64;RUNX2
JNK Cascade (GO:0007254)	3/34	0.01811237991761918	0.1867875990414264	0	0	5.830199881258658	23.385862230418205	PTGER4;LRRK2;SH2D3C
Calcium Ion Import (GO:0070509)	3/34	0.01811237991761918	0.1867875990414264	0	0	5.830199881258658	23.385862230418205	SLC8A3;CACNA1S;SLC8A2
Cardiac Muscle Contraction (GO:0060048)	3/34	0.01811237991761918	0.1867875990414264	0	0	5.830199881258658	23.385862230418205	MYL2;TNNI2;SCN4B
Cellular Response to Osmotic Stress (GO:0071470)	3/34	0.01811237991761918	0.1867875990414264	0	0	5.830199881258658	23.385862230418205	SLC4A11;EPX;RCSD1
Sarcomere Organization (GO:0045214)	3/34	0.01811237991761918	0.1867875990414264	0	0	5.830199881258658	23.385862230418205	MYBPC1;ANKRD1;MYBPH
L-amino Acid Catabolic Process (GO:0170035)	2/13	0.01866872295631666	0.1867875990414264	0	0	10.93133166527662	43.51660080388817	HAL;UROC1
Regulation of Vascular Associated Smooth Muscle Cell Migration (GO:1904752)	2/13	0.01866872295631666	0.1867875990414264	0	0	10.93133166527662	43.51660080388817	MEF2C;ADIPOQ
Nucleotide Metabolic Process (GO:0009117)	2/13	0.01866872295631666	0.1867875990414264	0	0	10.93133166527662	43.51660080388817	NMNAT1;GUK1
Positive Regulation of Calcium Ion Import (GO:0090280)	2/13	0.01866872295631666	0.1867875990414264	0	0	10.93133166527662	43.51660080388817	GRM6;STC1
Regulation of T-helper 17 Cell Lineage Commitment (GO:2000328)	2/13	0.01866872295631666	0.1867875990414264	0	0	10.93133166527662	43.51660080388817	TBX21;LOXL3
Regulation of Actomyosin Structure Organization (GO:0110020)	2/13	0.01866872295631666	0.1867875990414264	0	0	10.93133166527662	43.51660080388817	PTGER4;TSC1
Cellular Response to Light Stimulus (GO:0071482)	4/62	0.01900117770062107	0.1890972818227584	0	0	4.161909814323607	16.4947070406363	GRK1;OPN4;OPN1SW;DDB2
Smoothened Signaling Pathway (GO:0007224)	3/35	0.01957437251737322	0.19376546412144452	0	0	5.647718558282208	22.215493496252005	DHH;PTCH1;IHH
Fatty Acid Metabolic Process (GO:0006631)	6/130	0.02066572118102375	0.20348628104701164	0	0	2.9282432837311494	11.359472481151045	PER2;ADIPOQ;MSMO1;MLYCD;CPT1B;CRAT
Positive Regulation of Transcription by RNA Polymerase II (GO:0045944)	25/983	0.02095854065421738	0.20354146413510357	0	0	1.6063653719371498	6.208937968767068	ZNF395;HLF;SRF;IHH;GLIS3;FHL5;ABRA;HOXC10;FOXO1;TBX21;BCL9L;MEF2C;EGR2;MEF2B;LMO7;NR1D1;KLF15;RUNX2;ESR2;PER1;RGCC;MYF6;SP7;PFKM;NFE2L1
Embryonic Limb Morphogenesis (GO:0030326)	3/36	0.02109965198495454	0.20354146413510357	0	0	5.476296709425544	21.13028391068957	PTCH1;IHH;HOXA11
Regulation of Synapse Assembly (GO:0051963)	4/64	0.02110097243763554	0.20354146413510357	0	0	4.022769230769231	15.521598233045388	MEF2C;RAP2A;NLGN1;IL1RAPL1
B Cell Activation (GO:0042113)	5/96	0.02118596014115946	0.20354146413510357	0	0	3.320444987111654	12.798378191996006	MEF2C;CHRNA4;AQP8;CTPS1;RAG2
G Protein-Coupled Glutamate Receptor Signaling Pathway (GO:0007216)	2/14	0.02154630222171703	0.20354146413510357	0	0	10.01987767584098	38.451792274102026	GRM3;GRM6
Negative Regulation of Cell-Substrate Junction Organization (GO:0150118)	2/14	0.02154630222171703	0.20354146413510357	0	0	10.01987767584098	38.451792274102026	DUSP22;APOD
Negative Regulation of Focal Adhesion Assembly (GO:0051895)	2/14	0.02154630222171703	0.20354146413510357	0	0	10.01987767584098	38.451792274102026	DUSP22;APOD
Regulation of AMPA Receptor Activity (GO:2000311)	2/14	0.02154630222171703	0.20354146413510357	0	0	10.01987767584098	38.451792274102026	CACNG7;NLGN1
Muscle Contraction (GO:0006936)	5/97	0.02204683060282451	0.20451159999024615	0	0	3.2841854535695116	12.527809245917956	RYR1;CKMT2;UTS2;CACNA1S;CLCN1
Circulatory System Development (GO:0072359)	6/132	0.02208857151963433	0.20451159999024615	0	0	2.881468376824414	10.986159871338597	CRB2;MEF2C;PDLIM3;MEF2B;MYL2;SRF
Epithelial Cell Differentiation (GO:0030855)	6/132	0.02208857151963433	0.20451159999024615	0	0	2.881468376824414	10.986159871338597	VIL1;DHRS9;ANXA4;RHCG;PCK1;CTSB
Protein Localization to Plasma Membrane (GO:0072659)	6/132	0.02208857151963433	0.20451159999024615	0	0	2.881468376824414	10.986159871338597	RAP2A;PRPH2;PTCH1;ADIPOQ;F11R;NKD2
Fat Cell Differentiation (GO:0045444)	4/65	0.02220207469981514	0.20454485651661375	0	0	3.956620428751577	15.065107423972565	PER2;EGR2;ADIPOQ;FOXO1
Regulation of Sodium Ion Transport (GO:0002028)	3/37	0.02268828208381315	0.2059653315023233	0	0	5.314958498736918	20.12193696687157	PER1;ATP1A4;SCN4B
Intrinsic Apoptotic Signaling Pathway by P53 Class Mediator (GO:0072332)	3/37	0.02268828208381315	0.2059653315023233	0	0	5.314958498736918	20.12193696687157	DDIT4;ZNF385B;PDK2
Muscle Cell Differentiation (GO:0042692)	3/37	0.02268828208381315	0.2059653315023233	0	0	5.314958498736918	20.12193696687157	MEF2C;MYF6;DUSP29
Cellular Response to Transforming Growth Factor Beta Stimulus (GO:0071560)	5/98	0.02293011102673874	0.20715017777068348	0	0	3.248705694942254	12.264852709946714	DUSP22;GDF10;MEF2C;COL1A2;ANKRD1
Intracellular Monoatomic Cation Homeostasis (GO:0030003)	8/210	0.02328326978507162	0.20899736801667668	0	0	2.4020233799080843	9.031656456461198	ANKRD9;SLC8A3;ATP1A4;STC1;CYBRD1;SLC4A11;DRD4;SLC8A2
Negative Regulation of RNA Biosynthetic Process (GO:1902679)	14/470	0.02430208144729823	0.20899736801667668	0	0	1.8728070175438596	6.961585652928018	MTERF3;ADIPOQ;BHLHE41;LOXL3;PASD1;FOXK1;NR1D1;PRICKLE1;RUNX2;FOXO1;PER2;PER1;NMNAT1;TBX21
Regulation of Synapse Organization (GO:0050807)	3/38	0.02434026624921767	0.20899736801667668	0	0	5.162839614373357	19.18316692128552	MEF2C;RAP2A;IL1RAPL1
Heart Looping (GO:0001947)	3/38	0.02434026624921767	0.20899736801667668	0	0	5.162839614373357	19.18316692128552	MEF2C;SRF;IHH
Regulation of Fatty Acid Oxidation (GO:0046320)	2/15	0.02459453175478355	0.20899736801667668	0	0	9.248647377087744	34.26837633053729	PDK4;MLYCD
L-glutamate Transmembrane Transport (GO:0015813)	2/15	0.02459453175478355	0.20899736801667668	0	0	9.248647377087744	34.26837633053729	SLC17A7;SLC1A7
Regulation of Phosphate Metabolic Process (GO:0019220)	2/15	0.02459453175478355	0.20899736801667668	0	0	9.248647377087744	34.26837633053729	GNB3;SMG7
Canonical Glycolysis (GO:0061621)	2/15	0.02459453175478355	0.20899736801667668	0	0	9.248647377087744	34.26837633053729	FOXK1;PFKM
Renal Water Homeostasis (GO:0003091)	2/15	0.02459453175478355	0.20899736801667668	0	0	9.248647377087744	34.26837633053729	AQP6;AQP4
Glucose Catabolic Process to Pyruvate (GO:0061718)	2/15	0.02459453175478355	0.20899736801667668	0	0	9.248647377087744	34.26837633053729	FOXK1;PFKM
Negative Regulation of Epithelial Cell Differentiation (GO:0030857)	2/15	0.02459453175478355	0.20899736801667668	0	0	9.248647377087744	34.26837633053729	SPRED3;SPRY1
Neuromuscular Process Controlling Balance (GO:0050885)	2/15	0.02459453175478355	0.20899736801667668	0	0	9.248647377087744	34.26837633053729	PCDH15;CDH23
Proteinogenic Amino Acid Catabolic Process (GO:0170040)	2/15	0.02459453175478355	0.20899736801667668	0	0	9.248647377087744	34.26837633053729	HAL;UROC1
Regulation of Transcription by RNA Polymerase II (GO:0006357)	49/2250	0.02485953115265051	0.21028903397764823	0	0	1.3890277146751475	5.131782411296854	ZNF292;BHLHE41;IHH;HOXC13;FHL5;EPX;ABRA;HOXC10;HOXA11;FOXQ1;ANKRD1;MEF2C;MEF2B;ANXA4;USP2;LMO7;KLF15;RUNX2;DUSP22;AHRR;ZNF395;HLF;SRF;GLIS3;FOXK1;HOXD11;HOXB13;HOXD10;FOXO1;TBX21;BCL9L;BHLHA9;EGR2;PTCH1;PASD1;NR1D1;TBX6;FOXN1;ESR2;PER2;PER1;PER3;RGCC;MYF6;HBP1;MKX;SP7;PFKM;NFE2L1
Protein Localization to Cell Periphery (GO:1990778)	6/136	0.02512938427289178	0.2116098829495548	0	0	2.7922362467254107	10.2858093290716	RAP2A;PRPH2;PTCH1;ADIPOQ;F11R;NKD2
Cholesterol Metabolic Process (GO:0008203)	4/68	0.02571299811567694	0.2145824640954027	0	0	3.770576923076923	13.803172092979471	MSMO1;DHCR24;CYP46A1;FDFT1
Regulation of Cell Communication (GO:0010646)	4/68	0.02571299811567694	0.2145824640954027	0	0	3.770576923076923	13.803172092979471	GRK1;GRK7;GUCA1B;KAZALD1
Cellular Response to Oxygen-Containing Compound (GO:1901701)	12/384	0.02583458724594051	0.21463467350310397	0	0	1.963875038160171	7.180007842830158	MEF2C;AQP8;LRRK2;PDK4;ANKRD1;DPEP1;NR1D1;VIM;PDK2;CFTR;FOXO1;ESR2
Regulation of Canonical Wnt Signaling Pathway (GO:0060828)	8/216	0.02695199134909385	0.21948779469191612	0	0	2.332015336688234	8.427199377025042	COL1A1;PTPRU;GPRC5B;EGF;LRRK2;PRICKLE1;TMEM64;NKD2
C21-steroid Hormone Metabolic Process (GO:0008207)	2/16	0.02780705440328759	0.21948779469191612	0	0	8.587592835299258	30.764755360746953	DHRS9;CYP46A1
Regulation of Establishment of Endothelial Barrier (GO:1903140)	2/16	0.02780705440328759	0.21948779469191612	0	0	8.587592835299258	30.764755360746953	F11R;VCL
L-glutamate Import (GO:0051938)	2/16	0.02780705440328759	0.21948779469191612	0	0	8.587592835299258	30.764755360746953	SLC17A7;SLC1A7
Cellular Response to Alkaloid (GO:0071312)	2/16	0.02780705440328759	0.21948779469191612	0	0	8.587592835299258	30.764755360746953	RYR1;CACNA1S
Glycolytic Process Through Glucose-6-Phosphate (GO:0061620)	2/16	0.02780705440328759	0.21948779469191612	0	0	8.587592835299258	30.764755360746953	FOXK1;PFKM
Negative Regulation of Synaptic Transmission (GO:0050805)	2/16	0.02780705440328759	0.21948779469191612	0	0	8.587592835299258	30.764755360746953	ADIPOQ;PMCH
One-Carbon Compound Transport (GO:0019755)	2/16	0.02780705440328759	0.21948779469191612	0	0	8.587592835299258	30.764755360746953	AQP8;AQP6
Positive Regulation of Collagen Biosynthetic Process (GO:0032967)	2/16	0.02780705440328759	0.21948779469191612	0	0	8.587592835299258	30.764755360746953	RGCC;VIM
Positive Regulation of Muscle Contraction (GO:0045933)	2/16	0.02780705440328759	0.21948779469191612	0	0	8.587592835299258	30.764755360746953	SRF;CACNA1S
Presynapse Assembly (GO:0099054)	2/16	0.02780705440328759	0.21948779469191612	0	0	8.587592835299258	30.764755360746953	NLGN1;IL1RAPL1
Negative Regulation of Sequestering of Calcium Ion (GO:0051283)	3/40	0.0278340244746331	0.21948779469191612	0	0	4.883269772840325	17.48941166951841	ERO1A;RYR1;CACNA1S
Regulation of Heart Contraction (GO:0008016)	4/70	0.02822859885697001	0.22072866585218992	0	0	3.655944055944056	13.042286741507578	SLC8A3;AGXT;SCN4B;SLC8A2
Peptidyl-Serine Phosphorylation (GO:0018105)	4/70	0.02822859885697001	0.22072866585218992	0	0	3.655944055944056	13.042286741507578	LRRK2;MAPKAPK2;ULK1;PCK1
Regulation of Monoatomic Ion Transmembrane Transporter Activity (GO:0032412)	3/41	0.02967552692844598	0.22726813009809865	0	0	4.7545205037132705	16.723705331542707	CACNG7;NLGN1;SCN4B
Regulation of Neurotransmitter Secretion (GO:0046928)	3/41	0.02967552692844598	0.22726813009809865	0	0	4.7545205037132705	16.723705331542707	MEF2C;LRRK2;CASK
Connective Tissue Development (GO:0061448)	3/41	0.02967552692844598	0.22726813009809865	0	0	4.7545205037132705	16.723705331542707	COL2A1;COL11A2;IHH
Heart Contraction (GO:0060047)	3/41	0.02967552692844598	0.22726813009809865	0	0	4.7545205037132705	16.723705331542707	MYL2;TNNI2;SCN4B
Odontogenesis (GO:0042476)	3/41	0.02967552692844598	0.22726813009809865	0	0	4.7545205037132705	16.723705331542707	COL1A1;COL1A2;AQP6
B Cell Proliferation (GO:0042100)	2/17	0.03117767486606125	0.23395827792637097	0	0	8.014678899082568	27.795331115516433	MEF2C;CTPS1
Cellular Response to Sterol (GO:0036315)	2/17	0.03117767486606125	0.23395827792637097	0	0	8.014678899082568	27.795331115516433	PTCH1;NFE2L1
Modified Amino Acid Catabolic Process (GO:0042219)	2/17	0.03117767486606125	0.23395827792637097	0	0	8.014678899082568	27.795331115516433	DPEP1;GGACT
Negative Regulation of Intracellular Protein Transport (GO:0090317)	2/17	0.03117767486606125	0.23395827792637097	0	0	8.014678899082568	27.795331115516433	APOD;CABP1
Positive Regulation of Collagen Metabolic Process (GO:0010714)	2/17	0.03117767486606125	0.23395827792637097	0	0	8.014678899082568	27.795331115516433	RGCC;VIM
Determination of Heart Left/Right Asymmetry (GO:0061371)	3/42	0.03157984506061444	0.23414379146535252	0	0	4.632373761208117	16.00594540241122	MEF2C;SRF;IHH
Embryonic Heart Tube Morphogenesis (GO:0003143)	3/42	0.03157984506061444	0.23414379146535252	0	0	4.632373761208117	16.00594540241122	MEF2C;SRF;IHH
Heterophilic Cell-Cell Adhesion via Plasma Membrane Cell Adhesion Molecules (GO:0007157)	3/42	0.03157984506061444	0.23414379146535252	0	0	4.632373761208117	16.00594540241122	CRB2;IGSF21;NLGN1
Synapse Organization (GO:0050808)	6/144	0.03202062439203101	0.2364697698157528	0	0	2.6292906178489703	9.048375188100142	SLC8A3;NLGN1;LRRK2;IL1RAPL1;SNCG;SLC8A2
Regulation of MAP Kinase Activity (GO:0043405)	4/73	0.03226762540901704	0.23735197978727557	0	0	3.4964548494983276	12.005745061641724	LRRK2;ADIPOQ;AGXT;DRD4
Cellular Response to Insulin Stimulus (GO:0032869)	5/108	0.0330326830363244	0.2420229257110225	0	0	2.9317991130288865	9.998190830160311	PDK4;IRS2;PCK1;PDK2;FOXO1
Regulation of Peptidyl-Tyrosine Phosphorylation (GO:0050730)	3/43	0.03354671839145435	0.2446112226323924	0	0	4.516334355828221	15.332125184024916	SLC48A1;SAMSN1;THBS4
Regulation of Integrin-Mediated Signaling Pathway (GO:2001044)	2/18	0.03470035613914648	0.2446112226323924	0	0	7.513379204892966	25.2525075442342	LAMA2;LOXL3
Regulation of Neurotransmitter Transport (GO:0051588)	2/18	0.03470035613914648	0.2446112226323924	0	0	7.513379204892966	25.2525075442342	MEF2C;CASK
Branching Involved in Ureteric Bud Morphogenesis (GO:0001658)	2/18	0.03470035613914648	0.2446112226323924	0	0	7.513379204892966	25.2525075442342	HOXD11;HOXA11
Synaptic Transmission, Cholinergic (GO:0007271)	2/18	0.03470035613914648	0.2446112226323924	0	0	7.513379204892966	25.2525075442342	CHRNA4;CHRNA10
Ureteric Bud Morphogenesis (GO:0060675)	2/18	0.03470035613914648	0.2446112226323924	0	0	7.513379204892966	25.2525075442342	HOXD11;HOXA11
Intracellular Monoatomic Ion Homeostasis (GO:0006873)	2/18	0.03470035613914648	0.2446112226323924	0	0	7.513379204892966	25.2525075442342	SLC4A11;RHCG
Phosphate Ion Transport (GO:0006817)	2/18	0.03470035613914648	0.2446112226323924	0	0	7.513379204892966	25.2525075442342	SLC25A3;SLC17A7
Positive Regulation of Focal Adhesion Assembly (GO:0051894)	2/18	0.03470035613914648	0.2446112226323924	0	0	7.513379204892966	25.2525075442342	SLC48A1;TSC1
Positive Regulation of Glucose Metabolic Process (GO:0010907)	2/18	0.03470035613914648	0.2446112226323924	0	0	7.513379204892966	25.2525075442342	IRS2;FOXO1
Regulation of Stress Fiber Assembly (GO:0051492)	4/75	0.03513872540094854	0.24583897733520765	0	0	3.3976164680390033	11.376753853193511	PTGER4;RGCC;TSC1;F11R
Peptidyl-Serine Modification (GO:0018209)	4/75	0.03513872540094854	0.24583897733520765	0	0	3.3976164680390033	11.376753853193511	LRRK2;MAPKAPK2;ULK1;PCK1
Bone Development (GO:0060348)	3/44	0.03557584064142318	0.247964941699208	0	0	4.405955409247344	14.698657195073284	PTGER4;EPYC;STC1
Regulation of Neuron Differentiation (GO:0045664)	4/76	0.03662804143510412	0.25340068814397315	0	0	3.35025641025641	11.079100861495744	MEF2C;GPRC5B;NLGN1;LRRK2
Positive Regulation of Protein Ubiquitination (GO:0031398)	4/76	0.03662804143510412	0.25340068814397315	0	0	3.35025641025641	11.079100861495744	LRRK2;ARRDC3;BIRC7;PRICKLE1
Cellular Response to Hypoxia (GO:0071456)	4/77	0.03815327030969192	0.2587141699771952	0	0	3.304193888303477	10.791972390614028	SLC8A3;EGLN3;RGCC;NDRG1
Skeletal Muscle Contraction (GO:0003009)	2/19	0.03836921596652653	0.2587141699771952	0	0	7.071055945313906	23.055176555122703	TNNI2;RCSD1
Heme Biosynthetic Process (GO:0006783)	2/19	0.03836921596652653	0.2587141699771952	0	0	7.071055945313906	23.055176555122703	SLC25A38;NFE2L1
Limb Morphogenesis (GO:0035108)	2/19	0.03836921596652653	0.2587141699771952	0	0	7.071055945313906	23.055176555122703	PTCH1;HOXA11
Negative Regulation of Endopeptidase Activity (GO:0010951)	2/19	0.03836921596652653	0.2587141699771952	0	0	7.071055945313906	23.055176555122703	CRB2;SERPINB1
Positive Regulation of Small Molecule Metabolic Process (GO:0062013)	2/19	0.03836921596652653	0.2587141699771952	0	0	7.071055945313906	23.055176555122703	PPTC7;IRS2
Regulation of Behavior (GO:0050795)	2/19	0.03836921596652653	0.2587141699771952	0	0	7.071055945313906	23.055176555122703	GNB3;NR1D1
Positive Regulation of Wnt Signaling Pathway (GO:0030177)	5/114	0.04023966263834774	0.27034661433200413	0	0	2.7695662022879146	8.898345169795968	COL1A1;ZRANB1;GPRC5B;EGF;LRRK2
Adenylate Cyclase-Activating G Protein-Coupled Receptor Signaling Pathway (GO:0007189)	6/153	0.04112263462062079	0.27445535719616504	0	0	2.4671763442218992	7.873244732599362	PTGER4;TBXA2R;ADCY1;RXFP1;ADCY7;S1PR4
Positive Regulation of RNA Biosynthetic Process (GO:1902680)	15/555	0.04209855361616388	0.27445535719616504	0	0	1.6924097664543525	5.361117320356956	MEF2C;EGR2;EGF;FOXK1;NR1D1;HOXC13;EPX;RUNX2;FOXO1;ESR2;HOXA11;COL1A1;TBX21;TNNI2;AGXT
Regulation of Collagen Biosynthetic Process (GO:0032965)	2/20	0.04217852345948587	0.27445535719616504	0	0	6.677879714576962	21.1411261633268	RGCC;VIM
Regulation of Endopeptidase Activity (GO:0052548)	2/20	0.04217852345948587	0.27445535719616504	0	0	6.677879714576962	21.1411261633268	CRB2;SERPINB1
Bicarbonate Transport (GO:0015701)	2/20	0.04217852345948587	0.27445535719616504	0	0	6.677879714576962	21.1411261633268	SLC4A11;CFTR
Response to Cholesterol (GO:0070723)	2/20	0.04217852345948587	0.27445535719616504	0	0	6.677879714576962	21.1411261633268	PTCH1;NFE2L1
Response to Fatty Acid (GO:0070542)	2/20	0.04217852345948587	0.27445535719616504	0	0	6.677879714576962	21.1411261633268	PDK4;FOXO1
Multicellular Organismal-Level Water Homeostasis (GO:0050891)	2/20	0.04217852345948587	0.27445535719616504	0	0	6.677879714576962	21.1411261633268	AQP4;CFTR
Regulation of Cell-Cell Adhesion Mediated by Cadherin (GO:2000047)	2/20	0.04217852345948587	0.27445535719616504	0	0	6.677879714576962	21.1411261633268	PTPRU;RGCC
Blood Circulation (GO:0008015)	3/48	0.04430721127325067	0.2853139106557768	0	0	4.013496932515338	12.50849597553914	MYL2;SERPING1;EPX
Positive Regulation of Osteoblast Differentiation (GO:0045669)	3/48	0.04430721127325067	0.2853139106557768	0	0	4.013496932515338	12.50849597553914	GDF10;MEF2C;RUNX2
Pyruvate Metabolic Process (GO:0006090)	3/48	0.04430721127325067	0.2853139106557768	0	0	4.013496932515338	12.50849597553914	LDHB;PCK1;PFKM
Regulation of Dendritic Spine Development (GO:0060998)	2/21	0.04612269569276302	0.2880346868598389	0	0	6.32609045549654	19.461901840578214	MEF2C;NLGN1
Regulation of Epithelial Cell Differentiation (GO:0030856)	2/21	0.04612269569276302	0.2880346868598389	0	0	6.32609045549654	19.461901840578214	FOXN1;NFE2L1
Regulation of Fibroblast Growth Factor Receptor Signaling Pathway (GO:0040036)	2/21	0.04612269569276302	0.2880346868598389	0	0	6.32609045549654	19.461901840578214	LRIT3;SPRY1
Regulation of Synaptic Vesicle Exocytosis (GO:2000300)	2/21	0.04612269569276302	0.2880346868598389	0	0	6.32609045549654	19.461901840578214	NLGN1;LRRK2
Excitatory Postsynaptic Potential (GO:0060079)	2/21	0.04612269569276302	0.2880346868598389	0	0	6.32609045549654	19.461901840578214	MEF2C;LRRK2
Negative Regulation of Cation Channel Activity (GO:2001258)	2/21	0.04612269569276302	0.2880346868598389	0	0	6.32609045549654	19.461901840578214	UCMA;EPX
Neuromuscular Synaptic Transmission (GO:0007274)	2/21	0.04612269569276302	0.2880346868598389	0	0	6.32609045549654	19.461901840578214	CHRNA4;SH2D3C
Porphyrin-Containing Compound Biosynthetic Process (GO:0006779)	2/21	0.04612269569276302	0.2880346868598389	0	0	6.32609045549654	19.461901840578214	SLC25A38;NFE2L1
Positive Regulation of Smoothened Signaling Pathway (GO:0045880)	2/21	0.04612269569276302	0.2880346868598389	0	0	6.32609045549654	19.461901840578214	DHH;IHH
Response to Insulin (GO:0032868)	4/82	0.04631865974008428	0.28829105610801614	0	0	3.091597633136095	9.498038342196576	IRS2;TSC1;PCK1;FOXO1
Regulation of Wound Healing (GO:0061041)	3/49	0.04664153035874332	0.28933295999207104	0	0	3.926046945852227	12.034370072260147	SLC48A1;VIL1;CASK
Neuron Development (GO:0048666)	6/159	0.04801392508891257	0.2968568591045392	0	0	2.369695865962484	7.195022732491634	PTPRU;MEF2C;NLGN1;SRF;CDH23;ULK1
Cognition (GO:0050890)	3/50	0.04903541645891017	0.29940802540964556	0	0	3.8423182352173346	11.585405806889046	CHRNA4;SOBP;SLC8A2
Negative Regulation of ERK1 and ERK2 Cascade (GO:0070373)	3/50	0.04903541645891017	0.29940802540964556	0	0	3.8423182352173346	11.585405806889046	SPRED3;SPRY1;DUSP29
Cellular Response to Oxidative Stress (GO:0034599)	5/121	0.0497662982781066	0.29940802540964556	0	0	2.6015059599829713	7.805603398498362	LRRK2;SLC4A11;PDK2;FOXO1;NFE2L1
Negative Regulation of Cell Growth (GO:0030308)	5/121	0.0497662982781066	0.29940802540964556	0	0	2.6015059599829713	7.805603398498362	SLC48A1;MAG;MYL2;ULK1;ESR2
Positive Regulation of Synaptic Transmission (GO:0050806)	4/84	0.04983611194235907	0.29940802540964556	0	0	3.014	9.039032470856496	SLC8A3;CACNG7;NLGN1;SLC8A2
Adenylate Cyclase-Modulating G Protein-Coupled Receptor Signaling Pathway (GO:0007188)	7/202	0.05009585116201239	0.29940802540964556	0	0	2.1712374581939797	6.50028779892716	PTGER4;TBXA2R;ADCY1;RXFP1;ADCY7;S1PR4;DRD4
ERK1 and ERK2 Cascade (GO:0070371)	2/22	0.05019629442654993	0.29940802540964556	0	0	6.009480122324159	17.97924719064537	PTGER4;EGF
Thioester Metabolic Process (GO:0035383)	2/22	0.05019629442654993	0.29940802540964556	0	0	6.009480122324159	17.97924719064537	ACOT9;MLYCD
Positive Regulation of Cholesterol Efflux (GO:0010875)	2/22	0.05019629442654993	0.29940802540964556	0	0	6.009480122324159	17.97924719064537	PTCH1;ADIPOQ
Positive Regulation of Synaptic Transmission, Glutamatergic (GO:0051968)	2/22	0.05019629442654993	0.29940802540964556	0	0	6.009480122324159	17.97924719064537	CACNG7;NLGN1
Regulation of Calcium Ion Import (GO:0090279)	2/22	0.05019629442654993	0.29940802540964556	0	0	6.009480122324159	17.97924719064537	EGF;STC1
Regulation of DNA-templated Transcription (GO:0006355)	45/2139	0.0505622804972294	0.30062748883496454	0	0	1.3300324871867306	3.9695476953826225	ZNF395;HLF;ZNF292;BHLHE41;LOXL3;GLIS3;FOXK1;HOXC13;PRICKLE1;HOXD11;EPX;HOXB13;HOXD10;HOXC10;FOXO1;HOXA11;FOXQ1;TBX21;ANKRD1;TNNI2;BHLHA9;MEF2C;EGR2;MTERF3;EGF;ANXA4;ADIPOQ;PASD1;NR1D1;TBX6;FOXN1;KLF15;RUNX2;ESR2;COL1A1;PER2;PER1;NMNAT1;MYF6;AHRR;HBP1;MKX;SP7;AGXT;NFE2L1
Response to Glucose (GO:0009749)	3/51	0.05148829998624044	0.30417031024275853	0	0	3.762078220858896	11.159831399551445	ADIPOQ;IRS2;PCK1
Inorganic Anion Transport (GO:0015698)	3/51	0.05148829998624044	0.30417031024275853	0	0	3.762078220858896	11.159831399551445	SLC4A11;SLC17A7;CLCN1
Actomyosin Structure Organization (GO:0031032)	4/85	0.05164847825723358	0.30417031024275853	0	0	2.9766381766381764	8.820655675558154	MYBPC1;ANKRD1;MYBPH;F11R
Sensory Perception (GO:0007600)	3/52	0.05399958113168125	0.3114685434004941	0	0	3.685113309127332	10.756031299755175	CHRNA4;PCDH15;CDH23
Signal Transduction by P53 Class Mediator (GO:0072331)	3/52	0.05399958113168125	0.3114685434004941	0	0	3.685113309127332	10.756031299755175	ZNF385B;NDRG1;PDK2
Regulation of Cell Development (GO:0060284)	3/52	0.05399958113168125	0.3114685434004941	0	0	3.685113309127332	10.756031299755175	PER2;BHLHE41;HOXA11
Regulation of Neurotransmitter Receptor Activity (GO:0099601)	2/23	0.05439402289369188	0.3114685434004941	0	0	5.723023154215815	16.662587661901092	CACNG7;NLGN1
Retinol Metabolic Process (GO:0042572)	2/23	0.05439402289369188	0.3114685434004941	0	0	5.723023154215815	16.662587661901092	RDH8;DHRS9
Negative Regulation of Cell Junction Assembly (GO:1901889)	2/23	0.05439402289369188	0.3114685434004941	0	0	5.723023154215815	16.662587661901092	DUSP22;APOD
Negative Regulation of Peptidase Activity (GO:0010466)	2/23	0.05439402289369188	0.3114685434004941	0	0	5.723023154215815	16.662587661901092	CRB2;SERPINB1
Positive Regulation of Cell-Substrate Junction Organization (GO:0150117)	2/23	0.05439402289369188	0.3114685434004941	0	0	5.723023154215815	16.662587661901092	SLC48A1;TSC1
Positive Regulation of Dendritic Spine Development (GO:0060999)	2/23	0.05439402289369188	0.3114685434004941	0	0	5.723023154215815	16.662587661901092	NLGN1;IL1RAPL1
Calcium Ion Transmembrane Transport (GO:0070588)	4/87	0.05538005165797437	0.3161419513358598	0	0	2.9046153846153846	8.40460868324762	SLC8A3;TRPC3;CACNA1S;SLC8A2
Regulation of Smoothened Signaling Pathway (GO:0008589)	3/53	0.05656863153724727	0.321939520767025	0	0	3.6112269938650305	10.372529679797593	DHH;PTCH1;IHH
Regulation of Extracellular Matrix Organization (GO:1903053)	2/24	0.05871072261456411	0.3261512083155338	0	0	5.462607728662775	15.487218895583483	LAMA2;AGXT
Myotube Differentiation (GO:0014902)	2/24	0.05871072261456411	0.3261512083155338	0	0	5.462607728662775	15.487218895583483	ADAMTS5;MEF2C
Negative Regulation of Receptor-Mediated Endocytosis (GO:0048261)	2/24	0.05871072261456411	0.3261512083155338	0	0	5.462607728662775	15.487218895583483	NEU3;ADIPOQ
Positive Regulation of Epidermal Growth Factor Receptor Signaling Pathway (GO:0045742)	2/24	0.05871072261456411	0.3261512083155338	0	0	5.462607728662775	15.487218895583483	NEU3;AGXT
Positive Regulation of Striated Muscle Cell Differentiation (GO:0051155)	2/24	0.05871072261456411	0.3261512083155338	0	0	5.462607728662775	15.487218895583483	MEF2C;MYF6
Potassium Ion Homeostasis (GO:0055075)	2/24	0.05871072261456411	0.3261512083155338	0	0	5.462607728662775	15.487218895583483	SLC12A3;ATP1A4
Protein Localization to Cell Surface (GO:0034394)	2/24	0.05871072261456411	0.3261512083155338	0	0	5.462607728662775	15.487218895583483	PTPRU;VCL
Regulation of Cholesterol Metabolic Process (GO:0090181)	2/24	0.05871072261456411	0.3261512083155338	0	0	5.462607728662775	15.487218895583483	AQP8;GNB3
Monocarboxylic Acid Metabolic Process (GO:0032787)	5/127	0.05890104887823332	0.32623467845950066	0	0	2.4728040882412468	7.00272494767871	PER2;LDHB;MSMO1;AGXT;CPT1B
Negative Regulation of Neuron Projection Development (GO:0010977)	3/54	0.05919479591131088	0.32624395081004093	0	0	3.540238181162035	10.007975952906577	PTPRU;MAG;NLGN1
Positive Regulation of Canonical Wnt Signaling Pathway (GO:0090263)	4/89	0.05925333442976562	0.32624395081004093	0	0	2.835981900452489	8.014295473037924	COL1A1;GPRC5B;EGF;LRRK2
Regulation of Cytokine Production Involved in Inflammatory Response (GO:1900015)	3/55	0.0618773935886983	0.32844188735616936	0	0	3.4719797074091554	9.661132034369862	PER1;APOD;ADCY7
Regulation of Muscle Cell Differentiation (GO:0051147)	2/25	0.06314137033967092	0.32844188735616936	0	0	5.224837122723042	14.432980831585397	LAMA2;SRF
Regulation of Protein Processing (GO:0070613)	2/25	0.06314137033967092	0.32844188735616936	0	0	5.224837122723042	14.432980831585397	LRRK2;NKD2
Response to Purine-Containing Compound (GO:0014074)	2/25	0.06314137033967092	0.32844188735616936	0	0	5.224837122723042	14.432980831585397	RYR1;TRPC3
Sodium Ion Homeostasis (GO:0055078)	2/25	0.06314137033967092	0.32844188735616936	0	0	5.224837122723042	14.432980831585397	SLC12A3;ATP1A4
Sulfur Compound Catabolic Process (GO:0044273)	2/25	0.06314137033967092	0.32844188735616936	0	0	5.224837122723042	14.432980831585397	DPEP1;MLYCD
Lamellipodium Assembly (GO:0030032)	2/25	0.06314137033967092	0.32844188735616936	0	0	5.224837122723042	14.432980831585397	PTPRU;VCL
Lymphocyte Proliferation (GO:0046651)	2/25	0.06314137033967092	0.32844188735616936	0	0	5.224837122723042	14.432980831585397	MEF2C;CTPS1
Negative Regulation of Axonogenesis (GO:0050771)	2/25	0.06314137033967092	0.32844188735616936	0	0	5.224837122723042	14.432980831585397	MAG;ULK1
Pigment Biosynthetic Process (GO:0046148)	2/25	0.06314137033967092	0.32844188735616936	0	0	5.224837122723042	14.432980831585397	SLC25A38;NFE2L1
Positive Regulation of Defense Response (GO:0031349)	5/130	0.06380413312161415	0.32844188735616936	0	0	2.4130864197530864	6.640662546572248	PTGER4;MEF2C;GPRC5B;UCMA;AGXT
Cell-Cell Adhesion via Plasma-Membrane Adhesion Molecules (GO:0098742)	6/171	0.06382337943332235	0.32844188735616936	0	0	2.196003377427526	6.04260130593258	CRB2;IGSF21;MAG;NLGN1;IL1RAPL1;CDH23
Memory (GO:0007613)	3/57	0.06740904839542214	0.32844188735616936	0	0	3.343047034764826	9.01611768944894	SLC8A3;EIF4EBP2;SLC8A2
Regulation of Blood Vessel Endothelial Cell Migration (GO:0043535)	3/57	0.06740904839542214	0.32844188735616936	0	0	3.343047034764826	9.01611768944894	SLC48A1;MEF2C;RGCC
Regulation of Insulin Secretion (GO:0050796)	4/93	0.06742051742540522	0.32844188735616936	0	0	2.7079688850475367	7.302866451449377	PER2;IRS2;NR1D1;FOXO1
NADH Metabolic Process (GO:0006734)	2/26	0.0676810749691051	0.32844188735616936	0	0	5.006880733944954	13.48327286688454	FOXK1;PFKM
Fat-Soluble Vitamin Metabolic Process (GO:0006775)	2/26	0.0676810749691051	0.32844188735616936	0	0	5.006880733944954	13.48327286688454	CYP24A1;RLBP1
Negative Regulation of DNA Biosynthetic Process (GO:2000279)	2/26	0.0676810749691051	0.32844188735616936	0	0	5.006880733944954	13.48327286688454	ADIPOQ;ANKRD1
Positive Regulation of ERBB Signaling Pathway (GO:1901186)	2/26	0.0676810749691051	0.32844188735616936	0	0	5.006880733944954	13.48327286688454	NEU3;AGXT
Positive Regulation of Nuclear Division (GO:0051785)	2/26	0.0676810749691051	0.32844188735616936	0	0	5.006880733944954	13.48327286688454	RGCC;EGF
Cellular Response to Peptide Hormone Stimulus (GO:0071375)	4/94	0.06954895672260719	0.32844188735616936	0	0	2.67774358974359	7.138126320009862	ADIPOQ;IRS2;PCK1;FOXO1
Positive Regulation of Phosphorylation (GO:0042327)	4/94	0.06954895672260719	0.32844188735616936	0	0	2.67774358974359	7.138126320009862	RAP2A;EGF;LRRK2;ADIPOQ
Negative Regulation of Cell Differentiation (GO:0045596)	7/220	0.07210200702500723	0.32844188735616936	0	0	1.9859154929577465	5.2223091432883155	SPRED3;PTCH1;ADIPOQ;COL5A2;SPRY1;TMEM64;FOXO1
Wnt Signaling Pathway, Planar Cell Polarity Pathway (GO:0060071)	2/27	0.0723250746312783	0.32844188735616936	0	0	4.806360856269113	12.624312427740405	PRICKLE2;PRICKLE1
Dicarboxylic Acid Transport (GO:0006835)	2/27	0.0723250746312783	0.32844188735616936	0	0	4.806360856269113	12.624312427740405	SLC13A2;SLC1A7
Gluconeogenesis (GO:0006094)	2/27	0.0723250746312783	0.32844188735616936	0	0	4.806360856269113	12.624312427740405	PER2;PCK1
Regulation of Cation Channel Activity (GO:2001257)	2/27	0.0723250746312783	0.32844188735616936	0	0	4.806360856269113	12.624312427740405	EPX;JPH1
Protein Homotetramerization (GO:0051289)	3/59	0.0731576994719743	0.32844188735616936	0	0	3.223323838737949	8.429436338252792	RYR1;AQP4;DNM1
Response to Reactive Oxygen Species (GO:0000302)	3/60	0.0761114688674486	0.32844188735616936	0	0	3.1666128511462706	8.155789734223127	LRRK2;APOD;PDK2
Neuron Migration (GO:0001764)	3/60	0.0761114688674486	0.32844188735616936	0	0	3.1666128511462706	8.155789734223127	MEF2C;DDIT4;SEPTIN14
Regulation of Insulin Secretion Involved in Cellular Response to Glucose Stimulus (GO:0061178)	2/28	0.07706873377040246	0.32844188735616936	0	0	4.621265584568337	11.844569919420811	NR1D1;CFTR
Regulation of Lipid Biosynthetic Process (GO:0046890)	2/28	0.07706873377040246	0.32844188735616936	0	0	4.621265584568337	11.844569919420811	PDK4;PCK1
Cellular Response to Epidermal Growth Factor Stimulus (GO:0071364)	2/28	0.07706873377040246	0.32844188735616936	0	0	4.621265584568337	11.844569919420811	DUSP22;VIL1
Glial Cell Differentiation (GO:0010001)	2/28	0.07706873377040246	0.32844188735616936	0	0	4.621265584568337	11.844569919420811	SLC8A3;EGR2
Long-Term Synaptic Potentiation (GO:0060291)	2/28	0.07706873377040246	0.32844188735616936	0	0	4.621265584568337	11.844569919420811	SLC8A3;SLC8A2
Positive Regulation of G Protein-Coupled Receptor Signaling Pathway (GO:0045745)	2/28	0.07706873377040246	0.32844188735616936	0	0	4.621265584568337	11.844569919420811	UCMA;LRRK2
Positive Regulation of Cholesterol Transport (GO:0032376)	2/28	0.07706873377040246	0.32844188735616936	0	0	4.621265584568337	11.844569919420811	PTCH1;ADIPOQ
Regulation of DNA Biosynthetic Process (GO:2000278)	2/28	0.07706873377040246	0.32844188735616936	0	0	4.621265584568337	11.844569919420811	RGCC;ANKRD1
Regulation of Circadian Sleep/Wake Cycle, Sleep (GO:0045187)	1/5	0.07959553530232799	0.32844188735616936	0	0	14.990091463414634	37.93688265566582	PER3
Regulation of Enamel Mineralization (GO:0070173)	1/5	0.07959553530232799	0.32844188735616936	0	0	14.990091463414634	37.93688265566582	CFTR
ERBB2-EGFR Signaling Pathway (GO:0038134)	1/5	0.07959553530232799	0.32844188735616936	0	0	14.990091463414634	37.93688265566582	EGF
Regulation of Fat Cell Proliferation (GO:0070344)	1/5	0.07959553530232799	0.32844188735616936	0	0	14.990091463414634	37.93688265566582	PER2
Regulation of Glomerular Filtration (GO:0003093)	1/5	0.07959553530232799	0.32844188735616936	0	0	14.990091463414634	37.93688265566582	PTPRU
Regulation of Hyaluronan Biosynthetic Process (GO:1900125)	1/5	0.07959553530232799	0.32844188735616936	0	0	14.990091463414634	37.93688265566582	EGF
Regulation of Long-Chain Fatty Acid Import Across Plasma Membrane (GO:0010746)	1/5	0.07959553530232799	0.32844188735616936	0	0	14.990091463414634	37.93688265566582	IRS2
Regulation of Macrophage Apoptotic Process (GO:2000109)	1/5	0.07959553530232799	0.32844188735616936	0	0	14.990091463414634	37.93688265566582	MEF2C
Regulation of Monoatomic Anion Transport (GO:0044070)	1/5	0.07959553530232799	0.32844188735616936	0	0	14.990091463414634	37.93688265566582	STC1
Regulation of Morphogenesis of a Branching Structure (GO:0060688)	1/5	0.07959553530232799	0.32844188735616936	0	0	14.990091463414634	37.93688265566582	LRRK2
Aromatic Amino Acid Metabolic Process (GO:0009072)	1/5	0.07959553530232799	0.32844188735616936	0	0	14.990091463414634	37.93688265566582	TTC36
Regulation of Peptidyl-Lysine Acetylation (GO:2000756)	1/5	0.07959553530232799	0.32844188735616936	0	0	14.990091463414634	37.93688265566582	KLF15
Regulation of Phospholipase C-activating G Protein-Coupled Receptor Signaling Pathway (GO:1900736)	1/5	0.07959553530232799	0.32844188735616936	0	0	14.990091463414634	37.93688265566582	UCMA
Behavioral Fear Response (GO:0001662)	1/5	0.07959553530232799	0.32844188735616936	0	0	14.990091463414634	37.93688265566582	DRD4
Behavioral Response to Nicotine (GO:0035095)	1/5	0.07959553530232799	0.32844188735616936	0	0	14.990091463414634	37.93688265566582	CHRNA4
Regulation of Renal Sodium Excretion (GO:0035813)	1/5	0.07959553530232799	0.32844188735616936	0	0	14.990091463414634	37.93688265566582	AGXT
Regulation of Retrograde Transport, Endosome to Golgi (GO:1905279)	1/5	0.07959553530232799	0.32844188735616936	0	0	14.990091463414634	37.93688265566582	LRRK2
Regulation of Synaptic Vesicle Fusion to Presynaptic Active Zone Membrane (GO:0031630)	1/5	0.07959553530232799	0.32844188735616936	0	0	14.990091463414634	37.93688265566582	CPLX4
Cell Surface Receptor Protein Tyrosine Phosphatase Signaling Pathway (GO:0007185)	1/5	0.07959553530232799	0.32844188735616936	0	0	14.990091463414634	37.93688265566582	PTPRU
Regulation of Synaptic Vesicle Membrane Organization (GO:1901632)	1/5	0.07959553530232799	0.32844188735616936	0	0	14.990091463414634	37.93688265566582	CPLX4
Regulation of Synaptic Vesicle Recycling (GO:1903421)	1/5	0.07959553530232799	0.32844188735616936	0	0	14.990091463414634	37.93688265566582	LRRK2
Cellular Response to Cold (GO:0070417)	1/5	0.07959553530232799	0.32844188735616936	0	0	14.990091463414634	37.93688265566582	FOXO1
Renal System Process Involved in Regulation of Blood Volume (GO:0001977)	1/5	0.07959553530232799	0.32844188735616936	0	0	14.990091463414634	37.93688265566582	PTPRU
Response to Cocaine (GO:0042220)	1/5	0.07959553530232799	0.32844188735616936	0	0	14.990091463414634	37.93688265566582	DRD4
Cholesterol Catabolic Process (GO:0006707)	1/5	0.07959553530232799	0.32844188735616936	0	0	14.990091463414634	37.93688265566582	CYP46A1
Response to Lithium Ion (GO:0010226)	1/5	0.07959553530232799	0.32844188735616936	0	0	14.990091463414634	37.93688265566582	SLC13A2
Response to Manganese Ion (GO:0010042)	1/5	0.07959553530232799	0.32844188735616936	0	0	14.990091463414634	37.93688265566582	LRRK2
Secondary Heart Field Specification (GO:0003139)	1/5	0.07959553530232799	0.32844188735616936	0	0	14.990091463414634	37.93688265566582	MEF2C
Short-Chain Fatty Acid Catabolic Process (GO:0019626)	1/5	0.07959553530232799	0.32844188735616936	0	0	14.990091463414634	37.93688265566582	PCK1
Sterol Catabolic Process (GO:0016127)	1/5	0.07959553530232799	0.32844188735616936	0	0	14.990091463414634	37.93688265566582	CYP46A1
Endothelial Cell Morphogenesis (GO:0001886)	1/5	0.07959553530232799	0.32844188735616936	0	0	14.990091463414634	37.93688265566582	STC1
Epithelial Fluid Transport (GO:0042045)	1/5	0.07959553530232799	0.32844188735616936	0	0	14.990091463414634	37.93688265566582	CFTR
Equilibrioception (GO:0050957)	1/5	0.07959553530232799	0.32844188735616936	0	0	14.990091463414634	37.93688265566582	PCDH15
Telencephalon Cell Migration (GO:0022029)	1/5	0.07959553530232799	0.32844188735616936	0	0	14.990091463414634	37.93688265566582	LRRK2
Erythropoietin-Mediated Signaling Pathway (GO:0038162)	1/5	0.07959553530232799	0.32844188735616936	0	0	14.990091463414634	37.93688265566582	EPX
Gamma-Aminobutyric Acid Import (GO:0051939)	1/5	0.07959553530232799	0.32844188735616936	0	0	14.990091463414634	37.93688265566582	SLC32A1
Ventricular Cardiac Muscle Cell Differentiation (GO:0055012)	1/5	0.07959553530232799	0.32844188735616936	0	0	14.990091463414634	37.93688265566582	MEF2C
Glial Cell Migration (GO:0008347)	1/5	0.07959553530232799	0.32844188735616936	0	0	14.990091463414634	37.93688265566582	VCAN
Glutathione Catabolic Process (GO:0006751)	1/5	0.07959553530232799	0.32844188735616936	0	0	14.990091463414634	37.93688265566582	DPEP1
Heart Field Specification (GO:0003128)	1/5	0.07959553530232799	0.32844188735616936	0	0	14.990091463414634	37.93688265566582	MEF2C
Intracellular Distribution of Mitochondria (GO:0048312)	1/5	0.07959553530232799	0.32844188735616936	0	0	14.990091463414634	37.93688265566582	LRRK2
Intracellular Water Homeostasis (GO:0009992)	1/5	0.07959553530232799	0.32844188735616936	0	0	14.990091463414634	37.93688265566582	AQP4
Mesodermal Cell Fate Commitment (GO:0001710)	1/5	0.07959553530232799	0.32844188735616936	0	0	14.990091463414634	37.93688265566582	HOXA11
Negative Regulation of T-helper 17 Type Immune Response (GO:2000317)	1/5	0.07959553530232799	0.32844188735616936	0	0	14.990091463414634	37.93688265566582	TBX21
Negative Regulation of Actin Filament Depolymerization (GO:0030835)	1/5	0.07959553530232799	0.32844188735616936	0	0	14.990091463414634	37.93688265566582	VIL1
Negative Regulation of Astrocyte Differentiation (GO:0048712)	1/5	0.07959553530232799	0.32844188735616936	0	0	14.990091463414634	37.93688265566582	NR1D1
Negative Regulation of Cardiac Muscle Adaptation (GO:0010616)	1/5	0.07959553530232799	0.32844188735616936	0	0	14.990091463414634	37.93688265566582	FOXO1
Negative Regulation of Cardiac Muscle Hypertrophy in Response to Stress (GO:1903243)	1/5	0.07959553530232799	0.32844188735616936	0	0	14.990091463414634	37.93688265566582	FOXO1
Negative Regulation of Cellular Extravasation (GO:0002692)	1/5	0.07959553530232799	0.32844188735616936	0	0	14.990091463414634	37.93688265566582	PTGER4
Negative Regulation of Collateral Sprouting (GO:0048671)	1/5	0.07959553530232799	0.32844188735616936	0	0	14.990091463414634	37.93688265566582	ULK1
Negative Regulation of Excitatory Postsynaptic Potential (GO:0090394)	1/5	0.07959553530232799	0.32844188735616936	0	0	14.990091463414634	37.93688265566582	LRRK2
Negative Regulation of Lamellipodium Organization (GO:1902744)	1/5	0.07959553530232799	0.32844188735616936	0	0	14.990091463414634	37.93688265566582	SLC48A1
Negative Regulation of Mitophagy (GO:1901525)	1/5	0.07959553530232799	0.32844188735616936	0	0	14.990091463414634	37.93688265566582	PPTC7
Negative Regulation of Myeloid Cell Apoptotic Process (GO:0033033)	1/5	0.07959553530232799	0.32844188735616936	0	0	14.990091463414634	37.93688265566582	EPX
Negative Regulation of Nuclear Receptor-Mediated Glucocorticoid Signaling Pathway (GO:2000323)	1/5	0.07959553530232799	0.32844188735616936	0	0	14.990091463414634	37.93688265566582	PER1
Nephron Tubule Development (GO:0072080)	1/5	0.07959553530232799	0.32844188735616936	0	0	14.990091463414634	37.93688265566582	MEF2C
Neurotransmitter Receptor Diffusion Trapping (GO:0099628)	1/5	0.07959553530232799	0.32844188735616936	0	0	14.990091463414634	37.93688265566582	CACNG7
Positive Regulation of CoA-transferase Activity (GO:1905920)	1/5	0.07959553530232799	0.32844188735616936	0	0	14.990091463414634	37.93688265566582	AGXT
Positive Regulation of T Cell Differentiation in Thymus (GO:0033089)	1/5	0.07959553530232799	0.32844188735616936	0	0	14.990091463414634	37.93688265566582	IHH
Positive Regulation of T-helper 1 Cell Cytokine Production (GO:2000556)	1/5	0.07959553530232799	0.32844188735616936	0	0	14.990091463414634	37.93688265566582	TBX21
Positive Regulation of Cardiac Muscle Cell Differentiation (GO:2000727)	1/5	0.07959553530232799	0.32844188735616936	0	0	14.990091463414634	37.93688265566582	MEF2C
Positive Regulation of Endothelial Cell Development (GO:1901552)	1/5	0.07959553530232799	0.32844188735616936	0	0	14.990091463414634	37.93688265566582	F11R
Positive Regulation of Establishment of Endothelial Barrier (GO:1903142)	1/5	0.07959553530232799	0.32844188735616936	0	0	14.990091463414634	37.93688265566582	F11R
Positive Regulation of Gap Junction Assembly (GO:1903598)	1/5	0.07959553530232799	0.32844188735616936	0	0	14.990091463414634	37.93688265566582	AGXT
Positive Regulation of Skeletal Muscle Cell Differentiation (GO:2001016)	1/5	0.07959553530232799	0.32844188735616936	0	0	14.990091463414634	37.93688265566582	MEF2C
Postsynaptic Density Protein 95 Clustering (GO:0097119)	1/5	0.07959553530232799	0.32844188735616936	0	0	14.990091463414634	37.93688265566582	NLGN1
Postsynaptic Membrane Assembly (GO:0097104)	1/5	0.07959553530232799	0.32844188735616936	0	0	14.990091463414634	37.93688265566582	NLGN1
Postsynaptic Neurotransmitter Receptor Diffusion Trapping (GO:0098970)	1/5	0.07959553530232799	0.32844188735616936	0	0	14.990091463414634	37.93688265566582	CACNG7
Protein Import (GO:0017038)	1/5	0.07959553530232799	0.32844188735616936	0	0	14.990091463414634	37.93688265566582	ZNF395
Protein Localization to Membrane Raft (GO:1903044)	1/5	0.07959553530232799	0.32844188735616936	0	0	14.990091463414634	37.93688265566582	CYP46A1
Pyrimidine-Containing Compound Biosynthetic Process (GO:0072528)	1/5	0.07959553530232799	0.32844188735616936	0	0	14.990091463414634	37.93688265566582	CTPS1
Regulation of T-helper 1 Cell Cytokine Production (GO:2000554)	1/5	0.07959553530232799	0.32844188735616936	0	0	14.990091463414634	37.93688265566582	TBX21
Regulation of Basement Membrane Organization (GO:0110011)	1/5	0.07959553530232799	0.32844188735616936	0	0	14.990091463414634	37.93688265566582	LAMA2
Regulation of Blood Vessel Remodeling (GO:0060312)	1/5	0.07959553530232799	0.32844188735616936	0	0	14.990091463414634	37.93688265566582	SLC48A1
Regulation of cGMP-mediated Signaling (GO:0010752)	1/5	0.07959553530232799	0.32844188735616936	0	0	14.990091463414634	37.93688265566582	PDE10A
Positive Regulation of Protein Catabolic Process (GO:0045732)	4/99	0.08070083172578092	0.3322660350479608	0	0	2.536161943319838	6.38353583609731	TIPARP;PRICKLE1;FOXO1;OAZ2
Protein Autophosphorylation (GO:0046777)	5/140	0.08174793728342741	0.3342761676229987	0	0	2.2331961591220852	5.592179333458191	GRK1;DAPK2;GRK7;LRRK2;ULK1
Regulation of Long-Term Synaptic Potentiation (GO:1900271)	2/29	0.08190754026657035	0.3342761676229987	0	0	4.449881073734285	11.13433323093521	ADCY1;CYP46A1
Regulation of Plasma Membrane Bounded Cell Projection Organization (GO:0120035)	2/29	0.08190754026657035	0.3342761676229987	0	0	4.449881073734285	11.13433323093521	CAMK1D;IL1RAPL1
Synaptic Vesicle Endocytosis (GO:0048488)	2/29	0.08190754026657035	0.3342761676229987	0	0	4.449881073734285	11.13433323093521	SNCG;DNM1
Positive Regulation of Catabolic Process (GO:0009896)	6/183	0.0823572504213981	0.3353760241449056	0	0	2.0458624127617147	5.107881735986361	TIPARP;LRRK2;ULK1;PRICKLE1;FOXO1;OAZ2
Cellular Response to Chemical Stress (GO:0062197)	4/100	0.08303150829214813	0.3373834867504098	0	0	2.5096153846153846	6.245266035469434	LRRK2;SLC4A11;FOXO1;NFE2L1
Cardiac Muscle Tissue Morphogenesis (GO:0055008)	2/30	0.08683710269082531	0.34168806877609964	0	0	4.290738313674093	10.48536860252108	MYL2;ANKRD1
Hexose Biosynthetic Process (GO:0019319)	2/30	0.08683710269082531	0.34168806877609964	0	0	4.290738313674093	10.48536860252108	PER2;PCK1
Lamellipodium Organization (GO:0097581)	2/30	0.08683710269082531	0.34168806877609964	0	0	4.290738313674093	10.48536860252108	PTPRU;VCL
Negative Regulation of Cytokine Production Involved in Inflammatory Response (GO:1900016)	2/30	0.08683710269082531	0.34168806877609964	0	0	4.290738313674093	10.48536860252108	APOD;ADCY7
Negative Regulation of Ossification (GO:0030279)	2/30	0.08683710269082531	0.34168806877609964	0	0	4.290738313674093	10.48536860252108	GDF10;MEF2C
Positive Regulation of B Cell Proliferation (GO:0030890)	2/30	0.08683710269082531	0.34168806877609964	0	0	4.290738313674093	10.48536860252108	MEF2C;IRS2
Negative Regulation of Signal Transduction (GO:0009968)	8/277	0.0881539198329747	0.34168806877609964	0	0	1.7975425308920776	4.3656392423435335	SLC48A1;PTCH1;ADIPOQ;APOD;SPRY1;NR1D1;AGXT;NKD2
Retinoid Metabolic Process (GO:0001523)	3/64	0.08843726555956681	0.34168806877609964	0	0	2.9583626672030574	7.175395764289628	RDH8;DHRS9;RLBP1
Monocarboxylic Acid Biosynthetic Process (GO:0072330)	3/64	0.08843726555956681	0.34168806877609964	0	0	2.9583626672030574	7.175395764289628	PER2;MLYCD;CYP46A1
Negative Regulation of Autophagy (GO:0010507)	3/65	0.09164219661332156	0.34168806877609964	0	0	2.910498713635464	6.955694501810953	LRRK2;TSC1;FOXK1
Regulation of Cell-Matrix Adhesion (GO:0001952)	3/65	0.09164219661332156	0.34168806877609964	0	0	2.910498713635464	6.955694501810953	CASK;TSC1;VCL
acyl-CoA Metabolic Process (GO:0006637)	2/31	0.09185314753826668	0.34168806877609964	0	0	4.142570916376674	9.890654014508344	ACOT9;MLYCD
Regulation of Stress-Activated MAPK Cascade (GO:0032872)	2/31	0.09185314753826668	0.34168806877609964	0	0	4.142570916376674	9.890654014508344	MPG;FOXO1
Response to Epidermal Growth Factor (GO:0070849)	2/31	0.09185314753826668	0.34168806877609964	0	0	4.142570916376674	9.890654014508344	DUSP22;VIL1
Nucleoside Phosphate Metabolic Process (GO:0006753)	2/31	0.09185314753826668	0.34168806877609964	0	0	4.142570916376674	9.890654014508344	ACOT9;MLYCD
AV Node Cell Action Potential (GO:0086016)	1/6	0.094739948139961	0.34168806877609964	0	0	11.991463414634149	28.25931686277637	SCN4B
Regulation of Immature T Cell Proliferation in Thymus (GO:0033084)	1/6	0.094739948139961	0.34168806877609964	0	0	11.991463414634149	28.25931686277637	IHH
T-helper 1 Cell Differentiation (GO:0045063)	1/6	0.094739948139961	0.34168806877609964	0	0	11.991463414634149	28.25931686277637	TBX21
Adherens Junction Maintenance (GO:0034334)	1/6	0.094739948139961	0.34168806877609964	0	0	11.991463414634149	28.25931686277637	PLEKHA7
Amino-Acid Betaine Metabolic Process (GO:0006577)	1/6	0.094739948139961	0.34168806877609964	0	0	11.991463414634149	28.25931686277637	CPT1B
Ammonium Homeostasis (GO:0097272)	1/6	0.094739948139961	0.34168806877609964	0	0	11.991463414634149	28.25931686277637	RHCG
Regulation of Nuclear Receptor-Mediated Glucocorticoid Signaling Pathway (GO:2000322)	1/6	0.094739948139961	0.34168806877609964	0	0	11.991463414634149	28.25931686277637	PER1
Regulation of Respiratory Gaseous Exchange (GO:0043576)	1/6	0.094739948139961	0.34168806877609964	0	0	11.991463414634149	28.25931686277637	UCMA
Regulation of Skeletal Muscle Contraction (GO:0014819)	1/6	0.094739948139961	0.34168806877609964	0	0	11.991463414634149	28.25931686277637	SLC8A3
Cardiac Muscle Cell Myoblast Differentiation (GO:0060379)	1/6	0.094739948139961	0.34168806877609964	0	0	11.991463414634149	28.25931686277637	SRF
Regulation of Systemic Arterial Blood Pressure by Renin-Angiotensin (GO:0003081)	1/6	0.094739948139961	0.34168806877609964	0	0	11.991463414634149	28.25931686277637	AGXT
Cellular Hypotonic Response (GO:0071476)	1/6	0.094739948139961	0.34168806877609964	0	0	11.991463414634149	28.25931686277637	SLC4A11
Cellular Response to Caffeine (GO:0071313)	1/6	0.094739948139961	0.34168806877609964	0	0	11.991463414634149	28.25931686277637	RYR1
Regulation of Triglyceride Metabolic Process (GO:0090207)	1/6	0.094739948139961	0.34168806877609964	0	0	11.991463414634149	28.25931686277637	GNB3
Release of Sequestered Calcium Ion Into Cytosol by Sarcoplasmic Reticulum (GO:0014808)	1/6	0.094739948139961	0.34168806877609964	0	0	11.991463414634149	28.25931686277637	RYR1
Response to Alkaloid (GO:0043279)	1/6	0.094739948139961	0.34168806877609964	0	0	11.991463414634149	28.25931686277637	RYR1
Response to Caffeine (GO:0031000)	1/6	0.094739948139961	0.34168806877609964	0	0	11.991463414634149	28.25931686277637	RYR1
Collecting Duct Development (GO:0072044)	1/6	0.094739948139961	0.34168806877609964	0	0	11.991463414634149	28.25931686277637	PTCH1
Short-Chain Fatty Acid Metabolic Process (GO:0046459)	1/6	0.094739948139961	0.34168806877609964	0	0	11.991463414634149	28.25931686277637	CRAT
Engulfment of Apoptotic Cell (GO:0043652)	1/6	0.094739948139961	0.34168806877609964	0	0	11.991463414634149	28.25931686277637	XKR6
Synaptic Vesicle Clustering (GO:0097091)	1/6	0.094739948139961	0.34168806877609964	0	0	11.991463414634149	28.25931686277637	NLGN1
Synaptic Vesicle Localization (GO:0097479)	1/6	0.094739948139961	0.34168806877609964	0	0	11.991463414634149	28.25931686277637	NLGN1
Fatty Acid Elongation, Monounsaturated Fatty Acid (GO:0034625)	1/6	0.094739948139961	0.34168806877609964	0	0	11.991463414634149	28.25931686277637	ELOVL3
Fatty Acid Elongation, Polyunsaturated Fatty Acid (GO:0034626)	1/6	0.094739948139961	0.34168806877609964	0	0	11.991463414634149	28.25931686277637	ELOVL3
Fatty Acid Elongation, Unsaturated Fatty Acid (GO:0019368)	1/6	0.094739948139961	0.34168806877609964	0	0	11.991463414634149	28.25931686277637	ELOVL3
Type B Pancreatic Cell Proliferation (GO:0044342)	1/6	0.094739948139961	0.34168806877609964	0	0	11.991463414634149	28.25931686277637	SERPINB1
Vitamin A Metabolic Process (GO:0006776)	1/6	0.094739948139961	0.34168806877609964	0	0	11.991463414634149	28.25931686277637	RLBP1
White Fat Cell Differentiation (GO:0050872)	1/6	0.094739948139961	0.34168806877609964	0	0	11.991463414634149	28.25931686277637	PER2
Inhibitory Postsynaptic Potential (GO:0060080)	1/6	0.094739948139961	0.34168806877609964	0	0	11.991463414634149	28.25931686277637	DRD4
Myoblast Migration (GO:0051451)	1/6	0.094739948139961	0.34168806877609964	0	0	11.991463414634149	28.25931686277637	THBS4
Negative Regulation of T Cell Differentiation in Thymus (GO:0033085)	1/6	0.094739948139961	0.34168806877609964	0	0	11.991463414634149	28.25931686277637	IHH
Negative Regulation of Dendritic Spine Development (GO:0061000)	1/6	0.094739948139961	0.34168806877609964	0	0	11.991463414634149	28.25931686277637	NLGN1
Negative Regulation of Establishment of Protein Localization to Mitochondrion (GO:1903748)	1/6	0.094739948139961	0.34168806877609964	0	0	11.991463414634149	28.25931686277637	LRRK2
Negative Regulation of Sodium Ion Transmembrane Transporter Activity (GO:2000650)	1/6	0.094739948139961	0.34168806877609964	0	0	11.991463414634149	28.25931686277637	UCMA
Negative Regulation of Stress-Activated MAPK Cascade (GO:0032873)	1/6	0.094739948139961	0.34168806877609964	0	0	11.991463414634149	28.25931686277637	FOXO1
Phospholipase C-activating Dopamine Receptor Signaling Pathway (GO:0060158)	1/6	0.094739948139961	0.34168806877609964	0	0	11.991463414634149	28.25931686277637	DRD4
Positive Regulation of Calcium Ion Import Across Plasma Membrane (GO:1905665)	1/6	0.094739948139961	0.34168806877609964	0	0	11.991463414634149	28.25931686277637	GRM6
Positive Regulation of Cyclin-Dependent Protein Serine/Threonine Kinase Activity (GO:0045737)	1/6	0.094739948139961	0.34168806877609964	0	0	11.991463414634149	28.25931686277637	RGCC
Positive Regulation of Lamellipodium Morphogenesis (GO:2000394)	1/6	0.094739948139961	0.34168806877609964	0	0	11.991463414634149	28.25931686277637	VIL1
Positive Regulation of Muscle Cell Apoptotic Process (GO:0010661)	1/6	0.094739948139961	0.34168806877609964	0	0	11.991463414634149	28.25931686277637	FOXO1
Protein Deubiquitination Involved in Ubiquitin-Dependent Protein Catabolic Process (GO:0071947)	1/6	0.094739948139961	0.34168806877609964	0	0	11.991463414634149	28.25931686277637	ZRANB1
Protein Oxidation (GO:0018158)	1/6	0.094739948139961	0.34168806877609964	0	0	11.991463414634149	28.25931686277637	LOXL3
Regulation of G2/MI Transition of Meiotic Cell Cycle (GO:0110030)	1/6	0.094739948139961	0.34168806877609964	0	0	11.991463414634149	28.25931686277637	STK35
Calcium Ion Homeostasis (GO:0055074)	4/105	0.09517192521367834	0.3425821137768963	0	0	2.384767707539985	5.609141258897169	SLC8A3;STC1;DRD4;SLC8A2
Positive Regulation of Metabolic Process (GO:0009893)	5/147	0.09574192544610322	0.3439685777127376	0	0	2.1223482872543906	4.979239160468213	PER2;CAMK1D;ADIPOQ;ELOVL3;AGXT
Negative Regulation of Cytokine Production (GO:0001818)	6/191	0.0962095825450118	0.34498272276737374	0	0	1.9565894067442056	4.580818607925579	PTGER4;RGCC;ANXA4;TBX21;APOD;ADCY7
Regulation of Macrophage Derived Foam Cell Differentiation (GO:0010743)	2/32	0.09695151659719418	0.3456451578302268	0	0	4.004281345565749	9.344167726664798	ADIPOQ;AGXT
Regulation of Postsynapse Organization (GO:0099175)	2/32	0.09695151659719418	0.3456451578302268	0	0	4.004281345565749	9.344167726664798	LRRK2;IL1RAPL1
Regulation of Cholesterol Efflux (GO:0010874)	2/32	0.09695151659719418	0.3456451578302268	0	0	4.004281345565749	9.344167726664798	PTCH1;ADIPOQ
Chordate Embryonic Development (GO:0043009)	3/67	0.0981941863973363	0.34940608199893475	0	0	2.8192580521472395	6.542957394316061	COL1A1;UCMA;PTCH1
Regulation of Cell Migration (GO:0030334)	12/479	0.09903188762002084	0.35117460872295786	0	0	1.5566708772688278	3.5995109032722032	COL1A1;VIL1;DUSP22;PTPRU;FGF6;SERPINB1;RAP2A;EGF;ADIPOQ;STC1;DPEP1;VCL
Dephosphorylation (GO:0016311)	4/107	0.10024991035855126	0.35117460872295786	0	0	2.338222554144884	5.378120226471672	PTPRU;DAPP1;DUSP29;THNSL2
Cellular Response to Growth Factor Stimulus (GO:0071363)	5/150	0.10208949068949816	0.35117460872295786	0	0	2.0781183482332906	4.742069669058117	VIL1;DUSP22;MEF2C;MAPKAPK2;ANKRD1
Signal Release From Synapse (GO:0099643)	2/33	0.10212816429220184	0.35117460872295786	0	0	3.8749136825490775	8.840719188827324	SLC32A1;CPLX4
Heme Metabolic Process (GO:0042168)	2/33	0.10212816429220184	0.35117460872295786	0	0	3.8749136825490775	8.840719188827324	SLC25A38;NFE2L1
Positive Regulation of Cell Development (GO:0010720)	2/33	0.10212816429220184	0.35117460872295786	0	0	3.8749136825490775	8.840719188827324	MYF6;HOXA11
Cell Junction Organization (GO:0034330)	3/69	0.10492976254960874	0.35117460872295786	0	0	2.7335471277189067	6.16268381249547	SLC8A3;SNCG;SLC8A2
Regulation of Gluconeogenesis (GO:0006111)	2/34	0.1073791551532014	0.35117460872295786	0	0	3.753631498470948	8.375812793379595	FOXO1;PDK2
Positive Regulation of Carbohydrate Metabolic Process (GO:0045913)	2/34	0.1073791551532014	0.35117460872295786	0	0	3.753631498470948	8.375812793379595	EGF;IRS2
Regulation of Ras Protein Signal Transduction (GO:0046578)	2/34	0.1073791551532014	0.35117460872295786	0	0	3.753631498470948	8.375812793379595	SPRY1;EPX
Regulation of Collateral Sprouting (GO:0048670)	1/7	0.10963592029448604	0.35117460872295786	0	0	9.992378048780488	22.089053171690384	ULK1
Regulation of Dopamine Metabolic Process (GO:0042053)	1/7	0.10963592029448604	0.35117460872295786	0	0	9.992378048780488	22.089053171690384	DRD4
Regulation of Dopamine Receptor Signaling Pathway (GO:0060159)	1/7	0.10963592029448604	0.35117460872295786	0	0	9.992378048780488	22.089053171690384	LRRK2
Regulation of Dopamine Uptake Involved in Synaptic Transmission (GO:0051584)	1/7	0.10963592029448604	0.35117460872295786	0	0	9.992378048780488	22.089053171690384	DRD4
Regulation of Extracellular Matrix Constituent Secretion (GO:0003330)	1/7	0.10963592029448604	0.35117460872295786	0	0	9.992378048780488	22.089053171690384	RGCC
G Protein-Coupled Receptor Internalization (GO:0002031)	1/7	0.10963592029448604	0.35117460872295786	0	0	9.992378048780488	22.089053171690384	ARR3
Alcohol Catabolic Process (GO:0046164)	1/7	0.10963592029448604	0.35117460872295786	0	0	9.992378048780488	22.089053171690384	CYP46A1
Aldehyde Catabolic Process (GO:0046185)	1/7	0.10963592029448604	0.35117460872295786	0	0	9.992378048780488	22.089053171690384	AGXT
Amine Transport (GO:0015837)	1/7	0.10963592029448604	0.35117460872295786	0	0	9.992378048780488	22.089053171690384	RHCG
Arachidonate Secretion (GO:0050482)	1/7	0.10963592029448604	0.35117460872295786	0	0	9.992378048780488	22.089053171690384	DRD4
Arachidonate Transport (GO:1903963)	1/7	0.10963592029448604	0.35117460872295786	0	0	9.992378048780488	22.089053171690384	DRD4
Regulation of Skeletal Muscle Fiber Development (GO:0048742)	1/7	0.10963592029448604	0.35117460872295786	0	0	9.992378048780488	22.089053171690384	MYF6
Cellular Response to Erythropoietin (GO:0036018)	1/7	0.10963592029448604	0.35117460872295786	0	0	9.992378048780488	22.089053171690384	EPX
Renal Sodium Ion Absorption (GO:0070294)	1/7	0.10963592029448604	0.35117460872295786	0	0	9.992378048780488	22.089053171690384	SLC12A3
Renal Sodium Ion Transport (GO:0003096)	1/7	0.10963592029448604	0.35117460872295786	0	0	9.992378048780488	22.089053171690384	SLC12A3
Cellular Response to Prostaglandin E Stimulus (GO:0071380)	1/7	0.10963592029448604	0.35117460872295786	0	0	9.992378048780488	22.089053171690384	PTGER4
Cellular Response to Thyroid Hormone Stimulus (GO:0097067)	1/7	0.10963592029448604	0.35117460872295786	0	0	9.992378048780488	22.089053171690384	CTSB
siRNA Processing (GO:0030422)	1/7	0.10963592029448604	0.35117460872295786	0	0	9.992378048780488	22.089053171690384	HENMT1
Sodium-Dependent Phosphate Transport (GO:0044341)	1/7	0.10963592029448604	0.35117460872295786	0	0	9.992378048780488	22.089053171690384	SLC17A7
Thyroid Hormone Transport (GO:0070327)	1/7	0.10963592029448604	0.35117460872295786	0	0	9.992378048780488	22.089053171690384	SLC16A10
Fatty Acid Elongation, Saturated Fatty Acid (GO:0019367)	1/7	0.10963592029448604	0.35117460872295786	0	0	9.992378048780488	22.089053171690384	ELOVL3
Fructose 1,6-Bisphosphate Metabolic Process (GO:0030388)	1/7	0.10963592029448604	0.35117460872295786	0	0	9.992378048780488	22.089053171690384	PFKM
Gamma-Aminobutyric Acid Transport (GO:0015812)	1/7	0.10963592029448604	0.35117460872295786	0	0	9.992378048780488	22.089053171690384	SLC32A1
Ganglioside Catabolic Process (GO:0006689)	1/7	0.10963592029448604	0.35117460872295786	0	0	9.992378048780488	22.089053171690384	NEU3
Hypotonic Response (GO:0006971)	1/7	0.10963592029448604	0.35117460872295786	0	0	9.992378048780488	22.089053171690384	SLC4A11
Immunological Synapse Formation (GO:0001771)	1/7	0.10963592029448604	0.35117460872295786	0	0	9.992378048780488	22.089053171690384	ZNF395
Locomotor Rhythm (GO:0045475)	1/7	0.10963592029448604	0.35117460872295786	0	0	9.992378048780488	22.089053171690384	USP2
Macropinocytosis (GO:0044351)	1/7	0.10963592029448604	0.35117460872295786	0	0	9.992378048780488	22.089053171690384	MAPKAPK2
Negative Regulation of B Cell Apoptotic Process (GO:0002903)	1/7	0.10963592029448604	0.35117460872295786	0	0	9.992378048780488	22.089053171690384	IRS2
Negative Regulation of Amyloid-Beta Clearance (GO:1900222)	1/7	0.10963592029448604	0.35117460872295786	0	0	9.992378048780488	22.089053171690384	SRF
Negative Regulation of Microglial Cell Activation (GO:1903979)	1/7	0.10963592029448604	0.35117460872295786	0	0	9.992378048780488	22.089053171690384	NR1D1
Negative Regulation of Stress-Activated Protein Kinase Signaling Cascade (GO:0070303)	1/7	0.10963592029448604	0.35117460872295786	0	0	9.992378048780488	22.089053171690384	FOXO1
Negative Regulation of Type 2 Immune Response (GO:0002829)	1/7	0.10963592029448604	0.35117460872295786	0	0	9.992378048780488	22.089053171690384	TBX21
Neuron Projection Arborization (GO:0140058)	1/7	0.10963592029448604	0.35117460872295786	0	0	9.992378048780488	22.089053171690384	NLGN1
Neurotransmitter-Gated Ion Channel Clustering (GO:0072578)	1/7	0.10963592029448604	0.35117460872295786	0	0	9.992378048780488	22.089053171690384	NLGN1
Neurotrophin TRK Receptor Signaling Pathway (GO:0048011)	1/7	0.10963592029448604	0.35117460872295786	0	0	9.992378048780488	22.089053171690384	DDIT4
Nucleobase-Containing Small Molecule Interconversion (GO:0015949)	1/7	0.10963592029448604	0.35117460872295786	0	0	9.992378048780488	22.089053171690384	GUK1
Oligosaccharide Catabolic Process (GO:0009313)	1/7	0.10963592029448604	0.35117460872295786	0	0	9.992378048780488	22.089053171690384	NEU3
Positive Regulation of Cyclin-Dependent Protein Kinase Activity (GO:1904031)	1/7	0.10963592029448604	0.35117460872295786	0	0	9.992378048780488	22.089053171690384	RGCC
Positive Regulation of Myeloid Cell Apoptotic Process (GO:0033034)	1/7	0.10963592029448604	0.35117460872295786	0	0	9.992378048780488	22.089053171690384	MEF2C
Positive Regulation of Phosphatase Activity (GO:0010922)	1/7	0.10963592029448604	0.35117460872295786	0	0	9.992378048780488	22.089053171690384	MEF2C
Positive Regulation of Steroid Biosynthetic Process (GO:0010893)	1/7	0.10963592029448604	0.35117460872295786	0	0	9.992378048780488	22.089053171690384	NR1D1
Positive Regulation of Tooth Mineralization (GO:0070172)	1/7	0.10963592029448604	0.35117460872295786	0	0	9.992378048780488	22.089053171690384	CFTR
Postsynapse Assembly (GO:0099068)	1/7	0.10963592029448604	0.35117460872295786	0	0	9.992378048780488	22.089053171690384	NLGN1
Protein Localization to Endoplasmic Reticulum Exit Site (GO:0070973)	1/7	0.10963592029448604	0.35117460872295786	0	0	9.992378048780488	22.089053171690384	LRRK2
Pyrimidine Ribonucleotide Biosynthetic Process (GO:0009220)	1/7	0.10963592029448604	0.35117460872295786	0	0	9.992378048780488	22.089053171690384	CTPS1
Regulation of Alpha-Beta T Cell Differentiation (GO:0046637)	1/7	0.10963592029448604	0.35117460872295786	0	0	9.992378048780488	22.089053171690384	IHH
Regulation of Carbohydrate Biosynthetic Process (GO:0043255)	1/7	0.10963592029448604	0.35117460872295786	0	0	9.992378048780488	22.089053171690384	PDK2
Positive Regulation of Proteasomal Ubiquitin-Dependent Protein Catabolic Process (GO:0032436)	3/71	0.11184170996416296	0.3554846282333098	0	0	2.652878022374594	5.811582184093404	LRRK2;PRICKLE1;NKD2
Regulation of Mitochondrial Membrane Potential (GO:0051881)	2/35	0.11270066128836796	0.3554846282333098	0	0	3.6396997497914927	7.945537312361857	LRRK2;SLC4A11
Cellular Response to cAMP (GO:0071320)	2/35	0.11270066128836796	0.3554846282333098	0	0	3.6396997497914927	7.945537312361857	AQP8;CFTR
Response to Transforming Growth Factor Beta (GO:0071559)	2/35	0.11270066128836796	0.3554846282333098	0	0	3.6396997497914927	7.945537312361857	MEF2C;ANKRD1
Skeletal Muscle Organ Development (GO:0060538)	2/35	0.11270066128836796	0.3554846282333098	0	0	3.6396997497914927	7.945537312361857	MEF2C;MYF6
Negative Regulation of Osteoblast Differentiation (GO:0045668)	2/35	0.11270066128836796	0.3554846282333098	0	0	3.6396997497914927	7.945537312361857	PTCH1;TMEM64
Neurotransmitter Secretion (GO:0007269)	2/35	0.11270066128836796	0.3554846282333098	0	0	3.6396997497914927	7.945537312361857	SLC32A1;CPLX4
Positive Regulation of Mitotic Nuclear Division (GO:0045840)	2/35	0.11270066128836796	0.3554846282333098	0	0	3.6396997497914927	7.945537312361857	RGCC;EGF
Positive Regulation of Synapse Assembly (GO:0051965)	2/35	0.11270066128836796	0.3554846282333098	0	0	3.6396997497914927	7.945537312361857	NLGN1;IL1RAPL1
Intermediate Filament Organization (GO:0045109)	3/72	0.11536153870779416	0.3591600382422894	0	0	2.614297145905575	5.64605641585407	PRPH2;KLHL24;VIM
Regulation of G Protein-Coupled Receptor Signaling Pathway (GO:0008277)	3/72	0.11536153870779416	0.3591600382422894	0	0	2.614297145905575	5.64605641585407	GRK1;LRRK2;GRK7
Positive Regulation of Programmed Cell Death (GO:0043068)	7/248	0.11609370030963416	0.3591600382422894	0	0	1.7526610138913945	3.774106006763287	SLC48A1;ZNF395;DIABLO;DAPK2;LRRK2;ANKRD1;FOXO1
Regulation of Protein Ubiquitination (GO:0031396)	4/113	0.11621102260287622	0.3591600382422894	0	0	2.208835568101623	4.7541818900066	PER2;LRRK2;BIRC7;PRICKLE1
Establishment or Maintenance of Epithelial Cell Apical/Basal Polarity (GO:0045197)	2/36	0.11808895992350917	0.3591600382422894	0	0	3.5324698686814173	7.546475576921791	CRB2;RAP2A
Glutamate Receptor Signaling Pathway (GO:0007215)	2/36	0.11808895992350917	0.3591600382422894	0	0	3.5324698686814173	7.546475576921791	GRM3;GRM6
Negative Regulation of Epithelial to Mesenchymal Transition (GO:0010719)	2/36	0.11808895992350917	0.3591600382422894	0	0	3.5324698686814173	7.546475576921791	SPRED3;SPRY1
Negative Regulation of Smooth Muscle Cell Proliferation (GO:0048662)	2/36	0.11808895992350917	0.3591600382422894	0	0	3.5324698686814173	7.546475576921791	MEF2C;APOD
Positive Regulation of Immune Effector Process (GO:0002699)	2/36	0.11808895992350917	0.3591600382422894	0	0	3.5324698686814173	7.546475576921791	CFP;PCK1
Regulation of Blood Circulation (GO:1903522)	2/36	0.11808895992350917	0.3591600382422894	0	0	3.5324698686814173	7.546475576921791	PER2;AGXT
Negative Regulation of Intracellular Signal Transduction (GO:1902532)	8/297	0.1183663069069828	0.3591600382422894	0	0	1.671420409835182	3.566762962644519	PER1;PDE10A;PIK3IP1;DDIT4;ADIPOQ;TSC1;NR1D1;DUSP29
Negative Regulation of Cellular Response to Growth Factor Stimulus (GO:0090288)	3/73	0.11892270845470508	0.3591600382422894	0	0	2.576818580192813	5.486772146288927	CASK;SPRY1;AGXT
Transforming Growth Factor Beta Receptor Superfamily Signaling Pathway (GO:0141091)	4/114	0.11897361885321817	0.3591600382422894	0	0	2.1886433566433565	4.6593010716979455	DUSP22;GDF10;COL1A2;RUNX2
Intrinsic Apoptotic Signaling Pathway (GO:0097193)	4/115	0.121764510155832	0.3591600382422894	0	0	2.168814968814969	4.5668006866224	ERO1A;DIABLO;ZNF385B;PDK2
Regulation of JNK Cascade (GO:0046328)	4/115	0.121764510155832	0.3591600382422894	0	0	2.168814968814969	4.5668006866224	DUSP22;PER1;RAP2A;BIRC7
Cardiac Muscle Cell Action Potential (GO:0086001)	2/37	0.1235404310371802	0.3591600382422894	0	0	3.4313674093490607	7.175630231251794	ATP1A4;SCN4B
Cardiac Muscle Cell Action Potential Involved in Contraction (GO:0086002)	2/37	0.1235404310371802	0.3591600382422894	0	0	3.4313674093490607	7.175630231251794	ATP1A4;SCN4B
Regulation of G2/M Transition of Mitotic Cell Cycle (GO:0010389)	2/37	0.1235404310371802	0.3591600382422894	0	0	3.4313674093490607	7.175630231251794	KCNH5;STK35
Regulation of Endothelial Cell Development (GO:1901550)	1/8	0.12428751457712756	0.3591600382422894	0	0	8.564459930313589	17.858249838876702	VCL
Regulation of Gap Junction Assembly (GO:1903596)	1/8	0.12428751457712756	0.3591600382422894	0	0	8.564459930313589	17.858249838876702	AGXT
NAD Biosynthetic Process (GO:0009435)	1/8	0.12428751457712756	0.3591600382422894	0	0	8.564459930313589	17.858249838876702	NMNAT1
T Cell Mediated Cytotoxicity (GO:0001913)	1/8	0.12428751457712756	0.3591600382422894	0	0	8.564459930313589	17.858249838876702	ZNF395
Ammonium Transmembrane Transport (GO:0072488)	1/8	0.12428751457712756	0.3591600382422894	0	0	8.564459930313589	17.858249838876702	RHCG
Anoikis (GO:0043276)	1/8	0.12428751457712756	0.3591600382422894	0	0	8.564459930313589	17.858249838876702	DAPK2
Brown Fat Cell Differentiation (GO:0050873)	1/8	0.12428751457712756	0.3591600382422894	0	0	8.564459930313589	17.858249838876702	ADIPOQ
cAMP Biosynthetic Process (GO:0006171)	1/8	0.12428751457712756	0.3591600382422894	0	0	8.564459930313589	17.858249838876702	ADCY7
Calcium Ion Transport Into Cytosol (GO:0060402)	1/8	0.12428751457712756	0.3591600382422894	0	0	8.564459930313589	17.858249838876702	JPH1
Regulation of Response to Wounding (GO:1903034)	1/8	0.12428751457712756	0.3591600382422894	0	0	8.564459930313589	17.858249838876702	VIL1
Regulation of Skeletal Muscle Cell Differentiation (GO:2001014)	1/8	0.12428751457712756	0.3591600382422894	0	0	8.564459930313589	17.858249838876702	MEF2C
Cardioblast Differentiation (GO:0010002)	1/8	0.12428751457712756	0.3591600382422894	0	0	8.564459930313589	17.858249838876702	SRF
Regulation of Tumor Necrosis Factor Superfamily Cytokine Production (GO:1903555)	1/8	0.12428751457712756	0.3591600382422894	0	0	8.564459930313589	17.858249838876702	MAPKAPK2
Release of Sequestered Calcium Ion Into Cytosol by Endoplasmic Reticulum (GO:1903514)	1/8	0.12428751457712756	0.3591600382422894	0	0	8.564459930313589	17.858249838876702	RYR1
Cellular Response to Purine-Containing Compound (GO:0071415)	1/8	0.12428751457712756	0.3591600382422894	0	0	8.564459930313589	17.858249838876702	RYR1
Response to Leptin (GO:0044321)	1/8	0.12428751457712756	0.3591600382422894	0	0	8.564459930313589	17.858249838876702	NR1D1
Response to Thyroid Hormone (GO:0097066)	1/8	0.12428751457712756	0.3591600382422894	0	0	8.564459930313589	17.858249838876702	CTSB
Response to Vitamin (GO:0033273)	1/8	0.12428751457712756	0.3591600382422894	0	0	8.564459930313589	17.858249838876702	CYP24A1
Response to Vitamin D (GO:0033280)	1/8	0.12428751457712756	0.3591600382422894	0	0	8.564459930313589	17.858249838876702	CYP24A1
Sensory Organ Morphogenesis (GO:0090596)	1/8	0.12428751457712756	0.3591600382422894	0	0	8.564459930313589	17.858249838876702	COL5A2
Sensory Perception of Sour Taste (GO:0050915)	1/8	0.12428751457712756	0.3591600382422894	0	0	8.564459930313589	17.858249838876702	ASIC2
Detection of Visible Light (GO:0009584)	1/8	0.12428751457712756	0.3591600382422894	0	0	8.564459930313589	17.858249838876702	GRM6
Endochondral Ossification (GO:0001958)	1/8	0.12428751457712756	0.3591600382422894	0	0	8.564459930313589	17.858249838876702	MEF2C
Terpenoid Metabolic Process (GO:0006721)	1/8	0.12428751457712756	0.3591600382422894	0	0	8.564459930313589	17.858249838876702	FDFT1
Negative Regulation of T Cell Cytokine Production (GO:0002725)	1/8	0.12428751457712756	0.3591600382422894	0	0	8.564459930313589	17.858249838876702	TBX21
Negative Regulation of Alpha-Beta T Cell Differentiation (GO:0046639)	1/8	0.12428751457712756	0.3591600382422894	0	0	8.564459930313589	17.858249838876702	IHH
Nicotinamide Nucleotide Biosynthetic Process (GO:0019359)	1/8	0.12428751457712756	0.3591600382422894	0	0	8.564459930313589	17.858249838876702	NMNAT1
Oxaloacetate Metabolic Process (GO:0006107)	1/8	0.12428751457712756	0.3591600382422894	0	0	8.564459930313589	17.858249838876702	PCK1
Positive Regulation of Epithelial Tube Formation (GO:1905278)	1/8	0.12428751457712756	0.3591600382422894	0	0	8.564459930313589	17.858249838876702	EGF
Positive Regulation of Fatty Acid Beta-Oxidation (GO:0032000)	1/8	0.12428751457712756	0.3591600382422894	0	0	8.564459930313589	17.858249838876702	IRS2
Positive Regulation of Immune Response to Tumor Cell (GO:0002839)	1/8	0.12428751457712756	0.3591600382422894	0	0	8.564459930313589	17.858249838876702	SLC48A1
Positive Regulation of Memory T Cell Differentiation (GO:0043382)	1/8	0.12428751457712756	0.3591600382422894	0	0	8.564459930313589	17.858249838876702	PCK1
Positive Regulation of Peptide Secretion (GO:0002793)	1/8	0.12428751457712756	0.3591600382422894	0	0	8.564459930313589	17.858249838876702	UCMA
Positive Regulation of Synaptic Transmission, GABAergic (GO:0032230)	1/8	0.12428751457712756	0.3591600382422894	0	0	8.564459930313589	17.858249838876702	NLGN1
Postsynaptic Density Organization (GO:0097106)	1/8	0.12428751457712756	0.3591600382422894	0	0	8.564459930313589	17.858249838876702	NLGN1
Protein Localization to Perinuclear Region of Cytoplasm (GO:1905719)	1/8	0.12428751457712756	0.3591600382422894	0	0	8.564459930313589	17.858249838876702	SEPTIN14
Positive Regulation of Secretion by Cell (GO:1903532)	3/75	0.1261653593412606	0.359668227276523	0	0	2.504984662576687	5.185723700131577	RGCC;ANKRD1;CFTR
Response to Lipopolysaccharide (GO:0032496)	5/161	0.1270797219731487	0.359668227276523	0	0	1.9304962013295344	3.982499102665193	MEF2C;MAPKAPK2;ANKRD1;NR1D1;VIM
Negative Regulation of Canonical Wnt Signaling Pathway (GO:0090090)	4/117	0.12742967252643606	0.359668227276523	0	0	2.130211027910143	4.388640852009824	PTPRU;PRICKLE1;TMEM64;NKD2
L-alpha-amino Acid Transmembrane Transport (GO:1902475)	2/38	0.12905155491678877	0.359668227276523	0	0	3.335881753312946	6.830362346737285	SLC17A7;SLC1A7
Regulation of Vascular Associated Smooth Muscle Cell Proliferation (GO:1904705)	2/38	0.12905155491678877	0.359668227276523	0	0	3.335881753312946	6.830362346737285	MEF2C;ADIPOQ
Striated Muscle Tissue Development (GO:0014706)	2/38	0.12905155491678877	0.359668227276523	0	0	3.335881753312946	6.830362346737285	MEF2C;MYF6
Glutathione Metabolic Process (GO:0006749)	2/38	0.12905155491678877	0.359668227276523	0	0	3.335881753312946	6.830362346737285	ETHE1;DPEP1
Membrane Assembly (GO:0071709)	2/38	0.12905155491678877	0.359668227276523	0	0	3.335881753312946	6.830362346737285	NLGN1;IL1RAPL1
Negative Regulation of Endothelial Cell Proliferation (GO:0001937)	2/38	0.12905155491678877	0.359668227276523	0	0	3.335881753312946	6.830362346737285	MEF2C;RGCC
Neuron Projection Extension (GO:1990138)	2/38	0.12905155491678877	0.359668227276523	0	0	3.335881753312946	6.830362346737285	NRN1L;ULK1
Transforming Growth Factor Beta Receptor Signaling Pathway (GO:0007179)	3/76	0.12984497701722283	0.359668227276523	0	0	2.470543743171695	5.043402645660995	DUSP22;GDF10;COL1A2
Positive Regulation of Signal Transduction (GO:0009967)	7/256	0.1307710631827851	0.359668227276523	0	0	1.6956521739130437	3.449477246217774	ZRANB1;NLGN1;LAMA2;DHH;ADIPOQ;IHH;LOXL3
Regulation of Metal Ion Transport (GO:0010959)	2/39	0.13461890997661438	0.359668227276523	0	0	3.245557484089594	6.50834037983434	PER1;ATP1A4
Negative Regulation of Cell-Substrate Adhesion (GO:0010812)	2/39	0.13461890997661438	0.359668227276523	0	0	3.245557484089594	6.50834037983434	PTPRU;CASK
Positive Regulation of Transferase Activity (GO:0051347)	2/39	0.13461890997661438	0.359668227276523	0	0	3.245557484089594	6.50834037983434	ARRDC3;AGXT
B Cell Homeostasis (GO:0001782)	1/9	0.13869872776473016	0.359668227276523	0	0	7.493521341463414	14.803085158750545	MEF2C
DNA Alkylation Repair (GO:0006307)	1/9	0.13869872776473016	0.359668227276523	0	0	7.493521341463414	14.803085158750545	MPG
IMP Metabolic Process (GO:0046040)	1/9	0.13869872776473016	0.359668227276523	0	0	7.493521341463414	14.803085158750545	AMPD1
Regulation of Hair Cycle (GO:0042634)	1/9	0.13869872776473016	0.359668227276523	0	0	7.493521341463414	14.803085158750545	PER1
Rap Protein Signal Transduction (GO:0032486)	1/9	0.13869872776473016	0.359668227276523	0	0	7.493521341463414	14.803085158750545	RAP2A
Regulation of Ketone Biosynthetic Process (GO:0010566)	1/9	0.13869872776473016	0.359668227276523	0	0	7.493521341463414	14.803085158750545	PPTC7
Regulation of Memory T Cell Differentiation (GO:0043380)	1/9	0.13869872776473016	0.359668227276523	0	0	7.493521341463414	14.803085158750545	PCK1
Alpha-Linolenic Acid Metabolic Process (GO:0036109)	1/9	0.13869872776473016	0.359668227276523	0	0	7.493521341463414	14.803085158750545	ELOVL3
Regulation of Odontoblast Differentiation (GO:1901329)	1/9	0.13869872776473016	0.359668227276523	0	0	7.493521341463414	14.803085158750545	NFE2L1
Regulation of Phospholipid Metabolic Process (GO:1903725)	1/9	0.13869872776473016	0.359668227276523	0	0	7.493521341463414	14.803085158750545	GNB3
Regulation of Protein Localization to Early Endosome (GO:1902965)	1/9	0.13869872776473016	0.359668227276523	0	0	7.493521341463414	14.803085158750545	EGF
Regulation of Receptor Binding (GO:1900120)	1/9	0.13869872776473016	0.359668227276523	0	0	7.493521341463414	14.803085158750545	ADIPOQ
Regulation of Sterol Biosynthetic Process (GO:0106118)	1/9	0.13869872776473016	0.359668227276523	0	0	7.493521341463414	14.803085158750545	AQP8
Cellular Response to Forskolin (GO:1904322)	1/9	0.13869872776473016	0.359668227276523	0	0	7.493521341463414	14.803085158750545	CFTR
Cellular Response to Muramyl Dipeptide (GO:0071225)	1/9	0.13869872776473016	0.359668227276523	0	0	7.493521341463414	14.803085158750545	VIM
Response to Forskolin (GO:1904321)	1/9	0.13869872776473016	0.359668227276523	0	0	7.493521341463414	14.803085158750545	CFTR
Chloride Ion Homeostasis (GO:0055064)	1/9	0.13869872776473016	0.359668227276523	0	0	7.493521341463414	14.803085158750545	SLC12A3
Response to Histamine (GO:0034776)	1/9	0.13869872776473016	0.359668227276523	0	0	7.493521341463414	14.803085158750545	DRD4
Response to Prostaglandin (GO:0034694)	1/9	0.13869872776473016	0.359668227276523	0	0	7.493521341463414	14.803085158750545	PTGER4
Serine Family Amino Acid Catabolic Process (GO:0009071)	1/9	0.13869872776473016	0.359668227276523	0	0	7.493521341463414	14.803085158750545	THNSL2
Desensitization of G Protein-Coupled Receptor Signaling Pathway (GO:0002029)	1/9	0.13869872776473016	0.359668227276523	0	0	7.493521341463414	14.803085158750545	ARR3
Smooth Muscle Tissue Development (GO:0048745)	1/9	0.13869872776473016	0.359668227276523	0	0	7.493521341463414	14.803085158750545	PTCH1
Synaptic Vesicle Budding From Presynaptic Endocytic Zone Membrane (GO:0016185)	1/9	0.13869872776473016	0.359668227276523	0	0	7.493521341463414	14.803085158750545	DNM1
Tooth Mineralization (GO:0034505)	1/9	0.13869872776473016	0.359668227276523	0	0	7.493521341463414	14.803085158750545	COL1A1
Hematopoietic Stem Cell Differentiation (GO:0060218)	1/9	0.13869872776473016	0.359668227276523	0	0	7.493521341463414	14.803085158750545	SP7
Homocysteine Metabolic Process (GO:0050667)	1/9	0.13869872776473016	0.359668227276523	0	0	7.493521341463414	14.803085158750545	DPEP1
Hormone Transport (GO:0009914)	1/9	0.13869872776473016	0.359668227276523	0	0	7.493521341463414	14.803085158750545	SLC16A10
Monoatomic Anion Homeostasis (GO:0055081)	1/9	0.13869872776473016	0.359668227276523	0	0	7.493521341463414	14.803085158750545	SLC12A3
Negative Regulation of T-helper Cell Differentiation (GO:0045623)	1/9	0.13869872776473016	0.359668227276523	0	0	7.493521341463414	14.803085158750545	TBX21
Negative Regulation of Cell Adhesion Mediated by Integrin (GO:0033629)	1/9	0.13869872776473016	0.359668227276523	0	0	7.493521341463414	14.803085158750545	SLC48A1
Negative Regulation of Lymphocyte Apoptotic Process (GO:0070229)	1/9	0.13869872776473016	0.359668227276523	0	0	7.493521341463414	14.803085158750545	IRS2
Negative Regulation of Potassium Ion Transmembrane Transporter Activity (GO:1901017)	1/9	0.13869872776473016	0.359668227276523	0	0	7.493521341463414	14.803085158750545	UCMA
Negative Regulation of Receptor Binding (GO:1900121)	1/9	0.13869872776473016	0.359668227276523	0	0	7.493521341463414	14.803085158750545	ADIPOQ
Negative Regulation of Voltage-Gated Potassium Channel Activity (GO:1903817)	1/9	0.13869872776473016	0.359668227276523	0	0	7.493521341463414	14.803085158750545	UCMA
Nitric oxide-cGMP-mediated Signaling (GO:0038060)	1/9	0.13869872776473016	0.359668227276523	0	0	7.493521341463414	14.803085158750545	AGXT
Phosphate Ion Transmembrane Transport (GO:0035435)	1/9	0.13869872776473016	0.359668227276523	0	0	7.493521341463414	14.803085158750545	SLC25A3
Phototransduction, Visible Light (GO:0007603)	1/9	0.13869872776473016	0.359668227276523	0	0	7.493521341463414	14.803085158750545	GRK1
Positive Regulation of Blood Pressure (GO:0045777)	1/9	0.13869872776473016	0.359668227276523	0	0	7.493521341463414	14.803085158750545	TBXA2R
Positive Regulation of Calcium Ion Transport Into Cytosol (GO:0010524)	1/9	0.13869872776473016	0.359668227276523	0	0	7.493521341463414	14.803085158750545	TRPC3
Positive Regulation of Cardiocyte Differentiation (GO:1905209)	1/9	0.13869872776473016	0.359668227276523	0	0	7.493521341463414	14.803085158750545	MEF2C
Positive Regulation of Cell-Cell Adhesion Mediated by Cadherin (GO:2000049)	1/9	0.13869872776473016	0.359668227276523	0	0	7.493521341463414	14.803085158750545	PTPRU
Positive Regulation of Leukocyte Apoptotic Process (GO:2000108)	1/9	0.13869872776473016	0.359668227276523	0	0	7.493521341463414	14.803085158750545	MEF2C
Positive Regulation of Macrophage Cytokine Production (GO:0060907)	1/9	0.13869872776473016	0.359668227276523	0	0	7.493521341463414	14.803085158750545	GPRC5B
Positive Regulation of Neurotransmitter Secretion (GO:0001956)	1/9	0.13869872776473016	0.359668227276523	0	0	7.493521341463414	14.803085158750545	NLGN1
Positive Regulation of Protein Autophosphorylation (GO:0031954)	1/9	0.13869872776473016	0.359668227276523	0	0	7.493521341463414	14.803085158750545	RAP2A
Positive Regulation of Protein Localization to Early Endosome (GO:1902966)	1/9	0.13869872776473016	0.359668227276523	0	0	7.493521341463414	14.803085158750545	EGF
Positive Regulation of Protein Localization to Endosome (GO:1905668)	1/9	0.13869872776473016	0.359668227276523	0	0	7.493521341463414	14.803085158750545	EGF
Positive Regulation of Tissue Remodeling (GO:0034105)	1/9	0.13869872776473016	0.359668227276523	0	0	7.493521341463414	14.803085158750545	SLC48A1
Protein Localization to Microtubule (GO:0035372)	1/9	0.13869872776473016	0.359668227276523	0	0	7.493521341463414	14.803085158750545	MPG
Protein Localization to Microtubule Cytoskeleton (GO:0072698)	1/9	0.13869872776473016	0.359668227276523	0	0	7.493521341463414	14.803085158750545	MPG
Regulation of B Cell Apoptotic Process (GO:0002902)	1/9	0.13869872776473016	0.359668227276523	0	0	7.493521341463414	14.803085158750545	IRS2
Regulation of ER to Golgi Vesicle-Mediated Transport (GO:0060628)	1/9	0.13869872776473016	0.359668227276523	0	0	7.493521341463414	14.803085158750545	LRRK2
Regulation of NMDA Receptor Activity (GO:2000310)	1/9	0.13869872776473016	0.359668227276523	0	0	7.493521341463414	14.803085158750545	NLGN1
Regulation of Actin Filament-Based Movement (GO:1903115)	1/9	0.13869872776473016	0.359668227276523	0	0	7.493521341463414	14.803085158750545	STC1
Regulation of Bile Acid Biosynthetic Process (GO:0070857)	1/9	0.13869872776473016	0.359668227276523	0	0	7.493521341463414	14.803085158750545	NR1D1
Regulation of Calcium Ion Import Across Plasma Membrane (GO:1905664)	1/9	0.13869872776473016	0.359668227276523	0	0	7.493521341463414	14.803085158750545	GRM6
Regulation of Cardiac Muscle Cell Differentiation (GO:2000725)	1/9	0.13869872776473016	0.359668227276523	0	0	7.493521341463414	14.803085158750545	MEF2C
Regulation of Cytokine-Mediated Signaling Pathway (GO:0001959)	2/40	0.1402391703805193	0.359668227276523	0	0	3.1599871237727344	6.2074975208149175	MAPKAPK2;ULK1
Branching Morphogenesis of an Epithelial Tube (GO:0048754)	2/40	0.1402391703805193	0.359668227276523	0	0	3.1599871237727344	6.2074975208149175	HOXD11;HOXA11
Calcium-Dependent Cell-Cell Adhesion via Plasma Membrane Cell Adhesion Molecules (GO:0016339)	2/40	0.1402391703805193	0.359668227276523	0	0	3.1599871237727344	6.2074975208149175	NLGN1;CDH23
Carbohydrate Catabolic Process (GO:0016052)	2/40	0.1402391703805193	0.359668227276523	0	0	3.1599871237727344	6.2074975208149175	NEU3;PFKM
Embryonic Skeletal System Development (GO:0048706)	2/40	0.1402391703805193	0.359668227276523	0	0	3.1599871237727344	6.2074975208149175	COL1A1;UCMA
Negative Regulation of Protein Secretion (GO:0050709)	2/40	0.1402391703805193	0.359668227276523	0	0	3.1599871237727344	6.2074975208149175	FOXO1;DRD4
Inflammatory Response (GO:0006954)	7/261	0.14039361434543926	0.359668227276523	0	0	1.6618452584731256	3.2627095543747924	PTGER4;TBXA2R;MAPKAPK2;LOXL3;TXNIP;ADCY1;F11R
Positive Regulation of Protein Modification by Small Protein Conjugation or Removal (GO:1903322)	3/79	0.1411057774379244	0.359668227276523	0	0	2.3726590248627706	4.646248799781981	LRRK2;BIRC7;PRICKLE1
Response to Tumor Necrosis Factor (GO:0034612)	3/80	0.14493023780935024	0.359668227276523	0	0	2.341725758903673	4.523049791992637	ADIPOQ;ANKRD1;NR1D1
Cellular Response to Molecule of Bacterial Origin (GO:0071219)	4/123	0.14506420884333754	0.359668227276523	0	0	2.02218487394958	3.903987277595809	MEF2C;ANKRD1;NR1D1;VIM
Negative Regulation of Secretion by Cell (GO:1903531)	2/41	0.14590910393405102	0.359668227276523	0	0	3.0788049870618677	5.925995868244017	IL1RAPL1;DRD4
Positive Regulation of Insulin Secretion (GO:0032024)	2/41	0.14590910393405102	0.359668227276523	0	0	3.0788049870618677	5.925995868244017	IRS2;CFTR
Positive Regulation of Myoblast Differentiation (GO:0045663)	2/41	0.14590910393405102	0.359668227276523	0	0	3.0788049870618677	5.925995868244017	MEF2C;MYF6
Regulation of Catabolic Process (GO:0009894)	3/81	0.1487885674887546	0.359668227276523	0	0	2.3115856536101935	4.40410000227048	LRRK2;DAPK2;ULK1
Regulation of Macromolecule Biosynthetic Process (GO:0010556)	5/170	0.14940505121962924	0.359668227276523	0	0	1.824354657687991	3.4682700526672288	SLC48A1;DHH;IHH;GNB3;SLC8A2
Brain Development (GO:0007420)	5/170	0.14940505121962924	0.359668227276523	0	0	1.824354657687991	3.4682700526672288	EGR2;CNTN5;PTCH1;DDIT4;APOD
Cellular Response to Lipopolysaccharide (GO:0071222)	4/125	0.15114471713121733	0.359668227276523	0	0	1.9885568976478067	3.7574130768096494	MEF2C;ANKRD1;NR1D1;VIM
Blood Vessel Diameter Maintenance (GO:0097746)	2/42	0.15162556982753586	0.359668227276523	0	0	3.0016819571865443	5.662196205823244	PER2;AGXT
Cardiac Ventricle Morphogenesis (GO:0003208)	2/42	0.15162556982753586	0.359668227276523	0	0	3.0016819571865443	5.662196205823244	MEF2C;MYL2
Response to cAMP (GO:0051591)	2/42	0.15162556982753586	0.359668227276523	0	0	3.0016819571865443	5.662196205823244	AQP8;CFTR
Positive Regulation of Neuron Differentiation (GO:0045666)	2/42	0.15162556982753586	0.359668227276523	0	0	3.0016819571865443	5.662196205823244	MEF2C;GPRC5B
Potassium Ion Import Across Plasma Membrane (GO:1990573)	2/42	0.15162556982753586	0.359668227276523	0	0	3.0016819571865443	5.662196205823244	SLC12A3;ATP1A4
Heart Development (GO:0007507)	5/171	0.15198281318939957	0.359668227276523	0	0	1.8132716049382716	3.416181646435529	MEF2C;PDLIM3;MEF2B;MYL2;SRF
Positive Regulation of Protein Phosphorylation (GO:0001934)	5/171	0.15198281318939957	0.359668227276523	0	0	1.8132716049382716	3.416181646435529	RAP2A;EGF;LRRK2;ADIPOQ;THBS4
Negative Regulation of Blood Vessel Morphogenesis (GO:2000181)	3/82	0.15267983132460142	0.359668227276523	0	0	2.2822085889570554	4.289210564316631	SLC48A1;RGCC;THBS4
Negative Regulation of Transcription by RNA Polymerase II (GO:0000122)	16/732	0.15271707328765116	0.359668227276523	0	0	1.353276099023685	2.5430334972527024	MEF2C;PTCH1;USP2;BHLHE41;GLIS3;NR1D1;TBX6;EPX;HOXB13;ESR2;PER2;DUSP22;PER1;PER3;TBX21;NFE2L1
Regulation of Extracellular Matrix Assembly (GO:1901201)	1/10	0.1528734915506339	0.359668227276523	0	0	6.6605691056910565	12.509511580612491	RGCC
Regulation of Lamellipodium Morphogenesis (GO:2000392)	1/10	0.1528734915506339	0.359668227276523	0	0	6.6605691056910565	12.509511580612491	VIL1
Actin Filament Depolymerization (GO:0030042)	1/10	0.1528734915506339	0.359668227276523	0	0	6.6605691056910565	12.509511580612491	VIL1
Regulation of Mesenchymal Stem Cell Differentiation (GO:2000739)	1/10	0.1528734915506339	0.359668227276523	0	0	6.6605691056910565	12.509511580612491	SLC4A11
Regulation of Monocyte Chemotactic Protein-1 Production (GO:0071637)	1/10	0.1528734915506339	0.359668227276523	0	0	6.6605691056910565	12.509511580612491	APOD
Angiogenesis Involved in Wound Healing (GO:0060055)	1/10	0.1528734915506339	0.359668227276523	0	0	6.6605691056910565	12.509511580612491	SRF
Angiotensin-Activated Signaling Pathway (GO:0038166)	1/10	0.1528734915506339	0.359668227276523	0	0	6.6605691056910565	12.509511580612491	AGXT
Regulation of Opsonization (GO:1903027)	1/10	0.1528734915506339	0.359668227276523	0	0	6.6605691056910565	12.509511580612491	CFP
Biomineral Tissue Development (GO:0031214)	1/10	0.1528734915506339	0.359668227276523	0	0	6.6605691056910565	12.509511580612491	COL1A1
Cellular Response to UV-A (GO:0071492)	1/10	0.1528734915506339	0.359668227276523	0	0	6.6605691056910565	12.509511580612491	OPN1SW
Cellular Response to Increased Oxygen Levels (GO:0036295)	1/10	0.1528734915506339	0.359668227276523	0	0	6.6605691056910565	12.509511580612491	FOXO1
Cellular Response to Oxidised Low-Density Lipoprotein Particle Stimulus (GO:0140052)	1/10	0.1528734915506339	0.359668227276523	0	0	6.6605691056910565	12.509511580612491	TXNIP
Cellular Response to Oxygen Levels (GO:0071453)	1/10	0.1528734915506339	0.359668227276523	0	0	6.6605691056910565	12.509511580612491	TSC1
Cellular Response to Prostaglandin Stimulus (GO:0071379)	1/10	0.1528734915506339	0.359668227276523	0	0	6.6605691056910565	12.509511580612491	PTGER4
Cytolysis by Host of Symbiont Cells (GO:0051838)	1/10	0.1528734915506339	0.359668227276523	0	0	6.6605691056910565	12.509511580612491	SLC48A1
Sarcoplasmic Reticulum Calcium Ion Transport (GO:0070296)	1/10	0.1528734915506339	0.359668227276523	0	0	6.6605691056910565	12.509511580612491	RYR1
Serine Family Amino Acid Metabolic Process (GO:0009069)	1/10	0.1528734915506339	0.359668227276523	0	0	6.6605691056910565	12.509511580612491	THNSL2
Detection of Mechanical Stimulus Involved in Sensory Perception of Sound (GO:0050910)	1/10	0.1528734915506339	0.359668227276523	0	0	6.6605691056910565	12.509511580612491	COL11A1
Smooth Muscle Cell Differentiation (GO:0051145)	1/10	0.1528734915506339	0.359668227276523	0	0	6.6605691056910565	12.509511580612491	MEF2C
Synaptic Signaling (GO:0099536)	1/10	0.1528734915506339	0.359668227276523	0	0	6.6605691056910565	12.509511580612491	DRP2
Erythrose 4-Phosphate/Phosphoenolpyruvate Family Amino Acid Catabolic Process (GO:1902222)	1/10	0.1528734915506339	0.359668227276523	0	0	6.6605691056910565	12.509511580612491	HPD
Establishment of Endothelial Intestinal Barrier (GO:0090557)	1/10	0.1528734915506339	0.359668227276523	0	0	6.6605691056910565	12.509511580612491	F11R
Establishment of Epithelial Cell Apical/Basal Polarity (GO:0045198)	1/10	0.1528734915506339	0.359668227276523	0	0	6.6605691056910565	12.509511580612491	RAP2A
Fructose 6-Phosphate Metabolic Process (GO:0006002)	1/10	0.1528734915506339	0.359668227276523	0	0	6.6605691056910565	12.509511580612491	PFKM
Glucan Metabolic Process (GO:0044042)	1/10	0.1528734915506339	0.359668227276523	0	0	6.6605691056910565	12.509511580612491	PHKG1
Icosanoid Secretion (GO:0032309)	1/10	0.1528734915506339	0.359668227276523	0	0	6.6605691056910565	12.509511580612491	DRD4
Mast Cell Activation Involved in Immune Response (GO:0002279)	1/10	0.1528734915506339	0.359668227276523	0	0	6.6605691056910565	12.509511580612491	UCMA
Mast Cell Degranulation (GO:0043303)	1/10	0.1528734915506339	0.359668227276523	0	0	6.6605691056910565	12.509511580612491	UCMA
Melanocyte Differentiation (GO:0030318)	1/10	0.1528734915506339	0.359668227276523	0	0	6.6605691056910565	12.509511580612491	MEF2C
Muscle Cell Migration (GO:0014812)	1/10	0.1528734915506339	0.359668227276523	0	0	6.6605691056910565	12.509511580612491	THBS4
Negative Regulation of Autophagosome Assembly (GO:1902902)	1/10	0.1528734915506339	0.359668227276523	0	0	6.6605691056910565	12.509511580612491	LRRK2
Negative Regulation of Cell Cycle G2/M Phase Transition (GO:1902750)	1/10	0.1528734915506339	0.359668227276523	0	0	6.6605691056910565	12.509511580612491	STK35
Negative Regulation of Cell Division (GO:0051782)	1/10	0.1528734915506339	0.359668227276523	0	0	6.6605691056910565	12.509511580612491	TXNIP
Negative Regulation of Cell-Cell Adhesion Mediated by Cadherin (GO:2000048)	1/10	0.1528734915506339	0.359668227276523	0	0	6.6605691056910565	12.509511580612491	RGCC
Negative Regulation of Cholesterol Transport (GO:0032375)	1/10	0.1528734915506339	0.359668227276523	0	0	6.6605691056910565	12.509511580612491	ADIPOQ
Negative Regulation of Protein Import Into Nucleus (GO:0042308)	1/10	0.1528734915506339	0.359668227276523	0	0	6.6605691056910565	12.509511580612491	CABP1
Negative Regulation of Protein Maturation (GO:1903318)	1/10	0.1528734915506339	0.359668227276523	0	0	6.6605691056910565	12.509511580612491	LRRK2
Negative Regulation of Vascular Endothelial Growth Factor Signaling Pathway (GO:1900747)	1/10	0.1528734915506339	0.359668227276523	0	0	6.6605691056910565	12.509511580612491	SLC48A1
Neuron Projection Fasciculation (GO:0106030)	1/10	0.1528734915506339	0.359668227276523	0	0	6.6605691056910565	12.509511580612491	CRTAC1
Pinocytosis (GO:0006907)	1/10	0.1528734915506339	0.359668227276523	0	0	6.6605691056910565	12.509511580612491	MAPKAPK2
Positive Regulation of CREB Transcription Factor Activity (GO:0032793)	1/10	0.1528734915506339	0.359668227276523	0	0	6.6605691056910565	12.509511580612491	CAMK1D
Positive Regulation of Actin Filament Depolymerization (GO:0030836)	1/10	0.1528734915506339	0.359668227276523	0	0	6.6605691056910565	12.509511580612491	VIL1
Positive Regulation of Chondrocyte Differentiation (GO:0032332)	1/10	0.1528734915506339	0.359668227276523	0	0	6.6605691056910565	12.509511580612491	HOXA11
Positive Regulation of Dendritic Spine Morphogenesis (GO:0061003)	1/10	0.1528734915506339	0.359668227276523	0	0	6.6605691056910565	12.509511580612491	IL1RAPL1
Positive Regulation of Gluconeogenesis (GO:0045722)	1/10	0.1528734915506339	0.359668227276523	0	0	6.6605691056910565	12.509511580612491	FOXO1
Positive Regulation of Protein Maturation (GO:1903319)	1/10	0.1528734915506339	0.359668227276523	0	0	6.6605691056910565	12.509511580612491	NKD2
Regulation of DNA-templated Transcription Initiation (GO:2000142)	1/10	0.1528734915506339	0.359668227276523	0	0	6.6605691056910565	12.509511580612491	FOXO1
Regulation of T-helper 17 Cell Differentiation (GO:2000319)	1/10	0.1528734915506339	0.359668227276523	0	0	6.6605691056910565	12.509511580612491	TBX21
Regulation of T-helper 2 Cell Cytokine Production (GO:2000551)	1/10	0.1528734915506339	0.359668227276523	0	0	6.6605691056910565	12.509511580612491	TBX21
Regulation of Cytokine Production (GO:0001817)	5/172	0.15457918925849276	0.3632220596086554	0	0	1.8023212833592075	3.3650217210369995	PTGER4;PER1;RGCC;MAPKAPK2;AGXT
Protein Tetramerization (GO:0051262)	3/83	0.15660309592627847	0.36749616857552103	0	0	2.2535659509202453	4.178203051680481	RYR1;AQP4;DNM1
Regulation of Dendrite Development (GO:0050773)	2/43	0.15738551657962938	0.36749616857552103	0	0	2.928321026329529	5.41463238621222	RAP2A;CAMK1D
Release of Sequestered Calcium Ion Into Cytosol (GO:0051209)	2/43	0.15738551657962938	0.36749616857552103	0	0	2.928321026329529	5.41463238621222	ERO1A;RYR1
Negative Regulation of Mitotic Cell Cycle Phase Transition (GO:1901991)	2/43	0.15738551657962938	0.36749616857552103	0	0	2.928321026329529	5.41463238621222	RGCC;STK35
Non-Canonical Wnt Signaling Pathway (GO:0035567)	2/43	0.15738551657962938	0.36749616857552103	0	0	2.928321026329529	5.41463238621222	PRICKLE2;PRICKLE1
Positive Regulation of DNA-binding Transcription Factor Activity (GO:0051091)	5/174	0.1598268536771623	0.3700166490870974	0	0	1.7808094090145372	3.2654064856719742	RGCC;CAMK1D;SRF;AGXT;ESR2
Monoatomic Cation Homeostasis (GO:0055080)	3/84	0.1605574300656013	0.3700166490870974	0	0	2.225630538513974	4.070908787290935	SLC12A3;CYBRD1;SLC4A11
Amino Acid Transport (GO:0006865)	2/44	0.16318597996577774	0.3700166490870974	0	0	2.8584534731323723	5.181989532995369	SLC32A1;SLC16A10
Regulation of Ossification (GO:0030278)	2/44	0.16318597996577774	0.3700166490870974	0	0	2.8584534731323723	5.181989532995369	GDF10;MEF2C
Learning (GO:0007612)	2/44	0.16318597996577774	0.3700166490870974	0	0	2.8584534731323723	5.181989532995369	SLC8A3;SLC8A2
Protein Phosphorylation (GO:0006468)	9/373	0.16350881100557066	0.3700166490870974	0	0	1.4917839972527474	2.70145433616113	GRK1;DAPK2;GRK7;LRRK2;MAPKAPK2;MKNK2;ULK1;PCK1;CDKL1
Regulation of Protein Catabolic Process (GO:0042176)	4/129	0.16358937419344666	0.3700166490870974	0	0	1.9245292307692308	3.4841596495268488	TIPARP;PRICKLE1;FOXO1;OAZ2
Negative Regulation of Transforming Growth Factor Beta Receptor Signaling Pathway (GO:0030512)	3/85	0.1645419052573683	0.3700166490870974	0	0	2.198376477629807	3.967168203396404	SPRED3;SPRY1;BCL9L
Regulation of Neuron Projection Development (GO:0010975)	5/176	0.16514615959485604	0.3700166490870974	0	0	1.7598007364089236	3.169268052707225	PTPRU;MAG;CAMK1D;LRRK2;IL1RAPL1
AMP Metabolic Process (GO:0046033)	1/11	0.16681567360777794	0.3700166490870974	0	0	5.994207317073171	10.73482104409115	AMPD1
Regulation of Mitochondrial Depolarization (GO:0051900)	1/11	0.16681567360777794	0.3700166490870974	0	0	5.994207317073171	10.73482104409115	LRRK2
Adherens Junction Assembly (GO:0034333)	1/11	0.16681567360777794	0.3700166490870974	0	0	5.994207317073171	10.73482104409115	VCL
Base-Excision Repair, AP Site Formation (GO:0006285)	1/11	0.16681567360777794	0.3700166490870974	0	0	5.994207317073171	10.73482104409115	MPG
Carbon Dioxide Transport (GO:0015670)	1/11	0.16681567360777794	0.3700166490870974	0	0	5.994207317073171	10.73482104409115	AQP6
Regulation of Smooth Muscle Cell Differentiation (GO:0051150)	1/11	0.16681567360777794	0.3700166490870974	0	0	5.994207317073171	10.73482104409115	SRF
Cellular Response to Nutrient (GO:0031670)	1/11	0.16681567360777794	0.3700166490870974	0	0	5.994207317073171	10.73482104409115	PDK2
Defense Response to Tumor Cell (GO:0002357)	1/11	0.16681567360777794	0.3700166490870974	0	0	5.994207317073171	10.73482104409115	ZNF395
Skeletal Muscle Cell Differentiation (GO:0035914)	1/11	0.16681567360777794	0.3700166490870974	0	0	5.994207317073171	10.73482104409115	MYF6
Skeletal Muscle Fiber Development (GO:0048741)	1/11	0.16681567360777794	0.3700166490870974	0	0	5.994207317073171	10.73482104409115	RYR1
Excitatory Synapse Assembly (GO:1904861)	1/11	0.16681567360777794	0.3700166490870974	0	0	5.994207317073171	10.73482104409115	NLGN1
Tricarboxylic Acid Metabolic Process (GO:0072350)	1/11	0.16681567360777794	0.3700166490870974	0	0	5.994207317073171	10.73482104409115	PCK1
Fatty Acid Transmembrane Transport (GO:1902001)	1/11	0.16681567360777794	0.3700166490870974	0	0	5.994207317073171	10.73482104409115	CPT1B
Insulin-Like Growth Factor Receptor Signaling Pathway (GO:0048009)	1/11	0.16681567360777794	0.3700166490870974	0	0	5.994207317073171	10.73482104409115	IRS2
Mast Cell Mediated Immunity (GO:0002448)	1/11	0.16681567360777794	0.3700166490870974	0	0	5.994207317073171	10.73482104409115	UCMA
Negative Regulation of Adenylate Cyclase Activity (GO:0007194)	1/11	0.16681567360777794	0.3700166490870974	0	0	5.994207317073171	10.73482104409115	GRM3
Negative Regulation of Alpha-Beta T Cell Activation (GO:0046636)	1/11	0.16681567360777794	0.3700166490870974	0	0	5.994207317073171	10.73482104409115	IHH
Negative Regulation of Exocytosis (GO:0045920)	1/11	0.16681567360777794	0.3700166490870974	0	0	5.994207317073171	10.73482104409115	IL1RAPL1
Negative Regulation of Fibrinolysis (GO:0051918)	1/11	0.16681567360777794	0.3700166490870974	0	0	5.994207317073171	10.73482104409115	SLC48A1
Negative Regulation of Lymphocyte Migration (GO:2000402)	1/11	0.16681567360777794	0.3700166490870974	0	0	5.994207317073171	10.73482104409115	APOD
Negative Regulation of Myotube Differentiation (GO:0010832)	1/11	0.16681567360777794	0.3700166490870974	0	0	5.994207317073171	10.73482104409115	BHLHE41
Negative Regulation of Platelet-Derived Growth Factor Receptor Signaling Pathway (GO:0010642)	1/11	0.16681567360777794	0.3700166490870974	0	0	5.994207317073171	10.73482104409115	APOD
Neurotransmitter Uptake (GO:0001504)	1/11	0.16681567360777794	0.3700166490870974	0	0	5.994207317073171	10.73482104409115	SLC1A7
Positive Regulation of Bone Resorption (GO:0045780)	1/11	0.16681567360777794	0.3700166490870974	0	0	5.994207317073171	10.73482104409115	TMEM64
Positive Regulation of Circadian Rhythm (GO:0042753)	1/11	0.16681567360777794	0.3700166490870974	0	0	5.994207317073171	10.73482104409115	NLGN1
Positive Regulation of Extracellular Matrix Assembly (GO:1901203)	1/11	0.16681567360777794	0.3700166490870974	0	0	5.994207317073171	10.73482104409115	RGCC
Positive Regulation of Platelet Aggregation (GO:1901731)	1/11	0.16681567360777794	0.3700166490870974	0	0	5.994207317073171	10.73482104409115	F11R
Positive Regulation of Protein Depolymerization (GO:1901881)	1/11	0.16681567360777794	0.3700166490870974	0	0	5.994207317073171	10.73482104409115	VIL1
Positive Regulation of Smooth Muscle Cell Apoptotic Process (GO:0034393)	1/11	0.16681567360777794	0.3700166490870974	0	0	5.994207317073171	10.73482104409115	FOXO1
Protein Localization to Endosome (GO:0036010)	1/11	0.16681567360777794	0.3700166490870974	0	0	5.994207317073171	10.73482104409115	RCSD1
Purine Ribonucleoside Monophosphate Biosynthetic Process (GO:0009168)	1/11	0.16681567360777794	0.3700166490870974	0	0	5.994207317073171	10.73482104409115	AMPD1
Pyrimidine Nucleobase Metabolic Process (GO:0006206)	1/11	0.16681567360777794	0.3700166490870974	0	0	5.994207317073171	10.73482104409115	CTPS1
Regulation of Cell Activation (GO:0050865)	1/11	0.16681567360777794	0.3700166490870974	0	0	5.994207317073171	10.73482104409115	SLC48A1
Regulation of Nervous System Development (GO:0051960)	2/45	0.16902408094455626	0.3726940931727715	0	0	2.791835573572292	4.96308541771489	PER2;BHLHE41
Positive Regulation of Calcium Ion Transmembrane Transport (GO:1904427)	2/45	0.16902408094455626	0.3726940931727715	0	0	2.791835573572292	4.96308541771489	TRPC3;GRM6
Positive Regulation of Cell-Matrix Adhesion (GO:0001954)	2/45	0.16902408094455626	0.3726940931727715	0	0	2.791835573572292	4.96308541771489	SLC48A1;TSC1
Purine Ribonucleotide Biosynthetic Process (GO:0009152)	2/45	0.16902408094455626	0.3726940931727715	0	0	2.791835573572292	4.96308541771489	AMPD1;ADCY7
Regulation of B Cell Proliferation (GO:0030888)	2/45	0.16902408094455626	0.3726940931727715	0	0	2.791835573572292	4.96308541771489	MEF2C;IRS2
Regulation of Endothelial Cell Proliferation (GO:0001936)	3/87	0.17259758116010557	0.3734436142654768	0	0	2.145815074496056	3.769751860519978	RGCC;EGF;THBS4
Regulation of Transport (GO:0051049)	2/46	0.17489702371621263	0.3734436142654768	0	0	2.7282457603558523	4.756854487248282	LRRK2;REEP6
Negative Regulation of Protein Serine/Threonine Kinase Activity (GO:0071901)	2/46	0.17489702371621263	0.3734436142654768	0	0	2.7282457603558523	4.756854487248282	SLC8A3;AGXT
Regulation of Calcium-Mediated Signaling (GO:0050848)	2/46	0.17489702371621263	0.3734436142654768	0	0	2.7282457603558523	4.756854487248282	LRRK2;SLC8A2
Regulation of Cell-Substrate Adhesion (GO:0010810)	2/46	0.17489702371621263	0.3734436142654768	0	0	2.7282457603558523	4.756854487248282	PTPRU;TSC1
Regulation of Endothelial Cell Migration (GO:0010594)	3/88	0.1766669425388192	0.3734436142654768	0	0	2.120461927102129	3.675797424627544	EGF;STC1;AGXT
Positive Regulation of Protein Kinase Activity (GO:0045860)	3/88	0.1766669425388192	0.3734436142654768	0	0	2.120461927102129	3.675797424627544	GPRC5B;LRRK2;SLC8A2
Positive Regulation of Ubiquitin-Dependent Protein Catabolic Process (GO:2000060)	3/88	0.1766669425388192	0.3734436142654768	0	0	2.120461927102129	3.675797424627544	LRRK2;PRICKLE1;NKD2
Neuron Differentiation (GO:0030182)	5/181	0.17874515733799068	0.3734436142654768	0	0	1.7093679854096522	2.9431798651502667	MEF2C;SRF;DDIT4;IL1RAPL1;RUNX2
Regulation of Lamellipodium Organization (GO:1902743)	1/12	0.18052907858272407	0.3734436142654768	0	0	5.4490022172949	9.327947538609155	VIL1
T-helper Cell Lineage Commitment (GO:0002295)	1/12	0.18052907858272407	0.3734436142654768	0	0	5.4490022172949	9.327947538609155	TBX21
UV-damage Excision Repair (GO:0070914)	1/12	0.18052907858272407	0.3734436142654768	0	0	5.4490022172949	9.327947538609155	DDB2
V(D)J Recombination (GO:0033151)	1/12	0.18052907858272407	0.3734436142654768	0	0	5.4490022172949	9.327947538609155	RAG2
acetyl-CoA Biosynthetic Process (GO:0006085)	1/12	0.18052907858272407	0.3734436142654768	0	0	5.4490022172949	9.327947538609155	MLYCD
Actin-Mediated Cell Contraction (GO:0070252)	1/12	0.18052907858272407	0.3734436142654768	0	0	5.4490022172949	9.327947538609155	EPDR1
Axonal Fasciculation (GO:0007413)	1/12	0.18052907858272407	0.3734436142654768	0	0	5.4490022172949	9.327947538609155	CRTAC1
Biogenic Amine Metabolic Process (GO:0006576)	1/12	0.18052907858272407	0.3734436142654768	0	0	5.4490022172949	9.327947538609155	OAZ2
cAMP Metabolic Process (GO:0046058)	1/12	0.18052907858272407	0.3734436142654768	0	0	5.4490022172949	9.327947538609155	ADCY7
Regulation of Short-Term Neuronal Synaptic Plasticity (GO:0048172)	1/12	0.18052907858272407	0.3734436142654768	0	0	5.4490022172949	9.327947538609155	SLC8A2
Cellular Response to Angiotensin (GO:1904385)	1/12	0.18052907858272407	0.3734436142654768	0	0	5.4490022172949	9.327947538609155	AGXT
Cellular Response to Catecholamine Stimulus (GO:0071870)	1/12	0.18052907858272407	0.3734436142654768	0	0	5.4490022172949	9.327947538609155	LRRK2
Cellular Response to Dopamine (GO:1903351)	1/12	0.18052907858272407	0.3734436142654768	0	0	5.4490022172949	9.327947538609155	LRRK2
Cellular Response to Fluid Shear Stress (GO:0071498)	1/12	0.18052907858272407	0.3734436142654768	0	0	5.4490022172949	9.327947538609155	MEF2C
Relaxation of Cardiac Muscle (GO:0055119)	1/12	0.18052907858272407	0.3734436142654768	0	0	5.4490022172949	9.327947538609155	ATP1A4
Retina Homeostasis (GO:0001895)	1/12	0.18052907858272407	0.3734436142654768	0	0	5.4490022172949	9.327947538609155	CRB2
Sodium Ion Export Across Plasma Membrane (GO:0036376)	1/12	0.18052907858272407	0.3734436142654768	0	0	5.4490022172949	9.327947538609155	ATP1A4
Fatty Acid Beta-Oxidation Using acyl-CoA Oxidase (GO:0033540)	1/12	0.18052907858272407	0.3734436142654768	0	0	5.4490022172949	9.327947538609155	CRAT
Very Long-Chain Fatty Acid Biosynthetic Process (GO:0042761)	1/12	0.18052907858272407	0.3734436142654768	0	0	5.4490022172949	9.327947538609155	ELOVL3
Vitamin D Metabolic Process (GO:0042359)	1/12	0.18052907858272407	0.3734436142654768	0	0	5.4490022172949	9.327947538609155	CYP24A1
Glycine Transport (GO:0015816)	1/12	0.18052907858272407	0.3734436142654768	0	0	5.4490022172949	9.327947538609155	SLC32A1
Intestinal Absorption (GO:0050892)	1/12	0.18052907858272407	0.3734436142654768	0	0	5.4490022172949	9.327947538609155	F11R
Intracellular Copper Ion Homeostasis (GO:0006878)	1/12	0.18052907858272407	0.3734436142654768	0	0	5.4490022172949	9.327947538609155	ANKRD9
Low-Density Lipoprotein Particle Remodeling (GO:0034374)	1/12	0.18052907858272407	0.3734436142654768	0	0	5.4490022172949	9.327947538609155	AGXT
Mesoderm Morphogenesis (GO:0048332)	1/12	0.18052907858272407	0.3734436142654768	0	0	5.4490022172949	9.327947538609155	CRB2
Mitochondrial Transcription (GO:0006390)	1/12	0.18052907858272407	0.3734436142654768	0	0	5.4490022172949	9.327947538609155	MTERF3
Muscle Tissue Development (GO:0060537)	1/12	0.18052907858272407	0.3734436142654768	0	0	5.4490022172949	9.327947538609155	PTCH1
Negative Regulation of Cell Cycle Phase Transition (GO:1901988)	1/12	0.18052907858272407	0.3734436142654768	0	0	5.4490022172949	9.327947538609155	RGCC
Negative Regulation of Cellular Response to Vascular Endothelial Growth Factor Stimulus (GO:1902548)	1/12	0.18052907858272407	0.3734436142654768	0	0	5.4490022172949	9.327947538609155	SLC48A1
Negative Regulation of Chemotaxis (GO:0050922)	1/12	0.18052907858272407	0.3734436142654768	0	0	5.4490022172949	9.327947538609155	SLC48A1
Negative Regulation of Complement Activation (GO:0045916)	1/12	0.18052907858272407	0.3734436142654768	0	0	5.4490022172949	9.327947538609155	SERPING1
Negative Regulation of Macrophage Derived Foam Cell Differentiation (GO:0010745)	1/12	0.18052907858272407	0.3734436142654768	0	0	5.4490022172949	9.327947538609155	ADIPOQ
Negative Regulation of Transmembrane Transport (GO:0034763)	1/12	0.18052907858272407	0.3734436142654768	0	0	5.4490022172949	9.327947538609155	IRS2
Polyamine Metabolic Process (GO:0006595)	1/12	0.18052907858272407	0.3734436142654768	0	0	5.4490022172949	9.327947538609155	OAZ2
Positive Regulation of T-helper 1 Type Immune Response (GO:0002827)	1/12	0.18052907858272407	0.3734436142654768	0	0	5.4490022172949	9.327947538609155	TBX21
Positive Regulation of Peptidyl-Threonine Phosphorylation (GO:0010800)	1/12	0.18052907858272407	0.3734436142654768	0	0	5.4490022172949	9.327947538609155	EGF
Positive Regulation of Ruffle Assembly (GO:1900029)	1/12	0.18052907858272407	0.3734436142654768	0	0	5.4490022172949	9.327947538609155	NLGN1
Positive Regulation of Smooth Muscle Contraction (GO:0045987)	1/12	0.18052907858272407	0.3734436142654768	0	0	5.4490022172949	9.327947538609155	SRF
Presynapse Organization (GO:0099172)	1/12	0.18052907858272407	0.3734436142654768	0	0	5.4490022172949	9.327947538609155	NLGN1
Purine Ribonucleoside Monophosphate Metabolic Process (GO:0009167)	1/12	0.18052907858272407	0.3734436142654768	0	0	5.4490022172949	9.327947538609155	AMPD1
Regulation of T Cell Differentiation in Thymus (GO:0033081)	1/12	0.18052907858272407	0.3734436142654768	0	0	5.4490022172949	9.327947538609155	IHH
Regulation of Actin Filament Depolymerization (GO:0030834)	1/12	0.18052907858272407	0.3734436142654768	0	0	5.4490022172949	9.327947538609155	VIL1
Regulation of Alcohol Biosynthetic Process (GO:1902930)	1/12	0.18052907858272407	0.3734436142654768	0	0	5.4490022172949	9.327947538609155	AQP8
Cellular Response to Hormone Stimulus (GO:0032870)	3/89	0.1807627672028178	0.3734436142654768	0	0	2.095698387787131	3.584838342390716	MEF2C;ATP1A4;CTSB
Regulation of mRNA Catabolic Process (GO:0061013)	2/47	0.1808020937416414	0.3734436142654768	0	0	2.6674821610601427	4.5623341177691	MAPKAPK2;VIM
Cellular Response to Radiation (GO:0071478)	2/47	0.1808020937416414	0.3734436142654768	0	0	2.6674821610601427	4.5623341177691	OPN4;OPN1SW
Stem Cell Differentiation (GO:0048863)	2/47	0.1808020937416414	0.3734436142654768	0	0	2.6674821610601427	4.5623341177691	MEF2C;SP7
Monoatomic Anion Transport (GO:0006820)	2/47	0.1808020937416414	0.3734436142654768	0	0	2.6674821610601427	4.5623341177691	SLC17A7;CLCN1
Protein Dephosphorylation (GO:0006470)	3/90	0.18488414685177143	0.38145165996801184	0	0	2.0715041252379947	3.49675258077153	PTPRU;DAPP1;DUSP29
Regulation of Exocytosis (GO:0017157)	2/48	0.18673665586098476	0.38314985287463355	0	0	2.609360457385986	4.378652742269186	IL1RAPL1;CFTR
Erythrocyte Differentiation (GO:0030218)	2/48	0.18673665586098476	0.38314985287463355	0	0	2.609360457385986	4.378652742269186	SLC25A38;EPX
Fatty Acid Beta-Oxidation (GO:0006635)	2/48	0.18673665586098476	0.38314985287463355	0	0	2.609360457385986	4.378652742269186	ADIPOQ;CRAT
Positive Regulation of Peptide Hormone Secretion (GO:0090277)	2/48	0.18673665586098476	0.38314985287463355	0	0	2.609360457385986	4.378652742269186	UCMA;IRS2
Primary Alcohol Metabolic Process (GO:0034308)	2/48	0.18673665586098476	0.38314985287463355	0	0	2.609360457385986	4.378652742269186	RDH8;DHRS9
Regulation of Protein Phosphorylation (GO:0001932)	4/137	0.18951756293057972	0.3837050720345399	0	0	1.808027761711972	3.0072448050362435	SLC48A1;RAP2A;LRRK2;ADIPOQ
Regulation of Stem Cell Differentiation (GO:2000736)	2/49	0.1926981524310419	0.3837050720345399	0	0	2.5537120176979635	4.205019563872196	SLC4A11;SP7
Epidermal Growth Factor Receptor Signaling Pathway (GO:0007173)	2/49	0.1926981524310419	0.3837050720345399	0	0	2.5537120176979635	4.205019563872196	VIL1;EGF
C4-dicarboxylate Transport (GO:0015740)	1/13	0.19401744910505217	0.3837050720345399	0	0	4.994664634146342	8.190286929379782	SLC13A2
ERBB2 Signaling Pathway (GO:0038128)	1/13	0.19401744910505217	0.3837050720345399	0	0	4.994664634146342	8.190286929379782	EGF
Regulation of Fatty Acid Beta-Oxidation (GO:0031998)	1/13	0.19401744910505217	0.3837050720345399	0	0	4.994664634146342	8.190286929379782	IRS2
Regulation of Gastrulation (GO:0010470)	1/13	0.19401744910505217	0.3837050720345399	0	0	4.994664634146342	8.190286929379782	CRB2
Regulation of Protein Autophosphorylation (GO:0031952)	1/13	0.19401744910505217	0.3837050720345399	0	0	4.994664634146342	8.190286929379782	RAP2A
Body Fluid Secretion (GO:0007589)	1/13	0.19401744910505217	0.3837050720345399	0	0	4.994664634146342	8.190286929379782	GUCA1B
Cellular Response to Acidic pH (GO:0071468)	1/13	0.19401744910505217	0.3837050720345399	0	0	4.994664634146342	8.190286929379782	KCNK3
Cellular Response to Arsenic-Containing Substance (GO:0071243)	1/13	0.19401744910505217	0.3837050720345399	0	0	4.994664634146342	8.190286929379782	MKNK2
Regulation of Vesicle Fusion (GO:0031338)	1/13	0.19401744910505217	0.3837050720345399	0	0	4.994664634146342	8.190286929379782	CPLX4
Response to UV-A (GO:0070141)	1/13	0.19401744910505217	0.3837050720345399	0	0	4.994664634146342	8.190286929379782	OPN1SW
Response to Muramyl Dipeptide (GO:0032495)	1/13	0.19401744910505217	0.3837050720345399	0	0	4.994664634146342	8.190286929379782	VIM
Steroid Catabolic Process (GO:0006706)	1/13	0.19401744910505217	0.3837050720345399	0	0	4.994664634146342	8.190286929379782	CYP24A1
Fatty Acid Elongation (GO:0030497)	1/13	0.19401744910505217	0.3837050720345399	0	0	4.994664634146342	8.190286929379782	ELOVL3
Intrinsic Apoptotic Signaling Pathway in Response to Oxidative Stress (GO:0008631)	1/13	0.19401744910505217	0.3837050720345399	0	0	4.994664634146342	8.190286929379782	DIABLO
Lipid Oxidation (GO:0034440)	1/13	0.19401744910505217	0.3837050720345399	0	0	4.994664634146342	8.190286929379782	ADIPOQ
Microvillus Organization (GO:0032528)	1/13	0.19401744910505217	0.3837050720345399	0	0	4.994664634146342	8.190286929379782	RAP2A
Negative Regulation of Ras Protein Signal Transduction (GO:0046580)	1/13	0.19401744910505217	0.3837050720345399	0	0	4.994664634146342	8.190286929379782	SPRY1
Negative Regulation of T Cell Differentiation (GO:0045581)	1/13	0.19401744910505217	0.3837050720345399	0	0	4.994664634146342	8.190286929379782	IHH
Negative Regulation of Cardiac Muscle Hypertrophy (GO:0010614)	1/13	0.19401744910505217	0.3837050720345399	0	0	4.994664634146342	8.190286929379782	FOXO1
Negative Regulation of Cell Activation (GO:0050866)	1/13	0.19401744910505217	0.3837050720345399	0	0	4.994664634146342	8.190286929379782	NR1D1
Negative Regulation of Fibroblast Growth Factor Receptor Signaling Pathway (GO:0040037)	1/13	0.19401744910505217	0.3837050720345399	0	0	4.994664634146342	8.190286929379782	SPRY1
Negative Regulation of Secretion (GO:0051048)	1/13	0.19401744910505217	0.3837050720345399	0	0	4.994664634146342	8.190286929379782	EGF
Negative Regulation of Toll-Like Receptor 4 Signaling Pathway (GO:0034144)	1/13	0.19401744910505217	0.3837050720345399	0	0	4.994664634146342	8.190286929379782	NR1D1
Neuronal Action Potential (GO:0019228)	1/13	0.19401744910505217	0.3837050720345399	0	0	4.994664634146342	8.190286929379782	SCN4B
Positive Regulation of Alpha-Beta T Cell Differentiation (GO:0046638)	1/13	0.19401744910505217	0.3837050720345399	0	0	4.994664634146342	8.190286929379782	IHH
Positive Regulation of Glycogen Biosynthetic Process (GO:0045725)	1/13	0.19401744910505217	0.3837050720345399	0	0	4.994664634146342	8.190286929379782	IRS2
+ Reg of Insulin Secretion Inv in Cellular Resp to Glucose Stimulus (GO:0035774)	1/13	0.19401744910505217	0.3837050720345399	0	0	4.994664634146342	8.190286929379782	CFTR
Positive Regulation of Myelination (GO:0031643)	1/13	0.19401744910505217	0.3837050720345399	0	0	4.994664634146342	8.190286929379782	EGR2
Positive Regulation of Protein Tyrosine Kinase Activity (GO:0061098)	1/13	0.19401744910505217	0.3837050720345399	0	0	4.994664634146342	8.190286929379782	GPRC5B
Positive Regulation of Sodium Ion Transport (GO:0010765)	1/13	0.19401744910505217	0.3837050720345399	0	0	4.994664634146342	8.190286929379782	SCN4B
Positive Regulation of Vasoconstriction (GO:0045907)	1/13	0.19401744910505217	0.3837050720345399	0	0	4.994664634146342	8.190286929379782	TBXA2R
Negative Regulation of Angiogenesis (GO:0016525)	3/93	0.19739261370255864	0.3884757227618099	0	0	2.002147239263804	3.2486051669710845	SLC48A1;RGCC;THBS4
Central Nervous System Development (GO:0007417)	7/288	0.19780519297667332	0.3884757227618099	0	0	1.5000773634535045	2.430834275053699	SLC8A3;EGR2;VCAN;CNTN5;PTCH1;DDIT4;APOD
GPCR Sgnlng Pway, Coupled to Cyclic Nucleotide Second Messenger (GO:0007187)	2/50	0.1986841014800689	0.3884757227618099	0	0	2.500382262996942	4.040715615235962	AGXT;DRD4
Negative Regulation of Protein Binding (GO:0032091)	2/50	0.1986841014800689	0.3884757227618099	0	0	2.500382262996942	4.040715615235962	LRRK2;ADIPOQ
Lipid Biosynthetic Process (GO:0008610)	3/94	0.20160724059568697	0.3884757227618099	0	0	1.9800444953819187	3.1709102354075833	RDH8;MLYCD;FDFT1
Cellular Response to Starvation (GO:0009267)	4/141	0.2029454146913618	0.3884757227618099	0	0	1.754879281302639	2.798713467945102	LRRK2;PDK4;TSC1;FOXO1
Plasma Membrane Bounded Cell Projection Organization (GO:0120036)	4/141	0.2029454146913618	0.3884757227618099	0	0	1.754879281302639	2.798713467945102	PTPRU;NLGN1;CDH23;ULK1
Regulation of Epidermal Growth Factor Receptor Signaling Pathway (GO:0042058)	2/51	0.20469209497930388	0.3884757227618099	0	0	2.449229232977595	3.885085963434529	NEU3;AGXT
Regulation of Intracellular Transport (GO:0032386)	2/51	0.20469209497930388	0.3884757227618099	0	0	2.449229232977595	3.885085963434529	LRRK2;REEP6
Carboxylic Acid Transmembrane Transport (GO:1905039)	2/51	0.20469209497930388	0.3884757227618099	0	0	2.449229232977595	3.885085963434529	SLC25A38;SLC13A2
Regulation of Secretion by Cell (GO:1903530)	2/51	0.20469209497930388	0.3884757227618099	0	0	2.449229232977595	3.885085963434529	MEF2C;CASK
Negative Regulation of Cell Projection Organization (GO:0031345)	2/51	0.20469209497930388	0.3884757227618099	0	0	2.449229232977595	3.885085963434529	PTPRU;MAG
Positive Regulation of Actin Filament Bundle Assembly (GO:0032233)	2/51	0.20469209497930388	0.3884757227618099	0	0	2.449229232977595	3.885085963434529	VIL1;RGCC
Positive Regulation of Nervous System Development (GO:0051962)	2/51	0.20469209497930388	0.3884757227618099	0	0	2.449229232977595	3.885085963434529	NLGN1;IL1RAPL1
Proton Transmembrane Transport (GO:1902600)	2/51	0.20469209497930388	0.3884757227618099	0	0	2.449229232977595	3.885085963434529	ATP1A4;SLC4A11
Positive Regulation of Immune Response (GO:0050778)	3/95	0.20584296655248444	0.3884757227618099	0	0	1.958422245932249	3.0955638665194183	SLC48A1;CFP;PCK1
Regulation of Coagulation (GO:0050818)	1/14	0.2072844667933784	0.3884757227618099	0	0	4.610225140712946	7.254941617216534	SLC48A1
Regulation of Dephosphorylation (GO:0035303)	1/14	0.2072844667933784	0.3884757227618099	0	0	4.610225140712946	7.254941617216534	SMG7
Regulation of Feeding Behavior (GO:0060259)	1/14	0.2072844667933784	0.3884757227618099	0	0	4.610225140712946	7.254941617216534	GNB3
GTP Metabolic Process (GO:0046039)	1/14	0.2072844667933784	0.3884757227618099	0	0	4.610225140712946	7.254941617216534	LRRK2
Regulation of Integrin Activation (GO:0033623)	1/14	0.2072844667933784	0.3884757227618099	0	0	4.610225140712946	7.254941617216534	PTGER4
T Cell Differentiation in Thymus (GO:0033077)	1/14	0.2072844667933784	0.3884757227618099	0	0	4.610225140712946	7.254941617216534	RAG2
Regulation of Macrophage Cytokine Production (GO:0010935)	1/14	0.2072844667933784	0.3884757227618099	0	0	4.610225140712946	7.254941617216534	GPRC5B
Acidic Amino Acid Transport (GO:0015800)	1/14	0.2072844667933784	0.3884757227618099	0	0	4.610225140712946	7.254941617216534	SLC32A1
acyl-CoA Biosynthetic Process (GO:0071616)	1/14	0.2072844667933784	0.3884757227618099	0	0	4.610225140712946	7.254941617216534	MLYCD
Regulation of Platelet-Derived Growth Factor Receptor Signaling Pathway (GO:0010640)	1/14	0.2072844667933784	0.3884757227618099	0	0	4.610225140712946	7.254941617216534	APOD
Cell Communication by Electrical Coupling Involved in Cardiac Conduction (GO:0086064)	1/14	0.2072844667933784	0.3884757227618099	0	0	4.610225140712946	7.254941617216534	ATP1A4
Relaxation of Muscle (GO:0090075)	1/14	0.2072844667933784	0.3884757227618099	0	0	4.610225140712946	7.254941617216534	ATP1A4
Response to Prostaglandin E (GO:0034695)	1/14	0.2072844667933784	0.3884757227618099	0	0	4.610225140712946	7.254941617216534	PTGER4
Secretion (GO:0046903)	1/14	0.2072844667933784	0.3884757227618099	0	0	4.610225140712946	7.254941617216534	GUCA1B
Sodium-Independent Organic Anion Transport (GO:0043252)	1/14	0.2072844667933784	0.3884757227618099	0	0	4.610225140712946	7.254941617216534	SLCO4A1
Establishment of Apical/Basal Cell Polarity (GO:0035089)	1/14	0.2072844667933784	0.3884757227618099	0	0	4.610225140712946	7.254941617216534	RAP2A
Glycolipid Catabolic Process (GO:0019377)	1/14	0.2072844667933784	0.3884757227618099	0	0	4.610225140712946	7.254941617216534	NEU3
Intracellular Potassium Ion Homeostasis (GO:0030007)	1/14	0.2072844667933784	0.3884757227618099	0	0	4.610225140712946	7.254941617216534	ATP1A4
Medium-Chain Fatty Acid Metabolic Process (GO:0051791)	1/14	0.2072844667933784	0.3884757227618099	0	0	4.610225140712946	7.254941617216534	CRAT
Microvillus Assembly (GO:0030033)	1/14	0.2072844667933784	0.3884757227618099	0	0	4.610225140712946	7.254941617216534	RAP2A
Mitochondrion Distribution (GO:0048311)	1/14	0.2072844667933784	0.3884757227618099	0	0	4.610225140712946	7.254941617216534	LRRK2
Myotube Cell Development (GO:0014904)	1/14	0.2072844667933784	0.3884757227618099	0	0	4.610225140712946	7.254941617216534	RYR1
Negative Regulation of ATP-dependent Activity (GO:0032780)	1/14	0.2072844667933784	0.3884757227618099	0	0	4.610225140712946	7.254941617216534	TSC1
Negative Regulation of Cell Migration Involved in Sprouting Angiogenesis (GO:0090051)	1/14	0.2072844667933784	0.3884757227618099	0	0	4.610225140712946	7.254941617216534	TBXA2R
Negative Regulation of Lyase Activity (GO:0051350)	1/14	0.2072844667933784	0.3884757227618099	0	0	4.610225140712946	7.254941617216534	GRM3
Negative Regulation of Neuroinflammatory Response (GO:0150079)	1/14	0.2072844667933784	0.3884757227618099	0	0	4.610225140712946	7.254941617216534	NR1D1
Negative Regulation of Peptidyl-Tyrosine Phosphorylation (GO:0050732)	1/14	0.2072844667933784	0.3884757227618099	0	0	4.610225140712946	7.254941617216534	SAMSN1
Negative Regulation of Smooth Muscle Cell Migration (GO:0014912)	1/14	0.2072844667933784	0.3884757227618099	0	0	4.610225140712946	7.254941617216534	MEF2C
Neuron Cell-Cell Adhesion (GO:0007158)	1/14	0.2072844667933784	0.3884757227618099	0	0	4.610225140712946	7.254941617216534	NLGN1
Polarized Epithelial Cell Differentiation (GO:0030859)	1/14	0.2072844667933784	0.3884757227618099	0	0	4.610225140712946	7.254941617216534	RAP2A
Positive Regulation of Cardiac Muscle Cell Proliferation (GO:0060045)	1/14	0.2072844667933784	0.3884757227618099	0	0	4.610225140712946	7.254941617216534	MEF2C
Positive Regulation of Hippo Signaling (GO:0035332)	1/14	0.2072844667933784	0.3884757227618099	0	0	4.610225140712946	7.254941617216534	ARRDC3
Purine-Containing Compound Catabolic Process (GO:0072523)	1/14	0.2072844667933784	0.3884757227618099	0	0	4.610225140712946	7.254941617216534	MLYCD
Regulation of Actin Filament Organization (GO:0110053)	1/14	0.2072844667933784	0.3884757227618099	0	0	4.610225140712946	7.254941617216534	VIL1
Regulation of cAMP/PKA Signal Transduction (GO:0141161)	1/14	0.2072844667933784	0.3884757227618099	0	0	4.610225140712946	7.254941617216534	LRRK2
Regulation of Cell Projection Organization (GO:0031344)	1/14	0.2072844667933784	0.3884757227618099	0	0	4.610225140712946	7.254941617216534	LRRK2
Protein Homooligomerization (GO:0051260)	4/143	0.2097629748617904	0.392725247704016	0	0	1.7294521306032098	2.70101869308642	RYR1;ZNF395;AQP4;DNM1
Generation of Neurons (GO:0048699)	5/192	0.21004253946940216	0.3928534331181482	0	0	1.607909156928765	2.5090541257678662	MEF2C;DDIT4;IL1RAPL1;SEPTIN14;RUNX2
Endosome Organization (GO:0007032)	2/52	0.2107197969872844	0.3937244399531488	0	0	2.4001223241590215	3.737532896949426	PRICKLE1;DNM1
Cell Surface Receptor Protein Tyrosine Kinase Signaling Pathway (GO:0007169)	7/296	0.21638136589601148	0.40004011196858547	0	0	1.4579509553181886	2.231704255057772	FGF6;DDIT4;MAPKAPK2;PDK4;IRS2;PDK2;FOXO1
B Cell Differentiation (GO:0030183)	2/53	0.21676494206188252	0.40004011196858547	0	0	2.3529411764705883	3.597509950233315	AQP8;RAG2
Cellular Response to Mechanical Stimulus (GO:0071260)	2/53	0.21676494206188252	0.40004011196858547	0	0	2.3529411764705883	3.597509950233315	PTGER4;F11R
Positive Regulation of B Cell Activation (GO:0050871)	2/53	0.21676494206188252	0.40004011196858547	0	0	2.3529411764705883	3.597509950233315	MEF2C;IRS2
Positive Regulation of Small GTPase Mediated Signal Transduction (GO:0051057)	2/53	0.21676494206188252	0.40004011196858547	0	0	2.3529411764705883	3.597509950233315	EPX;F11R
Positive Regulation of Proteasomal Protein Catabolic Process (GO:1901800)	3/98	0.21866805633455944	0.40004011196858547	0	0	1.8962867290926704	2.8827358887158203	LRRK2;PRICKLE1;NKD2
Positive Regulation of Protein Modification Process (GO:0031401)	3/98	0.21866805633455944	0.40004011196858547	0	0	1.8962867290926704	2.8827358887158203	RAP2A;LRRK2;ADIPOQ
Regulation of Programmed Cell Death (GO:0043067)	5/195	0.21887295997660425	0.40004011196858547	0	0	1.582277452891488	2.4038968698399263	DAPK2;LRRK2;BIRC7;AGXT;CTSB
Negative Regulation of Wnt Signaling Pathway (GO:0030178)	4/146	0.2201089441783462	0.40004011196858547	0	0	1.6926543878656557	2.562056954070936	PTPRU;PRICKLE1;TMEM64;NKD2
Regulation of Clathrin-Dependent Endocytosis (GO:2000369)	1/15	0.22033375323363788	0.40004011196858547	0	0	4.280705574912892	6.475045859329133	NEU3
Regulation of Exit From Mitosis (GO:0007096)	1/15	0.22033375323363788	0.40004011196858547	0	0	4.280705574912892	6.475045859329133	RGCC
T Cell Proliferation (GO:0042098)	1/15	0.22033375323363788	0.40004011196858547	0	0	4.280705574912892	6.475045859329133	CTPS1
Regulation of Microglial Cell Activation (GO:1903978)	1/15	0.22033375323363788	0.40004011196858547	0	0	4.280705574912892	6.475045859329133	NR1D1
Regulation of Neuroblast Proliferation (GO:1902692)	1/15	0.22033375323363788	0.40004011196858547	0	0	4.280705574912892	6.475045859329133	LRRK2
Cardiac Myofibril Assembly (GO:0055003)	1/15	0.22033375323363788	0.40004011196858547	0	0	4.280705574912892	6.475045859329133	MYL2
Regulation of Vesicle Size (GO:0097494)	1/15	0.22033375323363788	0.40004011196858547	0	0	4.280705574912892	6.475045859329133	DNM1
Clathrin Coat Assembly (GO:0048268)	1/15	0.22033375323363788	0.40004011196858547	0	0	4.280705574912892	6.475045859329133	DNM1
Copper Ion Homeostasis (GO:0055070)	1/15	0.22033375323363788	0.40004011196858547	0	0	4.280705574912892	6.475045859329133	ANKRD9
Gas Transport (GO:0015669)	1/15	0.22033375323363788	0.40004011196858547	0	0	4.280705574912892	6.475045859329133	AQP6
Multicellular Organismal-Level Iron Ion Homeostasis (GO:0060586)	1/15	0.22033375323363788	0.40004011196858547	0	0	4.280705574912892	6.475045859329133	CYBRD1
Negative Regulation of Axon Extension (GO:0030517)	1/15	0.22033375323363788	0.40004011196858547	0	0	4.280705574912892	6.475045859329133	MAG
- Reg of Endoplasmic Reticulum Stress-Induced Intrinsic Apoptotic Sgnlng Pway (GO:1902236)	1/15	0.22033375323363788	0.40004011196858547	0	0	4.280705574912892	6.475045859329133	LRRK2
Negative Regulation of Macrophage Activation (GO:0043031)	1/15	0.22033375323363788	0.40004011196858547	0	0	4.280705574912892	6.475045859329133	NR1D1
Positive Regulation of Glycogen Metabolic Process (GO:0070875)	1/15	0.22033375323363788	0.40004011196858547	0	0	4.280705574912892	6.475045859329133	IRS2
Positive Regulation of Regulated Secretory Pathway (GO:1903307)	1/15	0.22033375323363788	0.40004011196858547	0	0	4.280705574912892	6.475045859329133	NLGN1
Regulation of Golgi Organization (GO:1903358)	1/15	0.22033375323363788	0.40004011196858547	0	0	4.280705574912892	6.475045859329133	USP6NL
Regulation of Amyloid-Beta Clearance (GO:1900221)	1/15	0.22033375323363788	0.40004011196858547	0	0	4.280705574912892	6.475045859329133	SRF
Regulation of Catecholamine Secretion (GO:0050433)	1/15	0.22033375323363788	0.40004011196858547	0	0	4.280705574912892	6.475045859329133	CHRNA4
Regulation of Cellular Response to Heat (GO:1900034)	1/15	0.22033375323363788	0.40004011196858547	0	0	4.280705574912892	6.475045859329133	MAPKAPK2
Plasma Membrane Bounded Cell Projection Morphogenesis (GO:0120039)	2/54	0.22282533348867292	0.4032700780232305	0	0	2.3075746883086334	3.464516653962012	NLGN1;LRRK2
Regulation of Protein Secretion (GO:0050708)	3/99	0.2229795326630329	0.4032700780232305	0	0	1.8764378834355828	2.81592397148613	PER2;ANKRD1;DRD4
Positive Regulation of Autophagy (GO:0010508)	3/99	0.2229795326630329	0.4032700780232305	0	0	1.8764378834355828	2.81592397148613	LRRK2;ULK1;FOXO1
Positive Regulation of Cold-Induced Thermogenesis (GO:0120162)	3/99	0.2229795326630329	0.4032700780232305	0	0	1.8764378834355828	2.81592397148613	PER2;ADIPOQ;ELOVL3
Rho Protein Signal Transduction (GO:0007266)	2/55	0.22889884173137873	0.41013919549888017	0	0	2.263920143096186	3.3380939069756734	COL1A2;LRRK2
Regulation of Peptide Hormone Secretion (GO:0090276)	2/55	0.22889884173137873	0.41013919549888017	0	0	2.263920143096186	3.3380939069756734	PER2;UCMA
Endoplasmic Reticulum Organization (GO:0007029)	2/55	0.22889884173137873	0.41013919549888017	0	0	2.263920143096186	3.3380939069756734	LRRK2;REEP6
Regulation of Fibrinolysis (GO:0051917)	1/16	0.2331688709499276	0.41013919549888017	0	0	3.995121951219512	5.816866878073496	SLC48A1
Regulation of Multicellular Organism Growth (GO:0040014)	1/16	0.2331688709499276	0.41013919549888017	0	0	3.995121951219512	5.816866878073496	PTCH1
Regulation of Presynapse Assembly (GO:1905606)	1/16	0.2331688709499276	0.41013919549888017	0	0	3.995121951219512	5.816866878073496	IL1RAPL1
Regulation of Presynapse Organization (GO:0099174)	1/16	0.2331688709499276	0.41013919549888017	0	0	3.995121951219512	5.816866878073496	IL1RAPL1
Regulation of Ryanodine-Sensitive Calcium-Release Channel Activity (GO:0060314)	1/16	0.2331688709499276	0.41013919549888017	0	0	3.995121951219512	5.816866878073496	JPH1
Regulation of Smooth Muscle Cell Apoptotic Process (GO:0034391)	1/16	0.2331688709499276	0.41013919549888017	0	0	3.995121951219512	5.816866878073496	FOXO1
Ceramide Catabolic Process (GO:0046514)	1/16	0.2331688709499276	0.41013919549888017	0	0	3.995121951219512	5.816866878073496	NEU3
Glycosphingolipid Catabolic Process (GO:0046479)	1/16	0.2331688709499276	0.41013919549888017	0	0	3.995121951219512	5.816866878073496	NEU3
Heart Process (GO:0003015)	1/16	0.2331688709499276	0.41013919549888017	0	0	3.995121951219512	5.816866878073496	MYL2
Membrane Depolarization During Cardiac Muscle Cell Action Potential (GO:0086012)	1/16	0.2331688709499276	0.41013919549888017	0	0	3.995121951219512	5.816866878073496	SCN4B
Mesenchyme Morphogenesis (GO:0072132)	1/16	0.2331688709499276	0.41013919549888017	0	0	3.995121951219512	5.816866878073496	ADAMTS5
Mitochondrial Ribosome Assembly (GO:0061668)	1/16	0.2331688709499276	0.41013919549888017	0	0	3.995121951219512	5.816866878073496	MTERF3
Negative Regulation of Calcium Ion Transport (GO:0051926)	1/16	0.2331688709499276	0.41013919549888017	0	0	3.995121951219512	5.816866878073496	STC1
Negative Regulation of Interleukin-8 Production (GO:0032717)	1/16	0.2331688709499276	0.41013919549888017	0	0	3.995121951219512	5.816866878073496	ANXA4
Negative Regulation of Monoatomic Ion Transport (GO:0043271)	1/16	0.2331688709499276	0.41013919549888017	0	0	3.995121951219512	5.816866878073496	STC1
Negative Regulation of Myoblast Differentiation (GO:0045662)	1/16	0.2331688709499276	0.41013919549888017	0	0	3.995121951219512	5.816866878073496	PRICKLE1
Negative Regulation of Protein Processing (GO:0010955)	1/16	0.2331688709499276	0.41013919549888017	0	0	3.995121951219512	5.816866878073496	LRRK2
Neurotrophin Signaling Pathway (GO:0038179)	1/16	0.2331688709499276	0.41013919549888017	0	0	3.995121951219512	5.816866878073496	DDIT4
Nitric Oxide Mediated Signal Transduction (GO:0007263)	1/16	0.2331688709499276	0.41013919549888017	0	0	3.995121951219512	5.816866878073496	AGXT
Photoreceptor Cell Development (GO:0042461)	1/16	0.2331688709499276	0.41013919549888017	0	0	3.995121951219512	5.816866878073496	CDHR1
+ Reg of Myeloid Leukocyte Cytokine Production Inv in Imm Resp (GO:0061081)	1/16	0.2331688709499276	0.41013919549888017	0	0	3.995121951219512	5.816866878073496	GPRC5B
Positive Regulation of Stress-Activated MAPK Cascade (GO:0032874)	1/16	0.2331688709499276	0.41013919549888017	0	0	3.995121951219512	5.816866878073496	MPG
Positive Regulation of Stress-Activated Protein Kinase Signaling Cascade (GO:0070304)	1/16	0.2331688709499276	0.41013919549888017	0	0	3.995121951219512	5.816866878073496	MPG
Postsynaptic Membrane Organization (GO:0001941)	1/16	0.2331688709499276	0.41013919549888017	0	0	3.995121951219512	5.816866878073496	NLGN1
Protein Localization to Cell-Cell Junction (GO:0150105)	1/16	0.2331688709499276	0.41013919549888017	0	0	3.995121951219512	5.816866878073496	F11R
Regulation of Adenylate Cyclase Activity (GO:0045761)	1/16	0.2331688709499276	0.41013919549888017	0	0	3.995121951219512	5.816866878073496	GRM3
Phosphate-Containing Compound Metabolic Process (GO:0006796)	4/150	0.23410842457861228	0.41140300107724026	0	0	1.6459430979978926	2.389861511040268	PFKFB3;LRRK2;THNSL2;PFKM
Adenylate Cyclase-Inhibiting G Protein-Coupled Receptor Signaling Pathway (GO:0007193)	2/56	0.23498340273156076	0.41177411721604007	0	0	2.2218824328916074	3.2178198900467705	PTGER4;DRD4
Response to Peptide Hormone (GO:0043434)	2/56	0.23498340273156076	0.41177411721604007	0	0	2.2218824328916074	3.2178198900467705	TSC1;PCK1
Receptor Internalization (GO:0031623)	2/56	0.23498340273156076	0.41177411721604007	0	0	2.2218824328916074	3.2178198900467705	ARR3;DNM1
Regulation of Cell Differentiation (GO:0045595)	5/201	0.2368650167181904	0.4120197059000097	0	0	1.533367976820358	2.2084559988452774	NLGN1;SRF;GNB3;NR1D1;RUNX2
Protein Localization to Organelle (GO:0033365)	4/151	0.23764195995815784	0.4120197059000097	0	0	1.634662480376766	2.3489938141138147	COL1A1;CRTAC1;LRRK2;RCSD1
Negative Regulation of Macromolecule Biosynthetic Process (GO:0010558)	5/202	0.23990349406587505	0.4120197059000097	0	0	1.5255060475026634	2.177688172657823	MEF2C;TIPARP;ADIPOQ;ANKRD1;AGXT
Positive Regulation of Protein Metabolic Process (GO:0051247)	5/202	0.23990349406587505	0.4120197059000097	0	0	1.5255060475026634	2.177688172657823	TIPARP;PRICKLE1;AGXT;OAZ2;FOXO1
Cellular Response to Interleukin-1 (GO:0071347)	2/57	0.24107701642753085	0.4120197059000097	0	0	2.1813733666944675	3.10330644612602	ANKRD1;NR1D1
Heart Morphogenesis (GO:0003007)	2/57	0.24107701642753085	0.4120197059000097	0	0	2.1813733666944675	3.10330644612602	ADAMTS5;ANKRD1
Myeloid Cell Differentiation (GO:0030099)	2/57	0.24107701642753085	0.4120197059000097	0	0	2.1813733666944675	3.10330644612602	SLC25A38;EPX
Regulation of Endothelial Cell Chemotaxis (GO:2001026)	1/17	0.2457933243537945	0.4120197059000097	0	0	3.7452362804878048	5.255556146776185	SLC48A1
DNA Modification (GO:0006304)	1/17	0.2457933243537945	0.4120197059000097	0	0	3.7452362804878048	5.255556146776185	MPG
Regulation of Leukocyte Chemotaxis (GO:0002688)	1/17	0.2457933243537945	0.4120197059000097	0	0	3.7452362804878048	5.255556146776185	CAMK1D
acetyl-CoA Metabolic Process (GO:0006084)	1/17	0.2457933243537945	0.4120197059000097	0	0	3.7452362804878048	5.255556146776185	MLYCD
Actin Filament Capping (GO:0051693)	1/17	0.2457933243537945	0.4120197059000097	0	0	3.7452362804878048	5.255556146776185	VIL1
Barbed-End Actin Filament Capping (GO:0051016)	1/17	0.2457933243537945	0.4120197059000097	0	0	3.7452362804878048	5.255556146776185	VIL1
Regulation of Protein Tyrosine Kinase Activity (GO:0061097)	1/17	0.2457933243537945	0.4120197059000097	0	0	3.7452362804878048	5.255556146776185	GPRC5B
Regulation of Secretion (GO:0051046)	1/17	0.2457933243537945	0.4120197059000097	0	0	3.7452362804878048	5.255556146776185	EGF
Regulation of Sodium Ion Transmembrane Transporter Activity (GO:2000649)	1/17	0.2457933243537945	0.4120197059000097	0	0	3.7452362804878048	5.255556146776185	SCN4B
Regulation of Ubiquitin-Protein Transferase Activity (GO:0051438)	1/17	0.2457933243537945	0.4120197059000097	0	0	3.7452362804878048	5.255556146776185	ARRDC3
Regulation of Ventricular Cardiac Muscle Cell Membrane Repolarization (GO:0060307)	1/17	0.2457933243537945	0.4120197059000097	0	0	3.7452362804878048	5.255556146776185	SCN4B
Response to Ethanol (GO:0045471)	1/17	0.2457933243537945	0.4120197059000097	0	0	3.7452362804878048	5.255556146776185	DRD4
Sensory Perception of Taste (GO:0050909)	1/17	0.2457933243537945	0.4120197059000097	0	0	3.7452362804878048	5.255556146776185	ASIC2
Embryonic Axis Specification (GO:0000578)	1/17	0.2457933243537945	0.4120197059000097	0	0	3.7452362804878048	5.255556146776185	PTCH1
Sulfur Amino Acid Metabolic Process (GO:0000096)	1/17	0.2457933243537945	0.4120197059000097	0	0	3.7452362804878048	5.255556146776185	DPEP1
Synaptic Membrane Adhesion (GO:0099560)	1/17	0.2457933243537945	0.4120197059000097	0	0	3.7452362804878048	5.255556146776185	IL1RAPL1
Epithelial Cell Morphogenesis (GO:0003382)	1/17	0.2457933243537945	0.4120197059000097	0	0	3.7452362804878048	5.255556146776185	STC1
Eye Photoreceptor Cell Development (GO:0042462)	1/17	0.2457933243537945	0.4120197059000097	0	0	3.7452362804878048	5.255556146776185	CRB2
Gliogenesis (GO:0042063)	1/17	0.2457933243537945	0.4120197059000097	0	0	3.7452362804878048	5.255556146776185	VCAN
Intracellular Sodium Ion Homeostasis (GO:0006883)	1/17	0.2457933243537945	0.4120197059000097	0	0	3.7452362804878048	5.255556146776185	ATP1A4
Ionotropic Glutamate Receptor Signaling Pathway (GO:0035235)	1/17	0.2457933243537945	0.4120197059000097	0	0	3.7452362804878048	5.255556146776185	MEF2C
Killing by Host of Symbiont Cells (GO:0051873)	1/17	0.2457933243537945	0.4120197059000097	0	0	3.7452362804878048	5.255556146776185	SLC48A1
Long-Chain fatty-acyl-CoA Biosynthetic Process (GO:0035338)	1/17	0.2457933243537945	0.4120197059000097	0	0	3.7452362804878048	5.255556146776185	ELOVL3
Lymphocyte Migration (GO:0072676)	1/17	0.2457933243537945	0.4120197059000097	0	0	3.7452362804878048	5.255556146776185	TBX21
Membrane Depolarization During Action Potential (GO:0086010)	1/17	0.2457933243537945	0.4120197059000097	0	0	3.7452362804878048	5.255556146776185	SCN4B
Muscle Tissue Morphogenesis (GO:0060415)	1/17	0.2457933243537945	0.4120197059000097	0	0	3.7452362804878048	5.255556146776185	ANKRD1
Myoblast Fusion (GO:0007520)	1/17	0.2457933243537945	0.4120197059000097	0	0	3.7452362804878048	5.255556146776185	ADAMTS5
Negative Regulation of GTPase Activity (GO:0034260)	1/17	0.2457933243537945	0.4120197059000097	0	0	3.7452362804878048	5.255556146776185	LRRK2
Negative Regulation of Anoikis (GO:2000811)	1/17	0.2457933243537945	0.4120197059000097	0	0	3.7452362804878048	5.255556146776185	PDK4
Negative Regulation of Cation Transmembrane Transport (GO:1904063)	1/17	0.2457933243537945	0.4120197059000097	0	0	3.7452362804878048	5.255556146776185	EPX
Negative Regulation of Ion Transmembrane Transporter Activity (GO:0032413)	1/17	0.2457933243537945	0.4120197059000097	0	0	3.7452362804878048	5.255556146776185	EPX
Negative Regulation of Striated Muscle Cell Differentiation (GO:0051154)	1/17	0.2457933243537945	0.4120197059000097	0	0	3.7452362804878048	5.255556146776185	BHLHE41
Negative Regulation of Vascular Associated Smooth Muscle Cell Proliferation (GO:1904706)	1/17	0.2457933243537945	0.4120197059000097	0	0	3.7452362804878048	5.255556146776185	MEF2C
Neural Tube Development (GO:0021915)	1/17	0.2457933243537945	0.4120197059000097	0	0	3.7452362804878048	5.255556146776185	PTCH1
Piecemeal Microautophagy of the Nucleus (GO:0034727)	1/17	0.2457933243537945	0.4120197059000097	0	0	3.7452362804878048	5.255556146776185	ULK1
Positive Regulation of Cardiac Muscle Tissue Growth (GO:0055023)	1/17	0.2457933243537945	0.4120197059000097	0	0	3.7452362804878048	5.255556146776185	MEF2C
Positive Regulation of Cartilage Development (GO:0061036)	1/17	0.2457933243537945	0.4120197059000097	0	0	3.7452362804878048	5.255556146776185	HOXA11
Positive Regulation of Dendrite Morphogenesis (GO:0050775)	1/17	0.2457933243537945	0.4120197059000097	0	0	3.7452362804878048	5.255556146776185	IL1RAPL1
Positive Regulation of Glial Cell Differentiation (GO:0045687)	1/17	0.2457933243537945	0.4120197059000097	0	0	3.7452362804878048	5.255556146776185	EGR2
Protein Localization to Synapse (GO:0035418)	1/17	0.2457933243537945	0.4120197059000097	0	0	3.7452362804878048	5.255556146776185	NLGN1
ERBB Signaling Pathway (GO:0038127)	2/58	0.24717774518765404	0.4120197059000097	0	0	2.1423110528615115	2.9941958693707487	VIL1;EGF
Regulation of Mitotic Nuclear Division (GO:0007088)	2/58	0.24717774518765404	0.4120197059000097	0	0	2.1423110528615115	2.9941958693707487	RGCC;EGF
Regulation of Myoblast Differentiation (GO:0045661)	2/58	0.24717774518765404	0.4120197059000097	0	0	2.1423110528615115	2.9941958693707487	MEF2C;MYF6
Sterol Metabolic Process (GO:0016125)	2/58	0.24717774518765404	0.4120197059000097	0	0	2.1423110528615115	2.9941958693707487	MSMO1;CYP46A1
Mesenchymal Cell Differentiation (GO:0048762)	2/58	0.24717774518765404	0.4120197059000097	0	0	2.1423110528615115	2.9941958693707487	MEF2C;LOXL3
Purine Ribonucleotide Metabolic Process (GO:0009150)	2/58	0.24717774518765404	0.4120197059000097	0	0	2.1423110528615115	2.9941958693707487	LRRK2;AMPD1
Regulation of Calcium Ion Transport (GO:0051924)	2/58	0.24717774518765404	0.4120197059000097	0	0	2.1423110528615115	2.9941958693707487	EGF;STC1
Positive Regulation of MAPK Cascade (GO:0043410)	8/362	0.24730038231612617	0.4120197059000097	0	0	1.359945086857807	1.9000493975711104	DUSP22;FGF6;MEF2C;MPG;EGF;LRRK2;BIRC7;DRD4
Negative Regulation of Response to External Stimulus (GO:0032102)	4/154	0.2483164144622619	0.4133424394582016	0	0	1.601723076923077	2.231282704898099	PTGER4;ADIPOQ;CASK;NR1D1
Organic Anion Transport (GO:0015711)	3/105	0.24917258660899663	0.4143969469877951	0	0	1.765517863587153	2.453380402195956	SLCO4A1;SLC4A11;CFTR
Neuron Projection Development (GO:0031175)	5/206	0.2521612395791829	0.41496533109303874	0	0	1.4948406117560349	2.0594218148979206	PTPRU;NLGN1;LRRK2;CDH23;ULK1
Regulation of Transcription Initiation by RNA Polymerase II (GO:0060260)	2/59	0.25328371229145497	0.41496533109303874	0	0	2.104619346531466	2.890158049435292	SRF;FOXO1
Response to Interleukin-1 (GO:0070555)	2/59	0.25328371229145497	0.41496533109303874	0	0	2.104619346531466	2.890158049435292	ANKRD1;NR1D1
Negative Regulation of Protein-Containing Complex Assembly (GO:0031333)	2/59	0.25328371229145497	0.41496533109303874	0	0	2.104619346531466	2.890158049435292	PTGER4;ULK1
Regulation of Macroautophagy (GO:0016241)	3/106	0.2535845442577079	0.41496533109303874	0	0	1.7482875692417654	2.3987519520291127	LRRK2;TSC1;ULK1
Lipid Metabolic Process (GO:0006629)	6/259	0.25495614639478564	0.41496533109303874	0	0	1.4257149500116253	1.948472902283121	PER2;DHRS9;APOD;MSMO1;DHCR24;CPT1B
Regulation of MAPK Cascade (GO:0043408)	6/260	0.25770844679900207	0.41496533109303874	0	0	1.420028765754126	1.925454469832322	PER1;FGF6;MEF2C;RAP2A;EGF;DUSP29
Positive Regulation of Apoptotic Process (GO:0043065)	7/313	0.2577786910873535	0.41496533109303874	0	0	1.3757459505541347	1.8650352926374816	SLC48A1;RGCC;DIABLO;DAPK2;ADIPOQ;ANKRD1;FOXO1
G Protein-Coupled Dopamine Receptor Signaling Pathway (GO:0007212)	1/18	0.2582105606693922	0.41496533109303874	0	0	3.524748923959828	4.772439196593552	DRD4
NAD Metabolic Process (GO:0019674)	1/18	0.2582105606693922	0.41496533109303874	0	0	3.524748923959828	4.772439196593552	NMNAT1
SMAD Protein Signal Transduction (GO:0060395)	1/18	0.2582105606693922	0.41496533109303874	0	0	3.524748923959828	4.772439196593552	RUNX2
Cellular Response to Glucocorticoid Stimulus (GO:0071385)	1/18	0.2582105606693922	0.41496533109303874	0	0	3.524748923959828	4.772439196593552	PCK1
Regulation of Vascular Endothelial Cell Proliferation (GO:1905562)	1/18	0.2582105606693922	0.41496533109303874	0	0	3.524748923959828	4.772439196593552	MEF2C
Cyclic Nucleotide Biosynthetic Process (GO:0009190)	1/18	0.2582105606693922	0.41496533109303874	0	0	3.524748923959828	4.772439196593552	ADCY7
Detection of Mechanical Stimulus Involved in Sensory Perception (GO:0050974)	1/18	0.2582105606693922	0.41496533109303874	0	0	3.524748923959828	4.772439196593552	COL11A1
Embryonic Digit Morphogenesis (GO:0042733)	1/18	0.2582105606693922	0.41496533109303874	0	0	3.524748923959828	4.772439196593552	IHH
Establishment of Epithelial Cell Polarity (GO:0090162)	1/18	0.2582105606693922	0.41496533109303874	0	0	3.524748923959828	4.772439196593552	RAP2A
Estrogen Receptor Signaling Pathway (GO:0030520)	1/18	0.2582105606693922	0.41496533109303874	0	0	3.524748923959828	4.772439196593552	ESR2
Transepithelial Transport (GO:0070633)	1/18	0.2582105606693922	0.41496533109303874	0	0	3.524748923959828	4.772439196593552	RHCG
Triglyceride Biosynthetic Process (GO:0019432)	1/18	0.2582105606693922	0.41496533109303874	0	0	3.524748923959828	4.772439196593552	PCK1
Intracellular Lipid Transport (GO:0032365)	1/18	0.2582105606693922	0.41496533109303874	0	0	3.524748923959828	4.772439196593552	CPT1B
Linoleic Acid Metabolic Process (GO:0043651)	1/18	0.2582105606693922	0.41496533109303874	0	0	3.524748923959828	4.772439196593552	ELOVL3
Mitochondrial Calcium Ion Transmembrane Transport (GO:0006851)	1/18	0.2582105606693922	0.41496533109303874	0	0	3.524748923959828	4.772439196593552	SLC8A3
Negative Regulation of Insulin Secretion (GO:0046676)	1/18	0.2582105606693922	0.41496533109303874	0	0	3.524748923959828	4.772439196593552	FOXO1
Negative Regulation of Nucleocytoplasmic Transport (GO:0046823)	1/18	0.2582105606693922	0.41496533109303874	0	0	3.524748923959828	4.772439196593552	CABP1
Negative Regulation of Translational Initiation (GO:0045947)	1/18	0.2582105606693922	0.41496533109303874	0	0	3.524748923959828	4.772439196593552	EIF4EBP2
Neural Crest Cell Differentiation (GO:0014033)	1/18	0.2582105606693922	0.41496533109303874	0	0	3.524748923959828	4.772439196593552	MEF2C
Non-Proteinogenic Amino Acid Metabolic Process (GO:0170041)	1/18	0.2582105606693922	0.41496533109303874	0	0	3.524748923959828	4.772439196593552	DPEP1
Nucleobase-Containing Small Molecule Metabolic Process (GO:0055086)	1/18	0.2582105606693922	0.41496533109303874	0	0	3.524748923959828	4.772439196593552	GUK1
Nucleoside Phosphate Catabolic Process (GO:1901292)	1/18	0.2582105606693922	0.41496533109303874	0	0	3.524748923959828	4.772439196593552	MLYCD
Nucleotide Biosynthetic Process (GO:0009165)	1/18	0.2582105606693922	0.41496533109303874	0	0	3.524748923959828	4.772439196593552	NMNAT1
Pharyngeal System Development (GO:0060037)	1/18	0.2582105606693922	0.41496533109303874	0	0	3.524748923959828	4.772439196593552	PTCH1
Positive Regulation of Alpha-Beta T Cell Activation (GO:0046635)	1/18	0.2582105606693922	0.41496533109303874	0	0	3.524748923959828	4.772439196593552	IHH
Positive Regulation of Fatty Acid Metabolic Process (GO:0045923)	1/18	0.2582105606693922	0.41496533109303874	0	0	3.524748923959828	4.772439196593552	MLYCD
Positive Regulation of Homotypic Cell-Cell Adhesion (GO:0034112)	1/18	0.2582105606693922	0.41496533109303874	0	0	3.524748923959828	4.772439196593552	F11R
Positive Regulation of Muscle Cell Differentiation (GO:0051149)	1/18	0.2582105606693922	0.41496533109303874	0	0	3.524748923959828	4.772439196593552	LAMA2
Regulation of Adaptive Immune Response (GO:0002819)	1/18	0.2582105606693922	0.41496533109303874	0	0	3.524748923959828	4.772439196593552	SAMSN1
Regulation of Bicellular Tight Junction Assembly (GO:2000810)	1/18	0.2582105606693922	0.41496533109303874	0	0	3.524748923959828	4.772439196593552	F11R
Regulation of Calcium Ion Transmembrane Transporter Activity (GO:1901019)	1/18	0.2582105606693922	0.41496533109303874	0	0	3.524748923959828	4.772439196593552	JPH1
Negative Regulation of Intrinsic Apoptotic Signaling Pathway (GO:2001243)	2/60	0.2593931004713121	0.4157885960181842	0	0	2.068227354212802	2.790887926323546	LRRK2;EPX
Positive Regulation of Cell Cycle (GO:0045787)	2/60	0.2593931004713121	0.4157885960181842	0	0	2.068227354212802	2.790887926323546	RGCC;USP2
Protein Secretion (GO:0009306)	2/60	0.2593931004713121	0.4157885960181842	0	0	2.068227354212802	2.790887926323546	ZNF395;SNX19
Regulation of Reactive Oxygen Species Metabolic Process (GO:2000377)	2/61	0.26550415049306786	0.4214899580940014	0	0	2.0330689887523974	2.6961032176434734	LRRK2;AGXT
Negative Regulation of Canonical NF-kappaB Signal Transduction (GO:0043124)	2/61	0.26550415049306786	0.4214899580940014	0	0	2.0330689887523974	2.6961032176434734	PER1;NR1D1
Regulation of Proteasomal Ubiquitin-Dependent Protein Catabolic Process (GO:0032434)	3/109	0.26688427890714195	0.4214899580940014	0	0	1.6985472855654589	2.243679266880973	LRRK2;PRICKLE1;NKD2
Protein Localization (GO:0008104)	8/371	0.26804837556865213	0.4214899580940014	0	0	1.325609536314719	1.745281354883247	PTPRU;RAP2A;CRTAC1;LRRK2;CASK;ULK1;SEPTIN14;VCL
Regulation of Lymphocyte Differentiation (GO:0045619)	1/19	0.2704239709641256	0.4214899580940014	0	0	3.328760162601626	4.3532336663883235	TBX21
Regulation of Megakaryocyte Differentiation (GO:0045652)	1/19	0.2704239709641256	0.4214899580940014	0	0	3.328760162601626	4.3532336663883235	MEF2C
Regulation of Peptidyl-Threonine Phosphorylation (GO:0010799)	1/19	0.2704239709641256	0.4214899580940014	0	0	3.328760162601626	4.3532336663883235	EGF
cGMP-mediated Signaling (GO:0019934)	1/19	0.2704239709641256	0.4214899580940014	0	0	3.328760162601626	4.3532336663883235	AGXT
Regulation of Receptor Signaling Pathway via STAT (GO:1904892)	1/19	0.2704239709641256	0.4214899580940014	0	0	3.328760162601626	4.3532336663883235	EGF
Cardiac Epithelial to Mesenchymal Transition (GO:0060317)	1/19	0.2704239709641256	0.4214899580940014	0	0	3.328760162601626	4.3532336663883235	SPRY1
Regulation of Tissue Remodeling (GO:0034103)	1/19	0.2704239709641256	0.4214899580940014	0	0	3.328760162601626	4.3532336663883235	THBS4
Response to Acidic pH (GO:0010447)	1/19	0.2704239709641256	0.4214899580940014	0	0	3.328760162601626	4.3532336663883235	KCNK3
Reticulophagy (GO:0061709)	1/19	0.2704239709641256	0.4214899580940014	0	0	3.328760162601626	4.3532336663883235	ULK1
Signaling Receptor Ligand Precursor Processing (GO:0140448)	1/19	0.2704239709641256	0.4214899580940014	0	0	3.328760162601626	4.3532336663883235	PCSK1
Import Into Cell (GO:0098657)	1/19	0.2704239709641256	0.4214899580940014	0	0	3.328760162601626	4.3532336663883235	SLC1A7
Insulin Secretion (GO:0030073)	1/19	0.2704239709641256	0.4214899580940014	0	0	3.328760162601626	4.3532336663883235	SNX19
Membrane Repolarization (GO:0086009)	1/19	0.2704239709641256	0.4214899580940014	0	0	3.328760162601626	4.3532336663883235	ATP1A4
Mesoderm Development (GO:0007498)	1/19	0.2704239709641256	0.4214899580940014	0	0	3.328760162601626	4.3532336663883235	TBX6
Mitochondrial Calcium Ion Homeostasis (GO:0051560)	1/19	0.2704239709641256	0.4214899580940014	0	0	3.328760162601626	4.3532336663883235	SLC8A3
Negative Regulation of Actin Filament Polymerization (GO:0030837)	1/19	0.2704239709641256	0.4214899580940014	0	0	3.328760162601626	4.3532336663883235	VIL1
Negative Regulation of Peptide Hormone Secretion (GO:0090278)	1/19	0.2704239709641256	0.4214899580940014	0	0	3.328760162601626	4.3532336663883235	FOXO1
Negative Regulation of Transferase Activity (GO:0051348)	1/19	0.2704239709641256	0.4214899580940014	0	0	3.328760162601626	4.3532336663883235	IRS2
Nucleoside Phosphate Biosynthetic Process (GO:1901293)	1/19	0.2704239709641256	0.4214899580940014	0	0	3.328760162601626	4.3532336663883235	NMNAT1
Phosphatidylcholine Biosynthetic Process (GO:0006656)	1/19	0.2704239709641256	0.4214899580940014	0	0	3.328760162601626	4.3532336663883235	SH2D3C
piRNA Processing (GO:0034587)	1/19	0.2704239709641256	0.4214899580940014	0	0	3.328760162601626	4.3532336663883235	HENMT1
Pore Complex Assembly (GO:0046931)	1/19	0.2704239709641256	0.4214899580940014	0	0	3.328760162601626	4.3532336663883235	PLEKHA7
Positive Regulation of Endothelial Cell Apoptotic Process (GO:2000353)	1/19	0.2704239709641256	0.4214899580940014	0	0	3.328760162601626	4.3532336663883235	RGCC
Positive Regulation of Hormone Secretion (GO:0046887)	1/19	0.2704239709641256	0.4214899580940014	0	0	3.328760162601626	4.3532336663883235	UCMA
Positive Regulation of Macrophage Derived Foam Cell Differentiation (GO:0010744)	1/19	0.2704239709641256	0.4214899580940014	0	0	3.328760162601626	4.3532336663883235	AGXT
Positive Regulation of Stem Cell Differentiation (GO:2000738)	1/19	0.2704239709641256	0.4214899580940014	0	0	3.328760162601626	4.3532336663883235	SP7
Protein Localization to Endoplasmic Reticulum (GO:0070972)	1/19	0.2704239709641256	0.4214899580940014	0	0	3.328760162601626	4.3532336663883235	LRRK2
Protein Localization to Mitochondrion (GO:0070585)	1/19	0.2704239709641256	0.4214899580940014	0	0	3.328760162601626	4.3532336663883235	LRRK2
Pulmonary Valve Morphogenesis (GO:0003184)	1/19	0.2704239709641256	0.4214899580940014	0	0	3.328760162601626	4.3532336663883235	ADAMTS5
ATP Metabolic Process (GO:0046034)	2/62	0.2716151596926547	0.42263863895320264	0	0	1.9990825688073397	2.605542385777664	NMNAT1;PFKM
Regulation of Phagocytosis (GO:0050764)	2/62	0.2716151596926547	0.42263863895320264	0	0	1.9990825688073397	2.605542385777664	CAMK1D;ADIPOQ
Canonical Wnt Signaling Pathway (GO:0060070)	2/63	0.277724480677546	0.4280252882270592	0	0	1.9662104577129391	2.5189628147195857	LRRK2;BCL9L
Positive Regulation of Peptidyl-Tyrosine Phosphorylation (GO:0050731)	2/63	0.277724480677546	0.4280252882270592	0	0	1.9662104577129391	2.5189628147195857	GPRC5B;THBS4
Proteolysis (GO:0006508)	7/321	0.2780172866427614	0.4280252882270592	0	0	1.3401412351149269	1.7154772510896668	PCSK1;ADAMTS5;DHH;PTCH1;IHH;PCOLCE;CTSB
Regulation of Wnt Signaling Pathway (GO:0030111)	3/112	0.28026388458788276	0.4280252882270592	0	0	1.6515449991557385	2.100804338723117	ZRANB1;LRRK2;NKD2
Positive Regulation of Response to External Stimulus (GO:0032103)	4/163	0.2809044018156311	0.4280252882270592	0	0	1.5103628447024673	1.9177694393864204	SLC48A1;PTGER4;GPRC5B;AGXT
3'-UTR-mediated mRNA Stabilization (GO:0070935)	1/20	0.2824368908881401	0.4280252882270592	0	0	3.1534017971758663	3.986846360254955	MAPKAPK2
Regulation of Fatty Acid Metabolic Process (GO:0019217)	1/20	0.2824368908881401	0.4280252882270592	0	0	3.1534017971758663	3.986846360254955	PDK4
Regulation of Granulocyte Chemotaxis (GO:0071622)	1/20	0.2824368908881401	0.4280252882270592	0	0	3.1534017971758663	3.986846360254955	CAMK1D
T Cell Mediated Immunity (GO:0002456)	1/20	0.2824368908881401	0.4280252882270592	0	0	3.1534017971758663	3.986846360254955	ZNF395
Regulation of Sodium Ion Transmembrane Transport (GO:1902305)	1/20	0.2824368908881401	0.4280252882270592	0	0	3.1534017971758663	3.986846360254955	SCN4B
Regulation of Synaptic Transmission, GABAergic (GO:0032228)	1/20	0.2824368908881401	0.4280252882270592	0	0	3.1534017971758663	3.986846360254955	NLGN1
Cellular Response to Fatty Acid (GO:0071398)	1/20	0.2824368908881401	0.4280252882270592	0	0	3.1534017971758663	3.986846360254955	PDK4
Response to ATP (GO:0033198)	1/20	0.2824368908881401	0.4280252882270592	0	0	3.1534017971758663	3.986846360254955	TRPC3
Endocardial Cushion Morphogenesis (GO:0003203)	1/20	0.2824368908881401	0.4280252882270592	0	0	3.1534017971758663	3.986846360254955	ADAMTS5
Striated Muscle Cell Differentiation (GO:0051146)	1/20	0.2824368908881401	0.4280252882270592	0	0	3.1534017971758663	3.986846360254955	MEF2C
Energy Reserve Metabolic Process (GO:0006112)	1/20	0.2824368908881401	0.4280252882270592	0	0	3.1534017971758663	3.986846360254955	PHKG1
Ganglioside Metabolic Process (GO:0001573)	1/20	0.2824368908881401	0.4280252882270592	0	0	3.1534017971758663	3.986846360254955	NEU3
Leukotriene Metabolic Process (GO:0006691)	1/20	0.2824368908881401	0.4280252882270592	0	0	3.1534017971758663	3.986846360254955	MAPKAPK2
Mesoderm Formation (GO:0001707)	1/20	0.2824368908881401	0.4280252882270592	0	0	3.1534017971758663	3.986846360254955	CRB2
Microautophagy (GO:0016237)	1/20	0.2824368908881401	0.4280252882270592	0	0	3.1534017971758663	3.986846360254955	ULK1
Negative Regulation of B Cell Activation (GO:0050869)	1/20	0.2824368908881401	0.4280252882270592	0	0	3.1534017971758663	3.986846360254955	SAMSN1
Neuromuscular Junction Development (GO:0007528)	1/20	0.2824368908881401	0.4280252882270592	0	0	3.1534017971758663	3.986846360254955	LRRK2
Oligodendrocyte Differentiation (GO:0048709)	1/20	0.2824368908881401	0.4280252882270592	0	0	3.1534017971758663	3.986846360254955	SLC8A3
Positive Regulation of Blood Coagulation (GO:0030194)	1/20	0.2824368908881401	0.4280252882270592	0	0	3.1534017971758663	3.986846360254955	SLC48A1
Positive Regulation of Cardiac Muscle Hypertrophy (GO:0010613)	1/20	0.2824368908881401	0.4280252882270592	0	0	3.1534017971758663	3.986846360254955	TRPC3
Positive Regulation of Ion Transmembrane Transporter Activity (GO:0032414)	1/20	0.2824368908881401	0.4280252882270592	0	0	3.1534017971758663	3.986846360254955	CFTR
Positive Regulation of Osteoclast Differentiation (GO:0045672)	1/20	0.2824368908881401	0.4280252882270592	0	0	3.1534017971758663	3.986846360254955	TMEM64
Positive Regulation of Protein Processing (GO:0010954)	1/20	0.2824368908881401	0.4280252882270592	0	0	3.1534017971758663	3.986846360254955	NKD2
Presynaptic Endocytosis (GO:0140238)	1/20	0.2824368908881401	0.4280252882270592	0	0	3.1534017971758663	3.986846360254955	SNCG
Purine Nucleotide Biosynthetic Process (GO:0006164)	1/20	0.2824368908881401	0.4280252882270592	0	0	3.1534017971758663	3.986846360254955	NMNAT1
Regulation of Actin Nucleation (GO:0051125)	1/20	0.2824368908881401	0.4280252882270592	0	0	3.1534017971758663	3.986846360254955	VIL1
Regulation of Cell Cycle G2/M Phase Transition (GO:1902749)	1/20	0.2824368908881401	0.4280252882270592	0	0	3.1534017971758663	3.986846360254955	KCNH5
Positive Regulation of T Cell Differentiation (GO:0045582)	2/64	0.2838305199344924	0.42908903135506926	0	0	1.9343987372990037	2.4361391738058624	IHH;PCK1
Positive Regulation of Binding (GO:0051099)	2/64	0.2838305199344924	0.42908903135506926	0	0	1.9343987372990037	2.4361391738058624	EGF;LRRK2
Positive Regulation of Phagocytosis (GO:0050766)	2/64	0.2838305199344924	0.42908903135506926	0	0	1.9343987372990037	2.4361391738058624	CAMK1D;CFP
Regulation of Primary Metabolic Process (GO:0080090)	3/113	0.28473805341086184	0.430111621264297	0	0	1.636447295036252	2.055681579867152	ZNF638;IRS2;NR1D1
Protein Modification Process (GO:0036211)	11/545	0.28713218419720454	0.4333763136991059	0	0	1.2396473747438344	1.5468476102139144	ERO1A;PTPRU;EGLN3;DAPK2;LRRK2;MAPKAPK2;MKNK2;DAPP1;ULK1;DUSP29;CDKL1
Protein Autoubiquitination (GO:0051865)	2/65	0.28993173646583803	0.4366858787141283	0	0	1.903596912771225	2.356861945757166	KLHL24;DDB2
Negative Regulation of Growth (GO:0045926)	3/115	0.293703538788499	0.4366858787141283	0	0	1.6070606923751096	1.968945677069208	SLC48A1;MYL2;ESR2
Positive Regulation of Inflammatory Response (GO:0050729)	3/115	0.293703538788499	0.4366858787141283	0	0	1.6070606923751096	1.968945677069208	PTGER4;GPRC5B;AGXT
Regulation of Membrane Depolarization (GO:0003254)	1/21	0.29425260177727935	0.4366858787141283	0	0	2.995579268292683	3.664542117567877	LRRK2
Regulation of Neuroinflammatory Response (GO:0150077)	1/21	0.29425260177727935	0.4366858787141283	0	0	2.995579268292683	3.664542117567877	NR1D1
Axon Extension (GO:0048675)	1/21	0.29425260177727935	0.4366858787141283	0	0	2.995579268292683	3.664542117567877	ULK1
Regulation of Smooth Muscle Contraction (GO:0006940)	1/21	0.29425260177727935	0.4366858787141283	0	0	2.995579268292683	3.664542117567877	SRF
Cellular Response to Estradiol Stimulus (GO:0071392)	1/21	0.29425260177727935	0.4366858787141283	0	0	2.995579268292683	3.664542117567877	ESR2
Cellular Response to pH (GO:0071467)	1/21	0.29425260177727935	0.4366858787141283	0	0	2.995579268292683	3.664542117567877	KCNK3
Sensory Perception of Pain (GO:0019233)	1/21	0.29425260177727935	0.4366858787141283	0	0	2.995579268292683	3.664542117567877	CHRNA4
Epithelial Cilium Movement Involved in Extracellular Fluid Movement (GO:0003351)	1/21	0.29425260177727935	0.4366858787141283	0	0	2.995579268292683	3.664542117567877	AQP4
Intrinsic Apoptotic Signaling Pathway in Response to DNA Damage by P53 Class Mediator (GO:0042771)	1/21	0.29425260177727935	0.4366858787141283	0	0	2.995579268292683	3.664542117567877	DDIT4
Myoblast Differentiation (GO:0045445)	1/21	0.29425260177727935	0.4366858787141283	0	0	2.995579268292683	3.664542117567877	SRF
Negative Regulation of Calcium Ion Transmembrane Transport (GO:1903170)	1/21	0.29425260177727935	0.4366858787141283	0	0	2.995579268292683	3.664542117567877	EPX
Peripheral Nervous System Development (GO:0007422)	1/21	0.29425260177727935	0.4366858787141283	0	0	2.995579268292683	3.664542117567877	EGR2
Positive Regulation of Extracellular Matrix Organization (GO:1903055)	1/21	0.29425260177727935	0.4366858787141283	0	0	2.995579268292683	3.664542117567877	RGCC
Positive Regulation of Lipid Catabolic Process (GO:0050996)	1/21	0.29425260177727935	0.4366858787141283	0	0	2.995579268292683	3.664542117567877	IRS2
Pulmonary Valve Development (GO:0003177)	1/21	0.29425260177727935	0.4366858787141283	0	0	2.995579268292683	3.664542117567877	ADAMTS5
Regulation of Cardiac Muscle Cell Membrane Repolarization (GO:0099623)	1/21	0.29425260177727935	0.4366858787141283	0	0	2.995579268292683	3.664542117567877	SCN4B
Regulation of Cardiac Muscle Cell Proliferation (GO:0060043)	1/21	0.29425260177727935	0.4366858787141283	0	0	2.995579268292683	3.664542117567877	MEF2C
Regulation of Cell-Substrate Junction Assembly (GO:0090109)	1/21	0.29425260177727935	0.4366858787141283	0	0	2.995579268292683	3.664542117567877	VCL
Regulation of Neurogenesis (GO:0050767)	2/66	0.2960266406772259	0.4386190910034374	0	0	1.873757645259939	2.280936098874157	PER2;BHLHE41
Positive Regulation of MAP Kinase Activity (GO:0043406)	2/66	0.2960266406772259	0.4386190910034374	0	0	1.873757645259939	2.280936098874157	LRRK2;DRD4
Regulation of Protein Serine/Threonine Kinase Activity (GO:0071900)	2/67	0.30211379286000395	0.4454085529140088	0	0	1.8448365090566925	2.208179891391022	SLC8A3;SLC8A2
Negative Regulation of Cell Adhesion (GO:0007162)	2/67	0.30211379286000395	0.4454085529140088	0	0	1.8448365090566925	2.208179891391022	SLC48A1;PTPRU
Cellular Response to Nitrogen Compound (GO:1901699)	4/169	0.30298754664580735	0.4454085529140088	0	0	1.454993006993007	1.7373541507971275	MEF2C;AQP8;VIM;CFTR
Alpha-Amino Acid Catabolic Process (GO:1901606)	1/22	0.3058743313401952	0.4454085529140088	0	0	2.852787456445993	3.3793576561268663	THNSL2
Androgen Metabolic Process (GO:0008209)	1/22	0.3058743313401952	0.4454085529140088	0	0	2.852787456445993	3.3793576561268663	DHRS9
Regulation of Neural Precursor Cell Proliferation (GO:2000177)	1/22	0.3058743313401952	0.4454085529140088	0	0	2.852787456445993	3.3793576561268663	LRRK2
Regulation of Steroid Metabolic Process (GO:0019218)	1/22	0.3058743313401952	0.4454085529140088	0	0	2.852787456445993	3.3793576561268663	GNB3
Cell Migration Involved in Sprouting Angiogenesis (GO:0002042)	1/22	0.3058743313401952	0.4454085529140088	0	0	2.852787456445993	3.3793576561268663	SRF
Renal Absorption (GO:0070293)	1/22	0.3058743313401952	0.4454085529140088	0	0	2.852787456445993	3.3793576561268663	SLC12A3
Early Endosome to Late Endosome Transport (GO:0045022)	1/22	0.3058743313401952	0.4454085529140088	0	0	2.852787456445993	3.3793576561268663	PRICKLE1
Endocardial Cushion Development (GO:0003197)	1/22	0.3058743313401952	0.4454085529140088	0	0	2.852787456445993	3.3793576561268663	ADAMTS5
Monocarboxylic Acid Catabolic Process (GO:0072329)	1/22	0.3058743313401952	0.4454085529140088	0	0	2.852787456445993	3.3793576561268663	AGXT
Negative Regulation of T Cell Receptor Signaling Pathway (GO:0050860)	1/22	0.3058743313401952	0.4454085529140088	0	0	2.852787456445993	3.3793576561268663	DUSP22
Negative Regulation of Cell Communication (GO:0010648)	1/22	0.3058743313401952	0.4454085529140088	0	0	2.852787456445993	3.3793576561268663	ADIPOQ
Negative Regulation of Tumor Necrosis Factor-Mediated Signaling Pathway (GO:0010804)	1/22	0.3058743313401952	0.4454085529140088	0	0	2.852787456445993	3.3793576561268663	BIRC7
Neuron Apoptotic Process (GO:0051402)	1/22	0.3058743313401952	0.4454085529140088	0	0	2.852787456445993	3.3793576561268663	DIABLO
Nucleophagy (GO:0044804)	1/22	0.3058743313401952	0.4454085529140088	0	0	2.852787456445993	3.3793576561268663	ULK1
Peptidyl-Tyrosine Dephosphorylation (GO:0035335)	1/22	0.3058743313401952	0.4454085529140088	0	0	2.852787456445993	3.3793576561268663	PTPRU
Positive Regulation of Epithelial Cell Differentiation (GO:0030858)	1/22	0.3058743313401952	0.4454085529140088	0	0	2.852787456445993	3.3793576561268663	FOXN1
Positive Regulation of Nervous System Process (GO:0031646)	1/22	0.3058743313401952	0.4454085529140088	0	0	2.852787456445993	3.3793576561268663	EGR2
Regulation of Anoikis (GO:2000209)	1/22	0.3058743313401952	0.4454085529140088	0	0	2.852787456445993	3.3793576561268663	PDK4
Regulation of Biosynthetic Process (GO:0009889)	1/22	0.3058743313401952	0.4454085529140088	0	0	2.852787456445993	3.3793576561268663	PCK1
Regulation of Transforming Growth Factor Beta Receptor Signaling Pathway (GO:0017015)	3/120	0.31618509122777055	0.45634086468112706	0	0	1.537989617744219	1.7708835484837586	SPRED3;SPRY1;BCL9L
T-helper Cell Differentiation (GO:0042093)	1/23	0.31730525464663	0.45634086468112706	0	0	2.722976718403548	3.125680522806664	PTGER4
Endosome Transport via Multivesicular Body Sorting Pathway (GO:0032509)	1/23	0.31730525464663	0.45634086468112706	0	0	2.722976718403548	3.125680522806664	PRICKLE1
Eye Morphogenesis (GO:0048592)	1/23	0.31730525464663	0.45634086468112706	0	0	2.722976718403548	3.125680522806664	COL5A2
Gamma-Aminobutyric Acid Signaling Pathway (GO:0007214)	1/23	0.31730525464663	0.45634086468112706	0	0	2.722976718403548	3.125680522806664	GABRR3
Long-Chain fatty-acyl-CoA Metabolic Process (GO:0035336)	1/23	0.31730525464663	0.45634086468112706	0	0	2.722976718403548	3.125680522806664	ELOVL3
Monocyte Chemotaxis (GO:0002548)	1/23	0.31730525464663	0.45634086468112706	0	0	2.722976718403548	3.125680522806664	PTPRU
Negative Regulation of Interleukin-2 Production (GO:0032703)	1/23	0.31730525464663	0.45634086468112706	0	0	2.722976718403548	3.125680522806664	TBX21
Negative Regulation of Smoothened Signaling Pathway (GO:0045879)	1/23	0.31730525464663	0.45634086468112706	0	0	2.722976718403548	3.125680522806664	PTCH1
Positive Regulation of BMP Signaling Pathway (GO:0030513)	1/23	0.31730525464663	0.45634086468112706	0	0	2.722976718403548	3.125680522806664	CRB2
Positive Regulation of T Cell Cytokine Production (GO:0002726)	1/23	0.31730525464663	0.45634086468112706	0	0	2.722976718403548	3.125680522806664	TBX21
Positive Regulation of Excitatory Postsynaptic Potential (GO:2000463)	1/23	0.31730525464663	0.45634086468112706	0	0	2.722976718403548	3.125680522806664	NLGN1
Positive Regulation of mRNA Splicing, via Spliceosome (GO:0048026)	1/23	0.31730525464663	0.45634086468112706	0	0	2.722976718403548	3.125680522806664	DAZAP1
Positive Regulation of Phosphate Metabolic Process (GO:0045937)	1/23	0.31730525464663	0.45634086468112706	0	0	2.722976718403548	3.125680522806664	EGF
Protein K63-linked Deubiquitination (GO:0070536)	1/23	0.31730525464663	0.45634086468112706	0	0	2.722976718403548	3.125680522806664	ZRANB1
Regulation of Cholesterol Biosynthetic Process (GO:0045540)	1/23	0.31730525464663	0.45634086468112706	0	0	2.722976718403548	3.125680522806664	AQP8
Fatty Acid Biosynthetic Process (GO:0006633)	2/70	0.32031506535644866	0.4594301759298989	0	0	1.7631768303651736	2.0072889945877725	ELOVL3;MLYCD
Negative Regulation of TOR Signaling (GO:0032007)	2/70	0.32031506535644866	0.4594301759298989	0	0	1.7631768303651736	2.0072889945877725	DDIT4;TSC1
Positive Regulation of Endothelial Cell Proliferation (GO:0001938)	2/70	0.32031506535644866	0.4594301759298989	0	0	1.7631768303651736	2.0072889945877725	EGF;THBS4
Negative Regulation of Defense Response (GO:0031348)	3/121	0.3206876939994297	0.4594301759298989	0	0	1.5248778205261515	1.7342245534368064	PTGER4;ADIPOQ;NR1D1
Negative Regulation of Inflammatory Response (GO:0050728)	3/121	0.3206876939994297	0.4594301759298989	0	0	1.5248778205261515	1.7342245534368064	PTGER4;ADIPOQ;NR1D1
Negative Regulation of DNA-binding Transcription Factor Activity (GO:0043433)	3/122	0.32519089064311274	0.4625028358994515	0	0	1.5119863896478838	1.6984791957464782	PTCH1;ANXA4;TBX6
- Reg of Transmembrane Receptor Prot Serine/Threonine Kinase Sgnlng Pway (GO:0090101)	3/122	0.32519089064311274	0.4625028358994515	0	0	1.5119863896478838	1.6984791957464782	SPRED3;SPRY1;BCL9L
Cellular Response to Reactive Oxygen Species (GO:0034614)	2/71	0.3263577707116912	0.4625028358994515	0	0	1.7375349022736335	1.9456238947826456	LRRK2;PDK2
Regulation of Autophagy (GO:0010506)	5/230	0.3283283946727017	0.4625028358994515	0	0	1.333744855967078	1.4854462872129002	DAPK2;LRRK2;ULK1;FOXK1;FOXO1
Regulation of Myotube Differentiation (GO:0010830)	1/24	0.32854849492696125	0.4625028358994515	0	0	2.6044538706256626	2.898941622630818	BHLHE41
Apoptotic Cell Clearance (GO:0043277)	1/24	0.32854849492696125	0.4625028358994515	0	0	2.6044538706256626	2.898941622630818	XKR6
cAMP-mediated Signaling (GO:0019933)	1/24	0.32854849492696125	0.4625028358994515	0	0	2.6044538706256626	2.898941622630818	PDE10A
Regulation of Ruffle Assembly (GO:1900027)	1/24	0.32854849492696125	0.4625028358994515	0	0	2.6044538706256626	2.898941622630818	NLGN1
Cellular Response to Acetylcholine (GO:1905145)	1/24	0.32854849492696125	0.4625028358994515	0	0	2.6044538706256626	2.898941622630818	CHRNA4
Cellular Response to Steroid Hormone Stimulus (GO:0071383)	1/24	0.32854849492696125	0.4625028358994515	0	0	2.6044538706256626	2.898941622630818	ATP1A4
Response to Ketone (GO:1901654)	1/24	0.32854849492696125	0.4625028358994515	0	0	2.6044538706256626	2.898941622630818	PTGER4
Ear Morphogenesis (GO:0042471)	1/24	0.32854849492696125	0.4625028358994515	0	0	2.6044538706256626	2.898941622630818	SOBP
Endothelial Cell Development (GO:0001885)	1/24	0.32854849492696125	0.4625028358994515	0	0	2.6044538706256626	2.898941622630818	STC1
Ventricular Cardiac Muscle Tissue Development (GO:0003229)	1/24	0.32854849492696125	0.4625028358994515	0	0	2.6044538706256626	2.898941622630818	MYL2
Long-Chain Fatty Acid Transport (GO:0015909)	1/24	0.32854849492696125	0.4625028358994515	0	0	2.6044538706256626	2.898941622630818	CPT1B
Metanephros Development (GO:0001656)	1/24	0.32854849492696125	0.4625028358994515	0	0	2.6044538706256626	2.898941622630818	PTCH1
Mitochondrial RNA Metabolic Process (GO:0000959)	1/24	0.32854849492696125	0.4625028358994515	0	0	2.6044538706256626	2.898941622630818	MTERF3
Negative Regulation of Extrinsic Apoptotic Signaling Pathway via Death Domain Receptors (GO:1902042)	1/24	0.32854849492696125	0.4625028358994515	0	0	2.6044538706256626	2.898941622630818	FAIM
Negative Regulation of Response to Wounding (GO:1903035)	1/24	0.32854849492696125	0.4625028358994515	0	0	2.6044538706256626	2.898941622630818	CASK
Negative Regulation of Stress Fiber Assembly (GO:0051497)	1/24	0.32854849492696125	0.4625028358994515	0	0	2.6044538706256626	2.898941622630818	F11R
Positive Regulation of Morphogenesis of an Epithelium (GO:1905332)	1/24	0.32854849492696125	0.4625028358994515	0	0	2.6044538706256626	2.898941622630818	EGF
Positive Regulation of Receptor Internalization (GO:0002092)	1/24	0.32854849492696125	0.4625028358994515	0	0	2.6044538706256626	2.898941622630818	EGF
Regulation of Cellular Response to Growth Factor Stimulus (GO:0090287)	1/24	0.32854849492696125	0.4625028358994515	0	0	2.6044538706256626	2.898941622630818	LRIT3
Response to Cytokine (GO:0034097)	3/123	0.3296940570869883	0.4637646562652194	0	0	1.4993098159509202	1.6636194099956605	SRF;ADIPOQ;MAPKAPK2
Apoptotic Process (GO:0006915)	5/232	0.3348103155567161	0.4706057381050216	0	0	1.321857834339479	1.4463651171118044	ZNF395;DIABLO;DAPK2;DDIT4;FOXO1
Negative Regulation of Epithelial Cell Proliferation (GO:0050680)	2/73	0.33839929006180797	0.4720006413542381	0	0	1.6884179695912478	1.829449410681486	RGCC;CASK
Positive Regulation of Protein Transport (GO:0051222)	2/73	0.33839929006180797	0.4720006413542381	0	0	1.6884179695912478	1.829449410681486	ANKRD1;OAZ2
Bile Acid Biosynthetic Process (GO:0006699)	1/25	0.33960712454235614	0.4720006413542381	0	0	2.495807926829268	2.6953873180216528	CYP46A1
Cardiac Muscle Cell Development (GO:0055013)	1/25	0.33960712454235614	0.4720006413542381	0	0	2.495807926829268	2.6953873180216528	MYL2
Cell Surface Receptor Protein Serine/Threonine Kinase Signaling Pathway (GO:0007178)	1/25	0.33960712454235614	0.4720006413542381	0	0	2.495807926829268	2.6953873180216528	RUNX2
Regulation of Vascular Endothelial Growth Factor Signaling Pathway (GO:1900746)	1/25	0.33960712454235614	0.4720006413542381	0	0	2.495807926829268	2.6953873180216528	SLC48A1
Cellular Response to Low-Density Lipoprotein Particle Stimulus (GO:0071404)	1/25	0.33960712454235614	0.4720006413542381	0	0	2.495807926829268	2.6953873180216528	TXNIP
Chaperone Cofactor-Dependent Protein Refolding (GO:0051085)	1/25	0.33960712454235614	0.4720006413542381	0	0	2.495807926829268	2.6953873180216528	ERO1A
Response to Hexose (GO:0009746)	1/25	0.33960712454235614	0.4720006413542381	0	0	2.495807926829268	2.6953873180216528	IRS2
Negative Regulation of Interleukin-1 Beta Production (GO:0032691)	1/25	0.33960712454235614	0.4720006413542381	0	0	2.495807926829268	2.6953873180216528	SERPINB1
Negative Regulation of miRNA Transcription (GO:1902894)	1/25	0.33960712454235614	0.4720006413542381	0	0	2.495807926829268	2.6953873180216528	SRF
Positive Regulation of D-glucose Import (GO:0046326)	1/25	0.33960712454235614	0.4720006413542381	0	0	2.495807926829268	2.6953873180216528	IRS2
Protein Export From Nucleus (GO:0006611)	1/25	0.33960712454235614	0.4720006413542381	0	0	2.495807926829268	2.6953873180216528	EGR2
Receptor Clustering (GO:0043113)	1/25	0.33960712454235614	0.4720006413542381	0	0	2.495807926829268	2.6953873180216528	NLGN1
Regulation of B Cell Activation (GO:0050864)	1/25	0.33960712454235614	0.4720006413542381	0	0	2.495807926829268	2.6953873180216528	SAMSN1
Regulation of Plasma Membrane Bounded Cell Projection Assembly (GO:0120032)	2/75	0.3503747325854805	0.4785407426165751	0	0	1.6419923756859789	1.7220428417134164	USP6NL;CDKL1
Reg of Endoplasmic Reticulum Stress-Induced Intrinsic Apoptotic Sgnlng Pway (GO:1902235)	1/26	0.3504841656025749	0.4785407426165751	0	0	2.3958536585365855	2.5119082110933375	LRRK2
Regulation of Fatty Acid Biosynthetic Process (GO:0042304)	1/26	0.3504841656025749	0.4785407426165751	0	0	2.3958536585365855	2.5119082110933375	PDK4
Regulation of Glycogen Biosynthetic Process (GO:0005979)	1/26	0.3504841656025749	0.4785407426165751	0	0	2.3958536585365855	2.5119082110933375	IRS2
Actin Filament Polymerization (GO:0030041)	1/26	0.3504841656025749	0.4785407426165751	0	0	2.3958536585365855	2.5119082110933375	VIL1
Regulation of Platelet Aggregation (GO:0090330)	1/26	0.3504841656025749	0.4785407426165751	0	0	2.3958536585365855	2.5119082110933375	F11R
Blood Vessel Endothelial Cell Migration (GO:0043534)	1/26	0.3504841656025749	0.4785407426165751	0	0	2.3958536585365855	2.5119082110933375	SRF
Cell-Cell Adhesion Mediated by Cadherin (GO:0044331)	1/26	0.3504841656025749	0.4785407426165751	0	0	2.3958536585365855	2.5119082110933375	PLEKHA7
Respiratory Tube Development (GO:0030323)	1/26	0.3504841656025749	0.4785407426165751	0	0	2.3958536585365855	2.5119082110933375	LOXL3
Synaptic Transmission, Glutamatergic (GO:0035249)	1/26	0.3504841656025749	0.4785407426165751	0	0	2.3958536585365855	2.5119082110933375	SLC17A7
Establishment or Maintenance of Apical/Basal Cell Polarity (GO:0035088)	1/26	0.3504841656025749	0.4785407426165751	0	0	2.3958536585365855	2.5119082110933375	CRB2
fatty-acyl-CoA Biosynthetic Process (GO:0046949)	1/26	0.3504841656025749	0.4785407426165751	0	0	2.3958536585365855	2.5119082110933375	ELOVL3
Vesicle-Mediated Transport Between Endosomal Compartments (GO:0098927)	1/26	0.3504841656025749	0.4785407426165751	0	0	2.3958536585365855	2.5119082110933375	PRICKLE1
Limb Development (GO:0060173)	1/26	0.3504841656025749	0.4785407426165751	0	0	2.3958536585365855	2.5119082110933375	PTCH1
Macromolecule Methylation (GO:0043414)	1/26	0.3504841656025749	0.4785407426165751	0	0	2.3958536585365855	2.5119082110933375	HENMT1
Negative Regulation of Protein Localization to Nucleus (GO:1900181)	1/26	0.3504841656025749	0.4785407426165751	0	0	2.3958536585365855	2.5119082110933375	CABP1
Positive Regulation of Rho Protein Signal Transduction (GO:0035025)	1/26	0.3504841656025749	0.4785407426165751	0	0	2.3958536585365855	2.5119082110933375	F11R
Positive Regulation of Filopodium Assembly (GO:0051491)	1/26	0.3504841656025749	0.4785407426165751	0	0	2.3958536585365855	2.5119082110933375	NLGN1
Positive Regulation of mRNA Processing (GO:0050685)	1/26	0.3504841656025749	0.4785407426165751	0	0	2.3958536585365855	2.5119082110933375	DAZAP1
Protein Acetylation (GO:0006473)	1/26	0.3504841656025749	0.4785407426165751	0	0	2.3958536585365855	2.5119082110933375	FOXO1
Protein Depolymerization (GO:0051261)	1/26	0.3504841656025749	0.4785407426165751	0	0	2.3958536585365855	2.5119082110933375	VIL1
Regulation of T Cell Migration (GO:2000404)	1/26	0.3504841656025749	0.4785407426165751	0	0	2.3958536585365855	2.5119082110933375	APOD
Regulation of Cardiac Muscle Cell Contraction (GO:0086004)	1/26	0.3504841656025749	0.4785407426165751	0	0	2.3958536585365855	2.5119082110933375	STC1
Regulation of Chondrocyte Differentiation (GO:0032330)	1/26	0.3504841656025749	0.4785407426165751	0	0	2.3958536585365855	2.5119082110933375	HOXA11
Lymphocyte Differentiation (GO:0030098)	2/76	0.35633499526317736	0.4849645033805531	0	0	1.619720638069262	1.6713637990060692	AQP8;RAG2
Positive Regulation of Protein Secretion (GO:0050714)	2/76	0.35633499526317736	0.4849645033805531	0	0	1.619720638069262	1.6713637990060692	ANKRD1;IRS2
Protein Deubiquitination (GO:0016579)	2/76	0.35633499526317736	0.4849645033805531	0	0	1.619720638069262	1.6713637990060692	ZRANB1;USP2
Regulation of Rho Protein Signal Transduction (GO:0035023)	2/76	0.35633499526317736	0.4849645033805531	0	0	1.619720638069262	1.6713637990060692	F11R;ABRA
Regulation of Neuron Apoptotic Process (GO:0043523)	3/129	0.3566787569870834	0.4849645033805531	0	0	1.427475898334794	1.4716130857849226	MEF2C;MAG;EGLN3
Regulation of Keratinocyte Proliferation (GO:0010837)	1/27	0.3611825909110406	0.4849645033805531	0	0	2.30358818011257	2.3459089109247486	CASK
Regulation of Kinase Activity (GO:0043549)	1/27	0.3611825909110406	0.4849645033805531	0	0	2.30358818011257	2.3459089109247486	IRS2
Regulation of Lysosomal Lumen pH (GO:0035751)	1/27	0.3611825909110406	0.4849645033805531	0	0	2.30358818011257	2.3459089109247486	LRRK2
Regulation of Mitochondrial Fission (GO:0090140)	1/27	0.3611825909110406	0.4849645033805531	0	0	2.30358818011257	2.3459089109247486	LRRK2
Alpha-Amino Acid Metabolic Process (GO:1901605)	1/27	0.3611825909110406	0.4849645033805531	0	0	2.30358818011257	2.3459089109247486	DPEP1
Amide Transport (GO:0042886)	1/27	0.3611825909110406	0.4849645033805531	0	0	2.30358818011257	2.3459089109247486	AQP8
Regulation of Myelination (GO:0031641)	1/27	0.3611825909110406	0.4849645033805531	0	0	2.30358818011257	2.3459089109247486	EGR2
Regulation of Myeloid Cell Differentiation (GO:0045637)	1/27	0.3611825909110406	0.4849645033805531	0	0	2.30358818011257	2.3459089109247486	MEF2C
Cardiac Muscle Cell Contraction (GO:0086003)	1/27	0.3611825909110406	0.4849645033805531	0	0	2.30358818011257	2.3459089109247486	SCN4B
Cardiac Muscle Cell Differentiation (GO:0055007)	1/27	0.3611825909110406	0.4849645033805531	0	0	2.30358818011257	2.3459089109247486	MEF2C
Negative Regulation of Actin Filament Bundle Assembly (GO:0032232)	1/27	0.3611825909110406	0.4849645033805531	0	0	2.30358818011257	2.3459089109247486	F11R
Negative Regulation of Lymphocyte Activation (GO:0051250)	1/27	0.3611825909110406	0.4849645033805531	0	0	2.30358818011257	2.3459089109247486	SAMSN1
Negative Regulation of miRNA Metabolic Process (GO:2000629)	1/27	0.3611825909110406	0.4849645033805531	0	0	2.30358818011257	2.3459089109247486	SRF
Nuclear-Transcribed mRNA Catabolic Process, Nonsense-Mediated Decay (GO:0000184)	1/27	0.3611825909110406	0.4849645033805531	0	0	2.30358818011257	2.3459089109247486	SMG7
Peptide Hormone Secretion (GO:0030072)	1/27	0.3611825909110406	0.4849645033805531	0	0	2.30358818011257	2.3459089109247486	SNX19
Phagocytosis, Engulfment (GO:0006911)	1/27	0.3611825909110406	0.4849645033805531	0	0	2.30358818011257	2.3459089109247486	XKR6
Positive Regulation of DNA Binding (GO:0043388)	1/27	0.3611825909110406	0.4849645033805531	0	0	2.30358818011257	2.3459089109247486	EGF
Positive Regulation of Lipid Metabolic Process (GO:0045834)	1/27	0.3611825909110406	0.4849645033805531	0	0	2.30358818011257	2.3459089109247486	PCK1
Cellular Response to UV (GO:0034644)	2/77	0.3622756017570363	0.4857311922693405	0	0	1.5980428134556577	1.6225728121931071	OPN1SW;DDB2
Positive Regulation of Lymphocyte Proliferation (GO:0050671)	2/77	0.3622756017570363	0.4857311922693405	0	0	1.5980428134556577	1.6225728121931071	MEF2C;IRS2
Phosphorylation (GO:0016310)	6/298	0.36656286684330047	0.491125626490556	0	0	1.2328130963993384	1.2372330264469291	DAPK2;LRRK2;MAPKAPK2;MKNK2;ULK1;CDKL1
Regulation of Response to External Stimulus (GO:0032101)	3/132	0.3701232618944326	0.49304605098484205	0	0	1.3940647738621772	1.3855877288476826	GRK1;SLC48A1;GRK7
ADP Catabolic Process (GO:0046032)	1/28	0.3717053248424146	0.49304605098484205	0	0	2.2181571815718155	2.195207852621651	PFKM
Regulation of Mitophagy (GO:1901524)	1/28	0.3717053248424146	0.49304605098484205	0	0	2.2181571815718155	2.195207852621651	PPTC7
Regulation of Monoatomic Ion Transport (GO:0043269)	1/28	0.3717053248424146	0.49304605098484205	0	0	2.2181571815718155	2.195207852621651	STC1
Regulation of Toll-Like Receptor 4 Signaling Pathway (GO:0034143)	1/28	0.3717053248424146	0.49304605098484205	0	0	2.2181571815718155	2.195207852621651	NR1D1
Cellular Response to Hexose Stimulus (GO:0071331)	1/28	0.3717053248424146	0.49304605098484205	0	0	2.2181571815718155	2.195207852621651	PCK1
Establishment of Endothelial Barrier (GO:0061028)	1/28	0.3717053248424146	0.49304605098484205	0	0	2.2181571815718155	2.195207852621651	F11R
Glycolytic Process (GO:0006096)	1/28	0.3717053248424146	0.49304605098484205	0	0	2.2181571815718155	2.195207852621651	PFKM
Hematopoietic Progenitor Cell Differentiation (GO:0002244)	1/28	0.3717053248424146	0.49304605098484205	0	0	2.2181571815718155	2.195207852621651	SP7
Inner Ear Morphogenesis (GO:0042472)	1/28	0.3717053248424146	0.49304605098484205	0	0	2.2181571815718155	2.195207852621651	SOBP
Negative Regulation of Protein Transport (GO:0051224)	1/28	0.3717053248424146	0.49304605098484205	0	0	2.2181571815718155	2.195207852621651	DRD4
Negative Regulation of Signaling (GO:0023057)	1/28	0.3717053248424146	0.49304605098484205	0	0	2.2181571815718155	2.195207852621651	ADIPOQ
Positive Regulation of Mitotic Cell Cycle (GO:0045931)	1/28	0.3717053248424146	0.49304605098484205	0	0	2.2181571815718155	2.195207852621651	USP2
Primary Neural Tube Formation (GO:0014020)	1/28	0.3717053248424146	0.49304605098484205	0	0	2.2181571815718155	2.195207852621651	PRICKLE1
Regulation of mRNA Stability (GO:0043488)	2/80	0.37997001543215986	0.5024768967849075	0	0	1.5363443895553988	1.4866635229078424	MAPKAPK2;VIM
Cholesterol Homeostasis (GO:0042632)	2/80	0.37997001543215986	0.5024768967849075	0	0	1.5363443895553988	1.4866635229078424	NR1D1;NFE2L1
Proteolysis Involved in Protein Catabolic Process (GO:0051603)	2/80	0.37997001543215986	0.5024768967849075	0	0	1.5363443895553988	1.4866635229078424	NR1D1;CTSB
Regulation of TOR Signaling (GO:0032006)	2/80	0.37997001543215986	0.5024768967849075	0	0	1.5363443895553988	1.4866635229078424	DDIT4;TSC1
Regulation of Dendrite Morphogenesis (GO:0048814)	1/29	0.38205524392834184	0.5024768967849075	0	0	2.1388283972125435	2.0579594307268625	RAP2A
Regulation of Platelet Activation (GO:0010543)	1/29	0.38205524392834184	0.5024768967849075	0	0	2.1388283972125435	2.0579594307268625	SLC48A1
Tube Closure (GO:0060606)	1/29	0.38205524392834184	0.5024768967849075	0	0	2.1388283972125435	2.0579594307268625	PRICKLE1
Vascular Endothelial Growth Factor Receptor Signaling Pathway (GO:0048010)	1/29	0.38205524392834184	0.5024768967849075	0	0	2.1388283972125435	2.0579594307268625	MAPKAPK2
Negative Regulation of Interleukin-1 Production (GO:0032692)	1/29	0.38205524392834184	0.5024768967849075	0	0	2.1388283972125435	2.0579594307268625	SERPINB1
Negative Regulation of Wound Healing (GO:0061045)	1/29	0.38205524392834184	0.5024768967849075	0	0	2.1388283972125435	2.0579594307268625	CASK
Protein Localization to Cell Junction (GO:1902414)	1/29	0.38205524392834184	0.5024768967849075	0	0	2.1388283972125435	2.0579594307268625	NLGN1
Regulation of Blood Coagulation (GO:0030193)	1/29	0.38205524392834184	0.5024768967849075	0	0	2.1388283972125435	2.0579594307268625	SLC48A1
Sterol Homeostasis (GO:0055092)	2/81	0.3858227089721939	0.5060014527112424	0	0	1.5168195718654434	1.4445845560619033	NR1D1;NFE2L1
Negative Regulation of Neuron Apoptotic Process (GO:0043524)	2/81	0.3858227089721939	0.5060014527112424	0	0	1.5168195718654434	1.4445845560619033	MEF2C;MAG
Positive Regulation of JNK Cascade (GO:0046330)	2/81	0.3858227089721939	0.5060014527112424	0	0	1.5168195718654434	1.4445845560619033	DUSP22;BIRC7
Protein Modification by Small Protein Removal (GO:0070646)	2/81	0.3858227089721939	0.5060014527112424	0	0	1.5168195718654434	1.4445845560619033	ZRANB1;USP2
Regulation of Cell Population Proliferation (GO:0042127)	14/769	0.3874059949267463	0.5077201102525879	0	0	1.113524650478293	1.0559354420189515	SLC48A1;PTPRU;EGF;IRS2;TSC1;EPX;HOXC10;EPOR;FGF6;RGCC;CHRNA10;ULK1;BIRC7;AGXT
Regulation of Inflammatory Response (GO:0050727)	5/249	0.3901674668322177	0.5097413868200636	0	0	1.2286859947379074	1.156413738305608	PTGER4;GPRC5B;ADIPOQ;NR1D1;AGXT
Regulation of Mitochondrion Organization (GO:0010821)	1/30	0.3922351778217792	0.5097413868200636	0	0	2.0649705634987385	1.9325928908084755	LRRK2
Clathrin-Dependent Endocytosis (GO:0072583)	1/30	0.3922351778217792	0.5097413868200636	0	0	2.0649705634987385	1.9325928908084755	DNM1
Very Long-Chain Fatty Acid Metabolic Process (GO:0000038)	1/30	0.3922351778217792	0.5097413868200636	0	0	2.0649705634987385	1.9325928908084755	ELOVL3
Intrinsic Apoptotic Signaling Pathway in Response to Endoplasmic Reticulum Stress (GO:0070059)	1/30	0.3922351778217792	0.5097413868200636	0	0	2.0649705634987385	1.9325928908084755	ERO1A
Negative Regulation of Antigen Receptor-Mediated Signaling Pathway (GO:0050858)	1/30	0.3922351778217792	0.5097413868200636	0	0	2.0649705634987385	1.9325928908084755	DUSP22
Negative Regulation of Mitotic Cell Cycle (GO:0045930)	1/30	0.3922351778217792	0.5097413868200636	0	0	2.0649705634987385	1.9325928908084755	RGCC
Negative Regulation of Response to Endoplasmic Reticulum Stress (GO:1903573)	1/30	0.3922351778217792	0.5097413868200636	0	0	2.0649705634987385	1.9325928908084755	LRRK2
Neural Tube Closure (GO:0001843)	1/30	0.3922351778217792	0.5097413868200636	0	0	2.0649705634987385	1.9325928908084755	PRICKLE1
Peptide Hormone Processing (GO:0016486)	1/30	0.3922351778217792	0.5097413868200636	0	0	2.0649705634987385	1.9325928908084755	PCSK1
Positive Regulation of Calcium Ion Transport (GO:0051928)	1/30	0.3922351778217792	0.5097413868200636	0	0	2.0649705634987385	1.9325928908084755	STC1
Regulation of Bone Resorption (GO:0045124)	1/30	0.3922351778217792	0.5097413868200636	0	0	2.0649705634987385	1.9325928908084755	TMEM64
Regulation of Cilium Assembly (GO:1902017)	2/83	0.3974549368134357	0.5154450434911525	0	0	1.4792162192773814	1.3648339285022268	USP6NL;CDKL1
Wnt Signaling Pathway (GO:0016055)	2/83	0.3974549368134357	0.5154450434911525	0	0	1.4792162192773814	1.3648339285022268	LRRK2;BCL9L
Organophosphate Metabolic Process (GO:0019637)	2/83	0.3974549368134357	0.5154450434911525	0	0	1.4792162192773814	1.3648339285022268	PFKFB3;PFKM
Regulation of Cytoskeleton Organization (GO:0051493)	3/139	0.401270708303144	0.5166206765264354	0	0	1.321837784193432	1.2069951908949308	SLC48A1;MPG;F11R
Activation of GTPase Activity (GO:0090630)	1/31	0.4022479098800671	0.5166206765264354	0	0	1.9960365853658537	1.8177639494390656	TSC1
Regulation of Protein Localization to Cell Surface (GO:2000008)	1/31	0.4022479098800671	0.5166206765264354	0	0	1.9960365853658537	1.8177639494390656	EGF
Collagen Catabolic Process (GO:0030574)	1/31	0.4022479098800671	0.5166206765264354	0	0	1.9960365853658537	1.8177639494390656	CTSB
Vacuolar Acidification (GO:0007035)	1/31	0.4022479098800671	0.5166206765264354	0	0	1.9960365853658537	1.8177639494390656	DMXL2
Intracellular pH Reduction (GO:0051452)	1/31	0.4022479098800671	0.5166206765264354	0	0	1.9960365853658537	1.8177639494390656	DMXL2
Leukocyte Cell-Cell Adhesion (GO:0007159)	1/31	0.4022479098800671	0.5166206765264354	0	0	1.9960365853658537	1.8177639494390656	F11R
Mesenchymal Cell Migration (GO:0090497)	1/31	0.4022479098800671	0.5166206765264354	0	0	1.9960365853658537	1.8177639494390656	RADIL
Morphogenesis of an Epithelium (GO:0002009)	1/31	0.4022479098800671	0.5166206765264354	0	0	1.9960365853658537	1.8177639494390656	VCL
Negative Regulation of MAP Kinase Activity (GO:0043407)	1/31	0.4022479098800671	0.5166206765264354	0	0	1.9960365853658537	1.8177639494390656	AGXT
Negative Regulation of Carbohydrate Metabolic Process (GO:0045912)	1/31	0.4022479098800671	0.5166206765264354	0	0	1.9960365853658537	1.8177639494390656	ADIPOQ
Negative Regulation of Intracellular Steroid Hormone Receptor Signaling Pathway (GO:0033144)	1/31	0.4022479098800671	0.5166206765264354	0	0	1.9960365853658537	1.8177639494390656	PER1
Positive Regulation of D-glucose Transmembrane Transport (GO:0010828)	1/31	0.4022479098800671	0.5166206765264354	0	0	1.9960365853658537	1.8177639494390656	IRS2
Positive Regulation of Lamellipodium Organization (GO:1902745)	1/31	0.4022479098800671	0.5166206765264354	0	0	1.9960365853658537	1.8177639494390656	VIL1
Vascular Transport (GO:0010232)	2/84	0.40323292318340265	0.5175153799554308	0	0	1.4611024091892295	1.327032982949334	ATP1A4;SLC8A2
Endomembrane System Organization (GO:0010256)	4/196	0.4035007073161366	0.5175153799554308	0	0	1.248653846153846	1.1332495595812555	USP6NL;LRRK2;REEP6;DNM1
Protein Ubiquitination (GO:0016567)	7/369	0.4051127183778366	0.5192250474525852	0	0	1.159560413163584	1.0477671167545397	ANKRD9;WSB1;RNF182;LMO7;KLHL24;BIRC7;DDB2
Carbohydrate Metabolic Process (GO:0005975)	2/85	0.40898451234844246	0.5202923932239024	0	0	1.443425076452599	1.290534592189042	NEU3;PHKG1
Cell Morphogenesis Involved in Neuron Differentiation (GO:0048667)	2/85	0.40898451234844246	0.5202923932239024	0	0	1.443425076452599	1.290534592189042	MEF2C;CDHR1
Peptidyl-Lysine Modification (GO:0018205)	2/85	0.40898451234844246	0.5202923932239024	0	0	1.443425076452599	1.290534592189042	EGR2;LOXL3
Positive Regulation of Endocytosis (GO:0045807)	2/85	0.40898451234844246	0.5202923932239024	0	0	1.443425076452599	1.290534592189042	NLGN1;CAMK1D
DNA Damage Response, Signal Transduction by P53 Class Mediator (GO:0030330)	1/32	0.4120961781902375	0.5202923932239024	0	0	1.931549960660897	1.712316171130387	NDRG1
Regulation of Extrinsic Apoptotic Signaling Pathway via Death Domain Receptors (GO:1902041)	1/32	0.4120961781902375	0.5202923932239024	0	0	1.931549960660897	1.712316171130387	FAIM
Regulation of Lamellipodium Assembly (GO:0010591)	1/32	0.4120961781902375	0.5202923932239024	0	0	1.931549960660897	1.712316171130387	SLC48A1
TOR Signaling (GO:0031929)	1/32	0.4120961781902375	0.5202923932239024	0	0	1.931549960660897	1.712316171130387	EIF4EBP2
Bile Acid Metabolic Process (GO:0008206)	1/32	0.4120961781902375	0.5202923932239024	0	0	1.931549960660897	1.712316171130387	CYP46A1
Regulation of Regulated Secretory Pathway (GO:1903305)	1/32	0.4120961781902375	0.5202923932239024	0	0	1.931549960660897	1.712316171130387	LRRK2
Respiratory System Development (GO:0060541)	1/32	0.4120961781902375	0.5202923932239024	0	0	1.931549960660897	1.712316171130387	LOXL3
Response to Alcohol (GO:0097305)	1/32	0.4120961781902375	0.5202923932239024	0	0	1.931549960660897	1.712316171130387	PTGER4
Response to Steroid Hormone (GO:0048545)	1/32	0.4120961781902375	0.5202923932239024	0	0	1.931549960660897	1.712316171130387	ATP1A4
Sphingolipid Catabolic Process (GO:0030149)	1/32	0.4120961781902375	0.5202923932239024	0	0	1.931549960660897	1.712316171130387	NEU3
Endodermal Cell Differentiation (GO:0035987)	1/32	0.4120961781902375	0.5202923932239024	0	0	1.931549960660897	1.712316171130387	COL11A1
Extrinsic Apoptotic Signaling Pathway via Death Domain Receptors (GO:0008625)	1/32	0.4120961781902375	0.5202923932239024	0	0	1.931549960660897	1.712316171130387	DIABLO
Membrane Depolarization (GO:0051899)	1/32	0.4120961781902375	0.5202923932239024	0	0	1.931549960660897	1.712316171130387	CHRNA4
Negative Regulation of Fat Cell Differentiation (GO:0045599)	1/32	0.4120961781902375	0.5202923932239024	0	0	1.931549960660897	1.712316171130387	FOXO1
Nuclear Receptor-Mediated Signaling Pathway (GO:0141193)	1/32	0.4120961781902375	0.5202923932239024	0	0	1.931549960660897	1.712316171130387	CYP24A1
Purine Ribonucleoside Triphosphate Metabolic Process (GO:0009205)	1/32	0.4120961781902375	0.5202923932239024	0	0	1.931549960660897	1.712316171130387	LRRK2
Pyridine Nucleotide Catabolic Process (GO:0019364)	1/32	0.4120961781902375	0.5202923932239024	0	0	1.931549960660897	1.712316171130387	PFKM
Regulation of Cell Migration Involved in Sprouting Angiogenesis (GO:0090049)	1/32	0.4120961781902375	0.5202923932239024	0	0	1.931549960660897	1.712316171130387	TBXA2R
Regulation of Organelle Assembly (GO:1902115)	2/86	0.41470900865238586	0.5225277353433243	0	0	1.4261686325906509	1.255282523765974	USP6NL;CDKL1
Epidermis Development (GO:0008544)	2/86	0.41470900865238586	0.5225277353433243	0	0	1.4261686325906509	1.255282523765974	HOXB13;FOXN1
Transport Across Blood-Brain Barrier (GO:0150104)	2/86	0.41470900865238586	0.5225277353433243	0	0	1.4261686325906509	1.255282523765974	ATP1A4;SLC8A2
Protein Modification by Small Protein Conjugation (GO:0032446)	6/316	0.4193083793291445	0.5271575285364819	0	0	1.1601518026565465	1.008344362533566	ANKRD9;EGR2;RNF182;LMO7;KLHL24;BIRC7
Cellular Response to Tumor Necrosis Factor (GO:0071356)	2/87	0.4204057463833241	0.5271575285364819	0	0	1.4093182227019247	1.221223525556798	ANKRD1;NR1D1
B Cell Receptor Signaling Pathway (GO:0050853)	1/33	0.4217826759757235	0.5271575285364819	0	0	1.87109375	1.6152499022110665	MEF2C
Response to Estradiol (GO:0032355)	1/33	0.4217826759757235	0.5271575285364819	0	0	1.87109375	1.6152499022110665	ESR2
Cortical Cytoskeleton Organization (GO:0030865)	1/33	0.4217826759757235	0.5271575285364819	0	0	1.87109375	1.6152499022110665	NLGN1
Epithelial Tube Morphogenesis (GO:0060562)	1/33	0.4217826759757235	0.5271575285364819	0	0	1.87109375	1.6152499022110665	MEF2C
Ventricular Cardiac Muscle Tissue Morphogenesis (GO:0055010)	1/33	0.4217826759757235	0.5271575285364819	0	0	1.87109375	1.6152499022110665	MYL2
Negative Regulation of G2/M Transition of Mitotic Cell Cycle (GO:0010972)	1/33	0.4217826759757235	0.5271575285364819	0	0	1.87109375	1.6152499022110665	STK35
Negative Regulation of JNK Cascade (GO:0046329)	1/33	0.4217826759757235	0.5271575285364819	0	0	1.87109375	1.6152499022110665	PER1
Negative Regulation of Lipid Metabolic Process (GO:0045833)	1/33	0.4217826759757235	0.5271575285364819	0	0	1.87109375	1.6152499022110665	APOD
Positive Regulation of G1/S Transition of Mitotic Cell Cycle (GO:1900087)	1/33	0.4217826759757235	0.5271575285364819	0	0	1.87109375	1.6152499022110665	RGCC
Regulation of Cell Adhesion Mediated by Integrin (GO:0033628)	1/33	0.4217826759757235	0.5271575285364819	0	0	1.87109375	1.6152499022110665	SLC48A1
Regulation of Mitotic Cell Cycle Phase Transition (GO:1901990)	2/88	0.4260740888370828	0.531806760111208	0	0	1.392859682810611	1.18830713782291	KCNH5;RGCC
Positive Regulation of Endothelial Cell Migration (GO:0010595)	2/88	0.4260740888370828	0.531806760111208	0	0	1.392859682810611	1.18830713782291	EGF;AGXT
Synaptic Vesicle Recycling (GO:0036465)	1/34	0.43131005252028104	0.5358264404140474	0	0	1.81430155210643	1.525697099182409	SNCG
Liver Development (GO:0001889)	1/34	0.43131005252028104	0.5358264404140474	0	0	1.81430155210643	1.525697099182409	PCK1
Lung Development (GO:0030324)	1/34	0.43131005252028104	0.5358264404140474	0	0	1.81430155210643	1.525697099182409	LOXL3
Negative Regulation of Endocytosis (GO:0045806)	1/34	0.43131005252028104	0.5358264404140474	0	0	1.81430155210643	1.525697099182409	ADIPOQ
Negative Regulation of Small Molecule Metabolic Process (GO:0062014)	1/34	0.43131005252028104	0.5358264404140474	0	0	1.81430155210643	1.525697099182409	ADIPOQ
Protein Acylation (GO:0043543)	1/34	0.43131005252028104	0.5358264404140474	0	0	1.81430155210643	1.525697099182409	FOXO1
Regulation of Cardiac Muscle Contraction (GO:0055117)	1/34	0.43131005252028104	0.5358264404140474	0	0	1.81430155210643	1.525697099182409	STC1
Negative Regulation of Cell Population Proliferation (GO:0008285)	7/379	0.43195583439011537	0.5362707190126783	0	0	1.127805049088359	0.9467155703423016	PER2;SLC48A1;PTPRU;RGCC;ULK1;APOD;TSC1
Acetylcholine Receptor Signaling Pathway (GO:0095500)	1/35	0.4406809139522869	0.5434772570345965	0	0	1.7608500717360114	1.442900799000899	CHRNA4
Adherens Junction Organization (GO:0034332)	1/35	0.4406809139522869	0.5434772570345965	0	0	1.7608500717360114	1.442900799000899	VCL
Regulation of Neuronal Synaptic Plasticity (GO:0048168)	1/35	0.4406809139522869	0.5434772570345965	0	0	1.7608500717360114	1.442900799000899	SLC8A2
Regulation of p38MAPK Cascade (GO:1900744)	1/35	0.4406809139522869	0.5434772570345965	0	0	1.7608500717360114	1.442900799000899	PER1
Substrate Adhesion-Dependent Cell Spreading (GO:0034446)	1/35	0.4406809139522869	0.5434772570345965	0	0	1.7608500717360114	1.442900799000899	RADIL
Toll-Like Receptor Signaling Pathway (GO:0002224)	1/35	0.4406809139522869	0.5434772570345965	0	0	1.7608500717360114	1.442900799000899	MAPKAPK2
Intracellular Receptor Signaling Pathway (GO:0030522)	1/35	0.4406809139522869	0.5434772570345965	0	0	1.7608500717360114	1.442900799000899	NR1D1
Neural Crest Cell Migration (GO:0001755)	1/35	0.4406809139522869	0.5434772570345965	0	0	1.7608500717360114	1.442900799000899	RADIL
Platelet Aggregation (GO:0070527)	1/35	0.4406809139522869	0.5434772570345965	0	0	1.7608500717360114	1.442900799000899	VCL
Positive Regulation of Macromolecule Metabolic Process (GO:0010604)	1/35	0.4406809139522869	0.5434772570345965	0	0	1.7608500717360114	1.442900799000899	AGXT
Positive Regulation of Response to Stimulus (GO:0048584)	2/92	0.44845174804613447	0.549743827984653	0	0	1.3306829765545365	1.0671467865502224	ADIPOQ;CFP
'De Novo' Post-Translational Protein Folding (GO:0051084)	1/36	0.4498978237617553	0.549743827984653	0	0	1.710452961672474	1.3661982705662747	ERO1A
Carboxylic Acid Metabolic Process (GO:0019752)	1/36	0.4498978237617553	0.549743827984653	0	0	1.710452961672474	1.3661982705662747	PCK1
Regulatory ncRNA Processing (GO:0070918)	1/36	0.4498978237617553	0.549743827984653	0	0	1.710452961672474	1.3661982705662747	HENMT1
Cellular Response to Vascular Endothelial Growth Factor Stimulus (GO:0035924)	1/36	0.4498978237617553	0.549743827984653	0	0	1.710452961672474	1.3661982705662747	MAPKAPK2
Endoderm Formation (GO:0001706)	1/36	0.4498978237617553	0.549743827984653	0	0	1.710452961672474	1.3661982705662747	COL11A1
Lytic Vacuole Organization (GO:0080171)	1/36	0.4498978237617553	0.549743827984653	0	0	1.710452961672474	1.3661982705662747	LRRK2
Negative Regulation of Hydrolase Activity (GO:0051346)	1/36	0.4498978237617553	0.549743827984653	0	0	1.710452961672474	1.3661982705662747	LRRK2
Negative Regulation of Plasma Membrane Bounded Cell Projection Assembly (GO:0120033)	1/36	0.4498978237617553	0.549743827984653	0	0	1.710452961672474	1.3661982705662747	SLC48A1
Neutral Amino Acid Transport (GO:0015804)	1/36	0.4498978237617553	0.549743827984653	0	0	1.710452961672474	1.3661982705662747	SLC32A1
Peptidyl-Threonine Phosphorylation (GO:0018107)	1/36	0.4498978237617553	0.549743827984653	0	0	1.710452961672474	1.3661982705662747	LRRK2
Positive Regulation of RNA Splicing (GO:0033120)	1/36	0.4498978237617553	0.549743827984653	0	0	1.710452961672474	1.3661982705662747	DAZAP1
Positive Regulation of Epithelial Cell Migration (GO:0010634)	1/36	0.4498978237617553	0.549743827984653	0	0	1.710452961672474	1.3661982705662747	VIL1
Regulation of D-glucose Import (GO:0046324)	1/36	0.4498978237617553	0.549743827984653	0	0	1.710452961672474	1.3661982705662747	IRS2
Positive Regulation of Cellular Component Biogenesis (GO:0044089)	2/93	0.4539695291151962	0.5543551795822704	0	0	1.3159928756259032	1.0392727364805356	VIL1;RGCC
Regulation of Receptor Internalization (GO:0002090)	1/37	0.4589633036116017	0.5589860654588945	0	0	1.6628556910569106	1.2950071037413764	EGF
Cellular Response to Glucose Stimulus (GO:0071333)	1/37	0.4589633036116017	0.5589860654588945	0	0	1.6628556910569106	1.2950071037413764	PCK1
Nucleobase-Containing Compound Metabolic Process (GO:0006139)	1/37	0.4589633036116017	0.5589860654588945	0	0	1.6628556910569106	1.2950071037413764	CTPS1
Regulation of Cellular Component Biogenesis (GO:0044087)	1/37	0.4589633036116017	0.5589860654588945	0	0	1.6628556910569106	1.2950071037413764	SLC48A1
Regulation of Intracellular Protein Transport (GO:0033157)	1/38	0.4678798339071944	0.566509024659264	0	0	1.6178312458800264	1.2288136618228402	OAZ2
Regulation of Microtubule Cytoskeleton Organization (GO:0070507)	1/38	0.4678798339071944	0.566509024659264	0	0	1.6178312458800264	1.2288136618228402	MPG
Aortic Valve Morphogenesis (GO:0003180)	1/38	0.4678798339071944	0.566509024659264	0	0	1.6178312458800264	1.2288136618228402	ADAMTS5
Regulation of Potassium Ion Transport (GO:0043266)	1/38	0.4678798339071944	0.566509024659264	0	0	1.6178312458800264	1.2288136618228402	KCNG1
Negative Regulation of Transport (GO:0051051)	1/38	0.4678798339071944	0.566509024659264	0	0	1.6178312458800264	1.2288136618228402	EGF
Positive Regulation of Bone Mineralization (GO:0030501)	1/38	0.4678798339071944	0.566509024659264	0	0	1.6178312458800264	1.2288136618228402	MEF2C
Positive Regulation of Exocytosis (GO:0045921)	1/38	0.4678798339071944	0.566509024659264	0	0	1.6178312458800264	1.2288136618228402	CFTR
Positive Regulation of Protein Binding (GO:0032092)	1/38	0.4678798339071944	0.566509024659264	0	0	1.6178312458800264	1.2288136618228402	LRRK2
Purine Nucleotide Metabolic Process (GO:0006163)	1/38	0.4678798339071944	0.566509024659264	0	0	1.6178312458800264	1.2288136618228402	GUK1
Regulation of Actin Filament-Based Process (GO:0032970)	2/96	0.47033120168860065	0.5691068701836709	0	0	1.2737979048734465	0.9608488765402288	SLC48A1;F11R
Regulation of Organelle Organization (GO:0033043)	2/97	0.47571976709670266	0.5745112561160085	0	0	1.2603251247384517	0.9363287103331994	USP6NL;F11R
Base-Excision Repair (GO:0006284)	1/39	0.47664985461747295	0.5745112561160085	0	0	1.5751765083440308	1.1671634441437313	MPG
Fatty Acid Transport (GO:0015908)	1/39	0.47664985461747295	0.5745112561160085	0	0	1.5751765083440308	1.1671634441437313	CPT1B
Glycosphingolipid Metabolic Process (GO:0006687)	1/39	0.47664985461747295	0.5745112561160085	0	0	1.5751765083440308	1.1671634441437313	NEU3
Positive Regulation of Extrinsic Apoptotic Signaling Pathway (GO:2001238)	1/39	0.47664985461747295	0.5745112561160085	0	0	1.5751765083440308	1.1671634441437313	AGXT
Regulation of Axon Extension (GO:0030516)	1/39	0.47664985461747295	0.5745112561160085	0	0	1.5751765083440308	1.1671634441437313	MAG
Neuron Projection Morphogenesis (GO:0048812)	3/157	0.47898982908302423	0.5769579753550215	0	0	1.1662616524579714	0.8584571134799884	NLGN1;NRN1L;LRRK2
Regulation of Filopodium Assembly (GO:0051489)	1/40	0.4852757659100546	0.5803973010016785	0	0	1.5347091932457786	1.1096530044697448	NLGN1
Regulation of Potassium Ion Transmembrane Transport (GO:1901379)	1/40	0.4852757659100546	0.5803973010016785	0	0	1.5347091932457786	1.1096530044697448	KCNG1
Regulation of Protein Targeting to Mitochondrion (GO:1903214)	1/40	0.4852757659100546	0.5803973010016785	0	0	1.5347091932457786	1.1096530044697448	LRRK2
Establishment of Protein Localization to Extracellular Region (GO:0035592)	1/40	0.4852757659100546	0.5803973010016785	0	0	1.5347091932457786	1.1096530044697448	ZNF395
Fibroblast Growth Factor Receptor Signaling Pathway (GO:0008543)	1/40	0.4852757659100546	0.5803973010016785	0	0	1.5347091932457786	1.1096530044697448	FGF6
Negative Regulation of Cell-Cell Adhesion (GO:0022408)	1/40	0.4852757659100546	0.5803973010016785	0	0	1.5347091932457786	1.1096530044697448	RGCC
Negative Regulation of Proteolysis (GO:0045861)	1/40	0.4852757659100546	0.5803973010016785	0	0	1.5347091932457786	1.1096530044697448	LRRK2
Positive Regulation of Lipid Biosynthetic Process (GO:0046889)	1/40	0.4852757659100546	0.5803973010016785	0	0	1.5347091932457786	1.1096530044697448	PCK1
Regulation of DNA Binding (GO:0051101)	1/40	0.4852757659100546	0.5803973010016785	0	0	1.5347091932457786	1.1096530044697448	EGF
Regulation of T Cell Receptor Signaling Pathway (GO:0050856)	1/40	0.4852757659100546	0.5803973010016785	0	0	1.5347091932457786	1.1096530044697448	DUSP22
Regulation of Apoptotic Signaling Pathway (GO:2001233)	1/40	0.4852757659100546	0.5803973010016785	0	0	1.5347091932457786	1.1096530044697448	DAPK2
Positive Regulation of Neuron Projection Development (GO:0010976)	2/99	0.4863965625767325	0.5813641637477838	0	0	1.2342129323118636	0.8895355399570477	CAMK1D;IL1RAPL1
Regulation of Cellular Component Organization (GO:0051128)	3/159	0.48734613951078504	0.5821252667712266	0	0	1.1511915998112316	0.8274542459492648	SLC48A1;LRRK2;AGXT
Mitochondrial Gene Expression (GO:0140053)	2/100	0.49168408543279024	0.5860250173797455	0	0	1.221556512513262	0.8672060208429837	MTERF3;DLGAP3
Regulation of Heart Rate by Cardiac Conduction (GO:0086091)	1/41	0.4937599286681575	0.5860250173797455	0	0	1.496265243902439	1.055923142168636	SCN4B
Regulation of Hippo Signaling (GO:0035330)	1/41	0.4937599286681575	0.5860250173797455	0	0	1.496265243902439	1.055923142168636	ARRDC3
Aortic Valve Development (GO:0003176)	1/41	0.4937599286681575	0.5860250173797455	0	0	1.496265243902439	1.055923142168636	ADAMTS5
Regulation of Protein Import Into Nucleus (GO:0042306)	1/41	0.4937599286681575	0.5860250173797455	0	0	1.496265243902439	1.055923142168636	CABP1
Monoatomic Cation Transport (GO:0006812)	1/41	0.4937599286681575	0.5860250173797455	0	0	1.496265243902439	1.055923142168636	PANX2
Negative Regulation of DNA Metabolic Process (GO:0051053)	1/41	0.4937599286681575	0.5860250173797455	0	0	1.496265243902439	1.055923142168636	ANKRD1
Negative Regulation of Kinase Activity (GO:0033673)	1/41	0.4937599286681575	0.5860250173797455	0	0	1.496265243902439	1.055923142168636	IRS2
Positive Regulation of DNA Biosynthetic Process (GO:2000573)	1/41	0.4937599286681575	0.5860250173797455	0	0	1.496265243902439	1.055923142168636	RGCC
Positive Regulation of Immune System Process (GO:0002684)	1/41	0.4937599286681575	0.5860250173797455	0	0	1.496265243902439	1.055923142168636	CFP
Hemopoiesis (GO:0030097)	2/101	0.49693725456466487	0.589420159811881	0	0	1.2091557779631177	0.8455523688494846	MKNK2;RUNX2
Regulation of Cell Growth (GO:0001558)	4/222	0.4976528771378265	0.5898929964035001	0	0	1.0982639378969654	0.7664262115020932	SLC48A1;MYL2;AGXT;ESR2
Regulation of ERK1 and ERK2 Cascade (GO:0070372)	4/223	0.5011577885384157	0.5910891094694709	0	0	1.0931928345626976	0.7552150850945208	SPRED3;ADIPOQ;SPRY1;DUSP29
Regulation of Receptor-Mediated Endocytosis (GO:0048259)	1/42	0.5021046652209801	0.5910891094694709	0	0	1.4596966091612136	1.0056531393547812	ADIPOQ
Ribosome Assembly (GO:0042255)	1/42	0.5021046652209801	0.5910891094694709	0	0	1.4596966091612136	1.0056531393547812	MTERF3
Defense Response to Fungus (GO:0050832)	1/42	0.5021046652209801	0.5910891094694709	0	0	1.4596966091612136	1.0056531393547812	SLC48A1
Keratinocyte Differentiation (GO:0030216)	1/42	0.5021046652209801	0.5910891094694709	0	0	1.4596966091612136	1.0056531393547812	TXNIP
Lysosome Localization (GO:0032418)	1/42	0.5021046652209801	0.5910891094694709	0	0	1.4596966091612136	1.0056531393547812	UCMA
Membrane Fission (GO:0090148)	1/42	0.5021046652209801	0.5910891094694709	0	0	1.4596966091612136	1.0056531393547812	DNM1
Positive Regulation of Ossification (GO:0045778)	1/42	0.5021046652209801	0.5910891094694709	0	0	1.4596966091612136	1.0056531393547812	MEF2C
Protein Destabilization (GO:0031648)	1/42	0.5021046652209801	0.5910891094694709	0	0	1.4596966091612136	1.0056531393547812	NR1D1
Regulation of Cellular Component Size (GO:0032535)	1/42	0.5021046652209801	0.5910891094694709	0	0	1.4596966091612136	1.0056531393547812	DNM1
Phospholipase C-activating G Protein-Coupled Receptor Signaling Pathway (GO:0007200)	2/102	0.5021557668303244	0.5910891094694709	0	0	1.1970030581039754	0.8245494697311581	AGXT;DRD4
Regulation of Epithelial Cell Migration (GO:0010632)	1/43	0.5103122599758136	0.5969145919641666	0	0	1.424869337979094	0.9585558637014526	VIL1
Synaptic Vesicle Exocytosis (GO:0016079)	1/43	0.5103122599758136	0.5969145919641666	0	0	1.424869337979094	0.9585558637014526	CPLX4
Import Into the Mitochondrion (GO:0170036)	1/43	0.5103122599758136	0.5969145919641666	0	0	1.424869337979094	0.9585558637014526	SLC25A38
Negative Regulation of Organelle Assembly (GO:1902116)	1/43	0.5103122599758136	0.5969145919641666	0	0	1.424869337979094	0.9585558637014526	LRRK2
Neural Crest Cell Development (GO:0014032)	1/43	0.5103122599758136	0.5969145919641666	0	0	1.424869337979094	0.9585558637014526	RADIL
Positive Regulation of Biomineral Tissue Development (GO:0070169)	1/43	0.5103122599758136	0.5969145919641666	0	0	1.424869337979094	0.9585558637014526	MEF2C
Positive Regulation of Monoatomic Ion Transport (GO:0043270)	1/43	0.5103122599758136	0.5969145919641666	0	0	1.424869337979094	0.9585558637014526	SCN4B
Positive Regulation of Myeloid Leukocyte Differentiation (GO:0002763)	1/43	0.5103122599758136	0.5969145919641666	0	0	1.424869337979094	0.9585558637014526	TMEM64
Positive Regulation of Receptor-Mediated Endocytosis (GO:0048260)	1/43	0.5103122599758136	0.5969145919641666	0	0	1.424869337979094	0.9585558637014526	EGF
Positive Regulation of Stress Fiber Assembly (GO:0051496)	1/43	0.5103122599758136	0.5969145919641666	0	0	1.424869337979094	0.9585558637014526	RGCC
Negative Regulation of Cellular Process (GO:0048523)	9/531	0.5110899019152826	0.597448685593179	0	0	1.0317349137931036	0.6925105551732129	SLC48A1;PTPRU;RGCC;MYL2;TXNIP;ULK1;TSC1;HOXD10;ESR2
Regulation of Actin Cytoskeleton Organization (GO:0032956)	2/104	0.5124877037758772	0.5987066018373556	0	0	1.1734124842597589	0.7844010888081315	SLC48A1;F11R
Regulation of Microtubule-Based Process (GO:0032886)	1/44	0.5183849600737389	0.6018180977524816	0	0	1.3916619398752128	0.9143735899634124	MPG
Regulation of Monoatomic Cation Transmembrane Transport (GO:1904062)	1/44	0.5183849600737389	0.6018180977524816	0	0	1.3916619398752128	0.9143735899634124	KCNG1
Response to Unfolded Protein (GO:0006986)	1/44	0.5183849600737389	0.6018180977524816	0	0	1.3916619398752128	0.9143735899634124	HSPB3
Substantia Nigra Development (GO:0021762)	1/44	0.5183849600737389	0.6018180977524816	0	0	1.3916619398752128	0.9143735899634124	MAG
Lysosome Organization (GO:0007040)	1/44	0.5183849600737389	0.6018180977524816	0	0	1.3916619398752128	0.9143735899634124	LRRK2
Peptidyl-Threonine Modification (GO:0018210)	1/44	0.5183849600737389	0.6018180977524816	0	0	1.3916619398752128	0.9143735899634124	LRRK2
Positive Regulation of Cell Cycle G1/S Phase Transition (GO:1902808)	1/44	0.5183849600737389	0.6018180977524816	0	0	1.3916619398752128	0.9143735899634124	RGCC
Protein Sumoylation (GO:0016925)	1/44	0.5183849600737389	0.6018180977524816	0	0	1.3916619398752128	0.9143735899634124	EGR2
Regulated Exocytosis (GO:0045055)	1/44	0.5183849600737389	0.6018180977524816	0	0	1.3916619398752128	0.9143735899634124	CPLX4
Regulation of Autophagosome Assembly (GO:2000785)	1/44	0.5183849600737389	0.6018180977524816	0	0	1.3916619398752128	0.9143735899634124	LRRK2
Extracellular Matrix Disassembly (GO:0022617)	1/45	0.5263249758587848	0.6102746293290957	0	0	1.3599639689578713	0.8728744217469863	ADAMTS5
Negative Regulation of Biosynthetic Process (GO:0009890)	1/45	0.5263249758587848	0.6102746293290957	0	0	1.3599639689578713	0.8728744217469863	ADIPOQ
Cell-Matrix Adhesion (GO:0007160)	2/107	0.527719179757883	0.6111296786119603	0	0	1.1397116644823069	0.7284934308742553	TSC1;VCL
Protein Catabolic Process (GO:0030163)	2/107	0.527719179757883	0.6111296786119603	0	0	1.1397116644823069	0.7284934308742553	NR1D1;CTSB
Regulation of Cyclin-Dependent Protein Serine/Threonine Kinase Activity (GO:0000079)	1/46	0.5341344815916227	0.6162580720657221	0	0	1.3296747967479674	0.8338492151681215	RGCC
Regulation of Intrinsic Apoptotic Signaling Pathway (GO:2001242)	1/46	0.5341344815916227	0.6162580720657221	0	0	1.3296747967479674	0.8338492151681215	DAPK2
T Cell Differentiation (GO:0030217)	1/46	0.5341344815916227	0.6162580720657221	0	0	1.3296747967479674	0.8338492151681215	RAG2
Regulation of Osteoclast Differentiation (GO:0045670)	1/46	0.5341344815916227	0.6162580720657221	0	0	1.3296747967479674	0.8338492151681215	TMEM64
Homotypic Cell-Cell Adhesion (GO:0034109)	1/46	0.5341344815916227	0.6162580720657221	0	0	1.3296747967479674	0.8338492151681215	VCL
- Reg of Phosphatidylinositol 3-Kinase/Prot Kinase B Signal Transduction (GO:0051898)	1/46	0.5341344815916227	0.6162580720657221	0	0	1.3296747967479674	0.8338492151681215	PIK3IP1
BMP Signaling Pathway (GO:0030509)	1/47	0.5418156161349215	0.6224190503870919	0	0	1.300702545068929	0.7971089255322363	RUNX2
Regulation of Endothelial Cell Apoptotic Process (GO:2000351)	1/47	0.5418156161349215	0.6224190503870919	0	0	1.300702545068929	0.7971089255322363	RGCC
Cardiac Conduction (GO:0061337)	1/47	0.5418156161349215	0.6224190503870919	0	0	1.300702545068929	0.7971089255322363	SCN4B
Cellular Defense Response (GO:0006968)	1/47	0.5418156161349215	0.6224190503870919	0	0	1.300702545068929	0.7971089255322363	ZNF395
Cellular Response to Type II Interferon (GO:0071346)	1/47	0.5418156161349215	0.6224190503870919	0	0	1.300702545068929	0.7971089255322363	AQP4
Positive Regulation of miRNA Transcription (GO:1902895)	1/47	0.5418156161349215	0.6224190503870919	0	0	1.300702545068929	0.7971089255322363	SRF
Regulation of T Cell Differentiation (GO:0045580)	1/47	0.5418156161349215	0.6224190503870919	0	0	1.300702545068929	0.7971089255322363	TBX21
Positive Regulation of Cell Population Proliferation (GO:0008284)	8/484	0.544452409030776	0.6250622660125071	0	0	1.0050001308934788	0.6110146967920036	FGF6;MEF2C;EGF;IRS2;EPX;AGXT;HOXC10;EPOR
Positive Regulation of GTPase Activity (GO:0043547)	2/111	0.5475218832938871	0.628198658945699	0	0	1.0976629352186966	0.6611803958356675	USP6NL;TSC1
Membrane Lipid Biosynthetic Process (GO:0046467)	1/48	0.5493704831631218	0.6283825870722616	0	0	1.2729631551634666	0.7624823123792487	ELOVL3
Mitophagy (GO:0000423)	1/48	0.5493704831631218	0.6283825870722616	0	0	1.2729631551634666	0.7624823123792487	ULK1
Nuclear Receptor-Mediated Steroid Hormone Signaling Pathway (GO:0030518)	1/48	0.5493704831631218	0.6283825870722616	0	0	1.2729631551634666	0.7624823123792487	ESR2
Oligosaccharide Metabolic Process (GO:0009311)	1/48	0.5493704831631218	0.6283825870722616	0	0	1.2729631551634666	0.7624823123792487	NEU3
Positive Regulation of Kinase Activity (GO:0033674)	1/48	0.5493704831631218	0.6283825870722616	0	0	1.2729631551634666	0.7624823123792487	LRRK2
Regulation of Intracellular Signal Transduction (GO:1902531)	5/302	0.5565632099979714	0.6345419132464967	0	0	1.006671654819803	0.5898839496109197	NLGN1;DAPK2;LRRK2;USP2;SAMSN1
Actin Polymerization or Depolymerization (GO:0008154)	1/49	0.5568011522469258	0.6345419132464967	0	0	1.2463795731707317	0.7298139452611976	VIL1
Cellular Component Disassembly (GO:0022411)	1/49	0.5568011522469258	0.6345419132464967	0	0	1.2463795731707317	0.7298139452611976	ADAMTS5
Negative Regulation of TORC1 Signaling (GO:1904262)	1/49	0.5568011522469258	0.6345419132464967	0	0	1.2463795731707317	0.7298139452611976	TSC1
Negative Regulation of Small GTPase Mediated Signal Transduction (GO:0051058)	1/49	0.5568011522469258	0.6345419132464967	0	0	1.2463795731707317	0.7298139452611976	SPRY1
Positive Regulation of Intracellular Transport (GO:0032388)	1/49	0.5568011522469258	0.6345419132464967	0	0	1.2463795731707317	0.7298139452611976	OAZ2
Regulation of Interleukin-2 Production (GO:0032663)	1/50	0.5641096589005535	0.6401268751304452	0	0	1.2208810353409656	0.6989624697257846	TBX21
RNA Methylation (GO:0001510)	1/50	0.5641096589005535	0.6401268751304452	0	0	1.2208810353409656	0.6989624697257846	HENMT1
Myelination (GO:0042552)	1/50	0.5641096589005535	0.6401268751304452	0	0	1.2208810353409656	0.6989624697257846	SLC8A3
Negative Regulation of Phosphorylation (GO:0042326)	1/50	0.5641096589005535	0.6401268751304452	0	0	1.2208810353409656	0.6989624697257846	IRS2
Nuclear Export (GO:0051168)	1/50	0.5641096589005535	0.6401268751304452	0	0	1.2208810353409656	0.6989624697257846	EGR2
Positive Regulation of Cell-Cell Adhesion (GO:0022409)	1/50	0.5641096589005535	0.6401268751304452	0	0	1.2208810353409656	0.6989624697257846	PTPRU
Positive Regulation of Fat Cell Differentiation (GO:0045600)	1/50	0.5641096589005535	0.6401268751304452	0	0	1.2208810353409656	0.6989624697257846	TMEM64
Cardiac Muscle Tissue Development (GO:0048738)	1/51	0.5712980055752864	0.6464838710795457	0	0	1.19640243902439	0.6697990911223342	ANKRD1
Epithelial to Mesenchymal Transition (GO:0001837)	1/51	0.5712980055752864	0.6464838710795457	0	0	1.19640243902439	0.6697990911223342	LOXL3
Fatty Acid Oxidation (GO:0019395)	1/51	0.5712980055752864	0.6464838710795457	0	0	1.19640243902439	0.6697990911223342	ADIPOQ
Nicotinamide Nucleotide Metabolic Process (GO:0046496)	1/51	0.5712980055752864	0.6464838710795457	0	0	1.19640243902439	0.6697990911223342	PFKM
Protein Complex Oligomerization (GO:0051259)	2/116	0.5714486662685936	0.6464838710795457	0	0	1.049251569290198	0.5871408463903249	ZNF395;DNM1
Protein Transport (GO:0015031)	5/308	0.5740681694178865	0.6489652162300906	0	0	0.9864319765309864	0.5474767779285679	ZNF395;ARRDC2;ARRDC3;TXNIP;PRICKLE1
Positive Regulation of Cellular Process (GO:0048522)	10/622	0.5743394471418373	0.6489652162300906	0	0	0.9762431618415393	0.541360695334885	FGF6;EGR2;LAMA2;EGF;LRRK2;SRF;IRS2;EPX;HOXC10;EPOR
Cytoskeleton Organization (GO:0007010)	2/117	0.5761227749843305	0.6505117552438177	0	0	1.0400744581837522	0.573532928395225	ZRANB1;CAPZB
Proteasomal Protein Catabolic Process (GO:0010498)	6/372	0.5764072457802554	0.6505117552438177	0	0	0.9798000304522154	0.5398118559106736	ANKRD9;KBTBD12;KLHL38;TBX21;NR1D1;KLHL24
Intrinsic Apoptotic Signaling Pathway in Response to DNA Damage (GO:0008630)	1/52	0.5783681618108807	0.6511452807804289	0	0	1.172883787661406	0.642206248789451	DDIT4
Negative Regulation of Protein Ubiquitination (GO:0031397)	1/52	0.5783681618108807	0.6511452807804289	0	0	1.172883787661406	0.642206248789451	PER2
Positive Regulation of Proteolysis (GO:0045862)	1/52	0.5783681618108807	0.6511452807804289	0	0	1.172883787661406	0.642206248789451	NKD2
Positive Regulation of Reactive Oxygen Species Metabolic Process (GO:2000379)	1/52	0.5783681618108807	0.6511452807804289	0	0	1.172883787661406	0.642206248789451	AGXT
Positive Regulation of Epithelial Cell Proliferation (GO:0050679)	2/118	0.5807596436484725	0.653442380187308	0	0	1.0310555731308657	0.5602944687792342	EGF;THBS4
Regulation of Release of Sequestered Calcium Ion Into Cytosol (GO:0051279)	1/53	0.5853220651427223	0.6558419778874984	0	0	1.1502696998123827	0.6160764505595727	JPH1
Unsaturated Fatty Acid Metabolic Process (GO:0033559)	1/53	0.5853220651427223	0.6558419778874984	0	0	1.1502696998123827	0.6160764505595727	ELOVL3
Negative Regulation of Immune System Process (GO:0002683)	1/53	0.5853220651427223	0.6558419778874984	0	0	1.1502696998123827	0.6160764505595727	NR1D1
Negative Regulation of Protein Catabolic Process (GO:0042177)	1/53	0.5853220651427223	0.6558419778874984	0	0	1.1502696998123827	0.6160764505595727	PRICKLE1
Nucleotide-Excision Repair (GO:0006289)	1/53	0.5853220651427223	0.6558419778874984	0	0	1.1502696998123827	0.6160764505595727	DDB2
Positive Regulation of miRNA Metabolic Process (GO:2000630)	1/53	0.5853220651427223	0.6558419778874984	0	0	1.1502696998123827	0.6160764505595727	SRF
Positive Regulation of Cell Cycle Process (GO:0090068)	2/119	0.5853592290548817	0.6558419778874984	0	0	1.0221908570532423	0.5474134132200761	RGCC;EGF
Negative Regulation of Catabolic Process (GO:0009895)	2/120	0.589921499462409	0.6605559028276433	0	0	1.0134763904006634	0.5348781806903838	FOXK1;PRICKLE1
Apical Junction Assembly (GO:0043297)	1/54	0.5921616213034256	0.6606791230489659	0	0	1.128508973768983	0.5913112483398183	VCL
Regulation of Signal Transduction by P53 Class Mediator (GO:1901796)	1/54	0.5921616213034256	0.6606791230489659	0	0	1.128508973768983	0.5913112483398183	USP2
Regulation of Smooth Muscle Cell Proliferation (GO:0048660)	1/54	0.5921616213034256	0.6606791230489659	0	0	1.128508973768983	0.5913112483398183	APOD
Cellular Response to BMP Stimulus (GO:0071773)	1/54	0.5921616213034256	0.6606791230489659	0	0	1.128508973768983	0.5913112483398183	RUNX2
Positive Regulation of Chemokine Production (GO:0032722)	1/54	0.5921616213034256	0.6606791230489659	0	0	1.128508973768983	0.5913112483398183	ADIPOQ
Positive Regulation of Transcription Initiation by RNA Polymerase II (GO:0060261)	1/54	0.5921616213034256	0.6606791230489659	0	0	1.128508973768983	0.5913112483398183	SRF
Enzyme-Linked Receptor Protein Signaling Pathway (GO:0007167)	2/121	0.5944464341724119	0.6628309251017728	0	0	1.0049083853724976	0.5226776415462933	PTPRU;GUCA1B
RNA Modification (GO:0009451)	1/55	0.5988887049929902	0.6653921671593759	0	0	1.1075542005420054	0.5678203331776994	HENMT1
Regulation of Receptor Signaling Pathway via JAK-STAT (GO:0046425)	1/55	0.5988887049929902	0.6653921671593759	0	0	1.1075542005420054	0.5678203331776994	EGF
Cell Surface Receptor Signaling Pathway via STAT (GO:0097696)	1/55	0.5988887049929902	0.6653921671593759	0	0	1.1075542005420054	0.5678203331776994	EPX
Dicarboxylic Acid Metabolic Process (GO:0043648)	1/55	0.5988887049929902	0.6653921671593759	0	0	1.1075542005420054	0.5678203331776994	PCK1
Icosanoid Metabolic Process (GO:0006690)	1/55	0.5988887049929902	0.6653921671593759	0	0	1.1075542005420054	0.5678203331776994	MAPKAPK2
Positive Regulation of Protein Localization to Plasma Membrane (GO:1903078)	1/55	0.5988887049929902	0.6653921671593759	0	0	1.1075542005420054	0.5678203331776994	NKD2
Small GTPase-mediated Signal Transduction (GO:0007264)	3/188	0.6003111201909614	0.6665745791619209	0	0	0.9692919913778808	0.4946367058564309	RAP2A;COL1A2;LRRK2
Regulation of Cell Cycle (GO:0051726)	5/318	0.6024217770095032	0.6685193363236048	0	0	0.9544235396205576	0.4836994187106717	PER2;HBP1;TSC1;BIRC7;HOXD10
Protein-Containing Complex Organization (GO:0043933)	2/123	0.6033842675426007	0.6691883920719784	0	0	0.9881972350696288	0.4992382566644444	VIL1;MATN1
Cellular Response to Fibroblast Growth Factor Stimulus (GO:0044344)	1/56	0.6055051601181614	0.67074113272613	0	0	1.0873614190687362	0.5455207359463682	FGF6
Epidermal Cell Differentiation (GO:0009913)	1/56	0.6055051601181614	0.67074113272613	0	0	1.0873614190687362	0.5455207359463682	TXNIP
Regulation of Apoptotic Process (GO:0042981)	11/704	0.6119781335351447	0.6759381732501374	0	0	0.947289607666966	0.4651748284868535	SLC48A1;MEF2C;EGLN3;DIABLO;DAPK2;ANXA4;ANKRD1;BIRC7;AGXT;FOXO1;CTSB
mRNA Stabilization (GO:0048255)	1/57	0.6120128006053098	0.6759381732501374	0	0	1.0678898083623694	0.5243361178287935	MAPKAPK2
Negative Regulation of Innate Immune Response (GO:0045824)	1/57	0.6120128006053098	0.6759381732501374	0	0	1.0678898083623694	0.5243361178287935	SERPING1
Negative Regulation of Response to Stimulus (GO:0048585)	1/57	0.6120128006053098	0.6759381732501374	0	0	1.0678898083623694	0.5243361178287935	CASK
Positive Regulation of Protein Localization to Cell Periphery (GO:1904377)	1/57	0.6120128006053098	0.6759381732501374	0	0	1.0678898083623694	0.5243361178287935	NKD2
Regulation of Protein-Containing Complex Assembly (GO:0043254)	2/126	0.6165110836881965	0.68050244765346	0	0	0.9641412646739668	0.4663348616722941	SLC48A1;ULK1
Sprouting Angiogenesis (GO:0002040)	1/58	0.6184134105650546	0.6809866018115779	0	0	1.0491014120667523	0.5041961411887917	SRF
Eye Development (GO:0001654)	1/58	0.6184134105650546	0.6809866018115779	0	0	1.0491014120667523	0.5041961411887917	COL5A2
Intracellular Iron Ion Homeostasis (GO:0006879)	1/58	0.6184134105650546	0.6809866018115779	0	0	1.0491014120667523	0.5041961411887917	CYBRD1
Negative Regulation of Protein Modification by Small Protein Conjugation or Removal (GO:1903321)	1/58	0.6184134105650546	0.6809866018115779	0	0	1.0491014120667523	0.5041961411887917	PER2
Protein Localization to Nucleus (GO:0034504)	2/127	0.6208121489438015	0.6832237783467857	0	0	0.9563792048929664	0.4559315410165912	COL1A1;PRICKLE1
Regulation of Embryonic Development (GO:0045995)	1/59	0.6247087451899233	0.6846771430768577	0	0	1.0309608915054669	0.4850359083059905	CRB2
Renal System Development (GO:0072001)	1/59	0.6247087451899233	0.6846771430768577	0	0	1.0309608915054669	0.4850359083059905	AGXT
Homophilic Cell Adhesion via Plasma Membrane Adhesion Molecules (GO:0007156)	1/59	0.6247087451899233	0.6846771430768577	0	0	1.0309608915054669	0.4850359083059905	IGSF21
mRNA Transport (GO:0051028)	1/59	0.6247087451899233	0.6846771430768577	0	0	1.0309608915054669	0.4850359083059905	SMG7
Positive Regulation of DNA-templated Transcription Initiation (GO:2000144)	1/59	0.6247087451899233	0.6846771430768577	0	0	1.0309608915054669	0.4850359083059905	SRF
Protein Polymerization (GO:0051258)	1/59	0.6247087451899233	0.6846771430768577	0	0	1.0309608915054669	0.4850359083059905	VIL1
Regulation of Bone Mineralization (GO:0030500)	1/59	0.6247087451899233	0.6846771430768577	0	0	1.0309608915054669	0.4850359083059905	MEF2C
Golgi Organization (GO:0007030)	2/128	0.6250760161674268	0.6846771430768577	0	0	0.9487403524100771	0.44579602449257577	USP6NL;LRRK2
Response to Endoplasmic Reticulum Stress (GO:0034976)	3/196	0.6284623278810804	0.6879814071686415	0	0	0.9287326361295656	0.431376984855649	ERO1A;CFTR;THBS4
Response to Type II Interferon (GO:0034341)	1/60	0.6309005306878616	0.6886251540235252	0	0	1.0134353038445638	0.4667954623363504	AQP4
Fatty Acid Catabolic Process (GO:0009062)	1/60	0.6309005306878616	0.6886251540235252	0	0	1.0134353038445638	0.4667954623363504	ADIPOQ
Negative Regulation of Protein Kinase Activity (GO:0006469)	1/60	0.6309005306878616	0.6886251540235252	0	0	1.0134353038445638	0.4667954623363504	SLC8A3
Phosphatidylcholine Metabolic Process (GO:0046470)	1/60	0.6309005306878616	0.6886251540235252	0	0	1.0134353038445638	0.4667954623363504	SH2D3C
Post-Transcriptional Regulation of Gene Expression (GO:0010608)	1/60	0.6309005306878616	0.6886251540235252	0	0	1.0134353038445638	0.4667954623363504	PER1
Autophagy of Mitochondrion (GO:0000422)	1/61	0.6369904652786422	0.6940510865828765	0	0	0.9964939024390244	0.4494193396128809	ULK1
Vesicle Organization (GO:0016050)	1/61	0.6369904652786422	0.6940510865828765	0	0	0.9964939024390244	0.4494193396128809	DNM1
mRNA Export From Nucleus (GO:0006406)	1/61	0.6369904652786422	0.6940510865828765	0	0	0.9964939024390244	0.4494193396128809	SMG7
Regulation of Tumor Necrosis Factor Production (GO:0032680)	2/131	0.6376450304306407	0.6943577540265783	0	0	0.9265343858900504	0.4169159474595394	ADIPOQ;MAPKAPK2
Neuron Projection Guidance (GO:0097485)	2/132	0.6417607465149163	0.6983017919245221	0	0	0.9193601505528112	0.40777273799132985	PTPRU;CNTN5
Axonogenesis (GO:0007409)	3/200	0.6420173917156676	0.6983017919245221	0	0	0.9096882688175392	0.40311915552038585	PTPRU;CNTN5;ULK1
Organic Cation Transport (GO:0015695)	1/62	0.6429802192486078	0.6989405303864832	0	0	0.9801079568172733	0.4328561702614967	SLC32A1
Regulation of GTPase Activity (GO:0043087)	2/134	0.6498817574476523	0.7060303272679983	0	0	0.9053377814845704	0.390168755999627	USP6NL;LRRK2
DNA-templated Transcription (GO:0006351)	3/203	0.6519537311064205	0.7078680826073795	0	0	0.8959049079754601	0.38325171035792055	PDE10A;MTERF3;GLIS3
G1/S Transition of Mitotic Cell Cycle (GO:0000082)	1/64	0.654665730668291	0.7099842218960895	0	0	0.9488966318234612	0.4019815626244737	CCNG2
Positive Regulation of Mitotic Cell Cycle Phase Transition (GO:1901992)	1/64	0.654665730668291	0.7099842218960895	0	0	0.9488966318234612	0.4019815626244737	RGCC
Regulation of Endocytosis (GO:0030100)	1/65	0.6603646940203287	0.713669393479577	0	0	0.9340224847560976	0.3875848002438614	LRRK2
Regulation of Extrinsic Apoptotic Signaling Pathway (GO:2001236)	1/65	0.6603646940203287	0.713669393479577	0	0	0.9340224847560976	0.3875848002438614	AGXT
Anterior/Posterior Pattern Specification (GO:0009952)	1/65	0.6603646940203287	0.713669393479577	0	0	0.9340224847560976	0.3875848002438614	BHLHE41
Regulation of Phosphorylation (GO:0042325)	1/65	0.6603646940203287	0.713669393479577	0	0	0.9340224847560976	0.3875848002438614	EGF
Negative Regulation of NF-kappaB Transcription Factor Activity (GO:0032088)	1/65	0.6603646940203287	0.713669393479577	0	0	0.9340224847560976	0.3875848002438614	ANXA4
Pattern Recognition Receptor Signaling Pathway (GO:0002221)	1/65	0.6603646940203287	0.713669393479577	0	0	0.9340224847560976	0.3875848002438614	MAPKAPK2
Proteasome-Mediated Ubiquitin-Dependent Protein Catabolic Process (GO:0043161)	5/340	0.6608613630204535	0.713791640499747	0	0	0.890731527547448	0.36895097434476337	ANKRD9;KBTBD12;KLHL38;TBX21;KLHL24
Regulation of miRNA Transcription (GO:1902893)	1/66	0.665969889602469	0.7180590756374244	0	0	0.9196060037523452	0.3738297909114019	SRF
Cell Cycle G1/S Phase Transition (GO:0044843)	1/66	0.665969889602469	0.7180590756374244	0	0	0.9196060037523452	0.3738297909114019	CCNG2
Negative Regulation of Binding (GO:0051100)	1/66	0.665969889602469	0.7180590756374244	0	0	0.9196060037523452	0.3738297909114019	LRRK2
Plasma Membrane Bounded Cell Projection Assembly (GO:0120031)	4/277	0.6710976435983665	0.7210788193434785	0	0	0.8745224006762469	0.3487950679254944	PTPRU;RAP2A;PRICKLE1;VCL
RNA Export From Nucleus (GO:0006405)	1/67	0.6714828554122774	0.7210788193434785	0	0	0.9056263858093128	0.36068091825328247	SMG7
Cell-Cell Junction Assembly (GO:0007043)	1/67	0.6714828554122774	0.7210788193434785	0	0	0.9056263858093128	0.36068091825328247	VCL
Response to Molecule of Bacterial Origin (GO:0002237)	1/67	0.6714828554122774	0.7210788193434785	0	0	0.9056263858093128	0.36068091825328247	MAPKAPK2
Negative Regulation of Cytokine-Mediated Signaling Pathway (GO:0001960)	1/67	0.6714828554122774	0.7210788193434785	0	0	0.9056263858093128	0.36068091825328247	BIRC7
Neurogenesis (GO:0022008)	1/67	0.6714828554122774	0.7210788193434785	0	0	0.9056263858093128	0.36068091825328247	FGF6
Regulation of Cellular Localization (GO:0060341)	1/67	0.6714828554122774	0.7210788193434785	0	0	0.9056263858093128	0.36068091825328247	REEP6
Extrinsic Apoptotic Signaling Pathway (GO:0097191)	1/68	0.6769051045935299	0.7260636309213597	0	0	0.8920640698944303	0.3481049758574351	DIABLO
Regulation of T Cell Activation (GO:0050863)	1/68	0.6769051045935299	0.7260636309213597	0	0	0.8920640698944303	0.3481049758574351	TBX21
Regulation of Angiogenesis (GO:0045765)	3/211	0.6774829621936527	0.726264857512896	0	0	0.8610930863614913	0.33528456814699237	SLC48A1;RGCC;THBS4
Protein Stabilization (GO:0050821)	3/212	0.6805750915152743	0.7288433704473354	0	0	0.8569289928669974	0.3297609431526502	PER3;USP2;TSC1
Regulation of Cell Adhesion (GO:0030155)	2/142	0.6809095023486936	0.7288433704473354	0	0	0.8532546963739625	0.32792785438498157	SLC48A1;LAMA2
Autophagosome Organization (GO:1905037)	1/69	0.6822381253730566	0.7288433704473354	0	0	0.8789006456241033	0.33607097437887035	ULK1
Regulation of Translational Initiation (GO:0006446)	1/69	0.6822381253730566	0.7288433704473354	0	0	0.8789006456241033	0.33607097437887035	EIF4EBP2
Phospholipid Metabolic Process (GO:0006644)	1/69	0.6822381253730566	0.7288433704473354	0	0	0.8789006456241033	0.33607097437887035	FDFT1
Positive Regulation of Intracellular Protein Transport (GO:0090316)	1/69	0.6822381253730566	0.7288433704473354	0	0	0.8789006456241033	0.33607097437887035	OAZ2
Spermatid Development (GO:0007286)	1/70	0.6874833816612839	0.7331842826771628	0	0	0.866118769883351	0.3245499657012524	SEPTIN14
Negative Regulation of Immune Response (GO:0050777)	1/70	0.6874833816612839	0.7331842826771628	0	0	0.866118769883351	0.3245499657012524	SAMSN1
Positive Regulation of Apoptotic Signaling Pathway (GO:2001235)	1/70	0.6874833816612839	0.7331842826771628	0	0	0.866118769883351	0.3245499657012524	AGXT
Phagocytosis (GO:0006909)	1/71	0.6926423135170272	0.7382630844531429	0	0	0.8537020905923345	0.3135148833843592	ANXA11
Intracellular Signaling Cassette (GO:0141124)	5/354	0.6950391036226132	0.7403936873736023	0	0	0.8543811241996533	0.3108128919531725	MEF2C;PDE10A;LRRK2;MAPKAPK2;RUNX2
Autophagosome Assembly (GO:0000045)	1/72	0.6977163373681136	0.7415477463404109	0	0	0.8416351769151494	0.30294039782710525	ULK1
Kidney Development (GO:0001822)	1/72	0.6977163373681136	0.7415477463404109	0	0	0.8416351769151494	0.30294039782710525	AGXT
Monocarboxylic Acid Transport (GO:0015718)	1/72	0.6977163373681136	0.7415477463404109	0	0	0.8416351769151494	0.30294039782710525	SLC5A12
Negative Regulation of Extrinsic Apoptotic Signaling Pathway (GO:2001237)	1/72	0.6977163373681136	0.7415477463404109	0	0	0.8416351769151494	0.30294039782710525	FAIM
Regulation of Phosphatidylinositol 3-Kinase/Protein Kinase B Signal Transduction (GO:0051896)	3/219	0.7016057982806156	0.7452559307078913	0	0	0.828859918200409	0.29373433981760416	PIK3IP1;EGF;AGXT
Neuropeptide Signaling Pathway (GO:0007218)	1/73	0.7027068464014432	0.7458277742121886	0	0	0.8299034552845529	0.2928027841356888	UCMA
Cellular Response to Cytokine Stimulus (GO:0071345)	4/289	0.7029456829490482	0.7458277742121886	0	0	0.8371821862348178	0.29508633928787126	ANKRD1;AQP4;NR1D1;EPOR
Positive Regulation of Cytoskeleton Organization (GO:0051495)	1/74	0.707615211170517	0.7503543635261151	0	0	0.8184931506849316	0.283079801365481	VIL1
Import Into Nucleus (GO:0051170)	1/75	0.7124427795978865	0.7550432874895596	0	0	0.8073912326961108	0.2737505829438666	PRICKLE1
Axon Guidance (GO:0007411)	2/152	0.7165007037629525	0.7589116731376521	0	0	0.7959633027522935	0.265355101411489	PTPRU;CNTN5
Positive Regulation of Protein Localization to Membrane (GO:1905477)	1/76	0.7171908778736069	0.7592105936989662	0	0	0.7965853658536586	0.26479553547605933	NKD2
Negative Regulation of Gene Expression (GO:0010629)	5/364	0.7179678063094828	0.7596009593757519	0	0	0.8301523436156677	0.27505483172084993	PTGER4;MEF2C;RGCC;TIPARP;AGXT
Regulation of BMP Signaling Pathway (GO:0030510)	1/77	0.7218608101362545	0.7632857770815736	0	0	0.786063863928113	0.25619624746092345	CRB2
Regulation of Protein Binding (GO:0043393)	1/78	0.7264538593427707	0.7677062079709803	0	0	0.7758156477668673	0.2479354043416136	LRRK2
Sphingolipid Metabolic Process (GO:0006665)	1/79	0.7309712875885942	0.7720417515336968	0	0	0.7658302063789869	0.2399967111621216	ELOVL3
Signal Transduction in Response to DNA Damage (GO:0042770)	1/80	0.735414336024063	0.7753817440655937	0	0	0.7560975609756098	0.23236482194394537	NDRG1
Negative Regulation of Cellular Component Organization (GO:0051129)	1/80	0.735414336024063	0.7753817440655937	0	0	0.7560975609756098	0.23236482194394537	ULK1
Protein Import Into Nucleus (GO:0006606)	1/80	0.735414336024063	0.7753817440655937	0	0	0.7560975609756098	0.23236482194394537	PRICKLE1
Actin Filament Organization (GO:0007015)	2/158	0.7362168413562085	0.7753817440655937	0	0	0.7651140908021642	0.2343013335046406	VIL1;CORO6
Protein Maturation (GO:0051604)	2/158	0.7362168413562085	0.7753817440655937	0	0	0.7651140908021642	0.2343013335046406	PRPH2;PTCH1
Wound Healing (GO:0042060)	1/81	0.7397842257422468	0.7782580238023298	0	0	0.746608231707317	0.22502527375815484	SRF
Negative Regulation of Cell Cycle (GO:0045786)	1/81	0.7397842257422468	0.7782580238023298	0	0	0.746608231707317	0.22502527375815484	HOXD10
Regulation of Interleukin-1 Beta Production (GO:0032651)	1/82	0.7440821576810853	0.7818954802058159	0	0	0.737353206865402	0.2179644270387112	SERPINB1
Regulation of Vesicle-Mediated Transport (GO:0060627)	1/82	0.7440821576810853	0.7818954802058159	0	0	0.737353206865402	0.2179644270387112	LRRK2
Regulation of Interleukin-8 Production (GO:0032677)	1/83	0.7483093132408264	0.7845371131321349	0	0	0.7283239143367043	0.2111694098822776	ANXA4
Regulation of Protein Kinase Activity (GO:0045859)	1/83	0.7483093132408264	0.7845371131321349	0	0	0.7283239143367043	0.2111694098822776	LRRK2
Sphingolipid Biosynthetic Process (GO:0030148)	1/83	0.7483093132408264	0.7845371131321349	0	0	0.7283239143367043	0.2111694098822776	ELOVL3
Negative Regulation of Protein Phosphorylation (GO:0001933)	1/83	0.7483093132408264	0.7845371131321349	0	0	0.7283239143367043	0.2111694098822776	SAMSN1
+ Reg of Phosphatidylinositol 3-Kinase/Prot Kinase B Signal Transduction (GO:0051897)	2/162	0.7487038758316343	0.7845371131321349	0	0	0.7458333333333333	0.21585291753688873	EGF;AGXT
Cytoskeleton-Dependent Cytokinesis (GO:0061640)	1/84	0.7524668543525413	0.7871505429736254	0	0	0.7195121951219512	0.20462806721188095	SEPTIN14
Macromolecule Modification (GO:0043412)	1/84	0.7524668543525413	0.7871505429736254	0	0	0.7195121951219512	0.20462806721188095	ERO1A
+ Reg of Transmembrane Receptor Prot Serine/Threonine Kinase Sgnlng Pway (GO:0090100)	1/84	0.7524668543525413	0.7871505429736254	0	0	0.7195121951219512	0.20462806721188095	CRB2
Long-Chain Fatty Acid Metabolic Process (GO:0001676)	1/85	0.7565559241616984	0.7905393457972603	0	0	0.7109102787456446	0.19832891326331584	ELOVL3
Regulation of Cell Division (GO:0051302)	1/85	0.7565559241616984	0.7905393457972603	0	0	0.7109102787456446	0.19832891326331584	TXNIP
Ubiquitin-Dependent Protein Catabolic Process (GO:0006511)	6/455	0.7622866101158735	0.7960804609571497	0	0	0.7952450233404814	0.21585547621464377	ANKRD9;KBTBD12;ZRANB1;KLHL38;TBX21;KLHL24
Synapse Assembly (GO:0007416)	1/87	0.7645331283363701	0.7979787727616291	0	0	0.6943065796937039	0.1864143188807246	NLGN1
Positive Regulation of Developmental Process (GO:0051094)	3/245	0.7705165863297091	0.8037731878697245	0	0	0.7388201592049891	0.1926060547991057	VIL1;NLGN1;SRF
Nuclear-Transcribed mRNA Catabolic Process (GO:0000956)	1/89	0.7722497008785387	0.805129800187653	0	0	0.6784575942350333	0.17534555681565633	SMG7
Regulation of Protein Localization to Plasma Membrane (GO:1903076)	1/90	0.7760129144122854	0.8076957683004826	0	0	0.6708002192381475	0.17010562264693613	NKD2
Establishment of Protein Localization to Organelle (GO:0072594)	1/90	0.7760129144122854	0.8076957683004826	0	0	0.6708002192381475	0.17010562264693613	PRICKLE1
Positive Regulation of Plasma Membrane Bounded Cell Projection Assembly (GO:0120034)	1/90	0.7760129144122854	0.8076957683004826	0	0	0.6708002192381475	0.17010562264693613	NLGN1
Calcium-Mediated Signaling (GO:0019722)	1/91	0.7797141321058813	0.8108120506083305	0	0	0.6633130081300813	0.16505079862609132	LRRK2
Positive Regulation of Cell Motility (GO:2000147)	3/249	0.779878329171903	0.8108120506083305	0	0	0.7266571898847822	0.18065959196132128	COL1A1;VIL1;EGF
Protein-Containing Complex Assembly (GO:0065003)	4/323	0.7809043083593417	0.8114254147720462	0	0	0.7466409452616349	0.18464629269203775	VIL1;LRRK2;MATN1;PLEKHA7
Positive Regulation of Cell Adhesion (GO:0045785)	1/92	0.7833543722761582	0.8135170127265237	0	0	0.6559903511123023	0.16017323136708012	LAMA2
Positive Regulation of Cytokine Production (GO:0001819)	4/325	0.7849392536618283	0.8147082828023773	0	0	0.7419122933141624	0.1796532813819948	PTGER4;RGCC;ADIPOQ;AGXT
Regulation of Epithelial Cell Proliferation (GO:0050678)	1/93	0.786934636439231	0.8158692804531527	0	0	0.6488268822905621	0.15546546642318423	NR1D1
Regulation of Protein Metabolic Process (GO:0051246)	1/93	0.786934636439231	0.8158692804531527	0	0	0.6488268822905621	0.15546546642318423	AGXT
Regulation of Immune Response (GO:0050776)	1/94	0.7904559098952111	0.8186079289454579	0	0	0.6418174665617624	0.15092042416145118	CFP
Mitochondrial Translation (GO:0032543)	1/94	0.7904559098952111	0.8186079289454579	0	0	0.6418174665617624	0.15092042416145118	DLGAP3
Cytokine-Mediated Signaling Pathway (GO:0019221)	3/255	0.7933307538741071	0.8211282163290954	0	0	0.709136722173532	0.1641758253992971	ADIPOQ;EPX;EPOR
Retrograde Transport, Endosome to Golgi (GO:0042147)	1/95	0.7939191616441216	0.8212804668258534	0	0	0.6349571873378308	0.14653137784177064	RCSD1
Negative Regulation of Apoptotic Process (GO:0043066)	6/475	0.796686634426018	0.8236854592593441	0	0	0.7605405084264656	0.17286618701436476	MEF2C;MAG;ANXA4;PDK4;BIRC7;FOXO1
Regulation of mRNA Splicing, via Spliceosome (GO:0048024)	1/97	0.8006753970682436	0.8264320099523025	0	0	0.6216653963414634	0.13819600695811693	DAZAP1
Regulation of Protein Localization (GO:0032880)	1/97	0.8006753970682436	0.8264320099523025	0	0	0.6216653963414634	0.13819600695811693	EGF
Regulation of TORC1 Signaling (GO:1903432)	1/97	0.8006753970682436	0.8264320099523025	0	0	0.6216653963414634	0.13819600695811693	TSC1
Positive Regulation of Hydrolase Activity (GO:0051345)	1/98	0.8039702405561419	0.8289133615927867	0	0	0.6152250440030174	0.13423781323566317	USP6NL
Positive Regulation of Supramolecular Fiber Organization (GO:1902905)	1/98	0.8039702405561419	0.8289133615927867	0	0	0.6152250440030174	0.13423781323566317	VIL1
Nervous System Development (GO:0007399)	6/480	0.804662951873307	0.829168191271442	0	0	0.7523219814241486	0.16350347728588013	FGF6;MEF2C;EGR2;VCAN;NLGN1;CYP46A1
Cytosolic Transport (GO:0016482)	1/99	0.8072107823721514	0.8313332960678327	0	0	0.6089161274265804	0.13041184241547765	RCSD1
Response to UV (GO:0009411)	1/100	0.8103979148349937	0.8341540484004	0	0	0.6027346637102735	0.1267128475106518	DDB2
Cell Junction Assembly (GO:0034329)	1/101	0.8135325155349824	0.8369176403596476	0	0	0.5966768292682927	0.12313582922320256	NLGN1
Negative Regulation of Translation (GO:0017148)	1/102	0.8166154477901482	0.8396250543300915	0	0	0.5907389519439749	0.11967602205621761	EIF4EBP2
Positive Regulation of Cell Migration (GO:0030335)	4/344	0.8203823870865907	0.8430323701646302	0	0	0.699764705882353	0.13854272055276964	COL1A1;VIL1;EGF;AGXT
Regulation of RNA Splicing (GO:0043484)	1/104	0.8226296891598979	0.8448751939992107	0	0	0.5792090930618045	0.1130900726564794	ZNF638
Regulation of Canonical NF-kappaB Signal Transduction (GO:0043122)	3/270	0.8239919749884893	0.8458075374812898	0	0	0.6687805886813263	0.12947223579170075	PER1;GPRC5B;NR1D1
Positive Regulation of NF-kappaB Transcription Factor Activity (GO:0051092)	1/105	0.8255626551278	0.84695264674357	0	0	0.573610459662289	0.10995545721064164	AGXT
Axon Development (GO:0061564)	1/107	0.8312843179574237	0.8523526808367854	0	0	0.562730096640589	0.1039831822859841	CRTAC1
Positive Regulation of DNA Metabolic Process (GO:0051054)	1/108	0.8340745913859838	0.8547427393002841	0	0	0.5574424435833143	0.10113814409809112	RGCC
Regulation of Gene Expression (GO:0010468)	15/1127	0.8348377455236214	0.8550539595043806	0	0	0.7972809650368877	0.14392347734742106	SLC48A1;MEF2C;ZNF395;DHH;TIPARP;EGF;IHH;ESR2;SLC8A2;PER1;RGCC;ZNF638;GNB3;RAG2;AGXT
Cellular Component Assembly (GO:0022607)	3/277	0.836923352332286	0.856718569136625	0	0	0.6514598540145985	0.11597469880442304	VIL1;NLGN1;MATN1
Positive Regulation of Macromolecule Biosynthetic Process (GO:0010557)	4/355	0.8386155008122209	0.8579788053939214	0	0	0.6774490466798159	0.1192330376419773	MEF2C;RGCC;EGF;IRS2
Glycerophospholipid Biosynthetic Process (GO:0046474)	1/110	0.8395178675090759	0.8582830722877293	0	0	0.5471582009398076	0.09571302668837296	SH2D3C
Defense Response to Virus (GO:0051607)	2/198	0.8398352899709592	0.8582830722877293	0	0	0.6077201522810959	0.1060772424851011	ZNF395;DDIT4
Regulation of G1/S Transition of Mitotic Cell Cycle (GO:2000045)	1/111	0.8421723704769489	0.8597272525823378	0	0	0.5421563192904656	0.09312650008056388	RGCC
Regulation of Cellular Response to Stress (GO:0080135)	1/111	0.8421723704769489	0.8597272525823378	0	0	0.5421563192904656	0.09312650008056388	MAPKAPK2
Positive Regulation of Intracellular Signal Transduction (GO:1902533)	8/652	0.8447246819220654	0.8618599961935107	0	0	0.7363247615177725	0.12425077207391567	FGF6;MEF2C;GPRC5B;NLGN1;EGF;ARRDC3;ADIPOQ;AGXT
Positive Regulation of Gene Expression (GO:0010628)	5/436	0.8472973674201482	0.8635924286308441	0	0	0.6888946177422589	0.11415229255685816	PTGER4;MEF2C;RGCC;EGF;AGXT
Mitotic Cell Cycle Phase Transition (GO:0044772)	1/113	0.8473507655453634	0.8635924286308441	0	0	0.5324205139372822	0.08819042307811108	CCNG2
Organelle Organization (GO:0006996)	5/437	0.8486799868005515	0.8642728933470522	0	0	0.687264231824417	0.11276156842310206	USP6NL;ZRANB1;CAPZB;LRRK2;REEP6
Regulation of Interleukin-6 Production (GO:0032675)	1/114	0.8498760853439578	0.8642728933470522	0	0	0.5276818476149363	0.08583522108539902	MAPKAPK2
T Cell Activation (GO:0042110)	1/114	0.8498760853439578	0.8642728933470522	0	0	0.5276818476149363	0.08583522108539902	CTPS1
Antigen Receptor-Mediated Signaling Pathway (GO:0050851)	1/114	0.8498760853439578	0.8642728933470522	0	0	0.5276818476149363	0.08583522108539902	MEF2C
Positive Regulation of Cell Projection Organization (GO:0031346)	1/115	0.8523597522385873	0.8658523465698751	0	0	0.5230263157894737	0.08355167401633444	CAMK1D
Protein Processing (GO:0016485)	1/115	0.8523597522385873	0.8658523465698751	0	0	0.5230263157894737	0.08355167401633444	PTCH1
Antimicrobial Humoral Immune Response Mediated by Antimicrobial Peptide (GO:0061844)	1/116	0.8548024514243638	0.8678599902349925	0	0	0.5184517497348886	0.0813372445388733	SLC48A1
Regulation of Mitotic Cell Cycle (GO:0007346)	1/124	0.8729477758670137	0.885799242578251	0	0	0.48453301606186794	0.06583812643350596	USP2
Gene Expression (GO:0010467)	4/381	0.875630985490489	0.8880377460478475	0	0	0.6298796164048154	0.0836546433202404	PDE10A;PRPH2;EIF4EBP2;SMG7
DNA Repair (GO:0006281)	3/302	0.8766372413628631	0.8885740229718346	0	0	0.5962205306030326	0.07849959228616664	MPG;CHRNA4;DDB2
Regulation of Cell Motility (GO:2000145)	1/126	0.8771191058771379	0.8885784736185922	0	0	0.4767317073170731	0.06250547894530029	FGF6
RNA Biosynthetic Process (GO:0032774)	1/128	0.8811538846288373	0.8917668863979378	0	0	0.4691761090839255	0.05936156786048507	PDE10A
Defense Response to Bacterium (GO:0042742)	2/221	0.8812247738236473	0.8917668863979378	0	0	0.543253319927946	0.06869033545538505	CFP;EPX
Protein Metabolic Process (GO:0019538)	7/614	0.881925855908318	0.8919913140464021	0	0	0.6827591146765991	0.08578683255353482	ERO1A;PCSK1;ADAMTS5;PRPH2;EIF4EBP2;PCOLCE;CTSB
Protein Polyubiquitination (GO:0000209)	2/228	0.891714775795976	0.9014020628768664	0	0	0.5262374495954102	0.06031152450200085	WSB1;DDB2
Mitochondrion Organization (GO:0007005)	1/135	0.8942633191063819	0.9034875335814206	0	0	0.4445076447033127	0.04967595485188133	LRRK2
Protein Targeting (GO:0006605)	1/136	0.8960144770243207	0.9042749141769312	0	0	0.4411924119241192	0.04844235713714901	NLGN1
Receptor-Mediated Endocytosis (GO:0006898)	1/136	0.8960144770243207	0.9042749141769312	0	0	0.4411924119241192	0.04844235713714901	DNM1
Translation (GO:0006412)	2/232	0.8973170375897934	0.9050986487558838	0	0	0.5169791251163409	0.05601263954226471	EIF4EBP2;DLGAP3
Negative Regulation of Protein Metabolic Process (GO:0051248)	1/146	0.9120117162400672	0.919422428993914	0	0	0.41055508830950377	0.03781312630566649	PRICKLE1
Antimicrobial Humoral Response (GO:0019730)	1/147	0.9134697350868308	0.9203937070907374	0	0	0.40772218509856334	0.03690091040160735	SLC48A1
Cilium Assembly (GO:0060271)	2/247	0.9160111028652006	0.9224549039134948	0	0	0.48495288023466265	0.04254336110863351	ARL13A;PRICKLE1
DNA Damage Response (GO:0006974)	4/421	0.918252960440818	0.924212417187865	0	0	0.568278915329275	0.04846417288197879	CHRNA4;MAPKAPK2;FOXO1;DDB2
Chromatin Remodeling (GO:0006338)	2/262	0.9314789096460052	0.937017432892549	0	0	0.4566219713008704	0.03241181769748976	PER2;PER1
Macroautophagy (GO:0016236)	1/162	0.932660169910386	0.9376988526219492	0	0	0.3694515982426905	0.02575608845939534	ULK1
Negative Regulation of Programmed Cell Death (GO:0043069)	3/382	0.952342606489164	0.9569706213155152	0	0	0.4684267607685708	0.0228734792929262	ANXA4;BIRC7;FOXO1
Macromolecule Biosynthetic Process (GO:0009059)	1/189	0.9571399686021796	0.9612722512512986	0	0	0.31595420342501296	0.01384057626273831	EIF4EBP2
DNA Metabolic Process (GO:0006259)	2/302	0.960617996686359	0.964244925476437	0	0	0.3949235474006117	0.01586741801238632	CHRNA4;DDB2
Transcription by RNA Polymerase II (GO:0006366)	1/200	0.9643519935794284	0.9674711914023268	0	0	0.29832087265596274	0.01082872323872042	GLIS3
Positive Regulation of Canonical NF-kappaB Signal Transduction (GO:0043123)	1/204	0.96666294678343	0.9692671034288596	0	0	0.2923825543674156	0.00991334741152917	GPRC5B
Chromatin Organization (GO:0006325)	2/323	0.9707194940676852	0.9728104353580842	0	0	0.3686873017233988	0.01095655189220979	PER2;PER1
Intracellular Protein Transport (GO:0006886)	2/326	0.971941343364892	0.9735106781496576	0	0	0.3652168988560426	0.01039400817936615	EGR2;PRICKLE1
Cilium Organization (GO:0044782)	1/230	0.9784431888152628	0.9794438883825084	0	0	0.25884013206944295	0.00564078737293515	PRICKLE1
Organelle Assembly (GO:0070925)	2/346	0.9789175886036894	0.9794438883825084	0	0	0.34362776473935	0.00732195826719885	ULK1;PRICKLE1
Regulation of RNA Biosynthetic Process (GO:2001141)	3/465	0.9834694295451668	0.9834694295451668	0	0	0.38261891482750376	0.00637776945800866	MEF2C;ZNF395;ESR2
