Term	Overlap	P-value	Adjusted P-value	Old P-value	Old Adjusted P-value	Odds Ratio	Combined Score	Genes
Response to Unfolded Protein (GO:0006986)	6/45	4.64833553792103e-7	5.247970822312842e-4	0	0	24.406153846153845	355.8804420798991	DNAJA1;HSP90AA1;HSPA4;SERPINH1;HSPB1;HSPA2
Response to Endoplasmic Reticulum Stress (GO:0034976)	7/132	2.6308239198669304e-5	0.01485100102764882	0	0	8.916645161290322	94.0316263593641	HSPA5;AGR2;DNAJB9;HYOU1;PDIA6;PDIA4;HSP90B1
Platelet Aggregation (GO:0070527)	4/36	8.801491337730908e-5	0.03141655030696894	0	0	19.5246062992126	182.320857336683	FIBP;HSPB1;GATA1;MYL9
Positive Regulation of Bone Mineralization (GO:0030501)	4/39	1.2104537066864816e-4	0.03141655030696894	0	0	17.848368953880765	160.9805993963958	PTH;ALOX5;ISG15;BMP7
Regulation of IRE1-mediated Unfolded Protein Response (GO:1903894)	3/16	1.4448669755253173e-4	0.03141655030696894	0	0	35.79807692307692	316.53816298179186	HSPA5;AGR2;DNAJB9
Positive Regulation of Ossification (GO:0045778)	4/43	1.77978120582019e-4	0.03141655030696894	0	0	16.014536644457905	138.26710613967586	PTH;ALOX5;ISG15;BMP7
Positive Regulation of Biomineral Tissue Development (GO:0070169)	4/44	1.9478817727970117e-4	0.03141655030696894	0	0	15.613385826771651	133.3944897397756	PTH;ALOX5;ISG15;BMP7
Negative Regulation of Type I Interferon-Mediated Signaling Pathway (GO:0060339)	3/19	2.4644535409464784e-4	0.03162225710229616	0	0	29.08154296875	241.6202271905208	CNOT7;ISG15;TTLL12
Homotypic Cell-Cell Adhesion (GO:0034109)	4/47	2.520817660944778e-4	0.03162225710229616	0	0	14.521882439113716	120.3247898638168	FIBP;HSPB1;GATA1;MYL9
Positive Regulation of Cardiac Muscle Contraction (GO:0060452)	2/5	4.2029234600381274e-4	0.04313727805802769	0	0	102.66666666666669	798.1881627629406	RGS2;NPPA
Lipid Droplet Fusion (GO:0160077)	2/5	4.2029234600381274e-4	0.04313727805802769	0	0	102.66666666666669	798.1881627629406	CIDEB;CIDEC
Regulation of Epidermal Growth Factor Receptor Signaling Pathway (GO:0042058)	4/59	6.054082640518496e-4	0.05451621625849146	0	0	11.346599856836075	84.07385152244797	PLAU;NPPA;AGR2;MMP9
Negative Regulation of IRE1-mediated Unfolded Protein Response (GO:1903895)	2/6	6.277332252970674e-4	0.05451621625849146	0	0	76.99612403100775	567.7228576803623	HSPA5;DNAJB9
Regulation of Bone Mineralization (GO:0030500)	4/61	6.872050899714256e-4	0.05488550282719439	0	0	10.947368421052632	79.72834622857452	PTH;ALOX5;ISG15;BMP7
Negative Regulation of Intrinsic Apoptotic Signaling Pathway (GO:2001243)	4/62	7.309044189484841e-4	0.05488550282719439	0	0	10.758077654086344	77.6865300821432	DNAJA1;HSPB1;HYOU1;MMP9
Positive Regulation of Epidermal Growth Factor Receptor Signaling Pathway (GO:0045742)	3/28	7.980728929994466e-4	0.05488550282719439	0	0	18.60375	132.70632744822578	PLAU;AGR2;MMP9
Negative Regulation of JUN Kinase Activity (GO:0043508)	2/7	8.75056732408768e-4	0.05488550282719439	0	0	61.5937984496124	433.6955986468554	DNAJA1;NPPA
Positive Regulation of Striated Muscle Contraction (GO:0045989)	2/7	8.75056732408768e-4	0.05488550282719439	0	0	61.5937984496124	433.6955986468554	RGS2;NPPA
Positive Regulation of ERBB Signaling Pathway (GO:1901186)	3/30	9.7966142379343e-4	0.05821251302435697	0	0	17.223958333333332	119.33281135445452	PLAU;AGR2;MMP9
Negative Regulation of Mitotic Nuclear Division (GO:0045839)	2/8	0.00116173954765705	0.06245733091927705	0	0	51.325581395348834	346.8499020731412	CHEK1;BMP7
Regulation of Triglyceride Metabolic Process (GO:0090207)	2/8	0.00116173954765705	0.06245733091927705	0	0	51.325581395348834	346.8499020731412	CIDEB;CIDEC
Nucleoside Phosphate Metabolic Process (GO:0006753)	3/34	0.00141661346428507	0.06448052573411875	0	0	14.998487903225806	98.3823735227885	ACSL6;NUDT5;DCK
Bone Resorption (GO:0045453)	2/9	0.00148726339478075	0.06448052573411875	0	0	43.991140642303435	286.41828814216444	PTH;ACP5
Negative Regulation of Muscle Hypertrophy (GO:0014741)	2/9	0.00148726339478075	0.06448052573411875	0	0	43.991140642303435	286.41828814216444	RGS2;P2RX4
Regulation of Response to Wounding (GO:1903034)	2/9	0.00148726339478075	0.06448052573411875	0	0	43.991140642303435	286.41828814216444	PLAU;ALOX5
Negative Regulation of Epithelial Cell Proliferation (GO:0050680)	4/75	0.0014916213786048	0.06448052573411875	0	0	8.782521903071975	57.155700318664856	ALOX5;CXCR3;PRL;B2M
Negative Regulation of JNK Cascade (GO:0046329)	3/35	0.00154204977397803	0.06448052573411875	0	0	14.529052734375	94.07042559528222	DNAJA1;RGS2;NPPA
Negative Regulation of Cytokine-Mediated Signaling Pathway (GO:0001960)	4/78	0.00172433140030054	0.06952750539068964	0	0	8.4251968503937	53.60881898029739	CNOT7;APOA1;ISG15;TTLL12
Negative Regulation of Nuclear Division (GO:0051784)	2/10	0.00185111499983356	0.07206582189007231	0	0	38.49031007751938	242.1797654013784	CHEK1;BMP7
Regulation of Type I Interferon-Mediated Signaling Pathway (GO:0060338)	3/38	0.00195936723651817	0.07373752033430081	0	0	13.28169642857143	82.81315294680145	CNOT7;ISG15;TTLL12
Negative Regulation of Endothelial Cell Proliferation (GO:0001937)	3/39	0.00211256142278574	0.07693812407500332	0	0	12.912109375	79.53671017384555	ALOX5;CXCR3;PRL
Regulation of Cellular Response to Oxidative Stress (GO:1900407)	2/11	0.00225278605258302	0.07948110791769489	0	0	34.21188630490956	208.54154935693353	ALOX5;BMP7
Regulation of Cardiac Muscle Contraction (GO:0055117)	3/42	0.00261607642377464	0.08950152371035089	0	0	11.917067307692308	70.85983118944941	RGS2;P2RX4;NPPA
Substantia Nigra Development (GO:0021762)	3/44	0.00298948265509183	0.0966539287845148	0	0	11.334603658536585	65.88413985355811	HSPA5;PLP1;DYNLL1
Regulation of JUN Kinase Activity (GO:0043506)	2/13	0.00316757782553325	0.0966539287845148	0	0	27.98872445384073	161.06917775087956	DNAJA1;NPPA
Regulation of PERK-mediated Unfolded Protein Response (GO:1903897)	2/13	0.00316757782553325	0.0966539287845148	0	0	27.98872445384073	161.06917775087956	HSPA5;AGR2
Relaxation of Cardiac Muscle (GO:0055119)	2/13	0.00316757782553325	0.0966539287845148	0	0	27.98872445384073	161.06917775087956	RGS2;P2RX4
Positive Regulation of Chemotaxis (GO:0050921)	3/47	0.00360828599305537	0.10606754111541077	0	0	10.560191761363637	59.39603525323152	P2RX4;CXCR3;HSPB1
Negative Regulation of DNA-templated DNA Replication (GO:2000104)	2/14	0.00367970636984923	0.10606754111541077	0	0	25.655038759689923	143.79449938483123	TIPIN;DYNLL1
Pyrimidine Deoxyribonucleotide Catabolic Process (GO:0009223)	2/15	0.0042276699293122	0.10606754111541077	0	0	23.68038163387001	129.43943544423092	DCTPP1;UNG
Negative Regulation of Cardiac Muscle Hypertrophy (GO:0010614)	2/15	0.0042276699293122	0.10606754111541077	0	0	23.68038163387001	129.43943544423092	RGS2;P2RX4
Cellular Response to ATP (GO:0071318)	2/15	0.0042276699293122	0.10606754111541077	0	0	23.68038163387001	129.43943544423092	P2RX4;HSP90B1
Nucleotide Metabolic Process (GO:0009117)	2/15	0.0042276699293122	0.10606754111541077	0	0	23.68038163387001	129.43943544423092	NUDT5;DCK
Positive Regulation of Endothelial Cell Chemotaxis (GO:2001028)	2/15	0.0042276699293122	0.10606754111541077	0	0	23.68038163387001	129.43943544423092	P2RX4;HSPB1
Response to Muscle Stretch (GO:0035994)	2/15	0.0042276699293122	0.10606754111541077	0	0	23.68038163387001	129.43943544423092	NPPA;TCAP
Relaxation of Muscle (GO:0090075)	2/16	0.00481098439267532	0.11807829085500968	0	0	21.98781838316722	117.34576682279196	RGS2;P2RX4
Cardiac Muscle Tissue Development (GO:0048738)	3/53	0.00506656047509123	0.12170525056123405	0	0	9.29015625	49.09934068440332	NPPA;TCAP;BMP7
Negative Regulation of Innate Immune Response (GO:0045824)	3/55	0.00562054213212859	0.12950187892190168	0	0	8.93194110576923	46.27930899762371	CNOT7;ISG15;TTLL12
Endoplasmic Reticulum Unfolded Protein Response (GO:0030968)	3/55	0.00562054213212859	0.12950187892190168	0	0	8.93194110576923	46.27930899762371	HSPA5;AGR2;MANF
Regulation of Endothelial Cell Chemotaxis (GO:2001026)	2/18	0.00608175314787587	0.13463331968533063	0	0	19.237403100775193	98.15812364603616	P2RX4;HSPB1
Regulation of Response to Endoplasmic Reticulum Stress (GO:1905897)	2/18	0.00608175314787587	0.13463331968533063	0	0	19.237403100775193	98.15812364603616	ALOX5;MANF
Regulation of Protein Ubiquitination (GO:0031396)	4/114	0.00673582342403783	0.14150682472808856	0	0	5.657551896921976	28.28954283637574	DNAJA1;HSP90AA1;ISG15;HSPBP1
Negative Regulation of MAP Kinase Activity (GO:0043407)	2/19	0.00676826265307066	0.14150682472808856	0	0	18.10487916096671	90.4431202748417	DNAJA1;NPPA
Negative Regulation of Endoplasmic Reticulum Unfolded Protein Response (GO:1900102)	2/19	0.00676826265307066	0.14150682472808856	0	0	18.10487916096671	90.4431202748417	HSPA5;DNAJB9
Regulation of Smooth Muscle Cell Migration (GO:0014910)	2/20	0.00748823341082939	0.15252983424544497	0	0	17.098191214470283	83.68576954910893	PLAU;S100A11
Double-strand Break Repair via Homologous Recombination (GO:0000724)	4/119	0.00781826203252181	0.15252983424544497	0	0	5.410201985621362	26.24647499765811	POLN;NABP1;NUCKS1;MCM5
Regulation of Heterotypic Cell-Cell Adhesion (GO:0034114)	2/21	0.00824120450750411	0.15252983424544497	0	0	16.197470420236638	77.72532357227595	APOA1;BMP7
Erythrocyte Development (GO:0048821)	2/21	0.00824120450750411	0.15252983424544497	0	0	16.197470420236638	77.72532357227595	HBE1;GATA1
Response to ATP (GO:0033198)	2/21	0.00824120450750411	0.15252983424544497	0	0	16.197470420236638	77.72532357227595	P2RX4;HSP90B1
Positive Regulation of Mitotic Cell Cycle Spindle Assembly Checkpoint (GO:0090267)	2/21	0.00824120450750411	0.15252983424544497	0	0	16.197470420236638	77.72532357227595	DYNLL1;DYNLL2
Positive Regulation of Spindle Checkpoint (GO:0090232)	2/21	0.00824120450750411	0.15252983424544497	0	0	16.197470420236638	77.72532357227595	DYNLL1;DYNLL2
Regulation of Neurogenesis (GO:0050767)	3/65	0.00892540620658116	0.15678717493486416	0	0	7.487525201612903	35.3325340473029	HES6;HES3;B2M
Chaperone-mediated Protein Complex Assembly (GO:0051131)	2/22	0.00902671954895143	0.15678717493486416	0	0	15.386821705426357	72.43448272713856	HSP90AA1;HSPA4
Intraciliary Retrograde Transport (GO:0035721)	2/22	0.00902671954895143	0.15678717493486416	0	0	15.386821705426357	72.43448272713856	DYNLL1;DYNLL2
Kinetochore Assembly (GO:0051382)	2/22	0.00902671954895143	0.15678717493486416	0	0	15.386821705426357	72.43448272713856	H3-7;NASP
Positive Regulation of Heart Contraction (GO:0045823)	2/23	0.0098443266244287	0.16686436197029	0	0	14.653377630121817	67.7112060716613	RGS2;NPPA
Chromatin Organization (GO:0006325)	7/362	0.009902490922949	0.16686436197029	0	0	3.103089504770559	14.320661698415956	NASP;PRMT2;CHEK1;H2BC1;NUCKS1;NUDT5;SAFB
Negative Regulation of Neuron Differentiation (GO:0045665)	2/24	0.01069357826671365	0.1775448509282311	0	0	13.98661028893587	63.47280230857581	BMP7;B2M
Regulation of Membrane Depolarization (GO:0003254)	2/25	0.0115740314163883	0.18937799230583183	0	0	13.377822716548703	59.651595927977866	KISS1R;B2M
Regulation of Glycogen Biosynthetic Process (GO:0005979)	2/27	0.01342679179810828	0.21350490056428517	0	0	12.306356589147288	53.04658921447195	PTH;PPP1R3B
Mitotic Cell Cycle Checkpoint Signaling (GO:0007093)	2/27	0.01342679179810828	0.21350490056428517	0	0	12.306356589147288	53.04658921447195	CHEK1;NABP1
Regulation of DNA-templated DNA Replication (GO:0090329)	2/28	0.01439823460379772	0.2226795461327072	0	0	11.832438878950509	50.17722810865632	TIPIN;MCM5
Regulation of Cardiac Muscle Hypertrophy (GO:0010611)	2/28	0.01439823460379772	0.2226795461327072	0	0	11.832438878950509	50.17722810865632	RGS2;P2RX4
RRNA Transcription (GO:0009303)	2/29	0.01539914998268001	0.23180853773927643	0	0	11.39362618432386	47.550649067773186	GTF3A;POLR2H
Striated Muscle Cell Development (GO:0055002)	2/29	0.01539914998268001	0.23180853773927643	0	0	11.39362618432386	47.550649067773186	TCAP;MYL9
Negative Regulation of Mitotic Cell Cycle (GO:0045930)	2/30	0.01642911634817609	0.23780092765501043	0	0	10.986157253599114	45.13882574929996	CHEK1;BMP7
Positive Regulation of Binding (GO:0051099)	2/30	0.01642911634817609	0.23780092765501043	0	0	10.986157253599114	45.13882574929996	DPH3;MMP9
Positive Regulation of Nitric Oxide Biosynthetic Process (GO:0045429)	2/30	0.01642911634817609	0.23780092765501043	0	0	10.986157253599114	45.13882574929996	HSP90AA1;P2RX4
Negative Regulation of Blood Vessel Morphogenesis (GO:2000181)	3/83	0.01724804221009141	0.24341299568991503	0	0	5.79755859375	23.538416247026355	ALOX5;CXCR3;PRL
Negative Regulation of Cellular Component Organization (GO:0051129)	3/83	0.01724804221009141	0.24341299568991503	0	0	5.79755859375	23.538416247026355	HSPA5;APOA1;HSPA2
Regulation of Mitotic Cell Cycle Spindle Assembly Checkpoint (GO:0090266)	2/31	0.01748771629334441	0.2437485394467388	0	0	10.606789628441591	42.91779222718881	DYNLL1;DYNLL2
Regulation of Endothelial Cell Proliferation (GO:0001936)	3/85	0.01836791326130779	0.2526584551396628	0	0	5.655583079268292	22.606213798565868	ALOX5;CXCR3;PRL
Organelle Fusion (GO:0048284)	2/32	0.01857453656031179	0.2526584551396628	0	0	10.252713178294574	40.866941922973595	CIDEB;CIDEC
Regulation of Chemotaxis (GO:0050920)	2/33	0.01968916800271705	0.26463179375080415	0	0	9.921480370092524	38.968465918850896	P2RX4;CXCR3
Defense Response to Gram-negative Bacterium (GO:0050829)	3/88	0.02012193962605469	0.2660213081886409	0	0	5.455147058823529	21.307501844824134	DAO;B2M;MR1
DNA Repair (GO:0006281)	6/325	0.02026380204094164	0.2660213081886409	0	0	2.941692789968652	11.469422309078633	POLN;CHEK1;NABP1;NUCKS1;SMC1A;UNG
Myeloid Cell Development (GO:0061515)	2/34	0.02083120555154078	0.270326793881489	0	0	9.6109496124031	37.20689950562277	HBE1;GATA1
Negative Regulation of G1/S Transition of Mitotic Cell Cycle (GO:2000134)	2/35	0.02200024817942101	0.2724771343670211	0	0	9.31923890063425	35.56875350845458	PRMT2;CDK2AP2
Adenylate Cyclase-Activating G Protein-Coupled Receptor Signaling Pathway (GO:0007189)	4/163	0.02243298170267558	0.2724771343670211	0	0	3.904323280344674	14.825586181403075	PTH;CXCR3;TAAR5;RXFP2
Negative Regulation of G2/M Transition of Mitotic Cell Cycle (GO:0010972)	2/36	0.02319589886540784	0.2724771343670211	0	0	9.04468764249886	34.04221254646382	CHEK1;NABP1
Negative Regulation of Cell Cycle Process (GO:0010948)	2/36	0.02319589886540784	0.2724771343670211	0	0	9.04468764249886	34.04221254646382	CHEK1;BMP7
Negative Regulation of Angiogenesis (GO:0016525)	3/94	0.02389779704452073	0.2724771343670211	0	0	5.0939217032967035	19.020545719176344	ALOX5;CXCR3;PRL
Regulation of Metal Ion Transport (GO:0010959)	2/37	0.02441776456216778	0.2724771343670211	0	0	8.785825027685492	32.616886534730405	P2RX4;B2M
Positive Regulation of Epithelial Cell Migration (GO:0010634)	2/37	0.02441776456216778	0.2724771343670211	0	0	8.785825027685492	32.616886534730405	GLIPR2;MMP9
Lipid Droplet Organization (GO:0034389)	2/38	0.02566545615787948	0.2724771343670211	0	0	8.541343669250645	31.283604839394577	CIDEB;CIDEC
Negative Regulation of Cell Cycle G1/S Phase Transition (GO:1902807)	2/39	0.02693858844502153	0.2724771343670211	0	0	8.310077519379846	30.034244821919533	PRMT2;CDK2AP2
Transcription by RNA Polymerase III (GO:0006383)	2/39	0.02693858844502153	0.2724771343670211	0	0	8.310077519379846	30.034244821919533	GTF3A;POLR2H
Defense Response to Gram-positive Bacterium (GO:0050830)	3/100	0.02803072133316025	0.2724771343670211	0	0	4.777384020618556	17.076540281059767	GBP6;B2M;MR1
Negative Regulation of DNA Metabolic Process (GO:0051053)	2/40	0.02823678009203369	0.2724771343670211	0	0	8.090983272133823	28.861588287818005	H1-6;S100A11
Positive Regulation of Interferon-Beta Production (GO:0032728)	2/40	0.02823678009203369	0.2724771343670211	0	0	8.090983272133823	28.861588287818005	HSP90AA1;ISG15
Regulation of DNA Recombination (GO:0000018)	2/41	0.02955965359042763	0.2724771343670211	0	0	7.883124627310674	27.75920071689616	H1-6;CHEK1
Interstrand Cross-Link Repair (GO:0036297)	2/41	0.02955965359042763	0.2724771343670211	0	0	7.883124627310674	27.75920071689616	POLN;NUCKS1
Protein Localization to Mitochondrion (GO:0070585)	2/41	0.02955965359042763	0.2724771343670211	0	0	7.883124627310674	27.75920071689616	DNAJA1;ISG15
Regulation of Phosphorylation (GO:0042325)	2/42	0.03090683524836144	0.2724771343670211	0	0	7.685658914728682	26.72132916997424	HSPB1;DYNLL1
Regulation of Nervous System Development (GO:0051960)	2/43	0.03227795514099813	0.2724771343670211	0	0	7.497825675931178	25.74281562781207	HES6;HES3
Negative Regulation of G0 to G1 Transition (GO:0070317)	1/5	0.03232677360573918	0.2724771343670211	0	0	38.20192307692308	131.10363216765762	CHEK1
Alpha-amino Acid Catabolic Process (GO:1901606)	1/5	0.03232677360573918	0.2724771343670211	0	0	38.20192307692308	131.10363216765762	DAO
Regulation of Glomerular Mesangial Cell Proliferation (GO:0072124)	1/5	0.03232677360573918	0.2724771343670211	0	0	38.20192307692308	131.10363216765762	BMP7
Cellular Response to Nicotine (GO:0071316)	1/5	0.03232677360573918	0.2724771343670211	0	0	38.20192307692308	131.10363216765762	B2M
Cyclic Purine Nucleotide Metabolic Process (GO:0052652)	1/5	0.03232677360573918	0.2724771343670211	0	0	38.20192307692308	131.10363216765762	PTH
Nucleoside Diphosphate Catabolic Process (GO:0009134)	1/5	0.03232677360573918	0.2724771343670211	0	0	38.20192307692308	131.10363216765762	NUDT5
DNA Protection (GO:0042262)	1/5	0.03232677360573918	0.2724771343670211	0	0	38.20192307692308	131.10363216765762	DCTPP1
Pentose Metabolic Process (GO:0019321)	1/5	0.03232677360573918	0.2724771343670211	0	0	38.20192307692308	131.10363216765762	XYLB
Regulation of Striated Muscle Cell Apoptotic Process (GO:0010662)	1/5	0.03232677360573918	0.2724771343670211	0	0	38.20192307692308	131.10363216765762	BMP7
Sensory Perception of Touch (GO:0050975)	1/5	0.03232677360573918	0.2724771343670211	0	0	38.20192307692308	131.10363216765762	P2RX4
Positive Regulation of Prostaglandin Secretion (GO:0032308)	1/5	0.03232677360573918	0.2724771343670211	0	0	38.20192307692308	131.10363216765762	P2RX4
Telomerase Holoenzyme Complex Assembly (GO:1905323)	1/5	0.03232677360573918	0.2724771343670211	0	0	38.20192307692308	131.10363216765762	HSP90AA1
Pre-B Cell Differentiation (GO:0002329)	1/5	0.03232677360573918	0.2724771343670211	0	0	38.20192307692308	131.10363216765762	CFB
Recombinational Repair (GO:0000725)	3/106	0.03251917009995614	0.2724771343670211	0	0	4.497724514563107	15.40886917077798	POLN;NABP1;NUCKS1
Regulation of Nitric Oxide Biosynthetic Process (GO:0045428)	2/46	0.03653130080252294	0.2724771343670211	0	0	6.985553206483439	23.119287904453852	HSP90AA1;P2RX4
Positive Regulation of Calcium Ion Transmembrane Transport (GO:1904427)	2/46	0.03653130080252294	0.2724771343670211	0	0	6.985553206483439	23.119287904453852	P2RX4;CXCR3
Regulation of Cellular Response to Stress (GO:0080135)	3/112	0.03736000750862214	0.2724771343670211	0	0	4.248853211009174	13.966636802174184	ALOX5;CHORDC1;MANF
Pyrimidine Nucleotide Metabolic Process (GO:0006220)	1/6	0.03866659935826289	0.2724771343670211	0	0	30.56	99.4049298240761	DCK
Negative Regulation of Execution Phase of Apoptosis (GO:1900118)	1/6	0.03866659935826289	0.2724771343670211	0	0	30.56	99.4049298240761	CXCR3
Regulation of Cell Adhesion Molecule Production (GO:0060353)	1/6	0.03866659935826289	0.2724771343670211	0	0	30.56	99.4049298240761	APOA1
Regulation of Gonadotropin Secretion (GO:0032276)	1/6	0.03866659935826289	0.2724771343670211	0	0	30.56	99.4049298240761	KISS1R
Regulation of Inositol Phosphate Biosynthetic Process (GO:0010919)	1/6	0.03866659935826289	0.2724771343670211	0	0	30.56	99.4049298240761	PTH
Negative Regulation of Very-Low-Density Lipoprotein Particle Remodeling (GO:0010903)	1/6	0.03866659935826289	0.2724771343670211	0	0	30.56	99.4049298240761	APOA1
Regulation of Leukocyte Adhesion to Arterial Endothelial Cell (GO:1904997)	1/6	0.03866659935826289	0.2724771343670211	0	0	30.56	99.4049298240761	ALOX5
Cholesterol Catabolic Process (GO:0006707)	1/6	0.03866659935826289	0.2724771343670211	0	0	30.56	99.4049298240761	CYP46A1
Cholesterol Import (GO:0070508)	1/6	0.03866659935826289	0.2724771343670211	0	0	30.56	99.4049298240761	APOA1
Regulation of Mesenchymal Stem Cell Proliferation (GO:1902460)	1/6	0.03866659935826289	0.2724771343670211	0	0	30.56	99.4049298240761	CCNE1
Peptide Antigen Assembly With MHC Class I Protein Complex (GO:0002502)	1/6	0.03866659935826289	0.2724771343670211	0	0	30.56	99.4049298240761	B2M
Peptidyl-histidine Modification (GO:0018202)	1/6	0.03866659935826289	0.2724771343670211	0	0	30.56	99.4049298240761	DPH3
Pericardium Morphogenesis (GO:0003344)	1/6	0.03866659935826289	0.2724771343670211	0	0	30.56	99.4049298240761	BMP7
Dopamine Biosynthetic Process (GO:0042416)	1/6	0.03866659935826289	0.2724771343670211	0	0	30.56	99.4049298240761	DAO
Response to DNA Damage Checkpoint Signaling (GO:0072423)	1/6	0.03866659935826289	0.2724771343670211	0	0	30.56	99.4049298240761	SMC1A
Positive Regulation of Gonadotropin Secretion (GO:0032278)	1/6	0.03866659935826289	0.2724771343670211	0	0	30.56	99.4049298240761	KISS1R
ISG15-protein Conjugation (GO:0032020)	1/6	0.03866659935826289	0.2724771343670211	0	0	30.56	99.4049298240761	ISG15
Immature B Cell Differentiation (GO:0002327)	1/6	0.03866659935826289	0.2724771343670211	0	0	30.56	99.4049298240761	CFB
Skeletal Muscle Thin Filament Assembly (GO:0030240)	1/6	0.03866659935826289	0.2724771343670211	0	0	30.56	99.4049298240761	TCAP
Positive Regulation of Mesenchymal Stem Cell Proliferation (GO:1902462)	1/6	0.03866659935826289	0.2724771343670211	0	0	30.56	99.4049298240761	CCNE1
Positive Regulation of Microglial Cell Migration (GO:1904141)	1/6	0.03866659935826289	0.2724771343670211	0	0	30.56	99.4049298240761	P2RX4
Intestinal Epithelial Structure Maintenance (GO:0060729)	1/6	0.03866659935826289	0.2724771343670211	0	0	30.56	99.4049298240761	HSPB1
Sterol Catabolic Process (GO:0016127)	1/6	0.03866659935826289	0.2724771343670211	0	0	30.56	99.4049298240761	CYP46A1
Striated Muscle Hypertrophy (GO:0014897)	1/6	0.03866659935826289	0.2724771343670211	0	0	30.56	99.4049298240761	TCAP
Leukocyte Chemotaxis Involved in Inflammatory Response (GO:0002232)	1/6	0.03866659935826289	0.2724771343670211	0	0	30.56	99.4049298240761	ALOX5
MHC Class I Protein Complex Assembly (GO:0002397)	1/6	0.03866659935826289	0.2724771343670211	0	0	30.56	99.4049298240761	B2M
Protein O-linked Glycosylation via Fucose (GO:0036066)	1/6	0.03866659935826289	0.2724771343670211	0	0	30.56	99.4049298240761	B3GLCT
Protein Histidyl Modification to Diphthamide (GO:0017183)	1/6	0.03866659935826289	0.2724771343670211	0	0	30.56	99.4049298240761	DPH3
Protein Oxidation (GO:0018158)	1/6	0.03866659935826289	0.2724771343670211	0	0	30.56	99.4049298240761	APOA1
Cellular Response to Metal Ion (GO:0071248)	3/114	0.0390511781129319	0.2724771343670211	0	0	4.171875	13.528899319160576	CLIC4;P2RX4;B2M
Negative Regulation of Mitotic Cell Cycle Phase Transition (GO:1901991)	2/48	0.03947994043842379	0.2724771343670211	0	0	6.681159420289855	21.59325719109003	PRMT2;CDK2AP2
Positive Regulation of Immune System Process (GO:0002684)	2/50	0.04251576774636915	0.2724771343670211	0	0	6.4021317829457365	20.217165618082923	B2M;CFB
Actin Polymerization or Depolymerization (GO:0008154)	2/51	0.04406551786638812	0.2724771343670211	0	0	6.271159626641354	19.579047687257045	CAPG;MSRB1
Nucleosome Assembly (GO:0006334)	2/51	0.04406551786638812	0.2724771343670211	0	0	6.271159626641354	19.579047687257045	NASP;H2BC1
Mitotic G2/M Transition Checkpoint (GO:0044818)	2/51	0.04406551786638812	0.2724771343670211	0	0	6.271159626641354	19.579047687257045	CHEK1;NABP1
Purinergic Nucleotide Receptor Signaling Pathway (GO:0035590)	1/7	0.044965205761108	0.2724771343670211	0	0	25.465384615384615	78.99021819196878	P2RX4
Alcohol Catabolic Process (GO:0046164)	1/7	0.044965205761108	0.2724771343670211	0	0	25.465384615384615	78.99021819196878	CYP46A1
Negative Regulation of Cellular Response to Hypoxia (GO:1900038)	1/7	0.044965205761108	0.2724771343670211	0	0	25.465384615384615	78.99021819196878	HYOU1
Antigen Processing and Presentation of Endogenous Peptide Antigen via MHC Class I (GO:0019885)	1/7	0.044965205761108	0.2724771343670211	0	0	25.465384615384615	78.99021819196878	B2M
Antigen Processing and Presentation of Exogenous Peptide Antigen via MHC Class Ib (GO:0002477)	1/7	0.044965205761108	0.2724771343670211	0	0	25.465384615384615	78.99021819196878	B2M
Regulation of Atrial Cardiac Muscle Cell Membrane Repolarization (GO:0060372)	1/7	0.044965205761108	0.2724771343670211	0	0	25.465384615384615	78.99021819196878	NPPA
Negative Regulation of Plasminogen Activation (GO:0010757)	1/7	0.044965205761108	0.2724771343670211	0	0	25.465384615384615	78.99021819196878	PLAU
Negative Regulation of Protein Localization to Mitochondrion (GO:1903748)	1/7	0.044965205761108	0.2724771343670211	0	0	25.465384615384615	78.99021819196878	DNAJA1
Cellular Response to Iron Ion (GO:0071281)	1/7	0.044965205761108	0.2724771343670211	0	0	25.465384615384615	78.99021819196878	B2M
Regulation of Glycoprotein Metabolic Process (GO:1903018)	1/7	0.044965205761108	0.2724771343670211	0	0	25.465384615384615	78.99021819196878	GATA1
Regulation of Lymphocyte Mediated Immunity (GO:0002706)	1/7	0.044965205761108	0.2724771343670211	0	0	25.465384615384615	78.99021819196878	B2M
Neutrophil-mediated Killing of Bacterium (GO:0070944)	1/7	0.044965205761108	0.2724771343670211	0	0	25.465384615384615	78.99021819196878	DAO
Regulation of Microglial Cell Migration (GO:1904139)	1/7	0.044965205761108	0.2724771343670211	0	0	25.465384615384615	78.99021819196878	P2RX4
Detection of Muscle Stretch (GO:0035995)	1/7	0.044965205761108	0.2724771343670211	0	0	25.465384615384615	78.99021819196878	TCAP
Establishment of Mitotic Sister Chromatid Cohesion (GO:0034087)	1/7	0.044965205761108	0.2724771343670211	0	0	25.465384615384615	78.99021819196878	SMC1A
Regulation of Superoxide Metabolic Process (GO:0090322)	1/7	0.044965205761108	0.2724771343670211	0	0	25.465384615384615	78.99021819196878	BMP7
Positive Regulation of Icosanoid Secretion (GO:0032305)	1/7	0.044965205761108	0.2724771343670211	0	0	25.465384615384615	78.99021819196878	P2RX4
Ribonucleoside Diphosphate Metabolic Process (GO:0009185)	1/7	0.044965205761108	0.2724771343670211	0	0	25.465384615384615	78.99021819196878	NUDT5
Imidazole-containing Compound Catabolic Process (GO:0052805)	1/7	0.044965205761108	0.2724771343670211	0	0	25.465384615384615	78.99021819196878	AMDHD1
Inclusion Body Assembly (GO:0070841)	1/7	0.044965205761108	0.2724771343670211	0	0	25.465384615384615	78.99021819196878	HSP90AA1
L-histidine Catabolic Process (GO:0006548)	1/7	0.044965205761108	0.2724771343670211	0	0	25.465384615384615	78.99021819196878	AMDHD1
Pos Reg Phospholipase C-activating G Protein-Coupled Rec Signaling Pathway (GO:1900738)	1/7	0.044965205761108	0.2724771343670211	0	0	25.465384615384615	78.99021819196878	RGS2
Protein Localization to Membrane Raft (GO:1903044)	1/7	0.044965205761108	0.2724771343670211	0	0	25.465384615384615	78.99021819196878	CYP46A1
Protein Repair (GO:0030091)	1/7	0.044965205761108	0.2724771343670211	0	0	25.465384615384615	78.99021819196878	MSRB1
Negative Regulation of Apoptotic Process (GO:0043066)	7/497	0.04530878932502899	0.2724771343670211	0	0	2.2326036866359447	6.908243424681105	DNAJA1;HSPA5;CXCR3;HSPB1;GATA1;MMP9;HSP90B1
Cognition (GO:0050890)	2/52	0.04563604121989421	0.2724771343670211	0	0	6.145426356589147	18.971284506471022	TAAR5;DGCR2
DNA Integrity Checkpoint Signaling (GO:0031570)	2/52	0.04563604121989421	0.2724771343670211	0	0	6.145426356589147	18.971284506471022	TIPIN;CHEK1
DNA-templated DNA Replication Maintenance of Fidelity (GO:0045005)	2/53	0.04722700382563352	0.2724771343670211	0	0	6.024623803009576	18.391907895894818	TIPIN;NUCKS1
Positive Regulation of Blood Vessel Endothelial Cell Migration (GO:0043536)	2/53	0.04722700382563352	0.2724771343670211	0	0	6.024623803009576	18.391907895894818	P2RX4;HSPB1
Regulation of Wound Healing (GO:0061041)	2/53	0.04722700382563352	0.2724771343670211	0	0	6.024623803009576	18.391907895894818	PLAU;ALOX5
Negative Regulation of Protein Ubiquitination (GO:0031397)	2/54	0.0488380751277771	0.2724771343670211	0	0	5.908467501490757	17.839111211552154	DNAJA1;ISG15
Regulation of Interferon-Beta Production (GO:0032648)	2/54	0.0488380751277771	0.2724771343670211	0	0	5.908467501490757	17.839111211552154	HSP90AA1;ISG15
Intraciliary Transport (GO:0042073)	2/54	0.0488380751277771	0.2724771343670211	0	0	5.908467501490757	17.839111211552154	DYNLL1;DYNLL2
Myofibril Assembly (GO:0030239)	2/54	0.0488380751277771	0.2724771343670211	0	0	5.908467501490757	17.839111211552154	TCAP;MYL9
Regulation of G1/S Transition of Mitotic Cell Cycle (GO:2000045)	3/126	0.04999770768575702	0.2724771343670211	0	0	3.7625762195121952	11.27184351659498	PRMT2;CCNE1;CDK2AP2
Regulation of Cell Development (GO:0060284)	2/55	0.05046892795335374	0.2724771343670211	0	0	5.796694456633026	17.311233370516245	HES6;HES3
ATF6-mediated Unfolded Protein Response (GO:0036500)	1/8	0.05122285833690137	0.2724771343670211	0	0	21.826373626373627	64.85858386485305	MANF
Anterograde Axonal Protein Transport (GO:0099641)	1/8	0.05122285833690137	0.2724771343670211	0	0	21.826373626373627	64.85858386485305	HSPB1
Axo-dendritic Protein Transport (GO:0099640)	1/8	0.05122285833690137	0.2724771343670211	0	0	21.826373626373627	64.85858386485305	HSPB1
CENP-A Containing Chromatin Assembly (GO:0034080)	1/8	0.05122285833690137	0.2724771343670211	0	0	21.826373626373627	64.85858386485305	NASP
Cardiac Muscle Hypertrophy (GO:0003300)	1/8	0.05122285833690137	0.2724771343670211	0	0	21.826373626373627	64.85858386485305	TCAP
Regulation of Mitotic Centrosome Separation (GO:0046602)	1/8	0.05122285833690137	0.2724771343670211	0	0	21.826373626373627	64.85858386485305	CHEK1
Nucleoside Triphosphate Catabolic Process (GO:0009143)	1/8	0.05122285833690137	0.2724771343670211	0	0	21.826373626373627	64.85858386485305	DCTPP1
Depyrimidination (GO:0045008)	1/8	0.05122285833690137	0.2724771343670211	0	0	21.826373626373627	64.85858386485305	UNG
Pericardium Development (GO:0060039)	1/8	0.05122285833690137	0.2724771343670211	0	0	21.826373626373627	64.85858386485305	BMP7
Regulation of Protein Folding (GO:1903332)	1/8	0.05122285833690137	0.2724771343670211	0	0	21.826373626373627	64.85858386485305	HSPA5
Positive Regulation of IRE1-mediated Unfolded Protein Response (GO:1903896)	1/8	0.05122285833690137	0.2724771343670211	0	0	21.826373626373627	64.85858386485305	AGR2
Regulation of Very-Low-Density Lipoprotein Particle Remodeling (GO:0010901)	1/8	0.05122285833690137	0.2724771343670211	0	0	21.826373626373627	64.85858386485305	APOA1
Positive Regulation of Glial Cell Migration (GO:1903977)	1/8	0.05122285833690137	0.2724771343670211	0	0	21.826373626373627	64.85858386485305	P2RX4
Positive Regulation of Inositol Phosphate Biosynthetic Process (GO:0060732)	1/8	0.05122285833690137	0.2724771343670211	0	0	21.826373626373627	64.85858386485305	PTH
Skeletal Myofibril Assembly (GO:0014866)	1/8	0.05122285833690137	0.2724771343670211	0	0	21.826373626373627	64.85858386485305	TCAP
Leukocyte Aggregation (GO:0070486)	1/8	0.05122285833690137	0.2724771343670211	0	0	21.826373626373627	64.85858386485305	BMP7
MiRNA-mediated Gene Silencing by mRNA Destabilization (GO:0035279)	1/8	0.05122285833690137	0.2724771343670211	0	0	21.826373626373627	64.85858386485305	CNOT7
Mitochondrial Transport (GO:0006839)	1/8	0.05122285833690137	0.2724771343670211	0	0	21.826373626373627	64.85858386485305	HSP90AA1
Protein Localization to Presynapse (GO:1905383)	1/8	0.05122285833690137	0.2724771343670211	0	0	21.826373626373627	64.85858386485305	HSPB1
Regulation of Angiogenesis (GO:0045765)	4/213	0.0516255762352549	0.2724771343670211	0	0	2.962739705383717	8.780784443965759	ALOX5;CXCR3;HSPB1;PRL
Negative Regulation of Protein Modification by Small Protein Conjugation or Removal (GO:1903321)	2/56	0.05211923851701966	0.2724771343670211	0	0	5.689061154177433	16.806744711469648	DNAJA1;ISG15
Negative Regulation of Programmed Cell Death (GO:0043069)	6/410	0.05307592681350105	0.2724771343670211	0	0	2.3126732673267325	6.79008227717847	DNAJA1;HSPA5;HSPB1;GATA1;MMP9;HSP90B1
Regulation of Mitotic Nuclear Division (GO:0007088)	2/57	0.05378868634510218	0.2724771343670211	0	0	5.5853417899929525	16.324234464553616	CHEK1;BMP7
Protein-DNA Complex Assembly (GO:0065004)	2/57	0.05378868634510218	0.2724771343670211	0	0	5.5853417899929525	16.324234464553616	NASP;H2BC1
Regulation of Blood Vessel Endothelial Cell Migration (GO:0043535)	2/58	0.05547695427659432	0.2724771343670211	0	0	5.485326688815061	15.862399605903178	P2RX4;HSPB1
Replication Fork Processing (GO:0031297)	2/59	0.05718372844200178	0.2724771343670211	0	0	5.388820889432885	15.420034932718025	TIPIN;NUCKS1
Positive Regulation of Transport (GO:0051050)	2/59	0.05718372844200178	0.2724771343670211	0	0	5.388820889432885	15.420034932718025	DYNLL1;DYNLL2
Adult Heart Development (GO:0007512)	1/9	0.05743982106231268	0.2724771343670211	0	0	19.097115384615385	54.560792270090865	TCAP
Amyloid-beta Formation (GO:0034205)	1/9	0.05743982106231268	0.2724771343670211	0	0	19.097115384615385	54.560792270090865	APOA1
Angiotensin Maturation (GO:0002003)	1/9	0.05743982106231268	0.2724771343670211	0	0	19.097115384615385	54.560792270090865	REN
Regulation of Angiotensin Levels in Blood (GO:0002002)	1/9	0.05743982106231268	0.2724771343670211	0	0	19.097115384615385	54.560792270090865	REN
Negative Regulation of Glycogen Metabolic Process (GO:0070874)	1/9	0.05743982106231268	0.2724771343670211	0	0	19.097115384615385	54.560792270090865	PPP1R3B
Negative Regulation of Heterotypic Cell-Cell Adhesion (GO:0034115)	1/9	0.05743982106231268	0.2724771343670211	0	0	19.097115384615385	54.560792270090865	APOA1
Regulation of Cell-Cell Adhesion Involved in Gastrulation (GO:0070587)	1/9	0.05743982106231268	0.2724771343670211	0	0	19.097115384615385	54.560792270090865	APOA1
Negative Regulation of Production of Molecular Mediator of Immune Response (GO:0002701)	1/9	0.05743982106231268	0.2724771343670211	0	0	19.097115384615385	54.560792270090865	APOA1
Regulation of Glucan Biosynthetic Process (GO:0010962)	1/9	0.05743982106231268	0.2724771343670211	0	0	19.097115384615385	54.560792270090865	PPP1R3B
Complement Activation, Alternative Pathway (GO:0006957)	1/9	0.05743982106231268	0.2724771343670211	0	0	19.097115384615385	54.560792270090865	CFB
DNA Replication-Dependent Chromatin Assembly (GO:0006335)	1/9	0.05743982106231268	0.2724771343670211	0	0	19.097115384615385	54.560792270090865	NASP
Regulation of Nuclear Cell Cycle DNA Replication (GO:0033262)	1/9	0.05743982106231268	0.2724771343670211	0	0	19.097115384615385	54.560792270090865	TIPIN
Regulation of Phospholipase C-activating G Protein-Coupled Receptor Signaling Pathway (GO:1900736)	1/9	0.05743982106231268	0.2724771343670211	0	0	19.097115384615385	54.560792270090865	RGS2
Regulation of Potassium Ion Export Across Plasma Membrane (GO:1903764)	1/9	0.05743982106231268	0.2724771343670211	0	0	19.097115384615385	54.560792270090865	NPPA
Positive Regulation of T Cell Mediated Immune Response to Tumor Cell (GO:0002842)	1/9	0.05743982106231268	0.2724771343670211	0	0	19.097115384615385	54.560792270090865	MR1
Regulation of Stem Cell Division (GO:2000035)	1/9	0.05743982106231268	0.2724771343670211	0	0	19.097115384615385	54.560792270090865	CDK2AP2
Host-mediated Activation of Viral Genome Replication (GO:0044829)	1/9	0.05743982106231268	0.2724771343670211	0	0	19.097115384615385	54.560792270090865	NUCKS1
L-proline Metabolic Process (GO:0006560)	1/9	0.05743982106231268	0.2724771343670211	0	0	19.097115384615385	54.560792270090865	DAO
Negative Regulation of Response to Stimulus (GO:0048585)	2/62	0.06241199804073526	0.276241793244469	0	0	5.118604651162791	14.19899776394465	ALOX5;APOA1
Cellular Response to Unfolded Protein (GO:0034620)	2/62	0.06241199804073526	0.276241793244469	0	0	5.118604651162791	14.19899776394465	HSPA5;AGR2
Regulation of Intracellular Transport (GO:0032386)	2/62	0.06241199804073526	0.276241793244469	0	0	5.118604651162791	14.19899776394465	DYNLL1;DYNLL2
Mitotic DNA Damage Checkpoint Signaling (GO:0044773)	2/62	0.06241199804073526	0.276241793244469	0	0	5.118604651162791	14.19899776394465	TIPIN;CHEK1
Positive Regulation of Cellular Process (GO:0048522)	8/647	0.06275401515604788	0.276241793244469	0	0	1.957326615519676	5.418922771877324	TIPIN;CNOT7;EGR4;CXCR3;CHEK1;DYNLL1;B2M;DYNLL2
Negative Regulation of PERK-mediated Unfolded Protein Response (GO:1903898)	1/10	0.06361635628304867	0.276241793244469	0	0	16.974358974358974	46.76240127804881	HSPA5
Axon Ensheathment in Central Nervous System (GO:0032291)	1/10	0.06361635628304867	0.276241793244469	0	0	16.974358974358974	46.76240127804881	PLP1
CGMP Biosynthetic Process (GO:0006182)	1/10	0.06361635628304867	0.276241793244469	0	0	16.974358974358974	46.76240127804881	NPPA
Negative Regulation of Phosphate Metabolic Process (GO:0045936)	1/10	0.06361635628304867	0.276241793244469	0	0	16.974358974358974	46.76240127804881	DYNLL1
Regulation of Endoplasmic Reticulum Unfolded Protein Response (GO:1900101)	1/10	0.06361635628304867	0.276241793244469	0	0	16.974358974358974	46.76240127804881	HSPA5
Regulation of Glycogen Metabolic Process (GO:0070873)	1/10	0.06361635628304867	0.276241793244469	0	0	16.974358974358974	46.76240127804881	PPP1R3B
Regulation of Inflammatory Response to Wounding (GO:0106014)	1/10	0.06361635628304867	0.276241793244469	0	0	16.974358974358974	46.76240127804881	ALOX5
Nucleoside Triphosphate Metabolic Process (GO:0009141)	1/10	0.06361635628304867	0.276241793244469	0	0	16.974358974358974	46.76240127804881	DCTPP1
Positive Regulation of Calcium Ion Transport Into Cytosol (GO:0010524)	1/10	0.06361635628304867	0.276241793244469	0	0	16.974358974358974	46.76240127804881	P2RX4
Regulation of Vascular Wound Healing (GO:0061043)	1/10	0.06361635628304867	0.276241793244469	0	0	16.974358974358974	46.76240127804881	ALOX5
High-density Lipoprotein Particle Assembly (GO:0034380)	1/10	0.06361635628304867	0.276241793244469	0	0	16.974358974358974	46.76240127804881	APOA1
Host-mediated Perturbation of Viral Genome Replication (GO:0044827)	1/10	0.06361635628304867	0.276241793244469	0	0	16.974358974358974	46.76240127804881	NUCKS1
Positive Regulation of Keratinocyte Migration (GO:0051549)	1/10	0.06361635628304867	0.276241793244469	0	0	16.974358974358974	46.76240127804881	MMP9
Positive Regulation of Membrane Depolarization (GO:1904181)	1/10	0.06361635628304867	0.276241793244469	0	0	16.974358974358974	46.76240127804881	KISS1R
Lipoxygenase Pathway (GO:0019372)	1/10	0.06361635628304867	0.276241793244469	0	0	16.974358974358974	46.76240127804881	ALOX5
Positive Regulation of Steroid Metabolic Process (GO:0045940)	1/10	0.06361635628304867	0.276241793244469	0	0	16.974358974358974	46.76240127804881	APOA1
Morphogenesis of an Epithelial Sheet (GO:0002011)	1/10	0.06361635628304867	0.276241793244469	0	0	16.974358974358974	46.76240127804881	BMP7
Erythrocyte Differentiation (GO:0030218)	2/63	0.06418972283713609	0.27766359035680704	0	0	5.0344389376032534	13.824127105189064	HBE1;GATA1
Nucleosome Organization (GO:0034728)	2/64	0.06598443261380274	0.28027437657600185	0	0	4.952988247061765	13.463888410474985	NASP;H2BC1
Regulation of Viral Genome Replication (GO:0045069)	2/66	0.06962363089243005	0.28027437657600185	0	0	4.797722868217054	12.784258213722426	CNOT7;ISG15
Receptor Guanylyl Cyclase Signaling Pathway (GO:0007168)	1/11	0.0697527247352707	0.28027437657600185	0	0	15.276153846153846	40.677324049781355	NPPA
Negative Regulation of Inclusion Body Assembly (GO:0090084)	1/11	0.0697527247352707	0.28027437657600185	0	0	15.276153846153846	40.677324049781355	HSPA2
Carbon Dioxide Transport (GO:0015670)	1/11	0.0697527247352707	0.28027437657600185	0	0	15.276153846153846	40.677324049781355	HBE1
Catecholamine Biosynthetic Process (GO:0042423)	1/11	0.0697527247352707	0.28027437657600185	0	0	15.276153846153846	40.677324049781355	DAO
Cellular Response to UV-A (GO:0071492)	1/11	0.0697527247352707	0.28027437657600185	0	0	15.276153846153846	40.677324049781355	MMP9
Negative Regulation of Systemic Arterial Blood Pressure (GO:0003085)	1/11	0.0697527247352707	0.28027437657600185	0	0	15.276153846153846	40.677324049781355	NPPA
Negative Regulation of Triglyceride Metabolic Process (GO:0090209)	1/11	0.0697527247352707	0.28027437657600185	0	0	15.276153846153846	40.677324049781355	CIDEC
Regulation of Muscle System Process (GO:0090257)	1/11	0.0697527247352707	0.28027437657600185	0	0	15.276153846153846	40.677324049781355	MYL9
Plasminogen Activation (GO:0031639)	1/11	0.0697527247352707	0.28027437657600185	0	0	15.276153846153846	40.677324049781355	PLAU
Positive Regulation of Cellular Senescence (GO:2000774)	1/11	0.0697527247352707	0.28027437657600185	0	0	15.276153846153846	40.677324049781355	B2M
Response to X-ray (GO:0010165)	1/11	0.0697527247352707	0.28027437657600185	0	0	15.276153846153846	40.677324049781355	NUCKS1
Maintenance of Protein Localization in Endoplasmic Reticulum (GO:0035437)	1/11	0.0697527247352707	0.28027437657600185	0	0	15.276153846153846	40.677324049781355	HSPA5
Transferrin Transport (GO:0033572)	1/11	0.0697527247352707	0.28027437657600185	0	0	15.276153846153846	40.677324049781355	B2M
Post-translational Protein Targeting to Membrane, Translocation (GO:0031204)	1/11	0.0697527247352707	0.28027437657600185	0	0	15.276153846153846	40.677324049781355	HSPA5
Mesonephros Development (GO:0001823)	1/11	0.0697527247352707	0.28027437657600185	0	0	15.276153846153846	40.677324049781355	BMP7
Very-low-density Lipoprotein Particle Assembly (GO:0034379)	1/11	0.0697527247352707	0.28027437657600185	0	0	15.276153846153846	40.677324049781355	CIDEB
Progesterone Metabolic Process (GO:0042448)	1/11	0.0697527247352707	0.28027437657600185	0	0	15.276153846153846	40.677324049781355	CYP46A1
Defense Response to Bacterium (GO:0042742)	4/236	0.06975828150385874	0.28027437657600185	0	0	2.665897366277491	7.098535926708651	GBP6;ISG15;B2M;MR1
DNA Metabolic Process (GO:0006259)	5/336	0.07029073389662191	0.28141219350810687	0	0	2.3423488227113607	6.219206189779039	CHEK1;NABP1;MCM5;SMC1A;DCTPP1
Anterior/posterior Pattern Specification (GO:0009952)	2/67	0.07146753897988421	0.28312953228070914	0	0	4.723673225998807	12.463468172750613	HES6;HES3
Positive Regulation of Phagocytosis (GO:0050766)	2/67	0.07146753897988421	0.28312953228070914	0	0	4.723673225998807	12.463468172750613	APOA1;CFB
Adenylate Cyclase-Modulating G Protein-Coupled Receptor Signaling Pathway (GO:0007188)	4/238	0.07147202542072817	0.28312953228070914	0	0	2.642842721582879	6.973006155332782	PTH;CXCR3;TAAR5;RXFP2
Protein-containing Complex Assembly (GO:0065003)	5/339	0.072407319398611	0.28355539874094837	0	0	2.320953331432374	6.093542022235743	HSP90AA1;H3-7;HSPA4;TCAP;CAPG
Protein Metabolic Process (GO:0019538)	8/669	0.07309865188683173	0.28355539874094837	0	0	1.8900163585599548	4.944179512984975	HSP90AA1;PLAU;DNAJB11;REN;B2M;MMP9;CFB;MSRB1
Negative Regulation of Defense Response (GO:0031348)	3/148	0.07346854376917235	0.28355539874094837	0	0	3.188146551724138	8.323925265273683	PRMT2;ALOX5;APOA1
Chordate Embryonic Development (GO:0043009)	2/69	0.07520254475472479	0.28355539874094837	0	0	4.582205252805739	11.856777802654412	DLX4;BMP7
Regulation of Cdc42 Protein Signal Transduction (GO:0032489)	1/12	0.07584918549137858	0.28355539874094837	0	0	13.886713286713286	35.81394898804782	APOA1
Negative Regulation of Fibrinolysis (GO:0051918)	1/12	0.07584918549137858	0.28355539874094837	0	0	13.886713286713286	35.81394898804782	PLAU
Base-excision Repair, AP Site Formation (GO:0006285)	1/12	0.07584918549137858	0.28355539874094837	0	0	13.886713286713286	35.81394898804782	UNG
CGMP Metabolic Process (GO:0046068)	1/12	0.07584918549137858	0.28355539874094837	0	0	13.886713286713286	35.81394898804782	NPPA
Negative Regulation of Sprouting Angiogenesis (GO:1903671)	1/12	0.07584918549137858	0.28355539874094837	0	0	13.886713286713286	35.81394898804782	ALOX5
Cellular Response to Nutrient (GO:0031670)	1/12	0.07584918549137858	0.28355539874094837	0	0	13.886713286713286	35.81394898804782	MAT2A
Regulation of Keratinocyte Migration (GO:0051547)	1/12	0.07584918549137858	0.28355539874094837	0	0	13.886713286713286	35.81394898804782	MMP9
Double-strand Break Repair via Break-Induced Replication (GO:0000727)	1/12	0.07584918549137858	0.28355539874094837	0	0	13.886713286713286	35.81394898804782	MCM5
Positive Regulation of Extracellular Matrix Disassembly (GO:0090091)	1/12	0.07584918549137858	0.28355539874094837	0	0	13.886713286713286	35.81394898804782	PLAU
Positive Regulation of mRNA Metabolic Process (GO:1903313)	1/12	0.07584918549137858	0.28355539874094837	0	0	13.886713286713286	35.81394898804782	CNOT7
Intestinal Lipid Absorption (GO:0098856)	1/12	0.07584918549137858	0.28355539874094837	0	0	13.886713286713286	35.81394898804782	FABP2
Positive Regulation of Phospholipid Transport (GO:2001140)	1/12	0.07584918549137858	0.28355539874094837	0	0	13.886713286713286	35.81394898804782	APOA1
Trans-synaptic Signaling (GO:0099537)	1/12	0.07584918549137858	0.28355539874094837	0	0	13.886713286713286	35.81394898804782	CBLN3
Negative Regulation of Inflammatory Response (GO:0050728)	3/151	0.07699098373433974	0.28365604145421774	0	0	3.123046875	8.007701301546225	PRMT2;ALOX5;APOA1
Positive Regulation of Intracellular Transport (GO:0032388)	2/70	0.07709308009174126	0.28365604145421774	0	0	4.514591883264934	11.569733125204282	DYNLL1;DYNLL2
Positive Regulation of Cell-Substrate Adhesion (GO:0010811)	2/72	0.08091883196264348	0.28365604145421774	0	0	4.38516057585825	11.02564739229094	AGR2;APOA1
Sterol Metabolic Process (GO:0016125)	2/72	0.08091883196264348	0.28365604145421774	0	0	4.38516057585825	11.02564739229094	APOA1;CYP46A1
Kidney Development (GO:0001822)	2/72	0.08091883196264348	0.28365604145421774	0	0	4.38516057585825	11.02564739229094	REN;BMP7
Negative Regulation of Bone Resorption (GO:0045779)	1/13	0.0819059960266386	0.28365604145421774	0	0	12.728846153846154	31.849903464460027	KISS1R
Negative Regulation of Striated Muscle Cell Apoptotic Process (GO:0010664)	1/13	0.0819059960266386	0.28365604145421774	0	0	12.728846153846154	31.849903464460027	BMP7
Collagen Biosynthetic Process (GO:0032964)	1/13	0.0819059960266386	0.28365604145421774	0	0	12.728846153846154	31.849903464460027	TRAM2
Non-proteinogenic Amino Acid Catabolic Process (GO:0170044)	1/13	0.0819059960266386	0.28365604145421774	0	0	12.728846153846154	31.849903464460027	DAO
Nucleosome Disassembly (GO:0006337)	1/13	0.0819059960266386	0.28365604145421774	0	0	12.728846153846154	31.849903464460027	H2BC1
Regulation of Natural Killer Cell Mediated Immunity (GO:0002715)	1/13	0.0819059960266386	0.28365604145421774	0	0	12.728846153846154	31.849903464460027	B2M
Oxygen Transport (GO:0015671)	1/13	0.0819059960266386	0.28365604145421774	0	0	12.728846153846154	31.849903464460027	HBE1
Phospholipid Efflux (GO:0033700)	1/13	0.0819059960266386	0.28365604145421774	0	0	12.728846153846154	31.849903464460027	APOA1
Fibrinolysis (GO:0042730)	1/13	0.0819059960266386	0.28365604145421774	0	0	12.728846153846154	31.849903464460027	PLAU
Positive Regulation of Dendrite Development (GO:1900006)	1/13	0.0819059960266386	0.28365604145421774	0	0	12.728846153846154	31.849903464460027	BMP7
Positive Regulation of Endoplasmic Reticulum Unfolded Protein Response (GO:1900103)	1/13	0.0819059960266386	0.28365604145421774	0	0	12.728846153846154	31.849903464460027	AGR2
Granulocyte Differentiation (GO:0030851)	1/13	0.0819059960266386	0.28365604145421774	0	0	12.728846153846154	31.849903464460027	GATA1
Positive Regulation of Heterotypic Cell-Cell Adhesion (GO:0034116)	1/13	0.0819059960266386	0.28365604145421774	0	0	12.728846153846154	31.849903464460027	BMP7
Single Strand Break Repair (GO:0000012)	1/13	0.0819059960266386	0.28365604145421774	0	0	12.728846153846154	31.849903464460027	UNG
Pos Reg Nuclear-Transcribed mRNA Catabolic Process, Deadenylation-Dependent Decay (GO:1900153)	1/13	0.0819059960266386	0.28365604145421774	0	0	12.728846153846154	31.849903464460027	CNOT7
Positive Regulation of Nuclear-Transcribed mRNA poly(A) Tail Shortening (GO:0060213)	1/13	0.0819059960266386	0.28365604145421774	0	0	12.728846153846154	31.849903464460027	CNOT7
Transcription Elongation by RNA Polymerase I (GO:0006362)	1/13	0.0819059960266386	0.28365604145421774	0	0	12.728846153846154	31.849903464460027	POLR2H
Protein Hexamerization (GO:0034214)	1/13	0.0819059960266386	0.28365604145421774	0	0	12.728846153846154	31.849903464460027	MAT2A
Modification-dependent Macromolecule Catabolic Process (GO:0043632)	1/13	0.0819059960266386	0.28365604145421774	0	0	12.728846153846154	31.849903464460027	ISG15
Regulation of DNA Replication (GO:0006275)	2/73	0.08285350374808254	0.2851878223523938	0	0	4.3231793863958945	10.76766181968016	NUCKS1;S100A11
Positive Regulation of Type I Interferon Production (GO:0032481)	2/73	0.08285350374808254	0.2851878223523938	0	0	4.3231793863958945	10.76766181968016	HSP90AA1;ISG15
Activation of NF-kappaB-inducing Kinase Activity (GO:0007250)	1/14	0.08792341216396707	0.2885625939916245	0	0	11.749112426035502	28.565489678311135	ZFP91
Reg of Calcium Ion Transmembrane Transport via High Voltage-Gated Calcium Channel (GO:1902514)	1/14	0.08792341216396707	0.2885625939916245	0	0	11.749112426035502	28.565489678311135	NPPA
CAMP Metabolic Process (GO:0046058)	1/14	0.08792341216396707	0.2885625939916245	0	0	11.749112426035502	28.565489678311135	PTH
Cardiac Cell Development (GO:0055006)	1/14	0.08792341216396707	0.2885625939916245	0	0	11.749112426035502	28.565489678311135	TCAP
Cell Projection Assembly (GO:0030031)	1/14	0.08792341216396707	0.2885625939916245	0	0	11.749112426035502	28.565489678311135	CAPG
Regulation of Establishment of Protein Localization (GO:0070201)	1/14	0.08792341216396707	0.2885625939916245	0	0	11.749112426035502	28.565489678311135	DNAJA1
Regulation of Inclusion Body Assembly (GO:0090083)	1/14	0.08792341216396707	0.2885625939916245	0	0	11.749112426035502	28.565489678311135	HSPA2
Central Nervous System Myelination (GO:0022010)	1/14	0.08792341216396707	0.2885625939916245	0	0	11.749112426035502	28.565489678311135	PLP1
Response to UV-A (GO:0070141)	1/14	0.08792341216396707	0.2885625939916245	0	0	11.749112426035502	28.565489678311135	MMP9
Response to Iron Ion (GO:0010039)	1/14	0.08792341216396707	0.2885625939916245	0	0	11.749112426035502	28.565489678311135	B2M
Positive Regulation of Glycogen Biosynthetic Process (GO:0045725)	1/14	0.08792341216396707	0.2885625939916245	0	0	11.749112426035502	28.565489678311135	PTH
Intestinal Absorption (GO:0050892)	1/14	0.08792341216396707	0.2885625939916245	0	0	11.749112426035502	28.565489678311135	FABP2
Sperm DNA Condensation (GO:0035092)	1/14	0.08792341216396707	0.2885625939916245	0	0	11.749112426035502	28.565489678311135	H2BC1
Lipid Oxidation (GO:0034440)	1/14	0.08792341216396707	0.2885625939916245	0	0	11.749112426035502	28.565489678311135	ALOX5
Trans-synaptic Signaling, Modulating Synaptic Transmission (GO:0099550)	1/14	0.08792341216396707	0.2885625939916245	0	0	11.749112426035502	28.565489678311135	CBLN3
Maintenance of Synapse Structure (GO:0099558)	1/14	0.08792341216396707	0.2885625939916245	0	0	11.749112426035502	28.565489678311135	CBLN3
Cholesterol Metabolic Process (GO:0008203)	2/76	0.0887414943260991	0.29040332491062576	0	0	4.147286821705427	10.044843536296463	APOA1;CYP46A1
Positive Regulation of Secretion by Cell (GO:1903532)	2/78	0.0927341836815326	0.2927026294774058	0	0	4.037739698082415	9.601818159344294	P2RX4;KISS1R
Negative Regulation of Bone Remodeling (GO:0046851)	1/15	0.0939016881241754	0.2927026294774058	0	0	10.90934065934066	25.806120768156763	KISS1R
Amyloid Precursor Protein Catabolic Process (GO:0042987)	1/15	0.0939016881241754	0.2927026294774058	0	0	10.90934065934066	25.806120768156763	APOA1
Antigen Processing and Presentation of Peptide Antigen via MHC Class Ib (GO:0002428)	1/15	0.0939016881241754	0.2927026294774058	0	0	10.90934065934066	25.806120768156763	B2M
Cardiac Myofibril Assembly (GO:0055003)	1/15	0.0939016881241754	0.2927026294774058	0	0	10.90934065934066	25.806120768156763	TCAP
Nucleolar Large rRNA Transcription by RNA Polymerase I (GO:0042790)	1/15	0.0939016881241754	0.2927026294774058	0	0	10.90934065934066	25.806120768156763	POLR2H
Defense Response to Protozoan (GO:0042832)	1/15	0.0939016881241754	0.2927026294774058	0	0	10.90934065934066	25.806120768156763	GBP6
Regulation of Nuclear-Transcribed mRNA poly(A) Tail Shortening (GO:0060211)	1/15	0.0939016881241754	0.2927026294774058	0	0	10.90934065934066	25.806120768156763	CNOT7
Regulation of Response to Oxidative Stress (GO:1902882)	1/15	0.0939016881241754	0.2927026294774058	0	0	10.90934065934066	25.806120768156763	ALOX5
Positive Regulation of Execution Phase of Apoptosis (GO:1900119)	1/15	0.0939016881241754	0.2927026294774058	0	0	10.90934065934066	25.806120768156763	CXCR3
T Cell Differentiation in Thymus (GO:0033077)	1/15	0.0939016881241754	0.2927026294774058	0	0	10.90934065934066	25.806120768156763	MR1
Termination of RNA Polymerase I Transcription (GO:0006363)	1/15	0.0939016881241754	0.2927026294774058	0	0	10.90934065934066	25.806120768156763	POLR2H
Positive Regulation of Secretion (GO:0051047)	1/15	0.0939016881241754	0.2927026294774058	0	0	10.90934065934066	25.806120768156763	PRL
Muscle Filament Sliding (GO:0030049)	1/15	0.0939016881241754	0.2927026294774058	0	0	10.90934065934066	25.806120768156763	TCAP
Cellular Response to Nitrogen Compound (GO:1901699)	3/166	0.09567483832349624	0.2927026294774058	0	0	2.8334930981595092	6.649641425732295	P2RX4;MAT2A;HSP90B1
Cellular Response to Hypoxia (GO:0071456)	2/81	0.09881915169852731	0.2927026294774058	0	0	3.8838190560298305	8.988958804776345	HYOU1;BMP7
Proteinogenic Amino Acid Catabolic Process (GO:0170040)	2/81	0.09881915169852731	0.2927026294774058	0	0	3.8838190560298305	8.988958804776345	DAO;AMDHD1
Skeletal System Development (GO:0001501)	3/169	0.099616021478487915	0.2927026294774058	0	0	2.7818618222891565	6.416175875133221	DLX4;PTH;BMP7
Negative Regulation of Cation Transmembrane Transport (GO:1904063)	1/16	0.09984107647289782	0.2927026294774058	0	0	10.181538461538462	23.460052416555833	MMP9
Regulation of Cellular Response to Heat (GO:1900034)	1/16	0.09984107647289782	0.2927026294774058	0	0	10.181538461538462	23.460052416555833	CHORDC1
Regulation of Glycoprotein Biosynthetic Process (GO:0010559)	1/16	0.09984107647289782	0.2927026294774058	0	0	10.181538461538462	23.460052416555833	GATA1
One-carbon Compound Transport (GO:0019755)	1/16	0.09984107647289782	0.2927026294774058	0	0	10.181538461538462	23.460052416555833	HBE1
Peptide Antigen Assembly With MHC Class II Protein Complex (GO:0002503)	1/16	0.09984107647289782	0.2927026294774058	0	0	10.181538461538462	23.460052416555833	B2M
Phospholipid Homeostasis (GO:0055091)	1/16	0.09984107647289782	0.2927026294774058	0	0	10.181538461538462	23.460052416555833	APOA1
Positive Regulation of Brown Fat Cell Differentiation (GO:0090336)	1/16	0.09984107647289782	0.2927026294774058	0	0	10.181538461538462	23.460052416555833	BMP7
Positive Regulation of Glycogen Metabolic Process (GO:0070875)	1/16	0.09984107647289782	0.2927026294774058	0	0	10.181538461538462	23.460052416555833	PTH
Positive Regulation of Heart Rate (GO:0010460)	1/16	0.09984107647289782	0.2927026294774058	0	0	10.181538461538462	23.460052416555833	NPPA
S-adenosylmethionine Metabolic Process (GO:0046500)	1/16	0.09984107647289782	0.2927026294774058	0	0	10.181538461538462	23.460052416555833	MAT2A
Positive Regulation of Opsonization (GO:1903028)	1/16	0.09984107647289782	0.2927026294774058	0	0	10.181538461538462	23.460052416555833	CFB
MHC Class II Protein Complex Assembly (GO:0002399)	1/16	0.09984107647289782	0.2927026294774058	0	0	10.181538461538462	23.460052416555833	B2M
Monosaccharide Transmembrane Transport (GO:0015749)	1/16	0.09984107647289782	0.2927026294774058	0	0	10.181538461538462	23.460052416555833	SLC5A9
Protein-DNA Complex Disassembly (GO:0032986)	1/16	0.09984107647289782	0.2927026294774058	0	0	10.181538461538462	23.460052416555833	H2BC1
Cellular Response to Decreased Oxygen Levels (GO:0036294)	2/82	0.10087205933893144	0.2927026294774058	0	0	3.835077519379845	8.797293159072808	HYOU1;BMP7
Regulation of Apoptotic Process (GO:0042981)	8/722	0.10206373772011708	0.2927026294774058	0	0	1.7448930791828927	3.982121318097512	DNAJA1;HSP90AA1;HSPA5;CIDEB;HSPB1;GATA1;MMP9;HSP90B1
Protein Localization to Organelle (GO:0033365)	3/171	0.10227952740121032	0.2927026294774058	0	0	2.7484654017857144	6.266626856184553	DNAJA1;ISG15;TRAM2
Neuropeptide Signaling Pathway (GO:0007218)	2/83	0.10293685164162228	0.2927026294774058	0	0	3.787539477461958	8.611499627484111	NPPA;KISS1R
L-amino Acid Catabolic Process (GO:0170035)	2/83	0.10293685164162228	0.2927026294774058	0	0	3.787539477461958	8.611499627484111	DAO;AMDHD1
Actin-myosin Filament Sliding (GO:0033275)	1/17	0.10574182820484038	0.2927026294774058	0	0	9.544711538461538	21.444625878565983	TCAP
Regulation of DNA Strand Elongation (GO:0060382)	1/17	0.10574182820484038	0.2927026294774058	0	0	9.544711538461538	21.444625878565983	NUCKS1
COPII-coated Vesicle Cargo Loading (GO:0090110)	1/17	0.10574182820484038	0.2927026294774058	0	0	9.544711538461538	21.444625878565983	CIDEB
Negative Regulation of Protein Processing (GO:0010955)	1/17	0.10574182820484038	0.2927026294774058	0	0	9.544711538461538	21.444625878565983	PLAU
Negative Regulation of Response to Cytokine Stimulus (GO:0060761)	1/17	0.10574182820484038	0.2927026294774058	0	0	9.544711538461538	21.444625878565983	APOA1
Regulation of Fibrinolysis (GO:0051917)	1/17	0.10574182820484038	0.2927026294774058	0	0	9.544711538461538	21.444625878565983	PLAU
Regulation of Hormone Secretion (GO:0046883)	1/17	0.10574182820484038	0.2927026294774058	0	0	9.544711538461538	21.444625878565983	KISS1R
Oligodendrocyte Development (GO:0014003)	1/17	0.10574182820484038	0.2927026294774058	0	0	9.544711538461538	21.444625878565983	PLP1
Digestive Tract Morphogenesis (GO:0048546)	1/17	0.10574182820484038	0.2927026294774058	0	0	9.544711538461538	21.444625878565983	AGR2
Regulation of Plasminogen Activation (GO:0010755)	1/17	0.10574182820484038	0.2927026294774058	0	0	9.544711538461538	21.444625878565983	PLAU
Regulation of Response to Cytokine Stimulus (GO:0060759)	1/17	0.10574182820484038	0.2927026294774058	0	0	9.544711538461538	21.444625878565983	APOA1
Gas Transport (GO:0015669)	1/17	0.10574182820484038	0.2927026294774058	0	0	9.544711538461538	21.444625878565983	HBE1
Reverse Cholesterol Transport (GO:0043691)	1/17	0.10574182820484038	0.2927026294774058	0	0	9.544711538461538	21.444625878565983	APOA1
Host-mediated Activation of Viral Transcription (GO:0043923)	1/17	0.10574182820484038	0.2927026294774058	0	0	9.544711538461538	21.444625878565983	NUCKS1
Spermatid Nucleus Differentiation (GO:0007289)	1/17	0.10574182820484038	0.2927026294774058	0	0	9.544711538461538	21.444625878565983	H2BC1
Kinetochore Organization (GO:0051383)	1/17	0.10574182820484038	0.2927026294774058	0	0	9.544711538461538	21.444625878565983	H3-7
Termination of RNA Polymerase III Transcription (GO:0006386)	1/17	0.10574182820484038	0.2927026294774058	0	0	9.544711538461538	21.444625878565983	POLR2H
Mesonephric Tubule Development (GO:0072164)	1/17	0.10574182820484038	0.2927026294774058	0	0	9.544711538461538	21.444625878565983	BMP7
Cellular Response to Oxygen-Containing Compound (GO:1901701)	5/382	0.10649622145061412	0.2927026294774058	0	0	2.051703086185845	4.5950881460665345	P2RX4;MAT2A;B2M;MMP9;HSP90B1
Regulation of Interleukin-1 Beta Production (GO:0032651)	2/85	0.10710112995119656	0.2927026294774058	0	0	3.695899878584104	8.256572882844548	HSPB1;APOA1
Positive Regulation of Endocytosis (GO:0045807)	2/85	0.10710112995119656	0.2927026294774058	0	0	3.695899878584104	8.256572882844548	APOA1;B2M
Regulation of Epithelial to Mesenchymal Transition (GO:0010717)	2/86	0.10920014225785252	0.2927026294774058	0	0	3.65171650055371	8.086992447879068	GLIPR2;ZNF750
Integrin-mediated Signaling Pathway (GO:0007229)	2/87	0.11131009182500674	0.2927026294774058	0	0	3.608572731418149	7.922388146727323	APOA1;ISG15
Negative Regulation of Blood Pressure (GO:0045776)	1/18	0.11160419271751376	0.2927026294774058	0	0	8.982805429864253	19.697465749311625	NPPA
Negative Regulation of Epithelial Cell Differentiation (GO:0030857)	1/18	0.11160419271751376	0.2927026294774058	0	0	8.982805429864253	19.697465749311625	MMP9
C21-steroid Hormone Metabolic Process (GO:0008207)	1/18	0.11160419271751376	0.2927026294774058	0	0	8.982805429864253	19.697465749311625	CYP46A1
Negative Regulation of Monoatomic Ion Transport (GO:0043271)	1/18	0.11160419271751376	0.2927026294774058	0	0	8.982805429864253	19.697465749311625	B2M
Negative Regulation of Muscle Cell Apoptotic Process (GO:0010656)	1/18	0.11160419271751376	0.2927026294774058	0	0	8.982805429864253	19.697465749311625	BMP7
Cellular Response to Zinc Ion (GO:0071294)	1/18	0.11160419271751376	0.2927026294774058	0	0	8.982805429864253	19.697465749311625	P2RX4
Contractile Actin Filament Bundle Assembly (GO:0030038)	1/18	0.11160419271751376	0.2927026294774058	0	0	8.982805429864253	19.697465749311625	MYL9
DNA Modification (GO:0006304)	1/18	0.11160419271751376	0.2927026294774058	0	0	8.982805429864253	19.697465749311625	UNG
Deadenylation-dependent Decapping of Nuclear-Transcribed mRNA (GO:0000290)	1/18	0.11160419271751376	0.2927026294774058	0	0	8.982805429864253	19.697465749311625	CNOT7
Regulation of Opsonization (GO:1903027)	1/18	0.11160419271751376	0.2927026294774058	0	0	8.982805429864253	19.697465749311625	CFB
Retrograde Protein Transport, ER to Cytosol (GO:0030970)	1/18	0.11160419271751376	0.2927026294774058	0	0	8.982805429864253	19.697465749311625	HSP90B1
Stress Fiber Assembly (GO:0043149)	1/18	0.11160419271751376	0.2927026294774058	0	0	8.982805429864253	19.697465749311625	MYL9
Positive Regulation of Potassium Ion Transmembrane Transport (GO:1901381)	1/18	0.11160419271751376	0.2927026294774058	0	0	8.982805429864253	19.697465749311625	NPPA
Leukotriene Biosynthetic Process (GO:0019370)	1/18	0.11160419271751376	0.2927026294774058	0	0	8.982805429864253	19.697465749311625	ALOX5
Long-chain fatty-acyl-CoA Biosynthetic Process (GO:0035338)	1/18	0.11160419271751376	0.2927026294774058	0	0	8.982805429864253	19.697465749311625	ACSL6
TRNA Wobble Uridine Modification (GO:0002098)	1/18	0.11160419271751376	0.2927026294774058	0	0	8.982805429864253	19.697465749311625	DPH3
Positive Regulation of Smooth Muscle Cell Migration (GO:0014911)	1/18	0.11160419271751376	0.2927026294774058	0	0	8.982805429864253	19.697465749311625	S100A11
Positive Regulation of Stem Cell Proliferation (GO:2000648)	1/18	0.11160419271751376	0.2927026294774058	0	0	8.982805429864253	19.697465749311625	CCNE1
Post-translational Protein Targeting to Endoplasmic Reticulum Membrane (GO:0006620)	1/18	0.11160419271751376	0.2927026294774058	0	0	8.982805429864253	19.697465749311625	HSPA5
Mitotic intra-S DNA Damage Checkpoint Signaling (GO:0031573)	1/18	0.11160419271751376	0.2927026294774058	0	0	8.982805429864253	19.697465749311625	TIPIN
Muscle Tissue Morphogenesis (GO:0060415)	1/18	0.11160419271751376	0.2927026294774058	0	0	8.982805429864253	19.697465749311625	TCAP
Negative Regulation of Response to External Stimulus (GO:0032102)	3/179	0.11321230450542737	0.2927026294774058	0	0	2.622469815340909	5.7130253749029025	PRMT2;ALOX5;APOA1
Actomyosin Structure Organization (GO:0031032)	2/88	0.1134307481497994	0.2927026294774058	0	0	3.5664323057508565	7.762563802449336	TCAP;MYL9
Cell Chemotaxis (GO:0060326)	2/88	0.1134307481497994	0.2927026294774058	0	0	3.5664323057508565	7.762563802449336	CXCR3;AGR2
Positive Regulation of Endothelial Cell Migration (GO:0010595)	2/88	0.1134307481497994	0.2927026294774058	0	0	3.5664323057508565	7.762563802449336	P2RX4;HSPB1
Long-chain Fatty Acid Metabolic Process (GO:0001676)	2/88	0.1134307481497994	0.2927026294774058	0	0	3.5664323057508565	7.762563802449336	ALOX5;ACSL6
Heart Development (GO:0007507)	3/180	0.11460933281495755	0.2927026294774058	0	0	2.6075211864406778	5.648480293506228	TCAP;CACYBP;BMP7
Regulation of Inflammatory Response (GO:0050727)	4/283	0.11548056621368936	0.2927026294774058	0	0	2.211497756328846	4.773856312782976	PRMT2;ALOX5;APOA1;MMP9
Negative Regulation of DNA Replication (GO:0008156)	1/19	0.11742841776762576	0.2927026294774058	0	0	8.483333333333333	18.170675130648927	S100A11
Actin Filament Capping (GO:0051693)	1/19	0.11742841776762576	0.2927026294774058	0	0	8.483333333333333	18.170675130648927	CAPG
Regulation of DNA-templated DNA Replication Initiation (GO:0030174)	1/19	0.11742841776762576	0.2927026294774058	0	0	8.483333333333333	18.170675130648927	MCM5
Antigen Processing and Presentation of Peptide Antigen via MHC Class I (GO:0002474)	1/19	0.11742841776762576	0.2927026294774058	0	0	8.483333333333333	18.170675130648927	B2M
Negative Regulation of Cytokine Production Involved in Immune Response (GO:0002719)	1/19	0.11742841776762576	0.2927026294774058	0	0	8.483333333333333	18.170675130648927	APOA1
Barbed-end Actin Filament Capping (GO:0051016)	1/19	0.11742841776762576	0.2927026294774058	0	0	8.483333333333333	18.170675130648927	CAPG
Negative Regulation of Nervous System Development (GO:0051961)	1/19	0.11742841776762576	0.2927026294774058	0	0	8.483333333333333	18.170675130648927	B2M
Regulation of Execution Phase of Apoptosis (GO:1900117)	1/19	0.11742841776762576	0.2927026294774058	0	0	8.483333333333333	18.170675130648927	CXCR3
Nucleobase-containing Small Molecule Metabolic Process (GO:0055086)	1/19	0.11742841776762576	0.2927026294774058	0	0	8.483333333333333	18.170675130648927	NUDT5
Nucleoside Phosphate Catabolic Process (GO:1901292)	1/19	0.11742841776762576	0.2927026294774058	0	0	8.483333333333333	18.170675130648927	DCTPP1
DNA Synthesis Involved in DNA Replication (GO:0090592)	1/19	0.11742841776762576	0.2927026294774058	0	0	8.483333333333333	18.170675130648927	POLN
Peptidyl-threonine Modification (GO:0018210)	1/19	0.11742841776762576	0.2927026294774058	0	0	8.483333333333333	18.170675130648927	CHEK1
Peptidyl-threonine Phosphorylation (GO:0018107)	1/19	0.11742841776762576	0.2927026294774058	0	0	8.483333333333333	18.170675130648927	CHEK1
Pharyngeal System Development (GO:0060037)	1/19	0.11742841776762576	0.2927026294774058	0	0	8.483333333333333	18.170675130648927	BMP7
Positive Regulation of ATP-dependent Activity (GO:0032781)	1/19	0.11742841776762576	0.2927026294774058	0	0	8.483333333333333	18.170675130648927	DNAJB11
Response to Axon Injury (GO:0048678)	1/19	0.11742841776762576	0.2927026294774058	0	0	8.483333333333333	18.170675130648927	P2RX4
Transcription Initiation at RNA Polymerase I Promoter (GO:0006361)	1/19	0.11742841776762576	0.2927026294774058	0	0	8.483333333333333	18.170675130648927	POLR2H
Mesenchyme Development (GO:0060485)	1/19	0.11742841776762576	0.2927026294774058	0	0	8.483333333333333	18.170675130648927	BMP7
Motile Cilium Assembly (GO:0044458)	1/19	0.11742841776762576	0.2927026294774058	0	0	8.483333333333333	18.170675130648927	DYNLL1
Chloride Transport (GO:0006821)	2/90	0.11770327172962108	0.2927026294774058	0	0	3.485024665257223	7.456518584163469	CLIC4;ANO9
Positive Regulation of Response to Stimulus (GO:0048584)	2/90	0.11770327172962108	0.2927026294774058	0	0	3.485024665257223	7.456518584163469	B2M;CFB
Double-strand Break Repair (GO:0006302)	3/183	0.11883962986862356	0.2948789936740132	0	0	2.563671875	5.460570699467092	POLN;NABP1;NUCKS1
Positive Regulation of Biosynthetic Process (GO:0009891)	2/91	0.11985469048679306	0.29660864021788713	0	0	3.445692883895131	7.309951939897533	HSP90AA1;P2RX4
Cell Projection Organization (GO:0030030)	1/20	0.12321474956792654	0.29660864021788713	0	0	8.036437246963562	16.82690539004688	CAPG
Cyclic Nucleotide Biosynthetic Process (GO:0009190)	1/20	0.12321474956792654	0.29660864021788713	0	0	8.036437246963562	16.82690539004688	NPPA
Detection of Mechanical Stimulus (GO:0050982)	1/20	0.12321474956792654	0.29660864021788713	0	0	8.036437246963562	16.82690539004688	TCAP
Positive Regulation of DNA Binding (GO:0043388)	1/20	0.12321474956792654	0.29660864021788713	0	0	8.036437246963562	16.82690539004688	MMP9
Estrogen Receptor Signaling Pathway (GO:0030520)	1/20	0.12321474956792654	0.29660864021788713	0	0	8.036437246963562	16.82690539004688	SAFB
Positive Regulation of Alcohol Biosynthetic Process (GO:1902932)	1/20	0.12321474956792654	0.29660864021788713	0	0	8.036437246963562	16.82690539004688	PTH
Positive Regulation of Cholesterol Metabolic Process (GO:0090205)	1/20	0.12321474956792654	0.29660864021788713	0	0	8.036437246963562	16.82690539004688	APOA1
Positive Regulation of Leukocyte Adhesion to Vascular Endothelial Cell (GO:1904996)	1/20	0.12321474956792654	0.29660864021788713	0	0	8.036437246963562	16.82690539004688	ALOX5
Positive Regulation of Phosphate Metabolic Process (GO:0045937)	1/20	0.12321474956792654	0.29660864021788713	0	0	8.036437246963562	16.82690539004688	PTH
MRNA Methylguanosine-Cap Decapping (GO:0110156)	1/20	0.12321474956792654	0.29660864021788713	0	0	8.036437246963562	16.82690539004688	CNOT7
Maintenance of Protein Localization in Organelle (GO:0072595)	1/20	0.12321474956792654	0.29660864021788713	0	0	8.036437246963562	16.82690539004688	HSPA5
Ureteric Bud Development (GO:0001657)	1/20	0.12321474956792654	0.29660864021788713	0	0	8.036437246963562	16.82690539004688	BMP7
Protein Localization to Endoplasmic Reticulum (GO:0070972)	1/20	0.12321474956792654	0.29660864021788713	0	0	8.036437246963562	16.82690539004688	HSPA5
Gene Expression (GO:0010467)	4/294	0.12771430257849262	0.30082585868147577	0	0	2.126418680423568	4.376083568622041	HSP90AA1;DNAJB11;KCNJ1;CFB
Aromatic Amino Acid Family Catabolic Process (GO:0009074)	1/21	0.1289634327739896	0.30082585868147577	0	0	7.634230769230769	15.636632865318903	AMDHD1
Nuclear-transcribed mRNA poly(A) Tail Shortening (GO:0000289)	1/21	0.1289634327739896	0.30082585868147577	0	0	7.634230769230769	15.636632865318903	CNOT7
Dendritic Cell Migration (GO:0036336)	1/21	0.1289634327739896	0.30082585868147577	0	0	7.634230769230769	15.636632865318903	ALOX5
Peptide Antigen Assembly With MHC Protein Complex (GO:0002501)	1/21	0.1289634327739896	0.30082585868147577	0	0	7.634230769230769	15.636632865318903	B2M
Dopamine Metabolic Process (GO:0042417)	1/21	0.1289634327739896	0.30082585868147577	0	0	7.634230769230769	15.636632865318903	DAO
Positive Regulation of Blood Coagulation (GO:0030194)	1/21	0.1289634327739896	0.30082585868147577	0	0	7.634230769230769	15.636632865318903	PLAU
Heart Trabecula Morphogenesis (GO:0061384)	1/21	0.1289634327739896	0.30082585868147577	0	0	7.634230769230769	15.636632865318903	BMP7
High-density Lipoprotein Particle Remodeling (GO:0034375)	1/21	0.1289634327739896	0.30082585868147577	0	0	7.634230769230769	15.636632865318903	APOA1
Homologous Recombination (GO:0035825)	1/21	0.1289634327739896	0.30082585868147577	0	0	7.634230769230769	15.636632865318903	NUCKS1
Positive Regulation of Macrophage Migration (GO:1905523)	1/21	0.1289634327739896	0.30082585868147577	0	0	7.634230769230769	15.636632865318903	P2RX4
Intracellular Protein Transmembrane Transport (GO:0065002)	1/21	0.1289634327739896	0.30082585868147577	0	0	7.634230769230769	15.636632865318903	HSPA5
Leukotriene Metabolic Process (GO:0006691)	1/21	0.1289634327739896	0.30082585868147577	0	0	7.634230769230769	15.636632865318903	ALOX5
Protein Exit From Endoplasmic Reticulum (GO:0032527)	1/21	0.1289634327739896	0.30082585868147577	0	0	7.634230769230769	15.636632865318903	HSP90B1
Protein Heterooligomerization (GO:0051291)	1/21	0.1289634327739896	0.30082585868147577	0	0	7.634230769230769	15.636632865318903	MAT2A
Positive Regulation of Transcription by RNA Polymerase II (GO:0045944)	10/1019	0.13175923766092582	0.3047049059307539	0	0	1.5447747135286554	3.1309169165859276	HES6;MED11;EGR4;HSPA5;PTH;CXCR3;ZFP91;NUCKS1;GATA1;ZNF750
RNA-templated DNA Biosynthetic Process (GO:0006278)	1/22	0.13467471041580706	0.3047049059307539	0	0	7.27032967032967	14.576232777739394	HSP90AA1
Antigen Processing and Presentation of Endogenous Peptide Antigen (GO:0002483)	1/22	0.13467471041580706	0.3047049059307539	0	0	7.27032967032967	14.576232777739394	B2M
Regulation of Cardiac Muscle Cell Membrane Repolarization (GO:0099623)	1/22	0.13467471041580706	0.3047049059307539	0	0	7.27032967032967	14.576232777739394	NPPA
Negative Regulation of Lipid Catabolic Process (GO:0050995)	1/22	0.13467471041580706	0.3047049059307539	0	0	7.27032967032967	14.576232777739394	CIDEC
Regulation of Extracellular Matrix Disassembly (GO:0010715)	1/22	0.13467471041580706	0.3047049059307539	0	0	7.27032967032967	14.576232777739394	PLAU
Regulation of Integrin-Mediated Signaling Pathway (GO:2001044)	1/22	0.13467471041580706	0.3047049059307539	0	0	7.27032967032967	14.576232777739394	PLAU
Nucleoside Phosphate Biosynthetic Process (GO:1901293)	1/22	0.13467471041580706	0.3047049059307539	0	0	7.27032967032967	14.576232777739394	DCK
Regulation of Nuclear-Transcribed mRNA Catabolic Process, Deadenylation-Dependent Decay (GO:1900151)	1/22	0.13467471041580706	0.3047049059307539	0	0	7.27032967032967	14.576232777739394	CNOT7
Regulation of Oxidative Stress-Induced Intrinsic Apoptotic Signaling Pathway (GO:1902175)	1/22	0.13467471041580706	0.3047049059307539	0	0	7.27032967032967	14.576232777739394	HSPB1
Response to BMP (GO:0071772)	1/22	0.13467471041580706	0.3047049059307539	0	0	7.27032967032967	14.576232777739394	BMP7
Telomere Maintenance via Telomerase (GO:0007004)	1/22	0.13467471041580706	0.3047049059307539	0	0	7.27032967032967	14.576232777739394	HSP90AA1
Maintenance of Gastrointestinal Epithelium (GO:0030277)	1/22	0.13467471041580706	0.3047049059307539	0	0	7.27032967032967	14.576232777739394	HSPB1
Megakaryocyte Differentiation (GO:0030219)	1/22	0.13467471041580706	0.3047049059307539	0	0	7.27032967032967	14.576232777739394	GATA1
Protein Insertion Into Membrane (GO:0051205)	1/22	0.13467471041580706	0.3047049059307539	0	0	7.27032967032967	14.576232777739394	TRAM2
Calcium-mediated Signaling (GO:0019722)	2/100	0.13963321569130813	0.3082759189752166	0	0	3.127827875336181	6.157867909881721	P2RX4;CXCR3
Regulation of Protein Secretion (GO:0050708)	2/100	0.13963321569130813	0.3082759189752166	0	0	3.127827875336181	6.157867909881721	ALOX5;DPH3
Negative Regulation of Cell Development (GO:0010721)	1/23	0.14034882405071863	0.3082759189752166	0	0	6.939510489510489	13.626591808289202	B2M
Regulation of Brown Fat Cell Differentiation (GO:0090335)	1/23	0.14034882405071863	0.3082759189752166	0	0	6.939510489510489	13.626591808289202	BMP7
Cell Junction Maintenance (GO:0034331)	1/23	0.14034882405071863	0.3082759189752166	0	0	6.939510489510489	13.626591808289202	CBLN3
Nitric Oxide Metabolic Process (GO:0046209)	1/23	0.14034882405071863	0.3082759189752166	0	0	6.939510489510489	13.626591808289202	HSP90AA1
Phosphatidylcholine Biosynthetic Process (GO:0006656)	1/23	0.14034882405071863	0.3082759189752166	0	0	6.939510489510489	13.626591808289202	APOA1
Regulation of Systemic Arterial Blood Pressure (GO:0003073)	1/23	0.14034882405071863	0.3082759189752166	0	0	6.939510489510489	13.626591808289202	NPPA
Positive Regulation of Cholesterol Efflux (GO:0010875)	1/23	0.14034882405071863	0.3082759189752166	0	0	6.939510489510489	13.626591808289202	APOA1
Positive Regulation of Hormone Secretion (GO:0046887)	1/23	0.14034882405071863	0.3082759189752166	0	0	6.939510489510489	13.626591808289202	KISS1R
Hexose Transmembrane Transport (GO:0008645)	1/23	0.14034882405071863	0.3082759189752166	0	0	6.939510489510489	13.626591808289202	SLC5A9
Iron Ion Transport (GO:0006826)	1/23	0.14034882405071863	0.3082759189752166	0	0	6.939510489510489	13.626591808289202	B2M
Positive Regulation of Release of Cytochrome C From Mitochondria (GO:0090200)	1/23	0.14034882405071863	0.3082759189752166	0	0	6.939510489510489	13.626591808289202	MMP9
Positive Regulation of Telomere Maintenance via Telomerase (GO:0032212)	1/23	0.14034882405071863	0.3082759189752166	0	0	6.939510489510489	13.626591808289202	HSP90AA1
Positive Regulation of Vascular Associated Smooth Muscle Cell Proliferation (GO:1904707)	1/23	0.14034882405071863	0.3082759189752166	0	0	6.939510489510489	13.626591808289202	MMP9
Regulation of Protein Phosphorylation (GO:0001932)	2/101	0.14187319763049208	0.3110191070384962	0	0	3.0960770495654217	6.046086121411167	HSPB1;MMP9
Regulation of T Cell Cytokine Production (GO:0002724)	1/24	0.14598601360501082	0.3121556995455629	0	0	6.637458193979933	12.77209215219812	B2M
Regulation of Biosynthetic Process (GO:0009889)	1/24	0.14598601360501082	0.3121556995455629	0	0	6.637458193979933	12.77209215219812	ALOX5
Negative Regulation of Oxidative Stress-Induced Intrinsic Apoptotic Signaling Pathway (GO:1902176)	1/24	0.14598601360501082	0.3121556995455629	0	0	6.637458193979933	12.77209215219812	HSPB1
Negative Regulation of Receptor-Mediated Endocytosis (GO:0048261)	1/24	0.14598601360501082	0.3121556995455629	0	0	6.637458193979933	12.77209215219812	B2M
Regulation of Intracellular Steroid Hormone Receptor Signaling Pathway (GO:0033143)	1/24	0.14598601360501082	0.3121556995455629	0	0	6.637458193979933	12.77209215219812	PRMT2
Cholesterol Efflux (GO:0033344)	1/24	0.14598601360501082	0.3121556995455629	0	0	6.637458193979933	12.77209215219812	APOA1
DNA Replication Initiation (GO:0006270)	1/24	0.14598601360501082	0.3121556995455629	0	0	6.637458193979933	12.77209215219812	MCM5
Regulation of Protein Modification Process (GO:0031399)	1/24	0.14598601360501082	0.3121556995455629	0	0	6.637458193979933	12.77209215219812	HSPB1
Establishment or Maintenance of Apical/Basal Cell Polarity (GO:0035088)	1/24	0.14598601360501082	0.3121556995455629	0	0	6.637458193979933	12.77209215219812	CLIC4
Heme Biosynthetic Process (GO:0006783)	1/24	0.14598601360501082	0.3121556995455629	0	0	6.637458193979933	12.77209215219812	TMEM14C
Long-chain fatty-acyl-CoA Metabolic Process (GO:0035336)	1/24	0.14598601360501082	0.3121556995455629	0	0	6.637458193979933	12.77209215219812	ACSL6
Mammary Gland Development (GO:0030879)	1/24	0.14598601360501082	0.3121556995455629	0	0	6.637458193979933	12.77209215219812	PRL
Mitotic Sister Chromatid Cohesion (GO:0007064)	1/24	0.14598601360501082	0.3121556995455629	0	0	6.637458193979933	12.77209215219812	SMC1A
Positive Regulation of DNA-templated Transcription (GO:0045893)	12/1304	0.1469144515200107	0.31230142028554025	0	0	1.4499310560137368	2.7808297668805197	HES6;EGR4;HSPA5;PRMT2;PTH;CXCR3;ZFP91;NUCKS1;PRL;GATA1;BMP7;ZNF750
Regulation of Immune Response (GO:0050776)	2/105	0.15090851911570427	0.31230142028554025	0	0	2.9752389553699103	5.626419225872187	B2M;CFB
Glucose Homeostasis (GO:0042593)	2/105	0.15090851911570427	0.31230142028554025	0	0	2.9752389553699103	5.626419225872187	ALOX5;NUCKS1
Positive Regulation of Immune Response (GO:0050778)	2/105	0.15090851911570427	0.31230142028554025	0	0	2.9752389553699103	5.626419225872187	B2M;CFB
Positive Regulation of Protein-Containing Complex Assembly (GO:0031334)	2/105	0.15090851911570427	0.31230142028554025	0	0	2.9752389553699103	5.626419225872187	HSP90AA1;ISG15
Negative Regulation of Extrinsic Apoptotic Signaling Pathway in Absence of Ligand (GO:2001240)	1/25	0.15158651755223743	0.31230142028554025	0	0	6.360576923076923	11.99985643470596	GATA1
Blood Coagulation, Fibrin Clot Formation (GO:0072378)	1/25	0.15158651755223743	0.31230142028554025	0	0	6.360576923076923	11.99985643470596	F13B
Negative Regulation of Response to Wounding (GO:1903035)	1/25	0.15158651755223743	0.31230142028554025	0	0	6.360576923076923	11.99985643470596	ALOX5
Negative Regulation of Signal Transduction in Absence of Ligand (GO:1901099)	1/25	0.15158651755223743	0.31230142028554025	0	0	6.360576923076923	11.99985643470596	GATA1
Negative Regulation of Tumor Necrosis Factor-Mediated Signaling Pathway (GO:0010804)	1/25	0.15158651755223743	0.31230142028554025	0	0	6.360576923076923	11.99985643470596	APOA1
Regulation of Protein Transport (GO:0051223)	1/25	0.15158651755223743	0.31230142028554025	0	0	6.360576923076923	11.99985643470596	DNAJA1
Regulation of Ruffle Assembly (GO:1900027)	1/25	0.15158651755223743	0.31230142028554025	0	0	6.360576923076923	11.99985643470596	P2RX4
Positive Regulation of T Cell Cytokine Production (GO:0002726)	1/25	0.15158651755223743	0.31230142028554025	0	0	6.360576923076923	11.99985643470596	B2M
Response to Purine-Containing Compound (GO:0014074)	1/25	0.15158651755223743	0.31230142028554025	0	0	6.360576923076923	11.99985643470596	P2RX4
Positive Regulation of Small Molecule Metabolic Process (GO:0062013)	1/25	0.15158651755223743	0.31230142028554025	0	0	6.360576923076923	11.99985643470596	APOA1
Transcription Initiation at RNA Polymerase III Promoter (GO:0006384)	1/25	0.15158651755223743	0.31230142028554025	0	0	6.360576923076923	11.99985643470596	POLR2H
Male Gamete Generation (GO:0048232)	1/25	0.15158651755223743	0.31230142028554025	0	0	6.360576923076923	11.99985643470596	HSPA2
Translesion Synthesis (GO:0019985)	1/25	0.15158651755223743	0.31230142028554025	0	0	6.360576923076923	11.99985643470596	POLN
Metanephros Development (GO:0001656)	1/25	0.15158651755223743	0.31230142028554025	0	0	6.360576923076923	11.99985643470596	BMP7
Protein Activation Cascade (GO:0072376)	1/25	0.15158651755223743	0.31230142028554025	0	0	6.360576923076923	11.99985643470596	F13B
Negative Regulation of ERBB Signaling Pathway (GO:1901185)	1/26	0.15715057276342775	0.3123644307216724	0	0	6.105846153846154	11.29917891851374	NPPA
Bile Acid Biosynthetic Process (GO:0006699)	1/26	0.15715057276342775	0.3123644307216724	0	0	6.105846153846154	11.29917891851374	CYP46A1
Cardiac Conduction System Development (GO:0003161)	1/26	0.15715057276342775	0.3123644307216724	0	0	6.105846153846154	11.29917891851374	NPPA
Cardiac Muscle Cell Development (GO:0055013)	1/26	0.15715057276342775	0.3123644307216724	0	0	6.105846153846154	11.29917891851374	TCAP
Negative Regulation of Protein Transport (GO:0051224)	1/26	0.15715057276342775	0.3123644307216724	0	0	6.105846153846154	11.29917891851374	DPH3
DNA Replication Checkpoint Signaling (GO:0000076)	1/26	0.15715057276342775	0.3123644307216724	0	0	6.105846153846154	11.29917891851374	TIPIN
Dopaminergic Neuron Differentiation (GO:0071542)	1/26	0.15715057276342775	0.3123644307216724	0	0	6.105846153846154	11.29917891851374	MANF
ERK1 and ERK2 Cascade (GO:0070371)	1/26	0.15715057276342775	0.3123644307216724	0	0	6.105846153846154	11.29917891851374	APOA1
Regulation of Protein Processing (GO:0070613)	1/26	0.15715057276342775	0.3123644307216724	0	0	6.105846153846154	11.29917891851374	PLAU
Porphyrin-containing Compound Biosynthetic Process (GO:0006779)	1/26	0.15715057276342775	0.3123644307216724	0	0	6.105846153846154	11.29917891851374	TMEM14C
Positive Regulation of D-glucose Import Across Plasma Membrane (GO:0046326)	1/26	0.15715057276342775	0.3123644307216724	0	0	6.105846153846154	11.29917891851374	PTH
Regulation of Toll-Like Receptor Signaling Pathway (GO:0034121)	1/26	0.15715057276342775	0.3123644307216724	0	0	6.105846153846154	11.29917891851374	HSP90B1
Positive Regulation of Extracellular Matrix Organization (GO:1903055)	1/26	0.15715057276342775	0.3123644307216724	0	0	6.105846153846154	11.29917891851374	PLAU
Icosanoid Biosynthetic Process (GO:0046456)	1/26	0.15715057276342775	0.3123644307216724	0	0	6.105846153846154	11.29917891851374	ALOX5
Skeletal Muscle Contraction (GO:0003009)	1/26	0.15715057276342775	0.3123644307216724	0	0	6.105846153846154	11.29917891851374	TCAP
Long-chain Fatty Acid Biosynthetic Process (GO:0042759)	1/26	0.15715057276342775	0.3123644307216724	0	0	6.105846153846154	11.29917891851374	ALOX5
Transcription by RNA Polymerase I (GO:0006360)	1/26	0.15715057276342775	0.3123644307216724	0	0	6.105846153846154	11.29917891851374	POLR2H
Macrophage Differentiation (GO:0030225)	1/26	0.15715057276342775	0.3123644307216724	0	0	6.105846153846154	11.29917891851374	MMP9
Positive Regulation of Telomere Maintenance via Telomere Lengthening (GO:1904358)	1/26	0.15715057276342775	0.3123644307216724	0	0	6.105846153846154	11.29917891851374	HSP90AA1
Triglyceride Catabolic Process (GO:0019433)	1/26	0.15715057276342775	0.3123644307216724	0	0	6.105846153846154	11.29917891851374	FABP2
DNA Replication (GO:0006260)	2/108	0.1577588310879498	0.3124731935057813	0	0	2.890595290332017	5.338027050420404	CHEK1;MCM5
Steroid Metabolic Process (GO:0008202)	2/108	0.1577588310879498	0.3124731935057813	0	0	2.890595290332017	5.338027050420404	RDH5;CYP46A1
Positive Regulation of Vasculature Development (GO:1904018)	2/110	0.1623580764066612	0.31557376308903656	0	0	2.8367786391042205	5.157124662419324	CXCR3;HSPB1
Amyloid Fibril Formation (GO:1990000)	1/27	0.16267841463048652	0.31557376308903656	0	0	5.870710059171597	10.661091720478288	B2M
Antigen Processing and Presentation of Exogenous Peptide Antigen via MHC Class II (GO:0019886)	1/27	0.16267841463048652	0.31557376308903656	0	0	5.870710059171597	10.661091720478288	B2M
Negative Regulation of Osteoclast Differentiation (GO:0045671)	1/27	0.16267841463048652	0.31557376308903656	0	0	5.870710059171597	10.661091720478288	KISS1R
Regulation of Neuroinflammatory Response (GO:0150077)	1/27	0.16267841463048652	0.31557376308903656	0	0	5.870710059171597	10.661091720478288	MMP9
Fatty Acid Derivative Biosynthetic Process (GO:1901570)	1/27	0.16267841463048652	0.31557376308903656	0	0	5.870710059171597	10.661091720478288	ALOX5
Fatty-acyl-CoA Biosynthetic Process (GO:0046949)	1/27	0.16267841463048652	0.31557376308903656	0	0	5.870710059171597	10.661091720478288	ACSL6
GPI Anchor Biosynthetic Process (GO:0006506)	1/27	0.16267841463048652	0.31557376308903656	0	0	5.870710059171597	10.661091720478288	PIGP
GPI Anchor Metabolic Process (GO:0006505)	1/27	0.16267841463048652	0.31557376308903656	0	0	5.870710059171597	10.661091720478288	PIGP
Sterol Transport (GO:0015918)	1/27	0.16267841463048652	0.31557376308903656	0	0	5.870710059171597	10.661091720478288	APOA1
Positive Regulation of Release of Sequestered Calcium Ion Into Cytosol (GO:0051281)	1/27	0.16267841463048652	0.31557376308903656	0	0	5.870710059171597	10.661091720478288	CXCR3
Negative Chemotaxis (GO:0050919)	1/27	0.16267841463048652	0.31557376308903656	0	0	5.870710059171597	10.661091720478288	APOA1
Negative Regulation of Catabolic Process (GO:0009895)	2/111	0.16466686953321627	0.3169686857982092	0	0	2.810610909608136	5.069866577507228	PPP1R3B;CIDEC
Neuron Projection Development (GO:0031175)	3/214	0.16564250906104078	0.3169686857982092	0	0	2.1835752369668247	3.925900954686727	PLP1;BMP7;MANF
Actin Filament Polymerization (GO:0030041)	1/28	0.16817027705325713	0.3169686857982092	0	0	5.652991452991453	10.078030260645932	MSRB1
Acylglycerol Homeostasis (GO:0055090)	1/28	0.16817027705325713	0.3169686857982092	0	0	5.652991452991453	10.078030260645932	APOA1
Regulation of DNA Binding (GO:0051101)	1/28	0.16817027705325713	0.3169686857982092	0	0	5.652991452991453	10.078030260645932	MMP9
Regulation of Blood Coagulation (GO:0030193)	1/28	0.16817027705325713	0.3169686857982092	0	0	5.652991452991453	10.078030260645932	PLAU
Regulation of Cholesterol Metabolic Process (GO:0090181)	1/28	0.16817027705325713	0.3169686857982092	0	0	5.652991452991453	10.078030260645932	APOA1
Cardiac Muscle Cell Differentiation (GO:0055007)	1/28	0.16817027705325713	0.3169686857982092	0	0	5.652991452991453	10.078030260645932	TCAP
Negative Regulation of Neurogenesis (GO:0050768)	1/28	0.16817027705325713	0.3169686857982092	0	0	5.652991452991453	10.078030260645932	B2M
Regulation of Cytokine Production Involved in Immune Response (GO:0002718)	1/28	0.16817027705325713	0.3169686857982092	0	0	5.652991452991453	10.078030260645932	APOA1
Regulation of Peptidyl-Tyrosine Phosphorylation (GO:0050730)	1/28	0.16817027705325713	0.3169686857982092	0	0	5.652991452991453	10.078030260645932	CNOT7
ER-nucleus Signaling Pathway (GO:0006984)	1/28	0.16817027705325713	0.3169686857982092	0	0	5.652991452991453	10.078030260645932	MANF
Regulation of Reactive Oxygen Species Biosynthetic Process (GO:1903426)	1/28	0.16817027705325713	0.3169686857982092	0	0	5.652991452991453	10.078030260645932	ALOX5
Positive Regulation of Erythrocyte Differentiation (GO:0045648)	1/28	0.16817027705325713	0.3169686857982092	0	0	5.652991452991453	10.078030260645932	GATA1
Response to Zinc Ion (GO:0010043)	1/28	0.16817027705325713	0.3169686857982092	0	0	5.652991452991453	10.078030260645932	P2RX4
Host-mediated Perturbation of Viral Transcription (GO:0043921)	1/28	0.16817027705325713	0.3169686857982092	0	0	5.652991452991453	10.078030260645932	NUCKS1
MiRNA-mediated Post-Transcriptional Gene Silencing (GO:0035195)	1/28	0.16817027705325713	0.3169686857982092	0	0	5.652991452991453	10.078030260645932	CNOT7
Antigen Processing and Presentation of Peptide Antigen via MHC Class II (GO:0002495)	1/29	0.1736263924012151	0.3224082187844932	0	0	5.4508241758241764	9.543572555804772	B2M
Negative Regulation of Interleukin-1 Beta Production (GO:0032691)	1/29	0.1736263924012151	0.3224082187844932	0	0	5.4508241758241764	9.543572555804772	APOA1
Regulation of Extrinsic Apoptotic Signaling Pathway in Absence of Ligand (GO:2001239)	1/29	0.1736263924012151	0.3224082187844932	0	0	5.4508241758241764	9.543572555804772	GATA1
DNA Damage Tolerance (GO:0006301)	1/29	0.1736263924012151	0.3224082187844932	0	0	5.4508241758241764	9.543572555804772	POLN
Regulation of Protein Modification by Small Protein Conjugation or Removal (GO:1903320)	1/29	0.1736263924012151	0.3224082187844932	0	0	5.4508241758241764	9.543572555804772	HSP90AA1
Positive Regulation of Cell Communication (GO:0010647)	1/29	0.1736263924012151	0.3224082187844932	0	0	5.4508241758241764	9.543572555804772	KISS1R
Positive Regulation of Defense Response to Virus by Host (GO:0002230)	1/29	0.1736263924012151	0.3224082187844932	0	0	5.4508241758241764	9.543572555804772	HSP90AA1
Telomere Maintenance via Telomere Lengthening (GO:0010833)	1/29	0.1736263924012151	0.3224082187844932	0	0	5.4508241758241764	9.543572555804772	HSP90AA1
Positive Regulation of Viral Genome Replication (GO:0045070)	1/29	0.1736263924012151	0.3224082187844932	0	0	5.4508241758241764	9.543572555804772	CNOT7
Protein Maturation (GO:0051604)	3/221	0.17688564770885457	0.3260387959789032	0	0	2.112707855504587	3.659742013746745	HSP90AA1;DNAJB11;CFB
Negative Regulation of Cytoskeleton Organization (GO:0051494)	1/30	0.17904699159160314	0.3260387959789032	0	0	5.262599469496021	9.052234105349967	FKBP4
Negative Regulation of Epidermal Growth Factor Receptor Signaling Pathway (GO:0042059)	1/30	0.17904699159160314	0.3260387959789032	0	0	5.262599469496021	9.052234105349967	NPPA
Regulation of Calcium Ion Transmembrane Transport (GO:1903169)	1/30	0.17904699159160314	0.3260387959789032	0	0	5.262599469496021	9.052234105349967	NPPA
Negative Regulation of Non-Canonical NF-kappaB Signal Transduction (GO:1901223)	1/30	0.17904699159160314	0.3260387959789032	0	0	5.262599469496021	9.052234105349967	BMP7
Regulation of Immunoglobulin Production (GO:0002637)	1/30	0.17904699159160314	0.3260387959789032	0	0	5.262599469496021	9.052234105349967	DNAJB9
Regulation of Lipid Catabolic Process (GO:0050994)	1/30	0.17904699159160314	0.3260387959789032	0	0	5.262599469496021	9.052234105349967	CIDEC
Regulation of Long-Term Synaptic Potentiation (GO:1900271)	1/30	0.17904699159160314	0.3260387959789032	0	0	5.262599469496021	9.052234105349967	CYP46A1
Non-canonical NF-kappaB Signal Transduction (GO:0038061)	1/30	0.17904699159160314	0.3260387959789032	0	0	5.262599469496021	9.052234105349967	ZFP91
Regulation of Microtubule Polymerization or Depolymerization (GO:0031110)	1/30	0.17904699159160314	0.3260387959789032	0	0	5.262599469496021	9.052234105349967	FKBP4
Positive Regulation of Rho Protein Signal Transduction (GO:0035025)	1/30	0.17904699159160314	0.3260387959789032	0	0	5.262599469496021	9.052234105349967	APOA1
Vascular Endothelial Growth Factor Receptor Signaling Pathway (GO:0048010)	1/30	0.17904699159160314	0.3260387959789032	0	0	5.262599469496021	9.052234105349967	HSPB1
Regulation of Androgen Receptor Signaling Pathway (GO:0060765)	1/31	0.18443230402669897	0.3305143988034018	0	0	5.086923076923077	8.599305090496161	PRMT2
Negative Regulation of Response to Endoplasmic Reticulum Stress (GO:1903573)	1/31	0.18443230402669897	0.3305143988034018	0	0	5.086923076923077	8.599305090496161	ALOX5
Negative Regulation of Wound Healing (GO:0061045)	1/31	0.18443230402669897	0.3305143988034018	0	0	5.086923076923077	8.599305090496161	ALOX5
Pigment Biosynthetic Process (GO:0046148)	1/31	0.18443230402669897	0.3305143988034018	0	0	5.086923076923077	8.599305090496161	TMEM14C
Regulation of Striated Muscle Contraction (GO:0006942)	1/31	0.18443230402669897	0.3305143988034018	0	0	5.086923076923077	8.599305090496161	P2RX4
Positive Regulation of Calcium Ion Transport (GO:0051928)	1/31	0.18443230402669897	0.3305143988034018	0	0	5.086923076923077	8.599305090496161	P2RX4
GPI Anchored Protein Biosynthesis (GO:0180046)	1/31	0.18443230402669897	0.3305143988034018	0	0	5.086923076923077	8.599305090496161	PIGP
Positive Regulation of Cholesterol Transport (GO:0032376)	1/31	0.18443230402669897	0.3305143988034018	0	0	5.086923076923077	8.599305090496161	APOA1
Mitotic G2 DNA Damage Checkpoint Signaling (GO:0007095)	1/31	0.18443230402669897	0.3305143988034018	0	0	5.086923076923077	8.599305090496161	CHEK1
Protein Insertion Into ER Membrane (GO:0045048)	1/31	0.18443230402669897	0.3305143988034018	0	0	5.086923076923077	8.599305090496161	TRAM2
Positive Regulation of Cell Cycle Process (GO:0090068)	2/121	0.188050013362674	0.33531221842236736	0	0	2.57312227216468	4.299809084669551	DYNLL1;DYNLL2
Transforming Growth Factor Beta Receptor Superfamily Signaling Pathway (GO:0141091)	2/121	0.188050013362674	0.33531221842236736	0	0	2.57312227216468	4.299809084669551	APOA1;BMP7
Acyl-CoA Metabolic Process (GO:0006637)	1/32	0.18978255763675175	0.33531221842236736	0	0	4.922580645161291	8.18072008774948	ACSL6
Negative Regulation of Blood Coagulation (GO:0030195)	1/32	0.18978255763675175	0.33531221842236736	0	0	4.922580645161291	8.18072008774948	PLAU
Cardiac Muscle Tissue Morphogenesis (GO:0055008)	1/32	0.18978255763675175	0.33531221842236736	0	0	4.922580645161291	8.18072008774948	TCAP
Peptide Hormone Processing (GO:0016486)	1/32	0.18978255763675175	0.33531221842236736	0	0	4.922580645161291	8.18072008774948	REN
Positive Regulation of G Protein-Coupled Receptor Signaling Pathway (GO:0045745)	1/32	0.18978255763675175	0.33531221842236736	0	0	4.922580645161291	8.18072008774948	RGS2
Positive Regulation of Calcium-Mediated Signaling (GO:0050850)	1/32	0.18978255763675175	0.33531221842236736	0	0	4.922580645161291	8.18072008774948	P2RX4
Very Long-Chain Fatty Acid Metabolic Process (GO:0000038)	1/32	0.18978255763675175	0.33531221842236736	0	0	4.922580645161291	8.18072008774948	ACSL6
Cellular Response to Molecule of Bacterial Origin (GO:0071219)	2/122	0.1904142112645888	0.3359025695589387	0	0	2.5515503875968992	4.231882877866458	B2M;MMP9
Regulation of Protein-Containing Complex Assembly (GO:0043254)	2/123	0.19278247856041375	0.3395497945315244	0	0	2.5303350631046193	4.165419311285365	HSP90AA1;HSPA5
Regulation of Cholesterol Efflux (GO:0010874)	1/33	0.1950979789430415	0.34202735749486624	0	0	4.768509615384615	7.792953006521877	APOA1
Endodermal Cell Differentiation (GO:0035987)	1/33	0.1950979789430415	0.34202735749486624	0	0	4.768509615384615	7.792953006521877	MMP9
Positive Regulation of Locomotion (GO:0040017)	1/33	0.1950979789430415	0.34202735749486624	0	0	4.768509615384615	7.792953006521877	CXCR3
Positive Regulation of Cell Migration (GO:0030335)	4/349	0.19602766120585	0.34312438682388324	0	0	1.7824032865457036	2.9044252661995698	HSPA5;PLAU;GLIPR2;S100A11
Cellular Response to Lipopolysaccharide (GO:0071222)	2/125	0.19753061042224657	0.34381102924676493	0	0	2.488939307997731	4.036715380003251	B2M;MMP9
Protein-containing Complex Organization (GO:0043933)	2/126	0.19991017403470432	0.34381102924676493	0	0	2.4687421855463865	3.974396304262144	TCAP;CAPG
Regulation of Signal Transduction (GO:0009966)	3/235	0.1999720418001036	0.34381102924676493	0	0	1.9838025323275863	3.1930843434346294	RGS2;PLAU;NUCKS1
Regulation of G0 to G1 Transition (GO:0070316)	1/34	0.2003787929533847	0.34381102924676493	0	0	4.623776223776224	7.432931766422354	CHEK1
Regulation of Bone Resorption (GO:0045124)	1/34	0.2003787929533847	0.34381102924676493	0	0	4.623776223776224	7.432931766422354	KISS1R
Negative Regulation of Interleukin-1 Production (GO:0032692)	1/34	0.2003787929533847	0.34381102924676493	0	0	4.623776223776224	7.432931766422354	APOA1
Regulation of Cell Adhesion Mediated by Integrin (GO:0033628)	1/34	0.2003787929533847	0.34381102924676493	0	0	4.623776223776224	7.432931766422354	PLAU
Negative Regulation of Microtubule Polymerization or Depolymerization (GO:0031111)	1/34	0.2003787929533847	0.34381102924676493	0	0	4.623776223776224	7.432931766422354	FKBP4
Chromosome Condensation (GO:0030261)	1/34	0.2003787929533847	0.34381102924676493	0	0	4.623776223776224	7.432931766422354	H1-6
Collagen Catabolic Process (GO:0030574)	1/34	0.2003787929533847	0.34381102924676493	0	0	4.623776223776224	7.432931766422354	MMP9
Positive Regulation of D-glucose Transmembrane Transport (GO:0010828)	1/34	0.2003787929533847	0.34381102924676493	0	0	4.623776223776224	7.432931766422354	PTH
Positive Regulation of G1/S Transition of Mitotic Cell Cycle (GO:1900087)	1/34	0.2003787929533847	0.34381102924676493	0	0	4.623776223776224	7.432931766422354	CCNE1
Positive Regulation of T Cell Mediated Cytotoxicity (GO:0001916)	1/34	0.2003787929533847	0.34381102924676493	0	0	4.623776223776224	7.432931766422354	MR1
Positive Regulation of Angiogenesis (GO:0045766)	2/127	0.2022932051387908	0.3465690874077312	0	0	2.4488682170542635	3.913382321206443	CXCR3;HSPB1
Negative Regulation of Intracellular Signal Transduction (GO:1902532)	4/354	0.2027357119616238	0.3468009375828383	0	0	1.7564904386951632	2.803098884404353	PRMT2;HSPB1;BMP7;MMP9
Mitotic Sister Chromatid Segregation (GO:0000070)	2/128	0.20467955767325496	0.34701177436166825	0	0	2.429309708379476	3.853637448089936	H3-7;SMC1A
Bile Acid Metabolic Process (GO:0008206)	1/35	0.2056252232488539	0.34701177436166825	0	0	4.487556561085973	7.097968534671513	CYP46A1
Cardiac Muscle Contraction (GO:0060048)	1/35	0.2056252232488539	0.34701177436166825	0	0	4.487556561085973	7.097968534671513	TCAP
Regulation of Developmental Growth (GO:0048638)	1/35	0.2056252232488539	0.34701177436166825	0	0	4.487556561085973	7.097968534671513	AGR2
Organophosphate Biosynthetic Process (GO:0090407)	1/35	0.2056252232488539	0.34701177436166825	0	0	4.487556561085973	7.097968534671513	DCK
Regulation of Tyrosine Phosphorylation of STAT Protein (GO:0042509)	1/35	0.2056252232488539	0.34701177436166825	0	0	4.487556561085973	7.097968534671513	CNOT7
Positive Regulation of Interleukin-10 Production (GO:0032733)	1/35	0.2056252232488539	0.34701177436166825	0	0	4.487556561085973	7.097968534671513	ISG15
Host-mediated Activation of Viral Process (GO:0044794)	1/35	0.2056252232488539	0.34701177436166825	0	0	4.487556561085973	7.097968534671513	NUCKS1
Positive Regulation of Substrate Adhesion-Dependent Cell Spreading (GO:1900026)	1/35	0.2056252232488539	0.34701177436166825	0	0	4.487556561085973	7.097968534671513	APOA1
Antigen Processing and Presentation of Exogenous Peptide Antigen (GO:0002478)	1/36	0.21083749200989477	0.35056778862911814	0	0	4.359120879120879	6.785702334197538	B2M
Negative Regulation of Endocytosis (GO:0045806)	1/36	0.21083749200989477	0.35056778862911814	0	0	4.359120879120879	6.785702334197538	B2M
Negative Regulation of Lipid Metabolic Process (GO:0045833)	1/36	0.21083749200989477	0.35056778862911814	0	0	4.359120879120879	6.785702334197538	CIDEC
Regulation of Cellular Senescence (GO:2000772)	1/36	0.21083749200989477	0.35056778862911814	0	0	4.359120879120879	6.785702334197538	B2M
Nucleobase-containing Compound Metabolic Process (GO:0006139)	1/36	0.21083749200989477	0.35056778862911814	0	0	4.359120879120879	6.785702334197538	NUDT5
Diterpenoid Metabolic Process (GO:0016101)	1/36	0.21083749200989477	0.35056778862911814	0	0	4.359120879120879	6.785702334197538	RDH5
Sarcomere Organization (GO:0045214)	1/36	0.21083749200989477	0.35056778862911814	0	0	4.359120879120879	6.785702334197538	TCAP
Positive Regulation of Signaling (GO:0023056)	1/36	0.21083749200989477	0.35056778862911814	0	0	4.359120879120879	6.785702334197538	KISS1R
Triglyceride Homeostasis (GO:0070328)	1/36	0.21083749200989477	0.35056778862911814	0	0	4.359120879120879	6.785702334197538	APOA1
Vacuolar Acidification (GO:0007035)	1/36	0.21083749200989477	0.35056778862911814	0	0	4.359120879120879	6.785702334197538	ATP6V0E1
Actin Filament Bundle Assembly (GO:0051017)	1/37	0.2160158199701249	0.35345197209604495	0	0	4.237820512820512	6.49405155144787	HSP90B1
Regulation of D-glucose Import Across Plasma Membrane (GO:0046324)	1/37	0.2160158199701249	0.35345197209604495	0	0	4.237820512820512	6.49405155144787	PTH
Cellular Response to Vascular Endothelial Growth Factor Stimulus (GO:0035924)	1/37	0.2160158199701249	0.35345197209604495	0	0	4.237820512820512	6.49405155144787	HSPB1
DNA Damage Checkpoint Signaling (GO:0000077)	1/37	0.2160158199701249	0.35345197209604495	0	0	4.237820512820512	6.49405155144787	CHEK1
Regulation of Muscle Contraction (GO:0006937)	1/37	0.2160158199701249	0.35345197209604495	0	0	4.237820512820512	6.49405155144787	MYL9
Endoderm Formation (GO:0001706)	1/37	0.2160158199701249	0.35345197209604495	0	0	4.237820512820512	6.49405155144787	MMP9
Positive Regulation of Cytokine Production Involved in Immune Response (GO:0002720)	1/37	0.2160158199701249	0.35345197209604495	0	0	4.237820512820512	6.49405155144787	B2M
Positive Regulation of Immunoglobulin Production (GO:0002639)	1/37	0.2160158199701249	0.35345197209604495	0	0	4.237820512820512	6.49405155144787	DNAJB9
Sensory Perception of Pain (GO:0019233)	1/37	0.2160158199701249	0.35345197209604495	0	0	4.237820512820512	6.49405155144787	P2RX4
Sister Chromatid Segregation (GO:0000819)	1/37	0.2160158199701249	0.35345197209604495	0	0	4.237820512820512	6.49405155144787	SMC1A
Sulfur Compound Biosynthetic Process (GO:0044272)	1/37	0.2160158199701249	0.35345197209604495	0	0	4.237820512820512	6.49405155144787	MAT2A
Glycerophospholipid Biosynthetic Process (GO:0046474)	2/134	0.21905946032886203	0.35668205024745847	0	0	2.3181818181818183	3.5199552709539046	PIGP;APOA1
Acylglycerol Catabolic Process (GO:0046464)	1/38	0.22116042647143752	0.35668205024745847	0	0	4.123076923076923	6.221174415676765	FABP2
Anterograde Axonal Transport (GO:0008089)	1/38	0.22116042647143752	0.35668205024745847	0	0	4.123076923076923	6.221174415676765	HSPB1
Negative Regulation of Epithelial to Mesenchymal Transition (GO:0010719)	1/38	0.22116042647143752	0.35668205024745847	0	0	4.123076923076923	6.221174415676765	ZNF750
Regulation of Defense Response to Virus by Host (GO:0050691)	1/38	0.22116042647143752	0.35668205024745847	0	0	4.123076923076923	6.221174415676765	HSP90AA1
Negative Regulation of Phosphorylation (GO:0042326)	1/38	0.22116042647143752	0.35668205024745847	0	0	4.123076923076923	6.221174415676765	DYNLL1
Regulation of Microtubule Cytoskeleton Organization (GO:0070507)	1/38	0.22116042647143752	0.35668205024745847	0	0	4.123076923076923	6.221174415676765	CDK2AP2
Regulatory ncRNA-mediated Gene Silencing (GO:0031047)	1/38	0.22116042647143752	0.35668205024745847	0	0	4.123076923076923	6.221174415676765	CNOT7
Intracellular pH Reduction (GO:0051452)	1/38	0.22116042647143752	0.35668205024745847	0	0	4.123076923076923	6.221174415676765	ATP6V0E1
Positive Regulation of Myeloid Cell Differentiation (GO:0045639)	1/38	0.22116042647143752	0.35668205024745847	0	0	4.123076923076923	6.221174415676765	GATA1
Fatty Acid Metabolic Process (GO:0006631)	2/135	0.221465117115561	0.35668205024745847	0	0	2.300635309203241	3.4681851518099296	ALOX5;ACSL6
Positive Regulation of Developmental Process (GO:0051094)	3/248	0.2220155679135725	0.35705922531969136	0	0	1.877295918367347	2.825344950925451	AGR2;PRL;BMP7
Negative Regulation of Cell-Cell Adhesion (GO:0022408)	1/39	0.2262715293798204	0.35980360094340463	0	0	4.014372469635627	5.965435944563848	APOA1
Aortic Valve Morphogenesis (GO:0003180)	1/39	0.2262715293798204	0.35980360094340463	0	0	4.014372469635627	5.965435944563848	NPPA
COPII-coated Vesicle Budding (GO:0090114)	1/39	0.2262715293798204	0.35980360094340463	0	0	4.014372469635627	5.965435944563848	CIDEB
Negative Regulation of Myeloid Leukocyte Differentiation (GO:0002762)	1/39	0.2262715293798204	0.35980360094340463	0	0	4.014372469635627	5.965435944563848	KISS1R
Regulation of Erythrocyte Differentiation (GO:0045646)	1/39	0.2262715293798204	0.35980360094340463	0	0	4.014372469635627	5.965435944563848	GATA1
Regulation of Protein Polymerization (GO:0032271)	1/39	0.2262715293798204	0.35980360094340463	0	0	4.014372469635627	5.965435944563848	HSP90AA1
Positive Regulation of Carbohydrate Metabolic Process (GO:0045913)	1/39	0.2262715293798204	0.35980360094340463	0	0	4.014372469635627	5.965435944563848	PTH
Membrane Depolarization (GO:0051899)	1/39	0.2262715293798204	0.35980360094340463	0	0	4.014372469635627	5.965435944563848	P2RX4
Regulation of Cytoskeleton Organization (GO:0051493)	2/139	0.23110858388195463	0.3622654795915195	0	0	2.2330108074463872	3.2710652242786167	CLIC4;CDK2AP2
Cellular Response to Heat (GO:0034605)	1/40	0.23134934524843717	0.3622654795915195	0	0	3.911242603550296	5.725380155504451	HSP90AA1
Regulation of Release of Cytochrome C From Mitochondria (GO:0090199)	1/40	0.23134934524843717	0.3622654795915195	0	0	3.911242603550296	5.725380155504451	MMP9
Positive Regulation of DNA Biosynthetic Process (GO:2000573)	1/40	0.23134934524843717	0.3622654795915195	0	0	3.911242603550296	5.725380155504451	HSP90AA1
Positive Regulation of SMAD Protein Signal Transduction (GO:0060391)	1/40	0.23134934524843717	0.3622654795915195	0	0	3.911242603550296	5.725380155504451	BMP7
Regulation of Sprouting Angiogenesis (GO:1903670)	1/40	0.23134934524843717	0.3622654795915195	0	0	3.911242603550296	5.725380155504451	ALOX5
Fatty Acid Transport (GO:0015908)	1/40	0.23134934524843717	0.3622654795915195	0	0	3.911242603550296	5.725380155504451	FABP2
Fibroblast Growth Factor Receptor Signaling Pathway (GO:0008543)	1/40	0.23134934524843717	0.3622654795915195	0	0	3.911242603550296	5.725380155504451	FIBP
Regulation of Vascular Associated Smooth Muscle Cell Proliferation (GO:1904705)	1/40	0.23134934524843717	0.3622654795915195	0	0	3.911242603550296	5.725380155504451	MMP9
Host-mediated Perturbation of Viral Process (GO:0044788)	1/40	0.23134934524843717	0.3622654795915195	0	0	3.911242603550296	5.725380155504451	NUCKS1
Male Meiotic Nuclear Division (GO:0007140)	1/40	0.23134934524843717	0.3622654795915195	0	0	3.911242603550296	5.725380155504451	HSPA2
Circulatory System Development (GO:0072359)	2/141	0.23594102590377383	0.3676156015214518	0	0	2.200658078188612	3.1781318489416925	CACYBP;BMP7
Regulation of Response to External Stimulus (GO:0032101)	2/141	0.23594102590377383	0.3676156015214518	0	0	2.200658078188612	3.1781318489416925	P2RX4;ALOX5
Regulation of Sodium Ion Transport (GO:0002028)	1/41	0.23639408919802837	0.3676156015214518	0	0	3.813269230769231	5.499706603575161	P2RX4
Heme Metabolic Process (GO:0042168)	1/41	0.23639408919802837	0.3676156015214518	0	0	3.813269230769231	5.499706603575161	TMEM14C
Positive Regulation of Viral Process (GO:0048524)	1/41	0.23639408919802837	0.3676156015214518	0	0	3.813269230769231	5.499706603575161	CNOT7
Regulation of Cell Adhesion (GO:0030155)	2/142	0.2383594862247032	0.36980643925668666	0	0	2.184828349944629	3.1329898854252516	PLAU;CXCR3
Cilium Assembly (GO:0060271)	3/258	0.2392931153360163	0.36980643925668666	0	0	1.8027573529411764	2.578062094930893	UBXN10;POC1A;DYNLL1
Aortic Valve Development (GO:0003176)	1/42	0.24140597496207092	0.36980643925668666	0	0	3.720075046904315	5.287250478221397	NPPA
Regulation of Cellular Component Biogenesis (GO:0044087)	1/42	0.24140597496207092	0.36980643925668666	0	0	3.720075046904315	5.287250478221397	HSP90AA1
Negative Regulation of Protein Secretion (GO:0050709)	1/42	0.24140597496207092	0.36980643925668666	0	0	3.720075046904315	5.287250478221397	DPH3
Negative Regulation of Secretion by Cell (GO:1903531)	1/42	0.24140597496207092	0.36980643925668666	0	0	3.720075046904315	5.287250478221397	DPH3
Embryonic Skeletal System Development (GO:0048706)	1/42	0.24140597496207092	0.36980643925668666	0	0	3.720075046904315	5.287250478221397	DLX4
Heart Contraction (GO:0060047)	1/42	0.24140597496207092	0.36980643925668666	0	0	3.720075046904315	5.287250478221397	TCAP
Positive Regulation of Production of Molecular Mediator of Immune Response (GO:0002702)	1/42	0.24140597496207092	0.36980643925668666	0	0	3.720075046904315	5.287250478221397	DNAJB9
Lipid Modification (GO:0030258)	1/42	0.24140597496207092	0.36980643925668666	0	0	3.720075046904315	5.287250478221397	ALOX5
Zymogen Activation (GO:0031638)	1/42	0.24140597496207092	0.36980643925668666	0	0	3.720075046904315	5.287250478221397	PLAU
Negative Regulation of DNA Recombination (GO:0045910)	1/43	0.24638521492211796	0.3738829403858483	0	0	3.6313186813186817	5.086965650860344	H1-6
DNA-templated Transcription Termination (GO:0006353)	1/43	0.24638521492211796	0.3738829403858483	0	0	3.6313186813186817	5.086965650860344	POLR2H
Digestive Tract Development (GO:0048565)	1/43	0.24638521492211796	0.3738829403858483	0	0	3.6313186813186817	5.086965650860344	AGR2
Extracellular Matrix Disassembly (GO:0022617)	1/43	0.24638521492211796	0.3738829403858483	0	0	3.6313186813186817	5.086965650860344	MMP9
Positive Regulation of Cell Cycle G1/S Phase Transition (GO:1902808)	1/43	0.24638521492211796	0.3738829403858483	0	0	3.6313186813186817	5.086965650860344	CCNE1
Positive Regulation of Monoatomic Ion Transport (GO:0043270)	1/43	0.24638521492211796	0.3738829403858483	0	0	3.6313186813186817	5.086965650860344	P2RX4
Striated Muscle Tissue Development (GO:0014706)	1/43	0.24638521492211796	0.3738829403858483	0	0	3.6313186813186817	5.086965650860344	BMP7
Negative Regulation of Gene Expression, Epigenetic (GO:0045814)	2/146	0.2480454353419835	0.3758970422833549	0	0	2.123708010335917	2.960753384179589	H3-7;CHEK1
Regulation of Epithelial Cell Migration (GO:0010632)	1/44	0.2513320201385109	0.3778346880644192	0	0	3.5466905187835422	4.897910178444639	GLIPR2
Nuclear-transcribed mRNA Catabolic Process, Deadenylation-Dependent Decay (GO:0000288)	1/44	0.2513320201385109	0.3778346880644192	0	0	3.5466905187835422	4.897910178444639	CNOT7
Keratinocyte Differentiation (GO:0030216)	1/44	0.2513320201385109	0.3778346880644192	0	0	3.5466905187835422	4.897910178444639	CLIC4
Positive Regulation of Receptor-Mediated Endocytosis (GO:0048260)	1/44	0.2513320201385109	0.3778346880644192	0	0	3.5466905187835422	4.897910178444639	B2M
Positive Regulation of Stress Fiber Assembly (GO:0051496)	1/44	0.2513320201385109	0.3778346880644192	0	0	3.5466905187835422	4.897910178444639	APOA1
Vitamin Transport (GO:0051180)	1/44	0.2513320201385109	0.3778346880644192	0	0	3.5466905187835422	4.897910178444639	APOA1
Base-excision Repair (GO:0006284)	1/45	0.2562466002167321	0.3816654507185891	0	0	3.465909090909091	4.719233862496041	UNG
Regulation of Intrinsic Apoptotic Signaling Pathway (GO:2001242)	1/45	0.2562466002167321	0.3816654507185891	0	0	3.465909090909091	4.719233862496041	MMP9
Ephrin Receptor Signaling Pathway (GO:0048013)	1/45	0.2562466002167321	0.3816654507185891	0	0	3.465909090909091	4.719233862496041	MMP9
Establishment of Protein Localization to Extracellular Region (GO:0035592)	1/45	0.2562466002167321	0.3816654507185891	0	0	3.465909090909091	4.719233862496041	PDIA4
Regulation of Telomere Maintenance via Telomerase (GO:0032210)	1/45	0.2562466002167321	0.3816654507185891	0	0	3.465909090909091	4.719233862496041	HSP90AA1
Response to Type I Interferon (GO:0034340)	1/45	0.2562466002167321	0.3816654507185891	0	0	3.465909090909091	4.719233862496041	ISG15
Positive Regulation of Receptor Signaling Pathway via JAK-STAT (GO:0046427)	1/45	0.2562466002167321	0.3816654507185891	0	0	3.465909090909091	4.719233862496041	PRL
Cellular Response to Growth Factor Stimulus (GO:0071363)	2/151	0.26017138057113537	0.38387347083869416	0	0	2.0519223765672963	2.7627384696835833	HSPB1;BMP7
Membraneless Organelle Assembly (GO:0140694)	2/151	0.26017138057113537	0.38387347083869416	0	0	2.0519223765672963	2.7627384696835833	H3-7;MYL9
Regulation of Cell-Substrate Adhesion (GO:0010810)	1/46	0.2611291635111755	0.38387347083869416	0	0	3.388717948717949	4.5501675272107995	AGR2
Regulation of Dendrite Development (GO:0050773)	1/46	0.2611291635111755	0.38387347083869416	0	0	3.388717948717949	4.5501675272107995	BMP7
Regulation of Microtubule-Based Process (GO:0032886)	1/46	0.2611291635111755	0.38387347083869416	0	0	3.388717948717949	4.5501675272107995	CDK2AP2
Regulation of Protein Localization to Mitochondrion (GO:1903747)	1/46	0.2611291635111755	0.38387347083869416	0	0	3.388717948717949	4.5501675272107995	DNAJA1
Regulation of Receptor-Mediated Endocytosis (GO:0048259)	1/46	0.2611291635111755	0.38387347083869416	0	0	3.388717948717949	4.5501675272107995	B2M
Regulation of Transport (GO:0051049)	1/46	0.2611291635111755	0.38387347083869416	0	0	3.388717948717949	4.5501675272107995	DNAJA1
Response to Amyloid-Beta (GO:1904645)	1/46	0.2611291635111755	0.38387347083869416	0	0	3.388717948717949	4.5501675272107995	MMP9
Potassium Ion Import Across Plasma Membrane (GO:1990573)	1/46	0.2611291635111755	0.38387347083869416	0	0	3.388717948717949	4.5501675272107995	KCNJ1
Activation of Protein Kinase Activity (GO:0032147)	1/47	0.2659799169914363	0.38948291346735614	0	0	3.3148829431438127	4.390013755839864	ZFP91
Cellular Component Disassembly (GO:0022411)	1/47	0.2659799169914363	0.38948291346735614	0	0	3.3148829431438127	4.390013755839864	MMP9
Cellular Response to Amino Acid Stimulus (GO:0071230)	1/47	0.2659799169914363	0.38948291346735614	0	0	3.3148829431438127	4.390013755839864	MAT2A
Cellular Response to Glucose Starvation (GO:0042149)	1/48	0.2707990662874435	0.3934776651718451	0	0	3.244189852700491	4.238138854578135	HSPA5
Negative Regulation of Viral Genome Replication (GO:0045071)	1/48	0.2707990662874435	0.3934776651718451	0	0	3.244189852700491	4.238138854578135	ISG15
Chromosome Organization (GO:0051276)	1/48	0.2707990662874435	0.3934776651718451	0	0	3.244189852700491	4.238138854578135	H1-6
Positive Regulation of miRNA Transcription (GO:1902895)	1/48	0.2707990662874435	0.3934776651718451	0	0	3.244189852700491	4.238138854578135	PRL
Positive Regulation of Receptor Signaling Pathway via STAT (GO:1904894)	1/48	0.2707990662874435	0.3934776651718451	0	0	3.244189852700491	4.238138854578135	PRL
Mitotic Spindle Assembly (GO:0090307)	1/48	0.2707990662874435	0.3934776651718451	0	0	3.244189852700491	4.238138854578135	SMC1A
Regulation of Calcium-Mediated Signaling (GO:0050848)	1/49	0.27558681582982053	0.39736591963201456	0	0	3.176442307692308	4.093965860472672	P2RX4
Positive Regulation of Epithelial to Mesenchymal Transition (GO:0010718)	1/49	0.27558681582982053	0.39736591963201456	0	0	3.176442307692308	4.093965860472672	GLIPR2
Ribosomal Large Subunit Biogenesis (GO:0042273)	1/49	0.27558681582982053	0.39736591963201456	0	0	3.176442307692308	4.093965860472672	GTF3A
Male Gonad Development (GO:0008584)	1/49	0.27558681582982053	0.39736591963201456	0	0	3.176442307692308	4.093965860472672	GATA1
Mitotic Nuclear Division (GO:0140014)	1/49	0.27558681582982053	0.39736591963201456	0	0	3.176442307692308	4.093965860472672	SMC1A
Purine Ribonucleotide Biosynthetic Process (GO:0009152)	1/49	0.27558681582982053	0.39736591963201456	0	0	3.176442307692308	4.093965860472672	NPPA
Regulation of Cell Cycle Process (GO:0010564)	2/158	0.2771575295913118	0.3986125489281414	0	0	1.9591532498509243	2.5139251779504668	TIPIN;CHEK1
Transcription Initiation at RNA Polymerase II Promoter (GO:0006367)	2/158	0.2771575295913118	0.3986125489281414	0	0	1.9591532498509243	2.5139251779504668	MED11;POLR2H
Cellular Response to Type II Interferon (GO:0071346)	1/50	0.28034336849839514	0.4006426114363141	0	0	3.111459968602826	3.956968446025251	GBP6
Nuclear Receptor-Mediated Steroid Hormone Signaling Pathway (GO:0030518)	1/50	0.28034336849839514	0.4006426114363141	0	0	3.111459968602826	3.956968446025251	SAFB
Development of Primary Male Sexual Characteristics (GO:0046546)	1/50	0.28034336849839514	0.4006426114363141	0	0	3.111459968602826	3.956968446025251	GATA1
Positive Regulation of T Cell Mediated Immunity (GO:0002711)	1/50	0.28034336849839514	0.4006426114363141	0	0	3.111459968602826	3.956968446025251	B2M
Positive Regulation of Smooth Muscle Cell Proliferation (GO:0048661)	1/50	0.28034336849839514	0.4006426114363141	0	0	3.111459968602826	3.956968446025251	MMP9
Response to Lipopolysaccharide (GO:0032496)	2/161	0.2844330288601587	0.4028070307845849	0	0	1.9218955682316805	2.4163175262082346	B2M;MMP9
Arachidonate Metabolic Process (GO:0019369)	1/51	0.28506892612655743	0.4028070307845849	0	0	3.0490769230769232	3.8266655758285544	ALOX5
Regulation of Interleukin-10 Production (GO:0032653)	1/51	0.28506892612655743	0.4028070307845849	0	0	3.0490769230769232	3.8266655758285544	ISG15
Epithelial to Mesenchymal Transition (GO:0001837)	1/51	0.28506892612655743	0.4028070307845849	0	0	3.0490769230769232	3.8266655758285544	BMP7
Positive Regulation of Cell-Cell Adhesion (GO:0022409)	1/51	0.28506892612655743	0.4028070307845849	0	0	3.0490769230769232	3.8266655758285544	BMP7
Positive Regulation of Leukocyte Cell-Cell Adhesion (GO:1903039)	1/51	0.28506892612655743	0.4028070307845849	0	0	3.0490769230769232	3.8266655758285544	B2M
Positive Regulation of mRNA Catabolic Process (GO:0061014)	1/51	0.28506892612655743	0.4028070307845849	0	0	3.0490769230769232	3.8266655758285544	CNOT7
Positive Regulation of Transcription Elongation by RNA Polymerase II (GO:0032968)	1/51	0.28506892612655743	0.4028070307845849	0	0	3.0490769230769232	3.8266655758285544	MED11
Monoatomic Ion Transport (GO:0006811)	1/51	0.28506892612655743	0.4028070307845849	0	0	3.0490769230769232	3.8266655758285544	KCNJ1
Regulation of mRNA Catabolic Process (GO:0061013)	1/52	0.2897636891206341	0.40638907455552287	0	0	2.9891402714932127	3.702616827604864	CNOT7
Regulation of Osteoclast Differentiation (GO:0045670)	1/52	0.2897636891206341	0.40638907455552287	0	0	2.9891402714932127	3.702616827604864	KISS1R
Regulation of Substrate Adhesion-Dependent Cell Spreading (GO:1900024)	1/52	0.2897636891206341	0.40638907455552287	0	0	2.9891402714932127	3.702616827604864	APOA1
Retrograde Vesicle-Mediated Transport, Golgi to Endoplasmic Reticulum (GO:0006890)	1/52	0.2897636891206341	0.40638907455552287	0	0	2.9891402714932127	3.702616827604864	ERGIC1
Intracellular Glucose Homeostasis (GO:0001678)	1/52	0.2897636891206341	0.40638907455552287	0	0	2.9891402714932127	3.702616827604864	NUCKS1
T Cell Differentiation (GO:0030217)	1/52	0.2897636891206341	0.40638907455552287	0	0	2.9891402714932127	3.702616827604864	MR1
Negative Regulation of Cellular Process (GO:0048523)	5/551	0.29395809716740257	0.4083649264186472	0	0	1.404369440083726	1.7193948521760574	CNOT7;ALOX5;APOA1;BMP7;S100A11
Negative Regulation of Cell Projection Organization (GO:0031345)	1/53	0.29442785660299275	0.4083649264186472	0	0	2.931508875739645	3.5844182701898526	FKBP4
Regulation of Insulin Receptor Signaling Pathway (GO:0046626)	1/53	0.29442785660299275	0.4083649264186472	0	0	2.931508875739645	3.5844182701898526	NUCKS1
Positive Regulation of Actin Filament Bundle Assembly (GO:0032233)	1/53	0.29442785660299275	0.4083649264186472	0	0	2.931508875739645	3.5844182701898526	APOA1
Positive Regulation of Fat Cell Differentiation (GO:0045600)	1/53	0.29442785660299275	0.4083649264186472	0	0	2.931508875739645	3.5844182701898526	BMP7
Positive Regulation of Lymphocyte Activation (GO:0051251)	1/53	0.29442785660299275	0.4083649264186472	0	0	2.931508875739645	3.5844182701898526	B2M
Positive Regulation of Osteoblast Differentiation (GO:0045669)	1/53	0.29442785660299275	0.4083649264186472	0	0	2.931508875739645	3.5844182701898526	BMP7
Monoatomic Anion Transport (GO:0006820)	1/53	0.29442785660299275	0.4083649264186472	0	0	2.931508875739645	3.5844182701898526	CLIC4
Myelination (GO:0042552)	1/53	0.29442785660299275	0.4083649264186472	0	0	2.931508875739645	3.5844182701898526	PLP1
Chromatin Remodeling (GO:0006338)	3/290	0.2958360171913796	0.40981455633014424	0	0	1.5991398083623694	1.947672288250172	PRMT2;CHEK1;NUDT5
BMP Signaling Pathway (GO:0030509)	1/54	0.29906162642283773	0.41025586419366195	0	0	2.876052249637155	3.471698829323926	BMP7
Cellular Response to Ionizing Radiation (GO:0071479)	1/54	0.29906162642283773	0.41025586419366195	0	0	2.876052249637155	3.471698829323926	NUCKS1
Cellular Response to Mechanical Stimulus (GO:0071260)	1/54	0.29906162642283773	0.41025586419366195	0	0	2.876052249637155	3.471698829323926	CHEK1
Collagen Fibril Organization (GO:0030199)	1/54	0.29906162642283773	0.41025586419366195	0	0	2.876052249637155	3.471698829323926	SERPINH1
Regulation of Release of Sequestered Calcium Ion Into Cytosol (GO:0051279)	1/54	0.29906162642283773	0.41025586419366195	0	0	2.876052249637155	3.471698829323926	CXCR3
Secondary Alcohol Metabolic Process (GO:1902652)	1/54	0.29906162642283773	0.41025586419366195	0	0	2.876052249637155	3.471698829323926	APOA1
Positive Regulation of miRNA Metabolic Process (GO:2000630)	1/54	0.29906162642283773	0.41025586419366195	0	0	2.876052249637155	3.471698829323926	PRL
Unsaturated Fatty Acid Metabolic Process (GO:0033559)	1/54	0.29906162642283773	0.41025586419366195	0	0	2.876052249637155	3.471698829323926	ALOX5
Negative Regulation of G Protein-Coupled Receptor Signaling Pathway (GO:0045744)	1/55	0.3036651952121775	0.413734753358824	0	0	2.822649572649573	3.364117074082027	RGS2
Negative Regulation of Neuron Projection Development (GO:0010977)	1/55	0.3036651952121775	0.413734753358824	0	0	2.822649572649573	3.364117074082027	FKBP4
Regulation of Monoatomic Cation Transmembrane Transport (GO:1904062)	1/55	0.3036651952121775	0.413734753358824	0	0	2.822649572649573	3.364117074082027	MMP9
Regulation of Peptide Hormone Secretion (GO:0090276)	1/55	0.3036651952121775	0.413734753358824	0	0	2.822649572649573	3.364117074082027	ALOX5
Positive Regulation of Pattern Recognition Receptor Signaling Pathway (GO:0062208)	1/55	0.3036651952121775	0.413734753358824	0	0	2.822649572649573	3.364117074082027	HSP90B1
Positive Regulation of Catabolic Process (GO:0009896)	2/169	0.3037963777984633	0.413734753358824	0	0	1.8290860140184744	2.1791687090105323	HSP90AA1;CNOT7
B Cell Differentiation (GO:0030183)	1/56	0.3082387582984377	0.41530066914359265	0	0	2.771188811188811	3.2613583703120255	DNAJB9
Cholesterol Transport (GO:0030301)	1/56	0.3082387582984377	0.41530066914359265	0	0	2.771188811188811	3.2613583703120255	APOA1
Plasma Membrane Bounded Cell Projection Morphogenesis (GO:0120039)	1/56	0.3082387582984377	0.41530066914359265	0	0	2.771188811188811	3.2613583703120255	BMP7
Endoplasmic Reticulum Organization (GO:0007029)	1/56	0.3082387582984377	0.41530066914359265	0	0	2.771188811188811	3.2613583703120255	TRAM2
Positive Regulation of Interleukin-1 Beta Production (GO:0032731)	1/56	0.3082387582984377	0.41530066914359265	0	0	2.771188811188811	3.2613583703120255	HSPB1
Icosanoid Metabolic Process (GO:0006690)	1/56	0.3082387582984377	0.41530066914359265	0	0	2.771188811188811	3.2613583703120255	ALOX5
Transcription Elongation by RNA Polymerase II (GO:0006368)	1/56	0.3082387582984377	0.41530066914359265	0	0	2.771188811188811	3.2613583703120255	POLR2H
Positive Regulation of Transcription Initiation by RNA Polymerase II (GO:0060261)	1/56	0.3082387582984377	0.41530066914359265	0	0	2.771188811188811	3.2613583703120255	MED11
Cell Surface Receptor Protein Tyrosine Kinase Signaling Pathway (GO:0007169)	3/297	0.3083548487968832	0.41530066914359265	0	0	1.5605070153061225	1.8359428277596732	FIBP;HSPB1;MMP9
Regulation of Macromolecule Biosynthetic Process (GO:0010556)	2/171	0.30862467795524734	0.41530066914359265	0	0	1.8072565478647769	2.124663885468982	PTH;GATA1
Cellular Response to Fibroblast Growth Factor Stimulus (GO:0044344)	1/57	0.31278250973806404	0.4184021960832634	0	0	2.721565934065934	3.163132351195512	FIBP
Positive Regulation of Developmental Growth (GO:0048639)	1/57	0.31278250973806404	0.4184021960832634	0	0	2.721565934065934	3.163132351195512	AGR2
Positive Regulation of Immune Effector Process (GO:0002699)	1/57	0.31278250973806404	0.4184021960832634	0	0	2.721565934065934	3.163132351195512	CFB
Positive Regulation of Protein Localization to Plasma Membrane (GO:1903078)	1/57	0.31278250973806404	0.4184021960832634	0	0	2.721565934065934	3.163132351195512	AGR2
Mononuclear Cell Differentiation (GO:1903131)	1/57	0.31278250973806404	0.4184021960832634	0	0	2.721565934065934	3.163132351195512	MMP9
Actin Filament Organization (GO:0007015)	2/173	0.3134465930813446	0.4187943237737729	0	0	1.7859377124983	2.0719132933198137	TCAP;CAPG
Regulation of Canonical NF-kappaB Signal Transduction (GO:0043122)	3/301	0.31551881065645665	0.4199623789595596	0	0	1.539246015100671	1.7755771951895458	PRMT2;HSPB1;PRL
Regulation of Lipid Metabolic Process (GO:0019216)	1/58	0.3172966423848577	0.4199623789595596	0	0	2.6736842105263157	3.069170665465753	CIDEB
DNA-templated Transcription Elongation (GO:0006354)	1/58	0.3172966423848577	0.4199623789595596	0	0	2.6736842105263157	3.069170665465753	POLR2H
Epidermal Cell Differentiation (GO:0009913)	1/58	0.3172966423848577	0.4199623789595596	0	0	2.6736842105263157	3.069170665465753	CLIC4
Positive Regulation of DNA-templated Transcription, Elongation (GO:0032786)	1/58	0.3172966423848577	0.4199623789595596	0	0	2.6736842105263157	3.069170665465753	MED11
Regulation of Tumor Necrosis Factor-Mediated Signaling Pathway (GO:0010803)	1/58	0.3172966423848577	0.4199623789595596	0	0	2.6736842105263157	3.069170665465753	APOA1
Heart Morphogenesis (GO:0003007)	1/58	0.3172966423848577	0.4199623789595596	0	0	2.6736842105263157	3.069170665465753	TCAP
Inorganic Anion Transport (GO:0015698)	1/58	0.3172966423848577	0.4199623789595596	0	0	2.6736842105263157	3.069170665465753	CLIC4
Positive Regulation of Response to External Stimulus (GO:0032103)	2/176	0.32066607057441454	0.4234162491097957	0	0	1.7548783747661054	1.99591965164272	PLAU;CXCR3
Gonad Development (GO:0008406)	1/59	0.32178134786200596	0.4234162491097957	0	0	2.627453580901857	2.979224969691473	GATA1
Positive Regulation of Protein Localization to Cell Periphery (GO:1904377)	1/59	0.32178134786200596	0.4234162491097957	0	0	2.627453580901857	2.979224969691473	AGR2
Triglyceride Metabolic Process (GO:0006641)	1/59	0.32178134786200596	0.4234162491097957	0	0	2.627453580901857	2.979224969691473	FABP2
Proton Transmembrane Transport (GO:1902600)	1/59	0.32178134786200596	0.4234162491097957	0	0	2.627453580901857	2.979224969691473	ATP6V0E1
Regulation of Cytokine Production (GO:0001817)	2/178	0.32546920591785894	0.42437900532733486	0	0	1.7347603946441157	1.947246732338217	ALOX5;ISG15
Protein Catabolic Process (GO:0030163)	2/178	0.32546920591785894	0.42437900532733486	0	0	1.7347603946441157	1.947246732338217	HSP90AA1;ISG15
Regulation of Calcium Ion Transport (GO:0051924)	1/60	0.32623681643701347	0.42437900532733486	0	0	2.5827900912646675	2.8930651345761484	P2RX4
Cellular Response to Calcium Ion (GO:0071277)	1/60	0.32623681643701347	0.42437900532733486	0	0	2.5827900912646675	2.8930651345761484	CLIC4
Positive Regulation of TORC1 Signaling (GO:1904263)	1/60	0.32623681643701347	0.42437900532733486	0	0	2.5827900912646675	2.8930651345761484	MAT2A
Positive Regulation of Cell Cycle (GO:0045787)	1/60	0.32623681643701347	0.42437900532733486	0	0	2.5827900912646675	2.8930651345761484	CHEK1
Renal System Development (GO:0072001)	1/60	0.32623681643701347	0.42437900532733486	0	0	2.5827900912646675	2.8930651345761484	REN
Positive Regulation of Protein Localization to Membrane (GO:1905477)	1/60	0.32623681643701347	0.42437900532733486	0	0	2.5827900912646675	2.8930651345761484	AGR2
Purine Ribonucleotide Metabolic Process (GO:0009150)	1/60	0.32623681643701347	0.42437900532733486	0	0	2.5827900912646675	2.8930651345761484	PTH
Positive Regulation of Apoptotic Process (GO:0043065)	3/307	0.32627190134997935	0.42437900532733486	0	0	1.5084035773026316	1.6894484979141002	DNAJA1;CXCR3;CIDEB
Cellular Response to BMP Stimulus (GO:0071773)	1/61	0.3306632373744845	0.4286094087207727	0	0	2.539615384615385	2.8104776349330467	BMP7
Negative Regulation of Protein Localization (GO:1903828)	1/61	0.3306632373744845	0.4286094087207727	0	0	2.539615384615385	2.8104776349330467	DNAJA1
Regulation of Reactive Oxygen Species Metabolic Process (GO:2000377)	1/61	0.3306632373744845	0.4286094087207727	0	0	2.539615384615385	2.8104776349330467	ALOX5
Regulation of SMAD Protein Signal Transduction (GO:0060390)	1/62	0.3350607985306605	0.4308469721425008	0	0	2.4978562421185373	2.731264111042341	BMP7
Cellular Response to Virus (GO:0098586)	1/62	0.3350607985306605	0.4308469721425008	0	0	2.4978562421185373	2.731264111042341	HSP90AA1
DNA-templated DNA Replication (GO:0006261)	1/62	0.3350607985306605	0.4308469721425008	0	0	2.4978562421185373	2.731264111042341	MCM5
Intrinsic Apoptotic Signaling Pathway in Response to DNA Damage (GO:0008630)	1/62	0.3350607985306605	0.4308469721425008	0	0	2.4978562421185373	2.731264111042341	CIDEB
Mesenchymal Cell Differentiation (GO:0048762)	1/62	0.3350607985306605	0.4308469721425008	0	0	2.4978562421185373	2.731264111042341	BMP7
Metaphase Chromosome Alignment (GO:0051310)	1/62	0.3350607985306605	0.4308469721425008	0	0	2.4978562421185373	2.731264111042341	H3-7
Protein Homotetramerization (GO:0051289)	1/62	0.3350607985306605	0.4308469721425008	0	0	2.4978562421185373	2.731264111042341	B2M
RNA Polymerase II Preinitiation Complex Assembly (GO:0051123)	1/63	0.3394296866616383	0.43301256072428207	0	0	2.4574441687344915	2.6552400701818284	MED11
Regulation of Phagocytosis (GO:0050764)	1/63	0.3394296866616383	0.43301256072428207	0	0	2.4574441687344915	2.6552400701818284	APOA1
Phosphatidylcholine Metabolic Process (GO:0046470)	1/63	0.3394296866616383	0.43301256072428207	0	0	2.4574441687344915	2.6552400701818284	APOA1
Positive Regulation of DNA-templated Transcription Initiation (GO:2000144)	1/63	0.3394296866616383	0.43301256072428207	0	0	2.4574441687344915	2.6552400701818284	MED11
Positive Regulation of Interleukin-1 Production (GO:0032732)	1/63	0.3394296866616383	0.43301256072428207	0	0	2.4574441687344915	2.6552400701818284	HSPB1
Mitotic Metaphase Chromosome Alignment (GO:0007080)	1/63	0.3394296866616383	0.43301256072428207	0	0	2.4574441687344915	2.6552400701818284	H3-7
Protein Polymerization (GO:0051258)	1/63	0.3394296866616383	0.43301256072428207	0	0	2.4574441687344915	2.6552400701818284	MSRB1
Antibacterial Humoral Response (GO:0019731)	1/64	0.34377008725903546	0.4370680501300124	0	0	2.418315018315018	2.582233720987442	B2M
Regulation of Signal Transduction by P53 Class Mediator (GO:1901796)	1/64	0.34377008725903546	0.4370680501300124	0	0	2.418315018315018	2.582233720987442	CHEK1
Positive Regulation of Mitotic Cell Cycle Phase Transition (GO:1901992)	1/64	0.34377008725903546	0.4370680501300124	0	0	2.418315018315018	2.582233720987442	CCNE1
Protein Transport (GO:0015031)	3/317	0.3441918450519091	0.43711202819303185	0	0	1.4596188296178343	1.5567653488228397	B2M;PDIA4;HSP90B1
ATP Metabolic Process (GO:0046034)	1/65	0.34808218466161406	0.43958029807937615	0	0	2.3804086538461537	2.512084920173941	NUDT5
Regulation of Cytokine Production Involved in Inflammatory Response (GO:1900015)	1/65	0.34808218466161406	0.43958029807937615	0	0	2.3804086538461537	2.512084920173941	ALOX5
Sensory Perception (GO:0007600)	1/65	0.34808218466161406	0.43958029807937615	0	0	2.3804086538461537	2.512084920173941	P2RX4
Positive Regulation of Protein Modification Process (GO:0031401)	1/65	0.34808218466161406	0.43958029807937615	0	0	2.3804086538461537	2.512084920173941	MMP9
Protein Secretion (GO:0009306)	1/65	0.34808218466161406	0.43958029807937615	0	0	2.3804086538461537	2.512084920173941	PDIA4
Regulation of Receptor Signaling Pathway via JAK-STAT (GO:0046425)	1/66	0.3523661620691548	0.44300823716712223	0	0	2.3436686390532544	2.444644221713126	PRL
Glycolipid Biosynthetic Process (GO:0009247)	1/66	0.3523661620691548	0.44300823716712223	0	0	2.3436686390532544	2.444644221713126	PIGP
MRNA Destabilization (GO:0061157)	1/66	0.3523661620691548	0.44300823716712223	0	0	2.3436686390532544	2.444644221713126	CNOT7
Transcription Preinitiation Complex Assembly (GO:0070897)	1/66	0.3523661620691548	0.44300823716712223	0	0	2.3436686390532544	2.444644221713126	MED11
Negative Regulation of Viral Process (GO:0048525)	1/67	0.3566222013839577	0.4468662212680225	0	0	2.308041958041958	2.379772017624197	ISG15
Regulation of miRNA Transcription (GO:1902893)	1/67	0.3566222013839577	0.4468662212680225	0	0	2.308041958041958	2.379772017624197	PRL
Myeloid Cell Differentiation (GO:0030099)	1/67	0.3566222013839577	0.4468662212680225	0	0	2.308041958041958	2.379772017624197	GATA1
Extracellular Matrix Organization (GO:0030198)	2/192	0.3588185700850045	0.4486786297602454	0	0	1.6057935536515708	1.6458394660507305	SERPINH1;MMP9
Regulation of Cell-Matrix Adhesion (GO:0001952)	1/68	0.3608504834564241	0.4486786297602454	0	0	2.2734787600459243	2.3173377567270332	PLAU
Negative Regulation of Protein-Containing Complex Assembly (GO:0031333)	1/68	0.3608504834564241	0.4486786297602454	0	0	2.2734787600459243	2.3173377567270332	HSPA5
Chloride Transmembrane Transport (GO:1902476)	1/68	0.3608504834564241	0.4486786297602454	0	0	2.2734787600459243	2.3173377567270332	ANO9
Regulation of Transcription Initiation by RNA Polymerase II (GO:0060260)	1/68	0.3608504834564241	0.4486786297602454	0	0	2.2734787600459243	2.3173377567270332	MED11
G1/S Transition of Mitotic Cell Cycle (GO:0000082)	1/68	0.3608504834564241	0.4486786297602454	0	0	2.2734787600459243	2.3173377567270332	CCNE1
Intracellular Iron Ion Homeostasis (GO:0006879)	1/68	0.3608504834564241	0.4486786297602454	0	0	2.2734787600459243	2.3173377567270332	B2M
DNA Damage Response (GO:0006974)	4/464	0.3616534412063604	0.4491823268668656	0	0	1.328928449161246	1.3516117566804593	CHEK1;CIDEB;NABP1;SMC1A
Negative Regulation of Macromolecule Biosynthetic Process (GO:0010558)	2/194	0.36353730577113685	0.45102595408309176	0	0	1.58890503875969	1.6077706769825335	CNOT7;PTH
Positive Regulation of Protein Polymerization (GO:0032273)	1/69	0.36505118796267055	0.4519109552739639	0	0	2.2399321266968326	2.257219237966515	HSP90AA1
Monocarboxylic Acid Biosynthetic Process (GO:0072330)	1/69	0.36505118796267055	0.4519109552739639	0	0	2.2399321266968326	2.257219237966515	CYP46A1
Regulation of Cell Cycle (GO:0051726)	3/329	0.3656467722956011	0.452152470889084	0	0	1.4050277990797546	1.4135809263341483	CHEK1;TTLL12;BMP7
Cell Cycle G1/S Phase Transition (GO:0044843)	1/70	0.3692244932955234	0.4560770819810131	0	0	2.2073578595317724	2.1993019679968873	CCNE1
Retinoid Metabolic Process (GO:0001523)	1/71	0.3733705769010774	0.4601914643245812	0	0	2.1757142857142857	2.1434785738462874	RDH5
Positive Regulation of Type II Interferon Production (GO:0032729)	1/71	0.3733705769010774	0.4601914643245812	0	0	2.1757142857142857	2.1434785738462874	ISG15
Protein Localization to Membrane (GO:0072657)	2/199	0.37527678507139006	0.4612400165263804	0	0	1.5481840003147995	1.5173618734733652	CYP46A1;HSP90B1
Phospholipid Transport (GO:0015914)	1/72	0.3774896149427596	0.4612400165263804	0	0	2.144962080173348	2.089648271564957	APOA1
Fatty Acid Biosynthetic Process (GO:0006633)	1/72	0.3774896149427596	0.4612400165263804	0	0	2.144962080173348	2.089648271564957	ALOX5
Response to Ionizing Radiation (GO:0010212)	1/72	0.3774896149427596	0.4612400165263804	0	0	2.144962080173348	2.089648271564957	NABP1
Skin Development (GO:0043588)	1/72	0.3774896149427596	0.4612400165263804	0	0	2.144962080173348	2.089648271564957	CLIC4
Positive Regulation of Phosphorylation (GO:0042327)	1/72	0.3774896149427596	0.4612400165263804	0	0	2.144962080173348	2.089648271564957	MMP9
Positive Regulation of Small GTPase Mediated Signal Transduction (GO:0051057)	1/72	0.3774896149427596	0.4612400165263804	0	0	2.144962080173348	2.089648271564957	APOA1
Protein K63-linked Ubiquitination (GO:0070534)	1/72	0.3774896149427596	0.4612400165263804	0	0	2.144962080173348	2.089648271564957	ZFP91
Negative Regulation of Apoptotic Signaling Pathway (GO:2001234)	1/73	0.3815817824645011	0.4642304228474372	0	0	2.1150641025641024	2.037716378427825	MMP9
Negative Regulation of Extrinsic Apoptotic Signaling Pathway (GO:2001237)	1/73	0.3815817824645011	0.4642304228474372	0	0	2.1150641025641024	2.037716378427825	GATA1
Regulation of Heart Contraction (GO:0008016)	1/73	0.3815817824645011	0.4642304228474372	0	0	2.1150641025641024	2.037716378427825	P2RX4
Positive Regulation of Proteasomal Ubiquitin-Dependent Protein Catabolic Process (GO:0032436)	1/73	0.3815817824645011	0.4642304228474372	0	0	2.1150641025641024	2.037716378427825	HSPBP1
Regulation of Intracellular Signal Transduction (GO:1902531)	3/340	0.3852183303486409	0.4661624723491717	0	0	1.3584013353115727	1.2958401803091106	CHEK1;HSPB1;REN
Cellular Response to UV (GO:0034644)	1/74	0.38564725347575407	0.4661624723491717	0	0	2.085985247629083	1.987593867677253	MMP9
Regulation of Neuron Differentiation (GO:0045664)	1/74	0.38564725347575407	0.4661624723491717	0	0	2.085985247629083	1.987593867677253	BMP7
Epigenetic Regulation of Gene Expression (GO:0040029)	1/74	0.38564725347575407	0.4661624723491717	0	0	2.085985247629083	1.987593867677253	CHEK1
Regulation of Stress Fiber Assembly (GO:0051492)	1/74	0.38564725347575407	0.4661624723491717	0	0	2.085985247629083	1.987593867677253	APOA1
Spindle Assembly (GO:0051225)	1/74	0.38564725347575407	0.4661624723491717	0	0	2.085985247629083	1.987593867677253	SMC1A
Positive Regulation of Protein Ubiquitination (GO:0031398)	1/75	0.3896862007199225	0.4700381630478552	0	0	2.0576923076923075	1.9391969628488115	HSPBP1
Monoatomic Anion Transmembrane Transport (GO:0098656)	1/75	0.3896862007199225	0.4700381630478552	0	0	2.0576923076923075	1.9391969628488115	ANO9
Positive Regulation of Macromolecule Biosynthetic Process (GO:0010557)	3/344	0.39230382648221857	0.4725662934643187	0	0	1.342192082111437	1.255914192433842	PTH;AGR2;BMP7
Negative Regulation of Cell Cycle (GO:0045786)	1/76	0.3936987960431698	0.4725662934643187	0	0	2.030153846153846	1.8924467629967627	BMP7
Regulation of Fat Cell Differentiation (GO:0045598)	1/76	0.3936987960431698	0.4725662934643187	0	0	2.030153846153846	1.8924467629967627	ALOX5
Regulation of Translational Initiation (GO:0006446)	1/76	0.3936987960431698	0.4725662934643187	0	0	2.030153846153846	1.8924467629967627	HSPB1
Defense Response to Virus (GO:0051607)	2/207	0.3938750063329707	0.4725662934643187	0	0	1.4871620344110421	1.3856210835932536	CNOT7;ISG15
Positive Regulation of Cell Population Proliferation (GO:0008284)	4/486	0.39437183583096985	0.47266008774221335	0	0	1.2668343842911751	1.1787400754134507	TIPIN;CNOT7;EGR4;CXCR3
Regulation of Non-Canonical NF-kappaB Signal Transduction (GO:1901222)	1/77	0.39768520999592366	0.4756214005141926	0	0	2.0033400809716597	1.847268902960126	BMP7
Response to Type II Interferon (GO:0034341)	1/77	0.39768520999592366	0.4756214005141926	0	0	2.0033400809716597	1.847268902960126	GBP6
Regulation of Cell Population Proliferation (GO:0042127)	6/777	0.4000320164099024	0.4779218481764866	0	0	1.1889805447470818	1.0893566901176563	TIPIN;CNOT7;EGR4;CXCR3;CDCA7;S100A11
Regulation of Plasma Membrane Bounded Cell Projection Assembly (GO:0120032)	1/78	0.40164561203881466	0.4793423847693677	0	0	1.9772227772227773	1.803593238343446	P2RX4
Positive Regulation of Growth (GO:0045927)	1/79	0.4055801707455224	0.48200001344388926	0	0	1.951775147928994	1.7613535560282274	AGR2
Spermatid Development (GO:0007286)	1/79	0.4055801707455224	0.48200001344388926	0	0	1.951775147928994	1.7613535560282274	HSPA2
Positive Regulation of Organelle Organization (GO:0010638)	1/79	0.4055801707455224	0.48200001344388926	0	0	1.951775147928994	1.7613535560282274	MMP9
Transforming Growth Factor Beta Receptor Signaling Pathway (GO:0007179)	1/79	0.4055801707455224	0.48200001344388926	0	0	1.951775147928994	1.7613535560282274	APOA1
Negative Regulation of Canonical NF-kappaB Signal Transduction (GO:0043124)	1/80	0.4094890533403055	0.4861336921358621	0	0	1.9269717624148004	1.720487310971666	PRMT2
DNA-templated Transcription (GO:0006351)	2/215	0.41222277333195695	0.487667156914229	0	0	1.4307238781526368	1.2678951447925606	GTF3A;POLR2H
Regulation of Catabolic Process (GO:0009894)	1/81	0.41337242618858927	0.487667156914229	0	0	1.9027884615384616	1.6809353792517892	HSPB1
Cilium Movement (GO:0003341)	1/81	0.41337242618858927	0.487667156914229	0	0	1.9027884615384616	1.6809353792517892	DYNLL2
Gland Development (GO:0048732)	1/81	0.41337242618858927	0.487667156914229	0	0	1.9027884615384616	1.6809353792517892	PRL
Positive Regulation of Protein Modification by Small Protein Conjugation or Removal (GO:1903322)	1/81	0.41337242618858927	0.487667156914229	0	0	1.9027884615384616	1.6809353792517892	HSPBP1
Lymphocyte Differentiation (GO:0030098)	1/81	0.41337242618858927	0.487667156914229	0	0	1.9027884615384616	1.6809353792517892	DNAJB9
Proteolysis (GO:0006508)	3/358	0.41693438489348605	0.4906803989812238	0	0	1.2883362676056338	1.127070604667703	PLAU;REN;MMP9
Regulation of G Protein-Coupled Receptor Signaling Pathway (GO:0008277)	1/82	0.41723045440387496	0.4906803989812238	0	0	1.8792022792022791	1.6426418344463662	RGS2
Regulation of Double-Strand Break Repair via Homologous Recombination (GO:0010569)	1/82	0.41723045440387496	0.4906803989812238	0	0	1.8792022792022791	1.6426418344463662	CHEK1
Regulation of T Cell Activation (GO:0050863)	1/83	0.42106330223634186	0.4941584908782016	0	0	1.8561913696060035	1.6055537376823723	B2M
Monocarboxylic Acid Transport (GO:0015718)	1/83	0.42106330223634186	0.4941584908782016	0	0	1.8561913696060035	1.6055537376823723	FABP2
Regulation of Rho Protein Signal Transduction (GO:0035023)	1/84	0.42487113264784415	0.49707721114965386	0	0	1.833734939759036	1.569620947250916	APOA1
Regulation of Cell Division (GO:0051302)	1/84	0.42487113264784415	0.49707721114965386	0	0	1.833734939759036	1.569620947250916	CDK2AP2
Positive Regulation of TOR Signaling (GO:0032008)	1/84	0.42487113264784415	0.49707721114965386	0	0	1.833734939759036	1.569620947250916	MAT2A
Protein Stabilization (GO:0050821)	2/222	0.428053334380941	0.499948850969247	0	0	1.384707540521494	1.1749347031476205	HSP90AA1;APOA1
Regulation of Transcription Elongation by RNA Polymerase II (GO:0034243)	1/85	0.4286541078283712	0.499948850969247	0	0	1.8118131868131868	1.534795938460661	MED11
Myeloid Leukocyte Differentiation (GO:0002573)	1/85	0.4286541078283712	0.499948850969247	0	0	1.8118131868131868	1.534795938460661	MMP9
Organophosphate Metabolic Process (GO:0019637)	1/86	0.43241238866754017	0.503292357531601	0	0	1.7904072398190043	1.5010336413104233	NUDT5
Pos Reg Transmembrane Rec Protein Serine/Threonine Kinase Signaling Pathway (GO:0090100)	1/86	0.43241238866754017	0.503292357531601	0	0	1.7904072398190043	1.5010336413104233	BMP7
Negative Regulation of Cell Differentiation (GO:0045596)	2/225	0.4347702812509776	0.5055155999303333	0	0	1.3658706156359717	1.1376848237584372	BMP7;ZNF750
Epidermis Development (GO:0008544)	1/87	0.4361461351936056	0.5055533743671259	0	0	1.769499105545617	1.4682912860531891	ZNF750
Signal Transduction in Response to DNA Damage (GO:0042770)	1/87	0.4361461351936056	0.5055533743671259	0	0	1.769499105545617	1.4682912860531891	CHEK1
Protein Tetramerization (GO:0051262)	1/87	0.4361461351936056	0.5055533743671259	0	0	1.769499105545617	1.4682912860531891	B2M
Protein O-linked Glycosylation (GO:0006493)	1/88	0.4398555062916063	0.5093301195930497	0	0	1.7490716180371353	1.436528262928994	B3GLCT
Positive Regulation of Cell Adhesion (GO:0045785)	1/90	0.4472017530075081	0.5162482404350477	0	0	1.709593777009507	1.375787791489654	AGR2
Positive Regulation of Cellular Component Biogenesis (GO:0044089)	1/90	0.4472017530075081	0.5162482404350477	0	0	1.709593777009507	1.375787791489654	BMP7
Positive Regulation of Ubiquitin-Dependent Protein Catabolic Process (GO:2000060)	1/90	0.4472017530075081	0.5162482404350477	0	0	1.709593777009507	1.375787791489654	HSPBP1
Cholesterol Homeostasis (GO:0042632)	1/92	0.45445237990743537	0.5232593169104497	0	0	1.6718512256973797	1.318525774673755	APOA1
Cellular Response to Lipid (GO:0071396)	2/234	0.4546655357742703	0.5232593169104497	0	0	1.3122828120823309	1.034332410678353	B2M;MMP9
Intracellular Monoatomic Cation Homeostasis (GO:0030003)	2/234	0.4546655357742703	0.5232593169104497	0	0	1.3122828120823309	1.034332410678353	PTH;B2M
Calcium Ion Transmembrane Transport (GO:0070588)	1/93	0.4580422225383953	0.5255382817539109	0	0	1.6535953177257523	1.2911171539636297	P2RX4
Regulation of Double-Strand Break Repair (GO:2000779)	1/93	0.4580422225383953	0.5255382817539109	0	0	1.6535953177257523	1.2911171539636297	CHEK1
Sterol Homeostasis (GO:0055092)	1/93	0.4580422225383953	0.5255382817539109	0	0	1.6535953177257523	1.2911171539636297	APOA1
Negative Regulation of Gene Expression (GO:0010629)	3/383	0.46007680255235456	0.5273367615041709	0	0	1.2020353618421054	0.9332143869059124	CNOT7;PTH;CHEK1
DNA-templated Transcription Initiation (GO:0006352)	1/94	0.4616086222221189	0.5285559173314119	0	0	1.6357320099255583	1.2644828133338064	POLR2H
Regulation of Autophagy (GO:0010506)	2/238	0.46338033757771313	0.5300470122849423	0	0	1.289777952962817	0.9921063571161716	ATP6V0E1;HSPB1
Carbohydrate Metabolic Process (GO:0005975)	1/95	0.4651517307541396	0.5304609131529531	0	0	1.6182487725040915	1.2385940558980708	XYLB
Regulation of Innate Immune Response (GO:0045088)	1/95	0.4651517307541396	0.5304609131529531	0	0	1.6182487725040915	1.2385940558980708	B2M
Regulation of Protein Localization to Plasma Membrane (GO:1903076)	1/95	0.4651517307541396	0.5304609131529531	0	0	1.6182487725040915	1.2385940558980708	AGR2
Regulation of Epithelial Cell Proliferation (GO:0050678)	1/96	0.4686716991821424	0.5333975286054827	0	0	1.6011336032388663	1.2134235161728557	B2M
Mitotic Spindle Organization (GO:0007052)	1/96	0.4686716991821424	0.5333975286054827	0	0	1.6011336032388663	1.2134235161728557	SMC1A
Negative Regulation of Cell Population Proliferation (GO:0008285)	3/391	0.4736050525986111	0.5375382759512778	0	0	1.176767880154639	0.8794945751657671	CNOT7;B2M;S100A11
Macromolecule Biosynthetic Process (GO:0009059)	2/243	0.47415954908006663	0.5375382759512778	0	0	1.2626974170928624	0.9422392231561812	PTH;KCNJ1
Regulation of Insulin Secretion (GO:0050796)	1/98	0.47564281459284896	0.5375382759512778	0	0	1.5679619349722442	1.1651338487722471	ALOX5
Regulation of Organelle Organization (GO:0033043)	1/98	0.47564281459284896	0.5375382759512778	0	0	1.5679619349722442	1.1651338487722471	CLIC4
Regulation of Osteoblast Differentiation (GO:0045667)	1/98	0.47564281459284896	0.5375382759512778	0	0	1.5679619349722442	1.1651338487722471	BMP7
Response to Calcium Ion (GO:0051592)	1/98	0.47564281459284896	0.5375382759512778	0	0	1.5679619349722442	1.1651338487722471	CLIC4
Positive Regulation of Tumor Necrosis Factor Production (GO:0032760)	1/98	0.47564281459284896	0.5375382759512778	0	0	1.5679619349722442	1.1651338487722471	HSPB1
Positive Regulation of Neuron Projection Development (GO:0010976)	1/99	0.4790942585697632	0.5408974179252626	0	0	1.5518838304552591	1.141966005927008	BMP7
Cilium Organization (GO:0044782)	2/248	0.484808763275187	0.5468022914462399	0	0	1.2367177160143694	0.89538457659891	UBXN10;POC1A
Cellular Response to Transforming Growth Factor Beta Stimulus (GO:0071560)	1/101	0.4859296547793063	0.5469736592680327	0	0	1.5206923076923078	1.0974705739056227	APOA1
Positive Regulation of Proteasomal Protein Catabolic Process (GO:1901800)	1/101	0.4859296547793063	0.5469736592680327	0	0	1.5206923076923078	1.0974705739056227	HSPBP1
Cellular Component Assembly (GO:0022607)	3/399	0.48698045447187727	0.5476104911342126	0	0	1.152521306818182	0.8292751440991191	H3-7;TCAP;CAPG
Positive Regulation of Tumor Necrosis Factor Superfamily Cytokine Production (GO:1903557)	1/102	0.4893138983023021	0.5496869564012926	0	0	1.5055597867479056	1.0761004785095143	HSPB1
B Cell Activation (GO:0042113)	1/103	0.4926760314088613	0.5529137569190898	0	0	1.4907239819004523	1.0552886617859485	DNAJB9
Positive Regulation of Programmed Cell Death (GO:0043068)	2/253	0.4953250783487207	0.5553346707603831	0	0	1.211773062787609	0.8513202690288773	DNAJA1;CIDEB
Sensory Perception of Mechanical Stimulus (GO:0050954)	1/104	0.496016197552214	0.5555578244409223	0	0	1.4761762509335326	1.0350161016980663	P2RX4
Positive Regulation of Cell Motility (GO:2000147)	2/254	0.49741216074612343	0.5565140125062246	0	0	1.2069029162052418	0.8428241161009719	HSPA5;PLAU
RRNA Metabolic Process (GO:0016072)	1/105	0.4993345391220597	0.5565140125062246	0	0	1.4619082840236686	1.0152645867761303	GTF3A
Nuclear-transcribed mRNA Catabolic Process (GO:0000956)	1/105	0.4993345391220597	0.5565140125062246	0	0	1.4619082840236686	1.0152645867761303	CNOT7
Positive Regulation of Cellular Component Organization (GO:0051130)	1/105	0.4993345391220597	0.5565140125062246	0	0	1.4619082840236686	1.0152645867761303	BMP7
Inorganic Cation Import Across Plasma Membrane (GO:0098659)	1/105	0.4993345391220597	0.5565140125062246	0	0	1.4619082840236686	1.0152645867761303	KCNJ1
Sodium Ion Transport (GO:0006814)	1/106	0.5026311976365985	0.5590843567800193	0	0	1.447912087912088	0.9960166740217916	SLC13A1
Striated Muscle Contraction (GO:0006941)	1/106	0.5026311976365985	0.5590843567800193	0	0	1.447912087912088	0.9960166740217916	TCAP
Phosphorylation (GO:0016310)	2/258	0.5057059117502072	0.5616206765839566	0	0	1.1878028100775193	0.8098439330251682	CCNE1;CHEK1
Regulation of Type II Interferon Production (GO:0032649)	1/107	0.5059063136278865	0.5616206765839566	0	0	1.434179970972424	0.97725565022304	ISG15
Negative Regulation of Multicellular Organismal Process (GO:0051241)	2/259	0.5077656149107049	0.5631310208587287	0	0	1.183120682894459	0.8018426815376706	APOA1;ZNF750
Calcium Ion Homeostasis (GO:0055074)	1/108	0.5091600269245884	0.5641233271814134	0	0	1.420704529115744	0.9589654944443032	PTH
Regulation of TORC1 Signaling (GO:1903432)	1/109	0.5123924761587753	0.5665926597289493	0	0	1.4074786324786326	0.941130844881334	MAT2A
Regulation of Defense Response (GO:0031347)	1/109	0.5123924761587753	0.5665926597289493	0	0	1.4074786324786326	0.941130844881334	ALOX5
External Encapsulating Structure Organization (GO:0045229)	1/111	0.518794133457392	0.5725499283219898	0	0	1.3817482517482518	0.9067697125745418	MMP9
Extracellular Structure Organization (GO:0043062)	1/111	0.518794133457392	0.5725499283219898	0	0	1.3817482517482518	0.9067697125745418	MMP9
Regulation of Wnt Signaling Pathway (GO:0030111)	1/113	0.5251123782377586	0.578392073200419	0	0	1.3569368131868131	0.8740613299953246	HSP90B1
Regulation of Macroautophagy (GO:0016241)	1/113	0.5251123782377586	0.578392073200419	0	0	1.3569368131868131	0.8740613299953246	ATP6V0E1
Regulation of Proteasomal Ubiquitin-Dependent Protein Catabolic Process (GO:0032434)	1/114	0.5282405585345831	0.5807045672692739	0	0	1.344860449285228	0.8582946400248314	HSPBP1
Regulation of Protein Localization (GO:0032880)	1/114	0.5282405585345831	0.5807045672692739	0	0	1.344860449285228	0.8582946400248314	HSP90AA1
Positive Regulation of Protein Phosphorylation (GO:0001934)	1/115	0.531348289012283	0.5835527415319723	0	0	1.332995951417004	0.8429034090688156	MMP9
Positive Regulation of Multicellular Organismal Process (GO:0051240)	3/432	0.5403476640380348	0.5919312007210661	0	0	1.062062937062937	0.6537449012407516	GLIPR2;KISS1R;PRL
Positive Regulation of T Cell Activation (GO:0050870)	1/118	0.540550104467156	0.5919312007210661	0	0	1.2986193293885602	0.7988689854731565	B2M
Mitotic Cell Cycle Phase Transition (GO:0044772)	1/118	0.540550104467156	0.5919312007210661	0	0	1.2986193293885602	0.7988689854731565	CCNE1
Apoptotic Process (GO:0006915)	2/276	0.5419227057631454	0.5928592391536736	0	0	1.1087534657386977	0.6792577390266467	CIDEB;CIDEC
Axon Development (GO:0061564)	1/119	0.5435773540502826	0.5938504444362065	0	0	1.28754889178618	0.7848682467297439	PLP1
Plasma Membrane Bounded Cell Projection Assembly (GO:0120031)	2/277	0.5438807436200509	0.5938504444362065	0	0	1.1046652572233968	0.6727690647647339	UBXN10;POC1A
Heterochromatin Organization (GO:0070828)	1/120	0.5465848087934013	0.596226327659662	0	0	1.2766645119586295	0.7711893672663548	H3-7
Positive Regulation of Wnt Signaling Pathway (GO:0030177)	1/121	0.5495725970000418	0.5989068166149104	0	0	1.2659615384615384	0.7578228057755461	HSP90B1
Protein Modification Process (GO:0036211)	3/439	0.5512614464331759	0.599825591926584	0	0	1.0446351777522935	0.6221283934265626	CCNE1;CHEK1;APOA1
Negative Regulation of Canonical Wnt Signaling Pathway (GO:0090090)	1/122	0.5525408464159853	0.599825591926584	0	0	1.255435473617292	0.7447593723960024	NPPA
Regulation of JNK Cascade (GO:0046328)	1/122	0.5525408464159853	0.599825591926584	0	0	1.255435473617292	0.7447593723960024	RGS2
Protein Complex Oligomerization (GO:0051259)	1/122	0.5525408464159853	0.599825591926584	0	0	1.255435473617292	0.7447593723960024	MAT2A
Regulation of DNA Metabolic Process (GO:0051052)	1/123	0.5554896837382342	0.6018693406338449	0	0	1.2450819672131148	0.7319902142521676	NUCKS1
Ribonucleoprotein Complex Biogenesis (GO:0022613)	1/123	0.5554896837382342	0.6018693406338449	0	0	1.2450819672131148	0.7319902142521676	GTF3A
Intrinsic Apoptotic Signaling Pathway (GO:0097193)	1/124	0.5584192349873867	0.6044633905088778	0	0	1.2348968105065663	0.7195067998015446	CIDEB
Negative Regulation of DNA-templated Transcription (GO:0045892)	7/1074	0.5601845604796197	0.6057934566872516	0	0	0.994754663361248	0.5764493625007222	HES6;CNOT7;DLX4;HES3;GATA1;BMP7;ZNF750
Positive Regulation of Protein Catabolic Process (GO:0045732)	1/125	0.5613296254346638	0.6058710775485042	0	0	1.224875930521092	0.7073009049820274	HSP90AA1
MAPK Cascade (GO:0000165)	1/125	0.5613296254346638	0.6058710775485042	0	0	1.224875930521092	0.7073009049820274	APOA1
Antimicrobial Humoral Immune Response Mediated by Antimicrobial Peptide (GO:0061844)	1/126	0.5642209791834661	0.6084102058243871	0	0	1.2150153846153846	0.6953646008048276	B2M
Negative Regulation of MAPK Cascade (GO:0043409)	1/130	0.5755984885948349	0.6189054224986368	0	0	1.1771019677996422	0.6501663037283449	RGS2
Phospholipase C-activating G Protein-Coupled Receptor Signaling Pathway (GO:0007200)	1/130	0.5755984885948349	0.6189054224986368	0	0	1.1771019677996422	0.6501663037283449	KISS1R
Lipid Transport (GO:0006869)	1/130	0.5755984885948349	0.6189054224986368	0	0	1.1771019677996422	0.6501663037283449	FABP2
Regulation of Mitotic Cell Cycle (GO:0007346)	1/131	0.5783964973795229	0.6207316022257428	0	0	1.1679881656804734	0.6394684561523504	TTLL12
Heterochromatin Formation (GO:0031507)	1/131	0.5783964973795229	0.6207316022257428	0	0	1.1679881656804734	0.6394684561523504	H3-7
Positive Regulation of Cell Differentiation (GO:0045597)	2/302	0.5909416157945547	0.6335926725850449	0	0	1.0113178294573644	0.5319916642956216	GLIPR2;BMP7
Protein Phosphorylation (GO:0006468)	2/305	0.5963426671339164	0.638776917641548	0	0	1.0011512779184897	0.5175349736927822	CCNE1;CHEK1
Protein Localization to Cell Periphery (GO:1990778)	1/138	0.5974765663293735	0.6393848752472633	0	0	1.1079169006176306	0.5706217592258297	HSP90B1
Enzyme-linked Receptor Protein Signaling Pathway (GO:0007167)	1/139	0.6001314048699912	0.6410107437069253	0	0	1.0998327759197324	0.5615819178652366	NPPA
Sensory Perception of Light Stimulus (GO:0050953)	1/139	0.6001314048699912	0.6410107437069253	0	0	1.0998327759197324	0.5615819178652366	RDH5
Phosphate-containing Compound Metabolic Process (GO:0006796)	1/140	0.6027688662081692	0.6432193288743129	0	0	1.091864969562811	0.5527254814058667	NUDT5
Visual Perception (GO:0007601)	1/141	0.6053890631687141	0.6454053374102721	0	0	1.084010989010989	0.5440477148626345	RDH5
Negative Regulation of Transcription by RNA Polymerase II (GO:0000122)	5/802	0.6076797323894269	0.6469586143199176	0	0	0.9495927187269722	0.4729990573802243	HES6;DLX4;HES3;GATA1;ZNF750
Negative Regulation of Cell Motility (GO:2000146)	1/142	0.6079921078772653	0.6469586143199176	0	0	1.0762684124386253	0.5355440345121155	CLIC4
Response to Cytokine (GO:0034097)	1/143	0.6105781118317544	0.6490985765141721	0	0	1.06863488624052	0.5272100019777649	ISG15
Modulation of Chemical Synaptic Transmission (GO:0050804)	1/144	0.6131471855975835	0.6512165310815351	0	0	1.0611081226465842	0.5190413192337063	CBLN3
Intracellular Calcium Ion Homeostasis (GO:0006874)	1/145	0.6156994393663706	0.652699217882284	0	0	1.0536858974358974	0.511033822340792	PTH
Muscle Contraction (GO:0006936)	1/145	0.6156994393663706	0.652699217882284	0	0	1.0536858974358974	0.511033822340792	TCAP
Regulation of Cell Migration (GO:0030334)	3/484	0.6176712077512049	0.6535461563561856	0	0	0.9447115384615384	0.4551610644988645	CLIC4;HSPA5;PLAU
Regulation of Tumor Necrosis Factor Production (GO:0032680)	1/146	0.618234982274939	0.6535461563561856	0	0	1.046366047745358	0.503183477578727	HSPB1
Protein Homooligomerization (GO:0051260)	1/146	0.618234982274939	0.6535461563561856	0	0	1.046366047745358	0.503183477578727	B2M
Supramolecular Fiber Organization (GO:0097435)	2/318	0.6191348357398239	0.6538851539291498	0	0	0.9593268570307134	0.45993218719981654	B2M;MYL9
Potassium Ion Transmembrane Transport (GO:0071805)	1/148	0.6232563692479988	0.657622841944851	0	0	1.0320251177394035	0.48793872761087054	KCNJ1
Negative Regulation of Wnt Signaling Pathway (GO:0030178)	1/149	0.625742428299264	0.6596295065825107	0	0	1.025	0.4805368601680079	NPPA
Calcium Ion Transport (GO:0006816)	1/150	0.6282122067872935	0.6616152812153493	0	0	1.0180691791430043	0.4732772111983408	P2RX4
Regulation of Gene Expression (GO:0010468)	7/1146	0.6294653067817124	0.6623171774059211	0	0	0.9283043983120453	0.4296977537956415	CNOT7;DLX4;PRMT2;PTH;AGR2;BMP7;ELAVL2
Sensory Perception of Chemical Stimulus (GO:0007606)	1/151	0.6306658102582936	0.6629624765191933	0	0	1.0112307692307692	0.46615632672636986	TAAR5
Cellular Response to Starvation (GO:0009267)	1/152	0.6331033440283869	0.6649057445656268	0	0	1.0044829342842587	0.4591708555902901	HSPA5
Plasma Membrane Bounded Cell Projection Organization (GO:0120036)	1/153	0.6355249124726667	0.6668286488676959	0	0	0.997823886639676	0.45231754688375897	MANF
Regulation of RNA Biosynthetic Process (GO:2001141)	3/503	0.643664963317007	0.6747425660026936	0	0	0.907921875	0.40000943377267406	DLX4;PRMT2;ELAVL2
Monoatomic Cation Transmembrane Transport (GO:0098655)	2/334	0.6458250188182119	0.6763788926212999	0	0	0.9123470626692818	0.3989024777601624	ATP6V0E1;P2RX4
Antimicrobial Humoral Response (GO:0019730)	1/158	0.6473968833781079	0.676769519753596	0	0	0.9658010779029887	0.41992620552499144	B2M
Positive Regulation of ERK1 and ERK2 Cascade (GO:0070374)	1/158	0.6473968833781079	0.676769519753596	0	0	0.9658010779029887	0.41992620552499144	GLIPR2
Protein Localization to Plasma Membrane (GO:0072659)	1/161	0.6543350211897434	0.683389675229621	0	0	0.947548076923077	0.4018890558373211	HSP90B1
Neuron Projection Morphogenesis (GO:0048812)	1/166	0.6655987720659962	0.693869818709612	0	0	0.9186013986013986	0.37393344938138173	BMP7
Synapse Organization (GO:0050808)	1/166	0.6655987720659962	0.693869818709612	0	0	0.9186013986013986	0.37393344938138173	CBLN3
Regulation of Cellular Component Organization (GO:0051128)	1/169	0.6721813877907162	0.7000855966934674	0	0	0.9020604395604396	0.35832280965006147	HSP90AA1
Protein-RNA Complex Assembly (GO:0022618)	1/170	0.6743468892721798	0.7016936755652451	0	0	0.8966772872098316	0.3533003810089062	HSP90AA1
Regulation of Protein Catabolic Process (GO:0042176)	1/171	0.6764981942916616	0.7026370389653044	0	0	0.8913574660633484	0.3483652278581477	HSP90AA1
Ribosome Biogenesis (GO:0042254)	1/171	0.6764981942916616	0.7026370389653044	0	0	0.8913574660633484	0.3483652278581477	GTF3A
Nervous System Development (GO:0007399)	3/531	0.6796843500316394	0.7052974551339346	0	0	0.8585316051136364	0.33150204396348665	CAPG;CYP46A1;RBM45
Pos Reg Phosphatidylinositol 3-Kinase/Protein Kinase B Signal Transduction (GO:0051897)	1/173	0.6807585838825325	0.7057634905448845	0	0	0.8809033989266547	0.33874923332468176	P2RX4
Organelle Assembly (GO:0070925)	2/359	0.6845634459976851	0.7088208545634788	0	0	0.8473715067422318	0.32113172617849495	UBXN10;POC1A
Anterograde Trans-Synaptic Signaling (GO:0098916)	1/175	0.6849632881565592	0.7088208545634788	0	0	0.8706896551724138	0.329460290042267	PLP1
Intracellular Signaling Cassette (GO:0141124)	2/362	0.6889734657224511	0.7118102564903114	0	0	0.8401808785529715	0.31301150355923374	P2RX4;CXCR3
Neuron Development (GO:0048666)	1/177	0.6891130295340215	0.7118102564903114	0	0	0.860708041958042	0.32048461597086736	MANF
Regulation of Neuron Projection Development (GO:0010975)	1/179	0.6932085209849612	0.7153861244899645	0	0	0.8509507346585998	0.31180913702903773	FKBP4
Negative Regulation of Cell Migration (GO:0030336)	1/187	0.7090619287274531	0.7310784635007256	0	0	0.8140198511166253	0.2798701265408612	CLIC4
Positive Regulation of RNA Biosynthetic Process (GO:1902680)	3/562	0.7163746477307587	0.7379443223430899	0	0	0.8096209749552773	0.27005069369675466	PRMT2;GATA1;BMP7
Positive Regulation of Protein Metabolic Process (GO:0051247)	1/197	0.7277398910435723	0.7489684019947065	0	0	0.7720957613814756	0.24538097935813133	HSP90AA1
Regulation of Cell Differentiation (GO:0045595)	1/198	0.7295409255231498	0.7501381647683388	0	0	0.7681374463100351	0.242224317761479	ALOX5
Negative Regulation of Cytokine Production (GO:0001818)	1/200	0.7331076000158043	0.7524349821980392	0	0	0.7603401623502126	0.2360573310794884	APOA1
Metal Ion Transport (GO:0030001)	1/200	0.7331076000158043	0.7524349821980392	0	0	0.7603401623502126	0.2360573310794884	SLC13A1
Neuron Differentiation (GO:0030182)	1/203	0.7383702738753716	0.7571480828385962	0	0	0.748933739527799	0.2271589832560643	MANF
Regulation of Programmed Cell Death (GO:0043067)	1/204	0.7401015110212044	0.7582346696396912	0	0	0.7452065176203108	0.22428325940612223	HSP90AA1
Regulation of Translation (GO:0006417)	1/205	0.741821379146879	0.7593076491902324	0	0	0.7415158371040724	0.22145132723422256	HSPB1
Transcription by RNA Polymerase II (GO:0006366)	1/217	0.7615995079315602	0.7788458736003002	0	0	0.6998931623931623	0.1906050135624194	POLR2H
Positive Regulation of Canonical NF-kappaB Signal Transduction (GO:0043123)	1/218	0.7631781495339878	0.7797539645464906	0	0	0.6966323998582064	0.18827451215115937	PRL
Positive Regulation of Gene Expression (GO:0010628)	2/424	0.7692923088720172	0.785290250195757	0	0	0.7144641610639627	0.1873927081635774	AGR2;BMP7
Modification-dependent Protein Catabolic Process (GO:0019941)	1/224	0.7724344921880794	0.7877854938395137	0	0	0.677681959296309	0.17498295319794066	ISG15
Regulation of Canonical Wnt Signaling Pathway (GO:0060828)	1/228	0.778405000638495	0.7931581640079972	0	0	0.665604879701796	0.16673956277913388	NPPA
Regulation of ERK1 and ERK2 Cascade (GO:0070372)	1/229	0.7798731749259159	0.7932223553976208	0	0	0.6626518218623482	0.16475112586245033	GLIPR2
Regulation of Phosphatidylinositol 3-Kinase/Protein Kinase B Signal Transduction (GO:0051896)	1/229	0.7798731749259159	0.7932223553976208	0	0	0.6626518218623482	0.16475112586245033	P2RX4
Protein Polyubiquitination (GO:0000209)	1/246	0.8034052988989109	0.816421766387822	0	0	0.616138147566719	0.13487015222002632	ZFP91
Sensory Perception of Smell (GO:0007608)	1/263	0.8244389013034341	0.8370427334276773	0	0	0.5756605989430417	0.11113257021602942	TAAR5
Chemical Synaptic Transmission (GO:0007268)	1/268	0.8301888339422862	0.8413673191389955	0	0	0.5647363872082973	0.10509862381892791	PLP1
Lipid Metabolic Process (GO:0006629)	1/268	0.8301888339422862	0.8413673191389955	0	0	0.5647363872082973	0.10509862381892791	RDH5
Negative Regulation of RNA Biosynthetic Process (GO:1902679)	2/492	0.8361859241160814	0.8466851195758348	0	0	0.6131624742920424	0.10969739917563552	CNOT7;BMP7
Regulation of Transcription by RNA Polymerase II (GO:0006357)	12/2321	0.845217008408996	0.8547425716740159	0	0	0.7668931583027321	0.12896218752214547	HES6;MYCL;DLX4;EGR4;HSPA5;PTH;CXCR3;ZFP91;NUCKS1;HES3;GATA1;ZNF750
Positive Regulation of Signal Transduction (GO:0009967)	1/283	0.8463409753645134	0.8547425716740159	0	0	0.5342880523731588	0.08913685535211781	HSP90B1
Positive Regulation of Intracellular Signal Transduction (GO:1902533)	3/707	0.8464146989650575	0.8547425716740159	0	0	0.6380393288352273	0.10639041122611809	P2RX4;PRL;BMP7
Cytokine-mediated Signaling Pathway (GO:0019221)	1/287	0.8503843672008967	0.8579838700355785	0	0	0.5267079074771382	0.08536188353479665	PRL
Regulation of MAPK Cascade (GO:0043408)	1/292	0.8552904174070775	0.8621632868326701	0	0	0.5175257731958763	0.0808966263046318	REN
Central Nervous System Development (GO:0007417)	1/294	0.8572078319412745	0.8633252830166807	0	0	0.5139406668416907	0.07918534593796106	CAPG
Inflammatory Response (GO:0006954)	1/298	0.8609673453571339	0.8663387993834263	0	0	0.506915306915307	0.075884563311051	AGR2
Protein Modification by Small Protein Conjugation (GO:0032446)	1/313	0.8742110677942241	0.8788818304004266	0	0	0.48217455621301775	0.0648203824158572	ISG15
Negative Regulation of Signal Transduction (GO:0009968)	1/316	0.8767055367760488	0.8806054724378639	0	0	0.4775091575091575	0.06283261508841492	RGS2
Cellular Response to Cytokine Stimulus (GO:0071345)	1/332	0.8892031908811646	0.8923648022265198	0	0	0.45405531024866375	0.05331949187490079	GBP6
Positive Regulation of Cytokine Production (GO:0001819)	1/358	0.9068849049982672	0.9093011170009268	0	0	0.4204266321913381	0.04109238689526944	ISG15
Regulation of DNA-templated Transcription (GO:0006355)	10/2177	0.9156375212906444	0.9172624325972828	0	0	0.6751154622111538	0.05950110665353088	MYCL;CNOT7;DLX4;EGR4;PRMT2;ZFP91;GATA1;BMP7;ELAVL2;ZNF750
Positive Regulation of MAPK Cascade (GO:0043410)	1/380	0.9196378957680604	0.9204531775905498	0	0	0.3955754008524457	0.0331394391656922	GLIPR2
Organelle Organization (GO:0006996)	1/442	0.9469861514018628	0.9469861514018628	0	0	0.33888016745159605	0.01845907706310767	CIDEC
