Term	Overlap	P-value	Adjusted P-value	Old P-value	Old Adjusted P-value	Odds Ratio	Combined Score	Genes
Response to Unfolded Protein (GO:0006986)	6/44	4.050195221472006e-7	4.187901859002053e-4	0	0	25.049684210526316	368.71458252298027	DNAJA1;HSP90AA1;HSPA4;SERPINH1;HSPB1;HSPA2
Platelet Aggregation (GO:0070527)	4/35	7.863276432528931e-5	0.04065313915617458	0	0	20.15544831089662	190.4835407159334	FIBP;HSPB1;GATA1;MYL9
Homotypic Cell-Cell Adhesion (GO:0034109)	4/46	2.317968640714278e-4	0.06370612403346647	0	0	14.868391451068616	124.44321995574072	FIBP;HSPB1;GATA1;MYL9
Negative Regulation of Type I Interferon-Mediated Signaling Pathway (GO:0060339)	3/19	2.4644535409464784e-4	0.06370612403346647	0	0	29.08154296875	241.6202271905208	CNOT7;ISG15;TTLL12
Response to Endoplasmic Reticulum Stress (GO:0034976)	7/196	3.126241536712845e-4	0.06465067497922164	0	0	5.878136200716846	47.4395503818647	HSPA5;UBXN10;DNAJB9;HYOU1;PDIA6;PDIA4;HSP90B1
Negative Regulation of IRE1-mediated Unfolded Protein Response (GO:1903895)	2/5	4.2029234600381274e-4	0.07243038096132373	0	0	102.66666666666669	798.1881627629406	HSPA5;DNAJB9
Regulation of Triglyceride Metabolic Process (GO:0090207)	2/6	6.277332252970674e-4	0.07414797642296303	0	0	76.99612403100775	567.7228576803623	CIDEB;CIDEC
Positive Regulation of Striated Muscle Contraction (GO:0045989)	2/6	6.277332252970674e-4	0.07414797642296303	0	0	76.99612403100775	567.7228576803623	RGS2;NPPA
Negative Regulation of Intrinsic Apoptotic Signaling Pathway (GO:2001243)	4/60	6.453885762153455e-4	0.07414797642296303	0	0	11.14341957255343	81.85574889446787	DNAJA1;HSPB1;HYOU1;MMP9
Negative Regulation of Muscle Hypertrophy (GO:0014741)	2/7	8.75056732408768e-4	0.07507741826733735	0	0	61.5937984496124	433.6955986468554	RGS2;P2RX4
Regulation of Protein Ubiquitination (GO:0031396)	5/113	8.906303221566667e-4	0.07507741826733735	0	0	7.260802469135802	50.9968351293427	DNAJA1;HSP90AA1;CHORDC1;ISG15;HSPBP1
Negative Regulation of Cytokine-Mediated Signaling Pathway (GO:0001960)	4/67	9.792795014390314e-4	0.07507741826733735	0	0	9.901762279715037	68.60627554307304	CNOT7;APOA1;ISG15;TTLL12
Nucleoside Phosphate Metabolic Process (GO:0006753)	3/31	0.00107945916830791	0.07507741826733735	0	0	16.607979910714285	113.45401233897792	ACSL6;NUDT5;DCK
Negative Regulation of MAP Kinase Activity (GO:0043407)	3/31	0.00107945916830791	0.07507741826733735	0	0	16.607979910714285	113.45401233897792	DNAJA1;RGS2;NPPA
Negative Regulation of Mitotic Nuclear Division (GO:0045839)	2/8	0.00116173954765705	0.07507741826733735	0	0	51.325581395348834	346.8499020731412	CHEK1;BMP7
Negative Regulation of DNA-templated DNA Replication (GO:2000104)	2/8	0.00116173954765705	0.07507741826733735	0	0	51.325581395348834	346.8499020731412	TIPIN;DYNLL1
Chromatin Organization (GO:0006325)	8/323	0.00131710900126422	0.07689151751016504	0	0	4.037475803329462	26.77781575290316	H4C15;NASP;PRMT2;CHEK1;H2BC1;NUCKS1;NUDT5;SAFB
Negative Regulation of Epithelial Cell Proliferation (GO:0050680)	4/73	0.00134924426297513	0.07689151751016504	0	0	9.03800068469702	59.72501236562811	ALOX5;CXCR3;PRL;B2M
Regulation of Cardiac Muscle Contraction (GO:0055117)	3/34	0.00141661346428507	0.07689151751016504	0	0	14.998487903225806	98.3823735227885	RGS2;P2RX4;NPPA
Regulation of Receptor Binding (GO:1900120)	2/9	0.00148726339478075	0.07689151751016504	0	0	43.991140642303435	286.41828814216444	B2M;MMP9
Regulation of Type I Interferon-Mediated Signaling Pathway (GO:0060338)	3/36	0.00167423540067408	0.07792252779076143	0	0	14.088068181818182	90.05654866238584	CNOT7;ISG15;TTLL12
Negative Regulation of Nuclear Division (GO:0051784)	2/10	0.00185111499983356	0.07792252779076143	0	0	38.49031007751938	242.1797654013784	CHEK1;BMP7
Negative Regulation of JUN Kinase Activity (GO:0043508)	2/10	0.00185111499983356	0.07792252779076143	0	0	38.49031007751938	242.1797654013784	DNAJA1;NPPA
Regulation of Cellular Response to Oxidative Stress (GO:1900407)	2/10	0.00185111499983356	0.07792252779076143	0	0	38.49031007751938	242.1797654013784	ALOX5;BMP7
Negative Regulation of Endothelial Cell Proliferation (GO:0001937)	3/38	0.00195936723651817	0.07792252779076143	0	0	13.28169642857143	82.81315294680145	ALOX5;CXCR3;PRL
Positive Regulation of Bone Mineralization (GO:0030501)	3/38	0.00195936723651817	0.07792252779076143	0	0	13.28169642857143	82.81315294680145	ALOX5;ISG15;BMP7
Positive Regulation of Ossification (GO:0045778)	3/42	0.00261607642377464	0.09597563624898428	0	0	11.917067307692308	70.85983118944941	ALOX5;ISG15;BMP7
Relaxation of Cardiac Muscle (GO:0055119)	2/12	0.00269177316365623	0.09597563624898428	0	0	30.789147286821706	182.19647659489397	RGS2;P2RX4
Regulation of PERK-mediated Unfolded Protein Response (GO:1903897)	2/12	0.00269177316365623	0.09597563624898428	0	0	30.789147286821706	182.19647659489397	HSPA5;AGR2
Positive Regulation of Biomineral Tissue Development (GO:0070169)	3/43	0.00279893456857642	0.09633163151768792	0	0	11.6185546875	68.2998648026715	ALOX5;ISG15;BMP7
Substantia Nigra Development (GO:0021762)	3/44	0.00298948265509183	0.09633163151768792	0	0	11.334603658536585	65.88413985355811	HSPA5;PLP1;DYNLL1
ERAD Pathway (GO:0036503)	4/91	0.00302676913935115	0.09633163151768792	0	0	7.161553081726853	41.538866433083825	HSPA5;UBXN10;DNAJB9;HSP90B1
Nucleotide Metabolic Process (GO:0009117)	2/13	0.00316757782553325	0.09633163151768792	0	0	27.98872445384073	161.06917775087956	NUDT5;DCK
Negative Regulation of Cardiac Muscle Hypertrophy (GO:0010614)	2/13	0.00316757782553325	0.09633163151768792	0	0	27.98872445384073	161.06917775087956	RGS2;P2RX4
Positive Regulation of Chemotaxis (GO:0050921)	3/46	0.00339405940407644	0.09755939452369504	0	0	10.806322674418604	61.44181799504068	P2RX4;CXCR3;HSPB1
Cellular Response to ATP (GO:0071318)	2/14	0.00367970636984923	0.09755939452369504	0	0	25.655038759689923	143.79449938483123	P2RX4;HSP90B1
Relaxation of Muscle (GO:0090075)	2/14	0.00367970636984923	0.09755939452369504	0	0	25.655038759689923	143.79449938483123	RGS2;P2RX4
Response to Muscle Stretch (GO:0035994)	2/14	0.00367970636984923	0.09755939452369504	0	0	25.655038759689923	143.79449938483123	NPPA;TCAP
Positive Regulation of Endothelial Cell Chemotaxis (GO:2001028)	2/14	0.00367970636984923	0.09755939452369504	0	0	25.655038759689923	143.79449938483123	P2RX4;HSPB1
Regulation of IRE1-mediated Unfolded Protein Response (GO:1903894)	2/15	0.0042276699293122	0.10928526767272062	0	0	23.68038163387001	129.43943544423092	HSPA5;DNAJB9
Regulation of Epidermal Growth Factor Receptor Signaling Pathway (GO:0042058)	3/51	0.00454695408184465	0.11194167906255652	0	0	9.67822265625	52.197536018665026	NPPA;AGR2;MMP9
Cardiac Muscle Tissue Development (GO:0048738)	3/51	0.00454695408184465	0.11194167906255652	0	0	9.67822265625	52.197536018665026	NPPA;TCAP;BMP7
Negative Regulation of Protein Ubiquitination (GO:0031397)	3/52	0.00480249902176043	0.11548334856977416	0	0	9.480229591836734	50.611332562617314	DNAJA1;CHORDC1;ISG15
Regulation of Endothelial Cell Chemotaxis (GO:2001026)	2/17	0.00542917037017155	0.12475027028349742	0	0	20.52093023255814	107.03653477551352	P2RX4;HSPB1
Regulation of DNA-templated DNA Replication (GO:0090329)	2/17	0.00542917037017155	0.12475027028349742	0	0	20.52093023255814	107.03653477551352	TIPIN;MCM5
Nucleosome Assembly (GO:0006334)	3/56	0.00591061040420762	0.1328602425641452	0	0	8.762971698113208	44.96286184716841	H4C15;NASP;H2BC1
Negative Regulation of Endoplasmic Reticulum Unfolded Protein Response (GO:1900102)	2/18	0.00608175314787587	0.1333266867793895	0	0	19.237403100775193	98.15812364603616	HSPA5;DNAJB9
Negative Regulation of Innate Immune Response (GO:0045824)	3/57	0.00620949140104412	0.1333266867793895	0	0	8.600260416666666	43.703739416098806	CNOT7;ISG15;TTLL12
Negative Regulation of Protein Modification by Small Protein Conjugation or Removal (GO:1903321)	3/58	0.00651725279289561	0.1333266867793895	0	0	8.443465909090909	42.49851674005635	DNAJA1;CHORDC1;ISG15
Double-Strand Break Repair via Homologous Recombination (GO:0000724)	4/114	0.00673582342403783	0.1333266867793895	0	0	5.657551896921976	28.28954283637574	POLN;NABP1;NUCKS1;MCM5
Regulation of Smooth Muscle Cell Migration (GO:0014910)	2/19	0.00676826265307066	0.1333266867793895	0	0	18.10487916096671	90.4431202748417	PLAU;S100A11
Protein Localization to Mitochondrion (GO:0070585)	2/19	0.00676826265307066	0.1333266867793895	0	0	18.10487916096671	90.4431202748417	DNAJA1;ISG15
Regulation of Bone Mineralization (GO:0030500)	3/59	0.00683395976722209	0.1333266867793895	0	0	8.292271205357142	41.34402878478638	ALOX5;ISG15;BMP7
Response to ATP (GO:0033198)	2/20	0.00748823341082939	0.14338580271847387	0	0	17.098191214470283	83.68576954910893	P2RX4;HSP90B1
protein-DNA Complex Assembly (GO:0065004)	3/62	0.00783836965244499	0.147361349465966	0	0	7.869438559322034	38.156738904352565	H4C15;NASP;H2BC1
Positive Regulation of Binding (GO:0051099)	3/64	0.00855379103196564	0.1579396415545086	0	0	7.610655737704918	36.23722933435961	DPH3;B2M;MMP9
Negative Regulation of NF-kappaB Transcription Factor Activity (GO:0032088)	3/65	0.00892540620658116	0.15819708497653873	0	0	7.487525201612903	35.3325340473029	PRMT2;CHORDC1;BMP7
Chaperone-Mediated Protein Complex Assembly (GO:0051131)	2/22	0.00902671954895143	0.15819708497653873	0	0	15.386821705426357	72.43448272713856	HSP90AA1;HSPA4
Positive Regulation of Heart Contraction (GO:0045823)	2/22	0.00902671954895143	0.15819708497653873	0	0	15.386821705426357	72.43448272713856	RGS2;NPPA
Regulation of Neurogenesis (GO:0050767)	3/66	0.00930635690350742	0.16037955063711137	0	0	7.368303571428571	34.4619800286176	HES6;HES3;B2M
Regulation of Heterotypic Cell-Cell Adhesion (GO:0034114)	2/23	0.0098443266244287	0.16417796338160134	0	0	14.653377630121817	67.7112060716613	APOA1;BMP7
Negative Regulation of Neuron Differentiation (GO:0045665)	2/23	0.0098443266244287	0.16417796338160134	0	0	14.653377630121817	67.7112060716613	BMP7;B2M
Regulation of Intracellular Steroid Hormone Receptor Signaling Pathway (GO:0033143)	2/24	0.01069357826671365	0.17276812387159252	0	0	13.98661028893587	63.47280230857581	PRMT2;SAFB
Positive Regulation of Epidermal Growth Factor Receptor Signaling Pathway (GO:0045742)	2/24	0.01069357826671365	0.17276812387159252	0	0	13.98661028893587	63.47280230857581	AGR2;MMP9
Regulation of Protein Transport (GO:0051223)	2/25	0.0115740314163883	0.1786201266350076	0	0	13.377822716548703	59.651595927977866	DNAJA1;CHORDC1
Chaperone Cofactor-Dependent Protein Refolding (GO:0051085)	2/25	0.0115740314163883	0.1786201266350076	0	0	13.377822716548703	59.651595927977866	HSPA5;HSPA2
Regulation of Cardiac Muscle Hypertrophy (GO:0010611)	2/25	0.0115740314163883	0.1786201266350076	0	0	13.377822716548703	59.651595927977866	RGS2;P2RX4
Positive Regulation of ERBB Signaling Pathway (GO:1901186)	2/26	0.01248524738084301	0.18709776509843012	0	0	12.819767441860463	56.191701327620784	AGR2;MMP9
Mitotic Cell Cycle Checkpoint Signaling (GO:0007093)	2/26	0.01248524738084301	0.18709776509843012	0	0	12.819767441860463	56.191701327620784	CHEK1;NABP1
Striated Muscle Cell Development (GO:0055002)	2/27	0.01342679179810828	0.19833289598919945	0	0	12.306356589147288	53.04658921447195	TCAP;MYL9
Nucleosome Organization (GO:0034728)	3/77	0.01412479439840806	0.20570475222470327	0	0	6.26953125	26.707096915868675	H4C15;NASP;H2BC1
Establishment of Protein Localization to Mitochondrial Membrane (GO:0090151)	2/28	0.01439823460379772	0.2067746469489839	0	0	11.832438878950509	50.17722810865632	HSP90AA1;HSPA4
DNA Repair (GO:0006281)	6/302	0.01465797768730408	0.20762121820099216	0	0	3.174	13.4030736930056	POLN;CHEK1;NABP1;NUCKS1;SMC1A;UNG
Organelle Fusion (GO:0048284)	2/29	0.01539914998268001	0.21230294776121508	0	0	11.39362618432386	47.550649067773186	CIDEB;CIDEC
Regulation of Androgen Receptor Signaling Pathway (GO:0060765)	2/29	0.01539914998268001	0.21230294776121508	0	0	11.39362618432386	47.550649067773186	PRMT2;SAFB
Negative Regulation of Cellular Component Organization (GO:0051129)	3/80	0.0156422216899386	0.21281654246574364	0	0	6.02435064935065	25.04793369243798	HSPA5;APOA1;HSPA2
Negative Regulation of Mitotic Cell Cycle (GO:0045930)	2/30	0.01642911634817609	0.21503425701283652	0	0	10.986157253599114	45.13882574929996	CHEK1;BMP7
Positive Regulation of Nitric Oxide Biosynthetic Process (GO:0045429)	2/30	0.01642911634817609	0.21503425701283652	0	0	10.986157253599114	45.13882574929996	HSP90AA1;P2RX4
Regulation of Chemotaxis (GO:0050920)	2/30	0.01642911634817609	0.21503425701283652	0	0	10.986157253599114	45.13882574929996	P2RX4;CXCR3
Negative Regulation of Blood Vessel Morphogenesis (GO:2000181)	3/82	0.01670291803176815	0.21588521556060344	0	0	5.871242088607595	24.026131554808995	ALOX5;CXCR3;PRL
Regulation of Apoptotic Process (GO:0042981)	10/704	0.0174856360836617	0.2205158371624161	0	0	2.283444875794889	9.239675470225531	DNAJA1;HSP90AA1;HSPA5;PRMT2;CIDEB;HSPB1;GATA1;MMP9;CIDEC;HSP90B1
Positive Regulation of Nitric Oxide Metabolic Process (GO:1904407)	2/31	0.01748771629334441	0.2205158371624161	0	0	10.606789628441591	42.91779222718881	HSP90AA1;P2RX4
Lipid Droplet Organization (GO:0034389)	2/32	0.01857453656031179	0.22864370004002849	0	0	10.252713178294574	40.866941922973595	CIDEB;CIDEC
Negative Regulation of G1/S Transition of Mitotic Cell Cycle (GO:2000134)	2/32	0.01857453656031179	0.22864370004002849	0	0	10.252713178294574	40.866941922973595	PRMT2;CDK2AP2
Regulation of Endothelial Cell Proliferation (GO:0001936)	3/87	0.01952735636250189	0.2340068932736716	0	0	5.520368303571429	21.72783238235409	ALOX5;CXCR3;PRL
Negative Regulation of G2/M Transition of Mitotic Cell Cycle (GO:0010972)	2/33	0.01968916800271705	0.2340068932736716	0	0	9.921480370092524	38.968465918850896	CHEK1;NABP1
Negative Regulation of JNK Cascade (GO:0046329)	2/33	0.01968916800271705	0.2340068932736716	0	0	9.921480370092524	38.968465918850896	DNAJA1;NPPA
Regulation of JUN Kinase Activity (GO:0043506)	2/34	0.02083120555154078	0.24476666523060417	0	0	9.6109496124031	37.20689950562277	DNAJA1;NPPA
'De Novo' Post-Translational Protein Folding (GO:0051084)	2/36	0.02319589886540784	0.2584296707183045	0	0	9.04468764249886	34.04221254646382	HSPA5;HSPA2
Positive Regulation of Epithelial Cell Migration (GO:0010634)	2/36	0.02319589886540784	0.2584296707183045	0	0	9.04468764249886	34.04221254646382	GLIPR2;MMP9
Negative Regulation of Cell Cycle G1/S Phase Transition (GO:1902807)	2/36	0.02319589886540784	0.2584296707183045	0	0	9.04468764249886	34.04221254646382	PRMT2;CDK2AP2
Negative Regulation of Cell Cycle Process (GO:0010948)	2/36	0.02319589886540784	0.2584296707183045	0	0	9.04468764249886	34.04221254646382	CHEK1;BMP7
Negative Regulation of Angiogenesis (GO:0016525)	3/93	0.02324367444565021	0.2584296707183045	0	0	5.15078125	19.3758084372285	ALOX5;CXCR3;PRL
Positive Regulation of Interferon-Beta Production (GO:0032728)	2/37	0.02441776456216778	0.2685954101838456	0	0	8.785825027685492	32.616886534730405	HSP90AA1;ISG15
Positive Regulation of Protein Binding (GO:0032092)	2/38	0.02566545615787948	0.275732853354785	0	0	8.541343669250645	31.283604839394577	B2M;MMP9
Regulation of Metal Ion Transport (GO:0010959)	2/39	0.02693858844502153	0.275732853354785	0	0	8.310077519379846	30.034244821919533	P2RX4;B2M
Interstrand Cross-Link Repair (GO:0036297)	2/39	0.02693858844502153	0.275732853354785	0	0	8.310077519379846	30.034244821919533	POLN;NUCKS1
Regulation of DNA Recombination (GO:0000018)	2/40	0.02823678009203369	0.275732853354785	0	0	8.090983272133823	28.861588287818005	H1-6;CHEK1
Recombinational Repair (GO:0000725)	3/101	0.02875417281837142	0.275732853354785	0	0	4.728396045918367	16.780946972269554	POLN;NABP1;NUCKS1
Negative Regulation of Kinase Activity (GO:0033673)	2/41	0.02955965359042763	0.275732853354785	0	0	7.883124627310674	27.75920071689616	CHORDC1;HSPB1
Negative Regulation of DNA Metabolic Process (GO:0051053)	2/41	0.02955965359042763	0.275732853354785	0	0	7.883124627310674	27.75920071689616	H1-6;S100A11
Negative Regulation of Mitotic Cell Cycle Phase Transition (GO:1901991)	2/43	0.03227795514099813	0.275732853354785	0	0	7.497825675931178	25.74281562781207	PRMT2;CDK2AP2
Mitochondrial Transport (GO:0006839)	2/43	0.03227795514099813	0.275732853354785	0	0	7.497825675931178	25.74281562781207	HSP90AA1;HSPA4
Negative Regulation of Execution Phase of Apoptosis (GO:1900118)	1/5	0.03232677360573918	0.275732853354785	0	0	38.20192307692308	131.10363216765762	CXCR3
DNA Replication-Dependent Chromatin Assembly (GO:0006335)	1/5	0.03232677360573918	0.275732853354785	0	0	38.20192307692308	131.10363216765762	NASP
ISG15-protein Conjugation (GO:0032020)	1/5	0.03232677360573918	0.275732853354785	0	0	38.20192307692308	131.10363216765762	ISG15
Pericardium Morphogenesis (GO:0003344)	1/5	0.03232677360573918	0.275732853354785	0	0	38.20192307692308	131.10363216765762	BMP7
Response to DNA Damage Checkpoint Signaling (GO:0072423)	1/5	0.03232677360573918	0.275732853354785	0	0	38.20192307692308	131.10363216765762	SMC1A
Positive Regulation of CoA-transferase Activity (GO:1905920)	1/5	0.03232677360573918	0.275732853354785	0	0	38.20192307692308	131.10363216765762	APOA1
Cholesterol Catabolic Process (GO:0006707)	1/5	0.03232677360573918	0.275732853354785	0	0	38.20192307692308	131.10363216765762	CYP46A1
Skeletal Muscle Thin Filament Assembly (GO:0030240)	1/5	0.03232677360573918	0.275732853354785	0	0	38.20192307692308	131.10363216765762	TCAP
Sterol Catabolic Process (GO:0016127)	1/5	0.03232677360573918	0.275732853354785	0	0	38.20192307692308	131.10363216765762	CYP46A1
Striated Muscle Hypertrophy (GO:0014897)	1/5	0.03232677360573918	0.275732853354785	0	0	38.20192307692308	131.10363216765762	TCAP
Positive Regulation of Microglial Cell Migration (GO:1904141)	1/5	0.03232677360573918	0.275732853354785	0	0	38.20192307692308	131.10363216765762	P2RX4
Protein Histidyl Modification to Diphthamide (GO:0017183)	1/5	0.03232677360573918	0.275732853354785	0	0	38.20192307692308	131.10363216765762	DPH3
Protein Localization to Membrane Raft (GO:1903044)	1/5	0.03232677360573918	0.275732853354785	0	0	38.20192307692308	131.10363216765762	CYP46A1
Pyrimidine Nucleotide Metabolic Process (GO:0006220)	1/5	0.03232677360573918	0.275732853354785	0	0	38.20192307692308	131.10363216765762	DCK
Negative Regulation of Cellular Response to Hypoxia (GO:1900038)	1/5	0.03232677360573918	0.275732853354785	0	0	38.20192307692308	131.10363216765762	HYOU1
DNA-templated DNA Replication Maintenance of Fidelity (GO:0045005)	2/44	0.03367264707600145	0.275732853354785	0	0	7.318936877076412	24.81902310880993	TIPIN;NUCKS1
Regulation of Nervous System Development (GO:0051960)	2/45	0.03509054856415484	0.275732853354785	0	0	7.148368487470705	23.945772434655535	HES6;HES3
Regulation of Nitric Oxide Biosynthetic Process (GO:0045428)	2/45	0.03509054856415484	0.275732853354785	0	0	7.148368487470705	23.945772434655535	HSP90AA1;P2RX4
Positive Regulation of Calcium Ion Transmembrane Transport (GO:1904427)	2/45	0.03509054856415484	0.275732853354785	0	0	7.148368487470705	23.945772434655535	P2RX4;CXCR3
Regulation of G1/S Transition of Mitotic Cell Cycle (GO:2000045)	3/111	0.03652890691094976	0.275732853354785	0	0	4.288411458333333	14.193146822489467	PRMT2;CCNE1;CDK2AP2
Regulation of Cellular Response to Stress (GO:0080135)	3/111	0.03652890691094976	0.275732853354785	0	0	4.288411458333333	14.193146822489467	ALOX5;CHORDC1;MANF
Negative Regulation of Apoptotic Process (GO:0043066)	7/475	0.03697587255126464	0.275732853354785	0	0	2.3402088502894953	7.71681451474287	DNAJA1;HSPA5;CXCR3;HSPB1;GATA1;MMP9;HSP90B1
Cellular Response to Metal Ion (GO:0071248)	3/112	0.03736000750862214	0.275732853354785	0	0	4.248853211009174	13.966636802174184	CLIC4;P2RX4;B2M
DNA Integrity Checkpoint Signaling (GO:0031570)	2/47	0.03799454861406044	0.275732853354785	0	0	6.829974160206718	22.33615046549707	TIPIN;CHEK1
Chromosome Organization (GO:0051276)	2/47	0.03799454861406044	0.275732853354785	0	0	6.829974160206718	22.33615046549707	H1-6;H4C15
CENP-A Containing Chromatin Assembly (GO:0034080)	1/6	0.03866659935826289	0.275732853354785	0	0	30.56	99.4049298240761	NASP
Negative Regulation of Establishment of Protein Localization to Mitochondrion (GO:1903748)	1/6	0.03866659935826289	0.275732853354785	0	0	30.56	99.4049298240761	DNAJA1
Negative Regulation of Lipase Activity (GO:0060192)	1/6	0.03866659935826289	0.275732853354785	0	0	30.56	99.4049298240761	RGS2
Regulation of Heme Biosynthetic Process (GO:0070453)	1/6	0.03866659935826289	0.275732853354785	0	0	30.56	99.4049298240761	TMEM14C
Regulation of High Voltage-Gated Calcium Channel Activity (GO:1901841)	1/6	0.03866659935826289	0.275732853354785	0	0	30.56	99.4049298240761	NPPA
Negative Regulation of Plasminogen Activation (GO:0010757)	1/6	0.03866659935826289	0.275732853354785	0	0	30.56	99.4049298240761	PLAU
Regulation of Microglial Cell Migration (GO:1904139)	1/6	0.03866659935826289	0.275732853354785	0	0	30.56	99.4049298240761	P2RX4
Regulation of Potassium Ion Export Across Plasma Membrane (GO:1903764)	1/6	0.03866659935826289	0.275732853354785	0	0	30.56	99.4049298240761	NPPA
Peptidyl-Histidine Modification (GO:0018202)	1/6	0.03866659935826289	0.275732853354785	0	0	30.56	99.4049298240761	DPH3
Chromatin Remodeling at Centromere (GO:0031055)	1/6	0.03866659935826289	0.275732853354785	0	0	30.56	99.4049298240761	NASP
Detection of Muscle Stretch (GO:0035995)	1/6	0.03866659935826289	0.275732853354785	0	0	30.56	99.4049298240761	TCAP
Positive Regulation of Icosanoid Secretion (GO:0032305)	1/6	0.03866659935826289	0.275732853354785	0	0	30.56	99.4049298240761	P2RX4
Establishment of Mitotic Sister Chromatid Cohesion (GO:0034087)	1/6	0.03866659935826289	0.275732853354785	0	0	30.56	99.4049298240761	SMC1A
Inclusion Body Assembly (GO:0070841)	1/6	0.03866659935826289	0.275732853354785	0	0	30.56	99.4049298240761	HSP90AA1
Proline Metabolic Process (GO:0006560)	1/6	0.03866659935826289	0.275732853354785	0	0	30.56	99.4049298240761	DAO
Protein Repair (GO:0030091)	1/6	0.03866659935826289	0.275732853354785	0	0	30.56	99.4049298240761	MSRB1
Regulation of Atrial Cardiac Muscle Cell Membrane Repolarization (GO:0060372)	1/6	0.03866659935826289	0.275732853354785	0	0	30.56	99.4049298240761	NPPA
Endoplasmic Reticulum Unfolded Protein Response (GO:0030968)	2/48	0.03947994043842379	0.2777024381859198	0	0	6.681159420289855	21.59325719109003	HSPA5;MANF
Mitotic G2/M Transition Checkpoint (GO:0044818)	2/48	0.03947994043842379	0.2777024381859198	0	0	6.681159420289855	21.59325719109003	CHEK1;NABP1
Negative Regulation of Programmed Cell Death (GO:0043069)	6/382	0.04001438714598675	0.27955997506047503	0	0	2.488468085106383	8.009174872190798	DNAJA1;HSPA5;HSPB1;GATA1;MMP9;HSP90B1
Regulation of Wound Healing (GO:0061041)	2/49	0.04098712829646158	0.2800844744396727	0	0	6.538677222497114	20.887786115308213	PLAU;ALOX5
Negative Regulation of Phosphorylation (GO:0042326)	2/50	0.04251576774636915	0.2800844744396727	0	0	6.4021317829457365	20.217165618082923	CHORDC1;DYNLL1
Cognition (GO:0050890)	2/50	0.04251576774636915	0.2800844744396727	0	0	6.4021317829457365	20.217165618082923	TAAR5;DGCR2
Positive Regulation of Blood Vessel Endothelial Cell Migration (GO:0043536)	2/50	0.04251576774636915	0.2800844744396727	0	0	6.4021317829457365	20.217165618082923	P2RX4;HSPB1
Regulation of Interferon-Beta Production (GO:0032648)	2/51	0.04406551786638812	0.2800844744396727	0	0	6.271159626641354	19.579047687257045	HSP90AA1;ISG15
Myofibril Assembly (GO:0030239)	2/51	0.04406551786638812	0.2800844744396727	0	0	6.271159626641354	19.579047687257045	TCAP;MYL9
ATF6-mediated Unfolded Protein Response (GO:0036500)	1/7	0.044965205761108	0.2800844744396727	0	0	25.465384615384615	78.99021819196878	MANF
Alcohol Catabolic Process (GO:0046164)	1/7	0.044965205761108	0.2800844744396727	0	0	25.465384615384615	78.99021819196878	CYP46A1
Axon Ensheathment in Central Nervous System (GO:0032291)	1/7	0.044965205761108	0.2800844744396727	0	0	25.465384615384615	78.99021819196878	PLP1
Regulation of Protein Glycosylation (GO:0060049)	1/7	0.044965205761108	0.2800844744396727	0	0	25.465384615384615	78.99021819196878	CHORDC1
Cardiac Muscle Hypertrophy (GO:0003300)	1/7	0.044965205761108	0.2800844744396727	0	0	25.465384615384615	78.99021819196878	TCAP
Pericardium Development (GO:0060039)	1/7	0.044965205761108	0.2800844744396727	0	0	25.465384615384615	78.99021819196878	BMP7
Depyrimidination (GO:0045008)	1/7	0.044965205761108	0.2800844744396727	0	0	25.465384615384615	78.99021819196878	UNG
Skeletal Myofibril Assembly (GO:0014866)	1/7	0.044965205761108	0.2800844744396727	0	0	25.465384615384615	78.99021819196878	TCAP
Positive Regulation of Glial Cell Migration (GO:1903977)	1/7	0.044965205761108	0.2800844744396727	0	0	25.465384615384615	78.99021819196878	P2RX4
Positive Regulation of Phospholipid Biosynthetic Process (GO:0071073)	1/7	0.044965205761108	0.2800844744396727	0	0	25.465384615384615	78.99021819196878	CHORDC1
miRNA-mediated Gene Silencing by mRNA Destabilization (GO:0035279)	1/7	0.044965205761108	0.2800844744396727	0	0	25.465384615384615	78.99021819196878	CNOT7
Regulation of Cdc42 Protein Signal Transduction (GO:0032489)	1/7	0.044965205761108	0.2800844744396727	0	0	25.465384615384615	78.99021819196878	APOA1
Regulation of Cell Development (GO:0060284)	2/52	0.04563604121989421	0.28148234586934273	0	0	6.145426356589147	18.971284506471022	HES6;HES3
Negative Regulation of DNA-binding Transcription Factor Activity (GO:0043433)	3/122	0.04619818544528292	0.28148234586934273	0	0	3.8898371848739495	11.960528781263612	PRMT2;CHORDC1;BMP7
DNA Metabolic Process (GO:0006259)	5/302	0.04876039555507611	0.28148234586934273	0	0	2.615039281705948	7.899607058058021	CHEK1;NABP1;MCM5;SMC1A;DCTPP1
Regulation of Angiogenesis (GO:0045765)	4/211	0.05018783913145389	0.28148234586934273	0	0	2.991669519570923	8.951022938115853	ALOX5;CXCR3;HSPB1;PRL
Regulation of Endoplasmic Reticulum Unfolded Protein Response (GO:1900101)	1/8	0.05122285833690137	0.28148234586934273	0	0	21.826373626373627	64.85858386485305	HSPA5
Negative Regulation of Glycogen Metabolic Process (GO:0070874)	1/8	0.05122285833690137	0.28148234586934273	0	0	21.826373626373627	64.85858386485305	PPP1R3B
Regulation of Glucan Biosynthetic Process (GO:0010962)	1/8	0.05122285833690137	0.28148234586934273	0	0	21.826373626373627	64.85858386485305	PPP1R3B
Adult Heart Development (GO:0007512)	1/8	0.05122285833690137	0.28148234586934273	0	0	21.826373626373627	64.85858386485305	TCAP
Regulation of Mitotic Centrosome Separation (GO:0046602)	1/8	0.05122285833690137	0.28148234586934273	0	0	21.826373626373627	64.85858386485305	CHEK1
Regulation of Nuclear Cell Cycle DNA Replication (GO:0033262)	1/8	0.05122285833690137	0.28148234586934273	0	0	21.826373626373627	64.85858386485305	TIPIN
Regulation of Phosphatase Activity (GO:0010921)	1/8	0.05122285833690137	0.28148234586934273	0	0	21.826373626373627	64.85858386485305	CHORDC1
Regulation of Phospholipase Activity (GO:0010517)	1/8	0.05122285833690137	0.28148234586934273	0	0	21.826373626373627	64.85858386485305	RGS2
Bone Resorption (GO:0045453)	1/8	0.05122285833690137	0.28148234586934273	0	0	21.826373626373627	64.85858386485305	ACP5
Nucleoside Triphosphate Metabolic Process (GO:0009141)	1/8	0.05122285833690137	0.28148234586934273	0	0	21.826373626373627	64.85858386485305	DCTPP1
Regulation of Response to Wounding (GO:1903034)	1/8	0.05122285833690137	0.28148234586934273	0	0	21.826373626373627	64.85858386485305	PLAU
Plasminogen Activation (GO:0031639)	1/8	0.05122285833690137	0.28148234586934273	0	0	21.826373626373627	64.85858386485305	PLAU
Positive Regulation by Host of Viral Genome Replication (GO:0044829)	1/8	0.05122285833690137	0.28148234586934273	0	0	21.826373626373627	64.85858386485305	NUCKS1
Protein Hexamerization (GO:0034214)	1/8	0.05122285833690137	0.28148234586934273	0	0	21.826373626373627	64.85858386485305	MAT2A
Maintenance of Synapse Structure (GO:0099558)	1/8	0.05122285833690137	0.28148234586934273	0	0	21.826373626373627	64.85858386485305	CBLN3
Negative Regulation of Response to Stimulus (GO:0048585)	2/57	0.05378868634510218	0.28148234586934273	0	0	5.5853417899929525	16.324234464553616	ALOX5;APOA1
Regulation of Blood Vessel Endothelial Cell Migration (GO:0043535)	2/57	0.05378868634510218	0.28148234586934273	0	0	5.5853417899929525	16.324234464553616	P2RX4;HSPB1
Regulation of Mitotic Nuclear Division (GO:0007088)	2/58	0.05547695427659432	0.28148234586934273	0	0	5.485326688815061	15.862399605903178	CHEK1;BMP7
Sterol Metabolic Process (GO:0016125)	2/58	0.05547695427659432	0.28148234586934273	0	0	5.485326688815061	15.862399605903178	APOA1;CYP46A1
Mitotic DNA Damage Checkpoint Signaling (GO:0044773)	2/59	0.05718372844200178	0.28148234586934273	0	0	5.388820889432885	15.420034932718025	TIPIN;CHEK1
Regulation of Delayed Rectifier Potassium Channel Activity (GO:1902259)	1/9	0.05743982106231268	0.28148234586934273	0	0	19.097115384615385	54.560792270090865	NPPA
Negative Regulation of Heterotypic Cell-Cell Adhesion (GO:0034115)	1/9	0.05743982106231268	0.28148234586934273	0	0	19.097115384615385	54.560792270090865	APOA1
Activation of NF-kappaB-inducing Kinase Activity (GO:0007250)	1/9	0.05743982106231268	0.28148234586934273	0	0	19.097115384615385	54.560792270090865	ZFP91
Negative Regulation of Receptor Binding (GO:1900121)	1/9	0.05743982106231268	0.28148234586934273	0	0	19.097115384615385	54.560792270090865	B2M
Negative Regulation of Striated Muscle Cell Apoptotic Process (GO:0010664)	1/9	0.05743982106231268	0.28148234586934273	0	0	19.097115384615385	54.560792270090865	BMP7
Amyloid-Beta Formation (GO:0034205)	1/9	0.05743982106231268	0.28148234586934273	0	0	19.097115384615385	54.560792270090865	APOA1
Negative Regulation of Triglyceride Metabolic Process (GO:0090209)	1/9	0.05743982106231268	0.28148234586934273	0	0	19.097115384615385	54.560792270090865	CIDEC
cGMP Biosynthetic Process (GO:0006182)	1/9	0.05743982106231268	0.28148234586934273	0	0	19.097115384615385	54.560792270090865	NPPA
Response to Type I Interferon (GO:0034340)	1/9	0.05743982106231268	0.28148234586934273	0	0	19.097115384615385	54.560792270090865	ISG15
Collagen Biosynthetic Process (GO:0032964)	1/9	0.05743982106231268	0.28148234586934273	0	0	19.097115384615385	54.560792270090865	TRAM2
Positive Regulation of Calcium Ion Transport Into Cytosol (GO:0010524)	1/9	0.05743982106231268	0.28148234586934273	0	0	19.097115384615385	54.560792270090865	P2RX4
Positive Regulation of Keratinocyte Migration (GO:0051549)	1/9	0.05743982106231268	0.28148234586934273	0	0	19.097115384615385	54.560792270090865	MMP9
High-Density Lipoprotein Particle Assembly (GO:0034380)	1/9	0.05743982106231268	0.28148234586934273	0	0	19.097115384615385	54.560792270090865	APOA1
Positive Regulation of Sodium Ion Transmembrane Transporter Activity (GO:2000651)	1/9	0.05743982106231268	0.28148234586934273	0	0	19.097115384615385	54.560792270090865	CHORDC1
Progesterone Metabolic Process (GO:0042448)	1/9	0.05743982106231268	0.28148234586934273	0	0	19.097115384615385	54.560792270090865	CYP46A1
Lipoxygenase Pathway (GO:0019372)	1/9	0.05743982106231268	0.28148234586934273	0	0	19.097115384615385	54.560792270090865	ALOX5
Receptor Guanylyl Cyclase Signaling Pathway (GO:0007168)	1/9	0.05743982106231268	0.28148234586934273	0	0	19.097115384615385	54.560792270090865	NPPA
Modification-Dependent Macromolecule Catabolic Process (GO:0043632)	1/9	0.05743982106231268	0.28148234586934273	0	0	19.097115384615385	54.560792270090865	ISG15
Morphogenesis of an Epithelial Sheet (GO:0002011)	1/9	0.05743982106231268	0.28148234586934273	0	0	19.097115384615385	54.560792270090865	BMP7
Negative Regulation of PERK-mediated Unfolded Protein Response (GO:1903898)	1/9	0.05743982106231268	0.28148234586934273	0	0	19.097115384615385	54.560792270090865	HSPA5
Regulation of Cell-Cell Adhesion Involved in Gastrulation (GO:0070587)	1/9	0.05743982106231268	0.28148234586934273	0	0	19.097115384615385	54.560792270090865	APOA1
Negative Regulation of Protein Kinase Activity (GO:0006469)	2/60	0.05890869820164627	0.28596992460329695	0	0	5.2956428762363	14.99602420823152	CHORDC1;HSPB1
Protein Targeting to Mitochondrion (GO:0006626)	2/60	0.05890869820164627	0.28596992460329695	0	0	5.2956428762363	14.99602420823152	HSP90AA1;HSPA4
Regulation of Protein Phosphorylation (GO:0001932)	3/137	0.06120111623208282	0.28599701042031445	0	0	3.451784048507463	9.642868884179665	CHORDC1;HSPB1;MMP9
Negative Regulation of Inclusion Body Assembly (GO:0090084)	1/10	0.06361635628304867	0.28599701042031445	0	0	16.974358974358974	46.76240127804881	HSPA2
Regulation of Inclusion Body Assembly (GO:0090083)	1/10	0.06361635628304867	0.28599701042031445	0	0	16.974358974358974	46.76240127804881	HSPA2
S-adenosylmethionine Metabolic Process (GO:0046500)	1/10	0.06361635628304867	0.28599701042031445	0	0	16.974358974358974	46.76240127804881	MAT2A
Negative Regulation of Protein Import Into Nucleus (GO:0042308)	1/10	0.06361635628304867	0.28599701042031445	0	0	16.974358974358974	46.76240127804881	CHORDC1
Regulation of Muscle System Process (GO:0090257)	1/10	0.06361635628304867	0.28599701042031445	0	0	16.974358974358974	46.76240127804881	MYL9
Negative Regulation of Systemic Arterial Blood Pressure (GO:0003085)	1/10	0.06361635628304867	0.28599701042031445	0	0	16.974358974358974	46.76240127804881	NPPA
Oxygen Transport (GO:0015671)	1/10	0.06361635628304867	0.28599701042031445	0	0	16.974358974358974	46.76240127804881	HBE1
Cellular Response to UV-A (GO:0071492)	1/10	0.06361635628304867	0.28599701042031445	0	0	16.974358974358974	46.76240127804881	MMP9
Response to X-ray (GO:0010165)	1/10	0.06361635628304867	0.28599701042031445	0	0	16.974358974358974	46.76240127804881	NUCKS1
Single Strand Break Repair (GO:0000012)	1/10	0.06361635628304867	0.28599701042031445	0	0	16.974358974358974	46.76240127804881	UNG
Positive Regulation of Cellular Senescence (GO:2000774)	1/10	0.06361635628304867	0.28599701042031445	0	0	16.974358974358974	46.76240127804881	B2M
Double-Strand Break Repair via Break-Induced Replication (GO:0000727)	1/10	0.06361635628304867	0.28599701042031445	0	0	16.974358974358974	46.76240127804881	MCM5
Very-Low-Density Lipoprotein Particle Assembly (GO:0034379)	1/10	0.06361635628304867	0.28599701042031445	0	0	16.974358974358974	46.76240127804881	CIDEB
Positive Regulation of Phospholipid Transport (GO:2001140)	1/10	0.06361635628304867	0.28599701042031445	0	0	16.974358974358974	46.76240127804881	APOA1
Homologous Recombination (GO:0035825)	1/10	0.06361635628304867	0.28599701042031445	0	0	16.974358974358974	46.76240127804881	NUCKS1
Mesonephros Development (GO:0001823)	1/10	0.06361635628304867	0.28599701042031445	0	0	16.974358974358974	46.76240127804881	BMP7
Anterior/Posterior Pattern Specification (GO:0009952)	2/65	0.06779583253668175	0.2873478779931071	0	0	4.874123292727944	13.117506503123318	HES6;HES3
Regulation of Phosphorylation (GO:0042325)	2/65	0.06779583253668175	0.2873478779931071	0	0	4.874123292727944	13.117506503123318	HSPB1;DYNLL1
Regulation of Viral Genome Replication (GO:0045069)	2/66	0.06962363089243005	0.2873478779931071	0	0	4.797722868217054	12.784258213722426	CNOT7;ISG15
Negative Regulation of Fibrinolysis (GO:0051918)	1/11	0.0697527247352707	0.2873478779931071	0	0	15.276153846153846	40.677324049781355	PLAU
Regulation of Establishment of Protein Localization to Mitochondrion (GO:1903747)	1/11	0.0697527247352707	0.2873478779931071	0	0	15.276153846153846	40.677324049781355	DNAJA1
Regulation of Glycogen Metabolic Process (GO:0070873)	1/11	0.0697527247352707	0.2873478779931071	0	0	15.276153846153846	40.677324049781355	PPP1R3B
Regulation of Glycoprotein Biosynthetic Process (GO:0010559)	1/11	0.0697527247352707	0.2873478779931071	0	0	15.276153846153846	40.677324049781355	GATA1
Regulation of Keratinocyte Migration (GO:0051547)	1/11	0.0697527247352707	0.2873478779931071	0	0	15.276153846153846	40.677324049781355	MMP9
Negative Regulation of Sprouting Angiogenesis (GO:1903671)	1/11	0.0697527247352707	0.2873478779931071	0	0	15.276153846153846	40.677324049781355	ALOX5
Base-Excision Repair, AP Site Formation (GO:0006285)	1/11	0.0697527247352707	0.2873478779931071	0	0	15.276153846153846	40.677324049781355	UNG
cGMP Metabolic Process (GO:0046068)	1/11	0.0697527247352707	0.2873478779931071	0	0	15.276153846153846	40.677324049781355	NPPA
Carbon Dioxide Transport (GO:0015670)	1/11	0.0697527247352707	0.2873478779931071	0	0	15.276153846153846	40.677324049781355	HBE1
Cellular Response to Nutrient (GO:0031670)	1/11	0.0697527247352707	0.2873478779931071	0	0	15.276153846153846	40.677324049781355	MAT2A
Central Nervous System Myelination (GO:0022010)	1/11	0.0697527247352707	0.2873478779931071	0	0	15.276153846153846	40.677324049781355	PLP1
Positive Regulation of Execution Phase of Apoptosis (GO:1900119)	1/11	0.0697527247352707	0.2873478779931071	0	0	15.276153846153846	40.677324049781355	CXCR3
Positive Regulation of mRNA Metabolic Process (GO:1903313)	1/11	0.0697527247352707	0.2873478779931071	0	0	15.276153846153846	40.677324049781355	CNOT7
+ Reg of Nuclear-Transcribed mRNA Cat Proc, Deadenylation-Dep Decay (GO:1900153)	1/11	0.0697527247352707	0.2873478779931071	0	0	15.276153846153846	40.677324049781355	CNOT7
Intestinal Lipid Absorption (GO:0098856)	1/11	0.0697527247352707	0.2873478779931071	0	0	15.276153846153846	40.677324049781355	FABP2
Maintenance of Protein Localization in Endoplasmic Reticulum (GO:0035437)	1/11	0.0697527247352707	0.2873478779931071	0	0	15.276153846153846	40.677324049781355	HSPA5
Negative Regulation of calcineurin-NFAT Signaling Cascade (GO:0070885)	1/11	0.0697527247352707	0.2873478779931071	0	0	15.276153846153846	40.677324049781355	CHORDC1
Negative Regulation of Calcineurin-Mediated Signaling (GO:0106057)	1/11	0.0697527247352707	0.2873478779931071	0	0	15.276153846153846	40.677324049781355	CHORDC1
Chordate Embryonic Development (GO:0043009)	2/67	0.07146753897988421	0.2932437908936519	0	0	4.723673225998807	12.463468172750613	DLX4;BMP7
Cholesterol Metabolic Process (GO:0008203)	2/68	0.0733272711525333	0.293738044187586	0	0	4.651867512332629	12.154504990895887	APOA1;CYP46A1
Positive Regulation of Type I Interferon Production (GO:0032481)	2/68	0.0733272711525333	0.293738044187586	0	0	4.651867512332629	12.154504990895887	HSP90AA1;ISG15
Phospholipid Efflux (GO:0033700)	1/12	0.07584918549137858	0.293738044187586	0	0	13.886713286713286	35.81394898804782	APOA1
Phospholipid Homeostasis (GO:0055091)	1/12	0.07584918549137858	0.293738044187586	0	0	13.886713286713286	35.81394898804782	APOA1
Sperm DNA Condensation (GO:0035092)	1/12	0.07584918549137858	0.293738044187586	0	0	13.886713286713286	35.81394898804782	H2BC1
Positive Regulation of Dendrite Development (GO:1900006)	1/12	0.07584918549137858	0.293738044187586	0	0	13.886713286713286	35.81394898804782	BMP7
Positive Regulation of Glycoprotein Biosynthetic Process (GO:0010560)	1/12	0.07584918549137858	0.293738044187586	0	0	13.886713286713286	35.81394898804782	CHORDC1
Erythrocyte Development (GO:0048821)	1/12	0.07584918549137858	0.293738044187586	0	0	13.886713286713286	35.81394898804782	GATA1
Fibrinolysis (GO:0042730)	1/12	0.07584918549137858	0.293738044187586	0	0	13.886713286713286	35.81394898804782	PLAU
Positive Regulation of Nuclear-Transcribed mRNA poly(A) Tail Shortening (GO:0060213)	1/12	0.07584918549137858	0.293738044187586	0	0	13.886713286713286	35.81394898804782	CNOT7
Granulocyte Differentiation (GO:0030851)	1/12	0.07584918549137858	0.293738044187586	0	0	13.886713286713286	35.81394898804782	GATA1
Intestinal Absorption (GO:0050892)	1/12	0.07584918549137858	0.293738044187586	0	0	13.886713286713286	35.81394898804782	FABP2
Post-Translational Protein Targeting to Endoplasmic Reticulum Membrane (GO:0006620)	1/12	0.07584918549137858	0.293738044187586	0	0	13.886713286713286	35.81394898804782	HSPA5
Pyrimidine Deoxyribonucleotide Catabolic Process (GO:0009223)	1/12	0.07584918549137858	0.293738044187586	0	0	13.886713286713286	35.81394898804782	UNG
Regulation of DNA-templated DNA Replication Initiation (GO:0030174)	1/12	0.07584918549137858	0.293738044187586	0	0	13.886713286713286	35.81394898804782	MCM5
Protein Localization to Organelle (GO:0033365)	3/151	0.07699098373433974	0.2970473029153257	0	0	3.123046875	8.007701301546225	DNAJA1;ISG15;TRAM2
Adenylate Cyclase-Activating G Protein-Coupled Receptor Signaling Pathway (GO:0007189)	3/153	0.07938007727852102	0.29746709331776855	0	0	3.08109375	7.805975227171955	CXCR3;TAAR5;RXFP2
L-amino Acid Catabolic Process (GO:0170035)	1/13	0.0819059960266386	0.29746709331776855	0	0	12.728846153846154	31.849903464460027	AMDHD1
Regulation of Protein Autophosphorylation (GO:0031952)	1/13	0.0819059960266386	0.29746709331776855	0	0	12.728846153846154	31.849903464460027	CHORDC1
Non-Proteinogenic Amino Acid Catabolic Process (GO:0170044)	1/13	0.0819059960266386	0.29746709331776855	0	0	12.728846153846154	31.849903464460027	DAO
Cardiac Cell Development (GO:0055006)	1/13	0.0819059960266386	0.29746709331776855	0	0	12.728846153846154	31.849903464460027	TCAP
Outer Mitochondrial Membrane Organization (GO:0007008)	1/13	0.0819059960266386	0.29746709331776855	0	0	12.728846153846154	31.849903464460027	HSPA4
Response to UV-A (GO:0070141)	1/13	0.0819059960266386	0.29746709331776855	0	0	12.728846153846154	31.849903464460027	MMP9
Response to Iron Ion (GO:0010039)	1/13	0.0819059960266386	0.29746709331776855	0	0	12.728846153846154	31.849903464460027	B2M
Sulfate Transmembrane Transport (GO:1902358)	1/13	0.0819059960266386	0.29746709331776855	0	0	12.728846153846154	31.849903464460027	SLC13A1
Positive Regulation of Heterotypic Cell-Cell Adhesion (GO:0034116)	1/13	0.0819059960266386	0.29746709331776855	0	0	12.728846153846154	31.849903464460027	BMP7
Intraciliary Retrograde Transport (GO:0035721)	1/13	0.0819059960266386	0.29746709331776855	0	0	12.728846153846154	31.849903464460027	DYNLL1
Lipid Oxidation (GO:0034440)	1/13	0.0819059960266386	0.29746709331776855	0	0	12.728846153846154	31.849903464460027	ALOX5
Protein Insertion Into Mitochondrial Outer Membrane (GO:0045040)	1/13	0.0819059960266386	0.29746709331776855	0	0	12.728846153846154	31.849903464460027	HSPA4
Muscle Filament Sliding (GO:0030049)	1/13	0.0819059960266386	0.29746709331776855	0	0	12.728846153846154	31.849903464460027	TCAP
Negative Regulation of DNA Replication (GO:0008156)	1/13	0.0819059960266386	0.29746709331776855	0	0	12.728846153846154	31.849903464460027	S100A11
Reg of Calcium Ion Transmembrane Transport via High Voltage-Gated Calcium Channel (GO:1902514)	1/13	0.0819059960266386	0.29746709331776855	0	0	12.728846153846154	31.849903464460027	NPPA
DNA Replication (GO:0006260)	2/73	0.08285350374808254	0.29746709331776855	0	0	4.3231793863958945	10.76766181968016	CHEK1;MCM5
Neuropeptide Signaling Pathway (GO:0007218)	2/73	0.08285350374808254	0.29746709331776855	0	0	4.3231793863958945	10.76766181968016	NPPA;KISS1R
Positive Regulation of Cell-Substrate Adhesion (GO:0010811)	2/73	0.08285350374808254	0.29746709331776855	0	0	4.3231793863958945	10.76766181968016	AGR2;APOA1
Regulation of DNA Replication (GO:0006275)	2/73	0.08285350374808254	0.29746709331776855	0	0	4.3231793863958945	10.76766181968016	NUCKS1;S100A11
Regulation of Establishment of Protein Localization (GO:0070201)	1/14	0.08792341216396707	0.30304269392513983	0	0	11.749112426035502	28.565489678311135	DNAJA1
Negative Regulation of Muscle Cell Apoptotic Process (GO:0010656)	1/14	0.08792341216396707	0.30304269392513983	0	0	11.749112426035502	28.565489678311135	BMP7
Regulation of Nuclear-Transcribed mRNA poly(A) Tail Shortening (GO:0060211)	1/14	0.08792341216396707	0.30304269392513983	0	0	11.749112426035502	28.565489678311135	CNOT7
Blood Coagulation, Fibrin Clot Formation (GO:0072378)	1/14	0.08792341216396707	0.30304269392513983	0	0	11.749112426035502	28.565489678311135	F13B
Regulation of Response to Oxidative Stress (GO:1902882)	1/14	0.08792341216396707	0.30304269392513983	0	0	11.749112426035502	28.565489678311135	ALOX5
Regulation of Voltage-Gated Calcium Channel Activity (GO:1901385)	1/14	0.08792341216396707	0.30304269392513983	0	0	11.749112426035502	28.565489678311135	NPPA
Positive Regulation of Heart Rate (GO:0010460)	1/14	0.08792341216396707	0.30304269392513983	0	0	11.749112426035502	28.565489678311135	NPPA
Glutamine Family Amino Acid Catabolic Process (GO:0009065)	1/14	0.08792341216396707	0.30304269392513983	0	0	11.749112426035502	28.565489678311135	DAO
Protein Activation Cascade (GO:0072376)	1/14	0.08792341216396707	0.30304269392513983	0	0	11.749112426035502	28.565489678311135	F13B
Meiotic Sister Chromatid Cohesion (GO:0051177)	1/14	0.08792341216396707	0.30304269392513983	0	0	11.749112426035502	28.565489678311135	SMC1A
Mitotic intra-S DNA Damage Checkpoint Signaling (GO:0031573)	1/14	0.08792341216396707	0.30304269392513983	0	0	11.749112426035502	28.565489678311135	TIPIN
Monosaccharide Transmembrane Transport (GO:0015749)	1/14	0.08792341216396707	0.30304269392513983	0	0	11.749112426035502	28.565489678311135	SLC5A9
Cellular Response to Hypoxia (GO:0071456)	2/77	0.09073127492468112	0.306097441034242	0	0	4.091782945736434	9.819678248913744	HYOU1;BMP7
Cellular Response to Decreased Oxygen Levels (GO:0036294)	2/78	0.0927341836815326	0.306097441034242	0	0	4.037739698082415	9.601818159344294	HYOU1;BMP7
Negative Regulation of Epithelial Cell Differentiation (GO:0030857)	1/15	0.0939016881241754	0.306097441034242	0	0	10.90934065934066	25.806120768156763	MMP9
Negative Regulation of Establishment of Protein Localization (GO:1904950)	1/15	0.0939016881241754	0.306097441034242	0	0	10.90934065934066	25.806120768156763	DNAJA1
Regulation of Execution Phase of Apoptosis (GO:1900117)	1/15	0.0939016881241754	0.306097441034242	0	0	10.90934065934066	25.806120768156763	CXCR3
Actin-Myosin Filament Sliding (GO:0033275)	1/15	0.0939016881241754	0.306097441034242	0	0	10.90934065934066	25.806120768156763	TCAP
Amyloid Precursor Protein Catabolic Process (GO:0042987)	1/15	0.0939016881241754	0.306097441034242	0	0	10.90934065934066	25.806120768156763	APOA1
Amyloid-Beta Metabolic Process (GO:0050435)	1/15	0.0939016881241754	0.306097441034242	0	0	10.90934065934066	25.806120768156763	APOA1
Regulation of Response to Endoplasmic Reticulum Stress (GO:1905897)	1/15	0.0939016881241754	0.306097441034242	0	0	10.90934065934066	25.806120768156763	MANF
Cardiac Myofibril Assembly (GO:0055003)	1/15	0.0939016881241754	0.306097441034242	0	0	10.90934065934066	25.806120768156763	TCAP
Centromere Complex Assembly (GO:0034508)	1/15	0.0939016881241754	0.306097441034242	0	0	10.90934065934066	25.806120768156763	NASP
Defense Response to Protozoan (GO:0042832)	1/15	0.0939016881241754	0.306097441034242	0	0	10.90934065934066	25.806120768156763	GBP6
Gas Transport (GO:0015669)	1/15	0.0939016881241754	0.306097441034242	0	0	10.90934065934066	25.806120768156763	HBE1
Positive Regulation of Secretion (GO:0051047)	1/15	0.0939016881241754	0.306097441034242	0	0	10.90934065934066	25.806120768156763	PRL
Proteinogenic Amino Acid Catabolic Process (GO:0170040)	1/15	0.0939016881241754	0.306097441034242	0	0	10.90934065934066	25.806120768156763	AMDHD1
Regulation of Cellular Response to Heat (GO:1900034)	1/15	0.0939016881241754	0.306097441034242	0	0	10.90934065934066	25.806120768156763	CHORDC1
Cellular Response to Nitrogen Compound (GO:1901699)	3/169	0.099616021478487915	0.306097441034242	0	0	2.7818618222891565	6.416175875133221	P2RX4;MAT2A;HSP90B1
C21-steroid Hormone Metabolic Process (GO:0008207)	1/16	0.09984107647289782	0.306097441034242	0	0	10.181538461538462	23.460052416555833	CYP46A1
Regulation of Fibrinolysis (GO:0051917)	1/16	0.09984107647289782	0.306097441034242	0	0	10.181538461538462	23.460052416555833	PLAU
Negative Regulation of Protein Processing (GO:0010955)	1/16	0.09984107647289782	0.306097441034242	0	0	10.181538461538462	23.460052416555833	PLAU
Regulation of Plasminogen Activation (GO:0010755)	1/16	0.09984107647289782	0.306097441034242	0	0	10.181538461538462	23.460052416555833	PLAU
Oligodendrocyte Development (GO:0014003)	1/16	0.09984107647289782	0.306097441034242	0	0	10.181538461538462	23.460052416555833	PLP1
One-Carbon Compound Transport (GO:0019755)	1/16	0.09984107647289782	0.306097441034242	0	0	10.181538461538462	23.460052416555833	HBE1
Reverse Cholesterol Transport (GO:0043691)	1/16	0.09984107647289782	0.306097441034242	0	0	10.181538461538462	23.460052416555833	APOA1
Spermatid Nucleus Differentiation (GO:0007289)	1/16	0.09984107647289782	0.306097441034242	0	0	10.181538461538462	23.460052416555833	H2BC1
Endoplasmic Reticulum to Cytosol Transport (GO:1903513)	1/16	0.09984107647289782	0.306097441034242	0	0	10.181538461538462	23.460052416555833	HSP90B1
tRNA Wobble Uridine Modification (GO:0002098)	1/16	0.09984107647289782	0.306097441034242	0	0	10.181538461538462	23.460052416555833	DPH3
Protein Alkylation (GO:0008213)	1/16	0.09984107647289782	0.306097441034242	0	0	10.181538461538462	23.460052416555833	PRMT2
Mesonephric Tubule Development (GO:0072164)	1/16	0.09984107647289782	0.306097441034242	0	0	10.181538461538462	23.460052416555833	BMP7
Regulation of DNA Strand Elongation (GO:0060382)	1/16	0.09984107647289782	0.306097441034242	0	0	10.181538461538462	23.460052416555833	NUCKS1
Regulation of Interleukin-1 Beta Production (GO:0032651)	2/82	0.10087205933893144	0.306097441034242	0	0	3.835077519379845	8.797293159072808	HSPB1;APOA1
Inorganic Anion Transmembrane Transport (GO:0098661)	2/82	0.10087205933893144	0.306097441034242	0	0	3.835077519379845	8.797293159072808	SLC13A1;ANO9
Heart Development (GO:0007507)	3/171	0.10227952740121032	0.306097441034242	0	0	2.7484654017857144	6.266626856184553	TCAP;CACYBP;BMP7
Negative Regulation of Protein Phosphorylation (GO:0001933)	2/83	0.10293685164162228	0.306097441034242	0	0	3.787539477461958	8.611499627484111	CHORDC1;HSPB1
Regulation of Protein Kinase Activity (GO:0045859)	2/83	0.10293685164162228	0.306097441034242	0	0	3.787539477461958	8.611499627484111	CHORDC1;HSPB1
DNA Modification (GO:0006304)	1/17	0.10574182820484038	0.306097441034242	0	0	9.544711538461538	21.444625878565983	UNG
Negative Regulation of Intracellular Protein Transport (GO:0090317)	1/17	0.10574182820484038	0.306097441034242	0	0	9.544711538461538	21.444625878565983	CHORDC1
Negative Regulation of Ion Transmembrane Transporter Activity (GO:0032413)	1/17	0.10574182820484038	0.306097441034242	0	0	9.544711538461538	21.444625878565983	MMP9
Regulation of mRNA Metabolic Process (GO:1903311)	1/17	0.10574182820484038	0.306097441034242	0	0	9.544711538461538	21.444625878565983	SAFB
Aromatic Amino Acid Family Catabolic Process (GO:0009074)	1/17	0.10574182820484038	0.306097441034242	0	0	9.544711538461538	21.444625878565983	AMDHD1
Cell Junction Maintenance (GO:0034331)	1/17	0.10574182820484038	0.306097441034242	0	0	9.544711538461538	21.444625878565983	CBLN3
Positive Regulation by Host of Viral Transcription (GO:0043923)	1/17	0.10574182820484038	0.306097441034242	0	0	9.544711538461538	21.444625878565983	NUCKS1
Cellular Response to Zinc Ion (GO:0071294)	1/17	0.10574182820484038	0.306097441034242	0	0	9.544711538461538	21.444625878565983	P2RX4
Contractile Actin Filament Bundle Assembly (GO:0030038)	1/17	0.10574182820484038	0.306097441034242	0	0	9.544711538461538	21.444625878565983	MYL9
Positive Regulation of Cholesterol Metabolic Process (GO:0090205)	1/17	0.10574182820484038	0.306097441034242	0	0	9.544711538461538	21.444625878565983	APOA1
Stress Fiber Assembly (GO:0043149)	1/17	0.10574182820484038	0.306097441034242	0	0	9.544711538461538	21.444625878565983	MYL9
Positive Regulation of Smooth Muscle Cell Migration (GO:0014911)	1/17	0.10574182820484038	0.306097441034242	0	0	9.544711538461538	21.444625878565983	S100A11
Leukotriene Biosynthetic Process (GO:0019370)	1/17	0.10574182820484038	0.306097441034242	0	0	9.544711538461538	21.444625878565983	ALOX5
Long-Chain fatty-acyl-CoA Biosynthetic Process (GO:0035338)	1/17	0.10574182820484038	0.306097441034242	0	0	9.544711538461538	21.444625878565983	ACSL6
rRNA Transcription (GO:0009303)	1/17	0.10574182820484038	0.306097441034242	0	0	9.544711538461538	21.444625878565983	GTF3A
Motile Cilium Assembly (GO:0044458)	1/17	0.10574182820484038	0.306097441034242	0	0	9.544711538461538	21.444625878565983	DYNLL1
Muscle Tissue Morphogenesis (GO:0060415)	1/17	0.10574182820484038	0.306097441034242	0	0	9.544711538461538	21.444625878565983	TCAP
Negative Regulation of Blood Pressure (GO:0045776)	1/17	0.10574182820484038	0.306097441034242	0	0	9.544711538461538	21.444625878565983	NPPA
Negative Regulation of Cation Transmembrane Transport (GO:1904063)	1/17	0.10574182820484038	0.306097441034242	0	0	9.544711538461538	21.444625878565983	MMP9
Actomyosin Structure Organization (GO:0031032)	2/85	0.10710112995119656	0.306097441034242	0	0	3.695899878584104	8.256572882844548	TCAP;MYL9
Positive Regulation of Endocytosis (GO:0045807)	2/85	0.10710112995119656	0.306097441034242	0	0	3.695899878584104	8.256572882844548	APOA1;B2M
Long-Chain Fatty Acid Metabolic Process (GO:0001676)	2/85	0.10710112995119656	0.306097441034242	0	0	3.695899878584104	8.256572882844548	ALOX5;ACSL6
Cellular Response to Oxygen-Containing Compound (GO:1901701)	5/384	0.10824725526855528	0.306097441034242	0	0	2.0406667504292835	4.5370904376096926	P2RX4;MAT2A;B2M;MMP9;HSP90B1
Double-Strand Break Repair (GO:0006302)	3/176	0.10906122896377024	0.306097441034242	0	0	2.6683526011560694	5.912657959835746	POLN;NABP1;NUCKS1
Integrin-Mediated Signaling Pathway (GO:0007229)	2/86	0.10920014225785252	0.306097441034242	0	0	3.65171650055371	8.086992447879068	APOA1;ISG15
Positive Regulation of Biosynthetic Process (GO:0009891)	2/87	0.11131009182500674	0.306097441034242	0	0	3.608572731418149	7.922388146727323	HSP90AA1;P2RX4
Defense Response to Gram-negative Bacterium (GO:0050829)	2/87	0.11131009182500674	0.306097441034242	0	0	3.608572731418149	7.922388146727323	DAO;B2M
Negative Regulation of Nervous System Development (GO:0051961)	1/18	0.11160419271751376	0.306097441034242	0	0	8.982805429864253	19.697465749311625	B2M
Negative Regulation of Nucleocytoplasmic Transport (GO:0046823)	1/18	0.11160419271751376	0.306097441034242	0	0	8.982805429864253	19.697465749311625	CHORDC1
Nuclear-Transcribed mRNA poly(A) Tail Shortening (GO:0000289)	1/18	0.11160419271751376	0.306097441034242	0	0	8.982805429864253	19.697465749311625	CNOT7
Nucleobase-Containing Small Molecule Metabolic Process (GO:0055086)	1/18	0.11160419271751376	0.306097441034242	0	0	8.982805429864253	19.697465749311625	NUDT5
Pharyngeal System Development (GO:0060037)	1/18	0.11160419271751376	0.306097441034242	0	0	8.982805429864253	19.697465749311625	BMP7
Positive Regulation by Host of Viral Process (GO:0044794)	1/18	0.11160419271751376	0.306097441034242	0	0	8.982805429864253	19.697465749311625	NUCKS1
Response to Axon Injury (GO:0048678)	1/18	0.11160419271751376	0.306097441034242	0	0	8.982805429864253	19.697465749311625	P2RX4
Retrograde Protein Transport, ER to Cytosol (GO:0030970)	1/18	0.11160419271751376	0.306097441034242	0	0	8.982805429864253	19.697465749311625	HSP90B1
Cyclic Nucleotide Biosynthetic Process (GO:0009190)	1/18	0.11160419271751376	0.306097441034242	0	0	8.982805429864253	19.697465749311625	NPPA
Estrogen Receptor Signaling Pathway (GO:0030520)	1/18	0.11160419271751376	0.306097441034242	0	0	8.982805429864253	19.697465749311625	SAFB
Ureteric Bud Development (GO:0001657)	1/18	0.11160419271751376	0.306097441034242	0	0	8.982805429864253	19.697465749311625	BMP7
Positive Regulation of Potassium Ion Transmembrane Transport (GO:1901381)	1/18	0.11160419271751376	0.306097441034242	0	0	8.982805429864253	19.697465749311625	NPPA
Protein Localization to Chromosome, Centromeric Region (GO:0071459)	1/18	0.11160419271751376	0.306097441034242	0	0	8.982805429864253	19.697465749311625	H4C15
Megakaryocyte Differentiation (GO:0030219)	1/18	0.11160419271751376	0.306097441034242	0	0	8.982805429864253	19.697465749311625	GATA1
Mesenchyme Development (GO:0060485)	1/18	0.11160419271751376	0.306097441034242	0	0	8.982805429864253	19.697465749311625	BMP7
Positive Regulation of Endothelial Cell Migration (GO:0010595)	2/88	0.1134307481497994	0.30968239941075876	0	0	3.5664323057508565	7.762563802449336	P2RX4;HSPB1
DNA Replication Checkpoint Signaling (GO:0000076)	1/19	0.11742841776762576	0.30968239941075876	0	0	8.483333333333333	18.170675130648927	TIPIN
Negative Regulation of Lipid Catabolic Process (GO:0050995)	1/19	0.11742841776762576	0.30968239941075876	0	0	8.483333333333333	18.170675130648927	CIDEC
Regulation of Megakaryocyte Differentiation (GO:0045652)	1/19	0.11742841776762576	0.30968239941075876	0	0	8.483333333333333	18.170675130648927	H4C15
Antigen Processing and Presentation of Peptide Antigen via MHC Class I (GO:0002474)	1/19	0.11742841776762576	0.30968239941075876	0	0	8.483333333333333	18.170675130648927	B2M
cGMP-mediated Signaling (GO:0019934)	1/19	0.11742841776762576	0.30968239941075876	0	0	8.483333333333333	18.170675130648927	NPPA
Nucleoside Phosphate Biosynthetic Process (GO:1901293)	1/19	0.11742841776762576	0.30968239941075876	0	0	8.483333333333333	18.170675130648927	DCK
Phosphatidylcholine Biosynthetic Process (GO:0006656)	1/19	0.11742841776762576	0.30968239941075876	0	0	8.483333333333333	18.170675130648927	APOA1
Detection of Mechanical Stimulus (GO:0050982)	1/19	0.11742841776762576	0.30968239941075876	0	0	8.483333333333333	18.170675130648927	TCAP
Skeletal Muscle Contraction (GO:0003009)	1/19	0.11742841776762576	0.30968239941075876	0	0	8.483333333333333	18.170675130648927	TCAP
Dopamine Metabolic Process (GO:0042417)	1/19	0.11742841776762576	0.30968239941075876	0	0	8.483333333333333	18.170675130648927	DAO
Positive Regulation of Small Molecule Metabolic Process (GO:0062013)	1/19	0.11742841776762576	0.30968239941075876	0	0	8.483333333333333	18.170675130648927	APOA1
Protein Localization to Endoplasmic Reticulum (GO:0070972)	1/19	0.11742841776762576	0.30968239941075876	0	0	8.483333333333333	18.170675130648927	HSPA5
Maintenance of Protein Localization in Organelle (GO:0072595)	1/19	0.11742841776762576	0.30968239941075876	0	0	8.483333333333333	18.170675130648927	HSPA5
Mitotic Sister Chromatid Cohesion (GO:0007064)	1/19	0.11742841776762576	0.30968239941075876	0	0	8.483333333333333	18.170675130648927	SMC1A
Chloride Transport (GO:0006821)	2/90	0.11770327172962108	0.30968239941075876	0	0	3.485024665257223	7.456518584163469	CLIC4;ANO9
Regulation of Epithelial to Mesenchymal Transition (GO:0010717)	2/91	0.11985469048679306	0.3122648310128334	0	0	3.445692883895131	7.309951939897533	GLIPR2;ZNF750
Calcium-Mediated Signaling (GO:0019722)	2/91	0.11985469048679306	0.3122648310128334	0	0	3.445692883895131	7.309951939897533	P2RX4;CXCR3
Glucose Homeostasis (GO:0042593)	2/92	0.12201591896200426	0.3122648310128334	0	0	3.407235142118863	7.167472654345803	ALOX5;NUCKS1
Negative Regulation of Phosphate Metabolic Process (GO:0045936)	1/20	0.12321474956792654	0.3122648310128334	0	0	8.036437246963562	16.82690539004688	DYNLL1
Regulation of Nuclear-Transcribed mRNA Catabolic Process, Deadenylation-Dependent Decay (GO:1900151)	1/20	0.12321474956792654	0.3122648310128334	0	0	8.036437246963562	16.82690539004688	CNOT7
Nucleosome Disassembly (GO:0006337)	1/20	0.12321474956792654	0.3122648310128334	0	0	8.036437246963562	16.82690539004688	H2BC1
Positive Regulation of Blood Coagulation (GO:0030194)	1/20	0.12321474956792654	0.3122648310128334	0	0	8.036437246963562	16.82690539004688	PLAU
Positive Regulation of Macrophage Migration (GO:1905523)	1/20	0.12321474956792654	0.3122648310128334	0	0	8.036437246963562	16.82690539004688	P2RX4
Heart Trabecula Morphogenesis (GO:0061384)	1/20	0.12321474956792654	0.3122648310128334	0	0	8.036437246963562	16.82690539004688	BMP7
Positive Regulation of Protein Targeting to Membrane (GO:0090314)	1/20	0.12321474956792654	0.3122648310128334	0	0	8.036437246963562	16.82690539004688	CHORDC1
High-Density Lipoprotein Particle Remodeling (GO:0034375)	1/20	0.12321474956792654	0.3122648310128334	0	0	8.036437246963562	16.82690539004688	APOA1
Positive Regulation of Release of Cytochrome C From Mitochondria (GO:0090200)	1/20	0.12321474956792654	0.3122648310128334	0	0	8.036437246963562	16.82690539004688	MMP9
Hydrogen Peroxide Catabolic Process (GO:0042744)	1/20	0.12321474956792654	0.3122648310128334	0	0	8.036437246963562	16.82690539004688	HBE1
Leukotriene Metabolic Process (GO:0006691)	1/20	0.12321474956792654	0.3122648310128334	0	0	8.036437246963562	16.82690539004688	ALOX5
Protein Heterooligomerization (GO:0051291)	1/20	0.12321474956792654	0.3122648310128334	0	0	8.036437246963562	16.82690539004688	MAT2A
DNA Replication Initiation (GO:0006270)	1/21	0.1289634327739896	0.3137604458548359	0	0	7.634230769230769	15.636632865318903	MCM5
RNA-templated DNA Biosynthetic Process (GO:0006278)	1/21	0.1289634327739896	0.3137604458548359	0	0	7.634230769230769	15.636632865318903	HSP90AA1
Regulation of Membrane Depolarization (GO:0003254)	1/21	0.1289634327739896	0.3137604458548359	0	0	7.634230769230769	15.636632865318903	B2M
Regulation of Neuroinflammatory Response (GO:0150077)	1/21	0.1289634327739896	0.3137604458548359	0	0	7.634230769230769	15.636632865318903	MMP9
Antigen Processing and Presentation of Endogenous Peptide Antigen (GO:0002483)	1/21	0.1289634327739896	0.3137604458548359	0	0	7.634230769230769	15.636632865318903	B2M
Regulation of Oxidative Stress-Induced Intrinsic Apoptotic Signaling Pathway (GO:1902175)	1/21	0.1289634327739896	0.3137604458548359	0	0	7.634230769230769	15.636632865318903	HSPB1
Regulation of Systemic Arterial Blood Pressure (GO:0003073)	1/21	0.1289634327739896	0.3137604458548359	0	0	7.634230769230769	15.636632865318903	NPPA
Regulation of Transcription Regulatory Region DNA Binding (GO:2000677)	1/21	0.1289634327739896	0.3137604458548359	0	0	7.634230769230769	15.636632865318903	GATA1
Cellular Response to pH (GO:0071467)	1/21	0.1289634327739896	0.3137604458548359	0	0	7.634230769230769	15.636632865318903	CHORDC1
Response to BMP (GO:0071772)	1/21	0.1289634327739896	0.3137604458548359	0	0	7.634230769230769	15.636632865318903	BMP7
Sensory Perception of Pain (GO:0019233)	1/21	0.1289634327739896	0.3137604458548359	0	0	7.634230769230769	15.636632865318903	P2RX4
Telomere Maintenance via Telomerase (GO:0007004)	1/21	0.1289634327739896	0.3137604458548359	0	0	7.634230769230769	15.636632865318903	HSP90AA1
Positive Regulation of Vascular Associated Smooth Muscle Cell Proliferation (GO:1904707)	1/21	0.1289634327739896	0.3137604458548359	0	0	7.634230769230769	15.636632865318903	MMP9
Protein Insertion Into Membrane (GO:0051205)	1/21	0.1289634327739896	0.3137604458548359	0	0	7.634230769230769	15.636632865318903	TRAM2
Negative Regulation of ERBB Signaling Pathway (GO:1901185)	1/21	0.1289634327739896	0.3137604458548359	0	0	7.634230769230769	15.636632865318903	NPPA
Regulation of Cardiac Muscle Cell Membrane Repolarization (GO:0099623)	1/21	0.1289634327739896	0.3137604458548359	0	0	7.634230769230769	15.636632865318903	NPPA
Negative Regulation of Cation Channel Activity (GO:2001258)	1/21	0.1289634327739896	0.3137604458548359	0	0	7.634230769230769	15.636632865318903	MMP9
Negative Regulation of Myeloid Cell Differentiation (GO:0045638)	1/22	0.13467471041580706	0.31694619050349854	0	0	7.27032967032967	14.576232777739394	H4C15
Alpha-Amino Acid Catabolic Process (GO:1901606)	1/22	0.13467471041580706	0.31694619050349854	0	0	7.27032967032967	14.576232777739394	DAO
Negative Regulation of Tumor Necrosis Factor-Mediated Signaling Pathway (GO:0010804)	1/22	0.13467471041580706	0.31694619050349854	0	0	7.27032967032967	14.576232777739394	APOA1
Nitric Oxide Metabolic Process (GO:0046209)	1/22	0.13467471041580706	0.31694619050349854	0	0	7.27032967032967	14.576232777739394	HSP90AA1
Positive Regulation of Cholesterol Efflux (GO:0010875)	1/22	0.13467471041580706	0.31694619050349854	0	0	7.27032967032967	14.576232777739394	APOA1
Thioester Metabolic Process (GO:0035383)	1/22	0.13467471041580706	0.31694619050349854	0	0	7.27032967032967	14.576232777739394	ACSL6
Hexose Transmembrane Transport (GO:0008645)	1/22	0.13467471041580706	0.31694619050349854	0	0	7.27032967032967	14.576232777739394	SLC5A9
Positive Regulation of Telomere Maintenance via Telomerase (GO:0032212)	1/22	0.13467471041580706	0.31694619050349854	0	0	7.27032967032967	14.576232777739394	HSP90AA1
Intracellular Protein Transmembrane Transport (GO:0065002)	1/22	0.13467471041580706	0.31694619050349854	0	0	7.27032967032967	14.576232777739394	HSPA5
Mammary Gland Development (GO:0030879)	1/22	0.13467471041580706	0.31694619050349854	0	0	7.27032967032967	14.576232777739394	PRL
protein-DNA Complex Disassembly (GO:0032986)	1/22	0.13467471041580706	0.31694619050349854	0	0	7.27032967032967	14.576232777739394	H2BC1
Modulation by Host of Viral Process (GO:0044788)	1/22	0.13467471041580706	0.31694619050349854	0	0	7.27032967032967	14.576232777739394	NUCKS1
Regulation of Biosynthetic Process (GO:0009889)	1/22	0.13467471041580706	0.31694619050349854	0	0	7.27032967032967	14.576232777739394	ALOX5
Negative Regulation of Cell Development (GO:0010721)	1/22	0.13467471041580706	0.31694619050349854	0	0	7.27032967032967	14.576232777739394	B2M
Defense Response to Gram-positive Bacterium (GO:0050830)	2/98	0.13517724372537995	0.31694619050349854	0	0	3.193313953488372	6.3903591192759075	GBP6;B2M
Positive Regulation of Protein Modification Process (GO:0031401)	2/98	0.13517724372537995	0.31694619050349854	0	0	3.193313953488372	6.3903591192759075	CHORDC1;MMP9
Regulation of Programmed Cell Death (GO:0043067)	3/195	0.136321442690334	0.31890581842037413	0	0	2.4019775390625	4.786515839284742	HSP90AA1;CIDEB;CIDEC
Regulation of Protein Secretion (GO:0050708)	2/99	0.13740116453146897	0.3207061041208553	0	0	3.160233357308399	6.272590518389954	ALOX5;DPH3
Negative Regulation of Oxidative Stress-Induced Intrinsic Apoptotic Signaling Pathway (GO:1902176)	1/23	0.14034882405071863	0.32320865048651015	0	0	6.939510489510489	13.626591808289202	HSPB1
Cholesterol Efflux (GO:0033344)	1/23	0.14034882405071863	0.32320865048651015	0	0	6.939510489510489	13.626591808289202	APOA1
Translesion Synthesis (GO:0019985)	1/23	0.14034882405071863	0.32320865048651015	0	0	6.939510489510489	13.626591808289202	POLN
Postreplication Repair (GO:0006301)	1/23	0.14034882405071863	0.32320865048651015	0	0	6.939510489510489	13.626591808289202	POLN
Long-Chain fatty-acyl-CoA Metabolic Process (GO:0035336)	1/23	0.14034882405071863	0.32320865048651015	0	0	6.939510489510489	13.626591808289202	ACSL6
Modulation by Host of Viral Genome Replication (GO:0044827)	1/23	0.14034882405071863	0.32320865048651015	0	0	6.939510489510489	13.626591808289202	NUCKS1
Negative Regulation of Extrinsic Apoptotic Signaling Pathway in Absence of Ligand (GO:2001240)	1/24	0.14598601360501082	0.32827008532804913	0	0	6.637458193979933	12.77209215219812	GATA1
Negative Regulation of Response to Wounding (GO:1903035)	1/24	0.14598601360501082	0.32827008532804913	0	0	6.637458193979933	12.77209215219812	ALOX5
Negative Regulation of Signal Transduction in Absence of Ligand (GO:1901099)	1/24	0.14598601360501082	0.32827008532804913	0	0	6.637458193979933	12.77209215219812	GATA1
Regulation of Ruffle Assembly (GO:1900027)	1/24	0.14598601360501082	0.32827008532804913	0	0	6.637458193979933	12.77209215219812	P2RX4
Macrophage Differentiation (GO:0030225)	1/24	0.14598601360501082	0.32827008532804913	0	0	6.637458193979933	12.77209215219812	MMP9
Male Gamete Generation (GO:0048232)	1/24	0.14598601360501082	0.32827008532804913	0	0	6.637458193979933	12.77209215219812	HSPA2
Metanephros Development (GO:0001656)	1/24	0.14598601360501082	0.32827008532804913	0	0	6.637458193979933	12.77209215219812	BMP7
Negative Regulation of DNA Binding (GO:0043392)	1/24	0.14598601360501082	0.32827008532804913	0	0	6.637458193979933	12.77209215219812	GATA1
Regulation of Cholesterol Metabolic Process (GO:0090181)	1/24	0.14598601360501082	0.32827008532804913	0	0	6.637458193979933	12.77209215219812	APOA1
Adenylate Cyclase-Modulating G Protein-Coupled Receptor Signaling Pathway (GO:0007188)	3/202	0.1469052379439134	0.32827008532804913	0	0	2.316661432160804	4.443281427846584	CXCR3;TAAR5;RXFP2
Positive Regulation of Apoptotic Process (GO:0043065)	4/313	0.1500540853935944	0.32827008532804913	0	0	1.993731366103509	3.78162887039599	DNAJA1;PRMT2;CXCR3;CIDEB
Positive Regulation of Protein-Containing Complex Assembly (GO:0031334)	2/105	0.15090851911570427	0.32827008532804913	0	0	2.9752389553699103	5.626419225872187	HSP90AA1;ISG15
Negative Regulation of Epidermal Growth Factor Receptor Signaling Pathway (GO:0042059)	1/25	0.15158651755223743	0.32827008532804913	0	0	6.360576923076923	11.99985643470596	NPPA
Negative Regulation of Non-Canonical NF-kappaB Signal Transduction (GO:1901223)	1/25	0.15158651755223743	0.32827008532804913	0	0	6.360576923076923	11.99985643470596	BMP7
Non-Canonical NF-kappaB Signal Transduction (GO:0038061)	1/25	0.15158651755223743	0.32827008532804913	0	0	6.360576923076923	11.99985643470596	ZFP91
Bile Acid Biosynthetic Process (GO:0006699)	1/25	0.15158651755223743	0.32827008532804913	0	0	6.360576923076923	11.99985643470596	CYP46A1
Regulation of Protein Processing (GO:0070613)	1/25	0.15158651755223743	0.32827008532804913	0	0	6.360576923076923	11.99985643470596	PLAU
Regulation of Protein Targeting to Membrane (GO:0090313)	1/25	0.15158651755223743	0.32827008532804913	0	0	6.360576923076923	11.99985643470596	CHORDC1
Cardiac Conduction System Development (GO:0003161)	1/25	0.15158651755223743	0.32827008532804913	0	0	6.360576923076923	11.99985643470596	NPPA
Cardiac Muscle Cell Development (GO:0055013)	1/25	0.15158651755223743	0.32827008532804913	0	0	6.360576923076923	11.99985643470596	TCAP
Regulation of Toll-Like Receptor Signaling Pathway (GO:0034121)	1/25	0.15158651755223743	0.32827008532804913	0	0	6.360576923076923	11.99985643470596	HSP90B1
Response to Purine-Containing Compound (GO:0014074)	1/25	0.15158651755223743	0.32827008532804913	0	0	6.360576923076923	11.99985643470596	P2RX4
Dopaminergic Neuron Differentiation (GO:0071542)	1/25	0.15158651755223743	0.32827008532804913	0	0	6.360576923076923	11.99985643470596	MANF
Sulfur Compound Transport (GO:0072348)	1/25	0.15158651755223743	0.32827008532804913	0	0	6.360576923076923	11.99985643470596	SLC13A1
Icosanoid Biosynthetic Process (GO:0046456)	1/25	0.15158651755223743	0.32827008532804913	0	0	6.360576923076923	11.99985643470596	ALOX5
Positive Regulation of Telomere Maintenance via Telomere Lengthening (GO:1904358)	1/25	0.15158651755223743	0.32827008532804913	0	0	6.360576923076923	11.99985643470596	HSP90AA1
Long-Chain Fatty Acid Biosynthetic Process (GO:0042759)	1/25	0.15158651755223743	0.32827008532804913	0	0	6.360576923076923	11.99985643470596	ALOX5
Protein Export From Nucleus (GO:0006611)	1/25	0.15158651755223743	0.32827008532804913	0	0	6.360576923076923	11.99985643470596	CHORDC1
Neuron Projection Development (GO:0031175)	3/206	0.15307107233671183	0.32827008532804913	0	0	2.2705511083743843	4.261490524016292	PLP1;BMP7;MANF
Steroid Metabolic Process (GO:0008202)	2/106	0.15318523851381197	0.32827008532804913	0	0	2.9464818127608825	5.527916275920331	RDH5;CYP46A1
GPI Anchor Biosynthetic Process (GO:0006506)	1/26	0.15715057276342775	0.32827008532804913	0	0	6.105846153846154	11.29917891851374	PIGP
GPI Anchor Metabolic Process (GO:0006505)	1/26	0.15715057276342775	0.32827008532804913	0	0	6.105846153846154	11.29917891851374	PIGP
Regulation of Glycogen Biosynthetic Process (GO:0005979)	1/26	0.15715057276342775	0.32827008532804913	0	0	6.105846153846154	11.29917891851374	PPP1R3B
Regulation of Lipid Catabolic Process (GO:0050994)	1/26	0.15715057276342775	0.32827008532804913	0	0	6.105846153846154	11.29917891851374	CIDEC
Negative Regulation of Protein Localization to Nucleus (GO:1900181)	1/26	0.15715057276342775	0.32827008532804913	0	0	6.105846153846154	11.29917891851374	CHORDC1
Actin Filament Polymerization (GO:0030041)	1/26	0.15715057276342775	0.32827008532804913	0	0	6.105846153846154	11.29917891851374	MSRB1
Acylglycerol Homeostasis (GO:0055090)	1/26	0.15715057276342775	0.32827008532804913	0	0	6.105846153846154	11.29917891851374	APOA1
Amyloid Fibril Formation (GO:1990000)	1/26	0.15715057276342775	0.32827008532804913	0	0	6.105846153846154	11.29917891851374	B2M
Positive Regulation of Rho Protein Signal Transduction (GO:0035025)	1/26	0.15715057276342775	0.32827008532804913	0	0	6.105846153846154	11.29917891851374	APOA1
Diterpenoid Metabolic Process (GO:0016101)	1/26	0.15715057276342775	0.32827008532804913	0	0	6.105846153846154	11.29917891851374	RDH5
Sterol Transport (GO:0015918)	1/26	0.15715057276342775	0.32827008532804913	0	0	6.105846153846154	11.29917891851374	APOA1
Fatty Acid Derivative Biosynthetic Process (GO:1901570)	1/26	0.15715057276342775	0.32827008532804913	0	0	6.105846153846154	11.29917891851374	ALOX5
fatty-acyl-CoA Biosynthetic Process (GO:0046949)	1/26	0.15715057276342775	0.32827008532804913	0	0	6.105846153846154	11.29917891851374	ACSL6
Protein Exit From Endoplasmic Reticulum (GO:0032527)	1/26	0.15715057276342775	0.32827008532804913	0	0	6.105846153846154	11.29917891851374	HSP90B1
Macromolecule Methylation (GO:0043414)	1/26	0.15715057276342775	0.32827008532804913	0	0	6.105846153846154	11.29917891851374	PRMT2
Myeloid Cell Development (GO:0061515)	1/26	0.15715057276342775	0.32827008532804913	0	0	6.105846153846154	11.29917891851374	GATA1
Positive Regulation of Vasculature Development (GO:1904018)	2/109	0.16005533751922843	0.33112102505496666	0	0	2.863435485039484	5.246488617392047	CXCR3;HSPB1
Protein Stabilization (GO:0050821)	3/212	0.16247083175389512	0.33112102505496666	0	0	2.204694976076555	4.00649691564554	HSP90AA1;CHORDC1;APOA1
DNA Synthesis Involved in DNA Repair (GO:0000731)	1/27	0.16267841463048652	0.33112102505496666	0	0	5.870710059171597	10.661091720478288	POLN
ER-nucleus Signaling Pathway (GO:0006984)	1/27	0.16267841463048652	0.33112102505496666	0	0	5.870710059171597	10.661091720478288	MANF
Negative Regulation of Neurogenesis (GO:0050768)	1/27	0.16267841463048652	0.33112102505496666	0	0	5.870710059171597	10.661091720478288	B2M
Regulation of Microtubule Polymerization or Depolymerization (GO:0031110)	1/27	0.16267841463048652	0.33112102505496666	0	0	5.870710059171597	10.661091720478288	FKBP4
Regulation of Reactive Oxygen Species Biosynthetic Process (GO:1903426)	1/27	0.16267841463048652	0.33112102505496666	0	0	5.870710059171597	10.661091720478288	ALOX5
Cardiac Muscle Cell Differentiation (GO:0055007)	1/27	0.16267841463048652	0.33112102505496666	0	0	5.870710059171597	10.661091720478288	TCAP
Positive Regulation of DNA Binding (GO:0043388)	1/27	0.16267841463048652	0.33112102505496666	0	0	5.870710059171597	10.661091720478288	MMP9
Positive Regulation of Erythrocyte Differentiation (GO:0045648)	1/27	0.16267841463048652	0.33112102505496666	0	0	5.870710059171597	10.661091720478288	GATA1
Zymogen Activation (GO:0031638)	1/27	0.16267841463048652	0.33112102505496666	0	0	5.870710059171597	10.661091720478288	PLAU
miRNA-mediated Post-Transcriptional Gene Silencing (GO:0035195)	1/27	0.16267841463048652	0.33112102505496666	0	0	5.870710059171597	10.661091720478288	CNOT7
Regulation of Cation Channel Activity (GO:2001257)	1/27	0.16267841463048652	0.33112102505496666	0	0	5.870710059171597	10.661091720478288	MMP9
Endoplasmic Reticulum to Golgi Vesicle-Mediated Transport (GO:0006888)	2/112	0.16698154074413318	0.3331189012894021	0	0	2.78491895701198	4.984648483312149	HYOU1;ERGIC1
Regulation of Extrinsic Apoptotic Signaling Pathway in Absence of Ligand (GO:2001239)	1/28	0.16817027705325713	0.3331189012894021	0	0	5.652991452991453	10.078030260645932	GATA1
Negative Regulation of Protein Transport (GO:0051224)	1/28	0.16817027705325713	0.3331189012894021	0	0	5.652991452991453	10.078030260645932	DPH3
Regulation of Monoatomic Ion Transport (GO:0043269)	1/28	0.16817027705325713	0.3331189012894021	0	0	5.652991452991453	10.078030260645932	KCNJ1
Regulation of Protein Modification by Small Protein Conjugation or Removal (GO:1903320)	1/28	0.16817027705325713	0.3331189012894021	0	0	5.652991452991453	10.078030260645932	HSP90AA1
Regulation of Striated Muscle Contraction (GO:0006942)	1/28	0.16817027705325713	0.3331189012894021	0	0	5.652991452991453	10.078030260645932	P2RX4
Regulation of Tyrosine Phosphorylation of STAT Protein (GO:0042509)	1/28	0.16817027705325713	0.3331189012894021	0	0	5.652991452991453	10.078030260645932	CNOT7
Response to Zinc Ion (GO:0010043)	1/28	0.16817027705325713	0.3331189012894021	0	0	5.652991452991453	10.078030260645932	P2RX4
Positive Regulation of Cholesterol Transport (GO:0032376)	1/28	0.16817027705325713	0.3331189012894021	0	0	5.652991452991453	10.078030260645932	APOA1
Telomere Maintenance via Telomere Lengthening (GO:0010833)	1/28	0.16817027705325713	0.3331189012894021	0	0	5.652991452991453	10.078030260645932	HSP90AA1
Hydrogen Peroxide Metabolic Process (GO:0042743)	1/28	0.16817027705325713	0.3331189012894021	0	0	5.652991452991453	10.078030260645932	HBE1
Positive Regulation of Viral Genome Replication (GO:0045070)	1/28	0.16817027705325713	0.3331189012894021	0	0	5.652991452991453	10.078030260645932	CNOT7
Membrane Fusion (GO:0061025)	1/28	0.16817027705325713	0.3331189012894021	0	0	5.652991452991453	10.078030260645932	CHORDC1
Regulation of Calcium Ion Transmembrane Transport (GO:1903169)	1/28	0.16817027705325713	0.3331189012894021	0	0	5.652991452991453	10.078030260645932	NPPA
Transforming Growth Factor Beta Receptor Superfamily Signaling Pathway (GO:0141091)	2/114	0.17162782292474288	0.33809734414850556	0	0	2.734911406423034	4.820081614530397	APOA1;BMP7
Negative Regulation of Cytoskeleton Organization (GO:0051494)	1/29	0.1736263924012151	0.33809734414850556	0	0	5.4508241758241764	9.543572555804772	FKBP4
Regulation of Long-Term Synaptic Potentiation (GO:1900271)	1/29	0.1736263924012151	0.33809734414850556	0	0	5.4508241758241764	9.543572555804772	CYP46A1
Regulation of Monoatomic Ion Transmembrane Transport (GO:0034765)	1/29	0.1736263924012151	0.33809734414850556	0	0	5.4508241758241764	9.543572555804772	KCNJ1
Negative Regulation of Wound Healing (GO:0061045)	1/29	0.1736263924012151	0.33809734414850556	0	0	5.4508241758241764	9.543572555804772	ALOX5
Positive Regulation of Defense Response to Virus by Host (GO:0002230)	1/29	0.1736263924012151	0.33809734414850556	0	0	5.4508241758241764	9.543572555804772	HSP90AA1
Vascular Endothelial Growth Factor Receptor Signaling Pathway (GO:0048010)	1/29	0.1736263924012151	0.33809734414850556	0	0	5.4508241758241764	9.543572555804772	HSPB1
Protein Methylation (GO:0006479)	1/29	0.1736263924012151	0.33809734414850556	0	0	5.4508241758241764	9.543572555804772	PRMT2
Regulation of Blood Coagulation (GO:0030193)	1/29	0.1736263924012151	0.33809734414850556	0	0	5.4508241758241764	9.543572555804772	PLAU
Defense Response to Bacterium (GO:0042742)	3/221	0.17688564770885457	0.34094767827940636	0	0	2.112707855504587	3.659742013746745	GBP6;ISG15;B2M
GPI Anchored Protein Biosynthesis (GO:0180046)	1/30	0.17904699159160314	0.34094767827940636	0	0	5.262599469496021	9.052234105349967	PIGP
Regulation of Muscle Contraction (GO:0006937)	1/30	0.17904699159160314	0.34094767827940636	0	0	5.262599469496021	9.052234105349967	MYL9
Cardiac Muscle Tissue Morphogenesis (GO:0055008)	1/30	0.17904699159160314	0.34094767827940636	0	0	5.262599469496021	9.052234105349967	TCAP
Regulation of Transmembrane Transport (GO:0034762)	1/30	0.17904699159160314	0.34094767827940636	0	0	5.262599469496021	9.052234105349967	KCNJ1
Positive Regulation of Calcium Ion Transport (GO:0051928)	1/30	0.17904699159160314	0.34094767827940636	0	0	5.262599469496021	9.052234105349967	P2RX4
Positive Regulation of Calcium-Mediated Signaling (GO:0050850)	1/30	0.17904699159160314	0.34094767827940636	0	0	5.262599469496021	9.052234105349967	P2RX4
Positive Regulation of Catalytic Activity (GO:0043085)	1/30	0.17904699159160314	0.34094767827940636	0	0	5.262599469496021	9.052234105349967	APOA1
Positive Regulation of Interleukin-10 Production (GO:0032733)	1/30	0.17904699159160314	0.34094767827940636	0	0	5.262599469496021	9.052234105349967	ISG15
Very Long-Chain Fatty Acid Metabolic Process (GO:0000038)	1/30	0.17904699159160314	0.34094767827940636	0	0	5.262599469496021	9.052234105349967	ACSL6
Protein Insertion Into ER Membrane (GO:0045048)	1/30	0.17904699159160314	0.34094767827940636	0	0	5.262599469496021	9.052234105349967	TRAM2
Mitotic G2 DNA Damage Checkpoint Signaling (GO:0007095)	1/30	0.17904699159160314	0.34094767827940636	0	0	5.262599469496021	9.052234105349967	CHEK1
Supramolecular Fiber Organization (GO:0097435)	4/339	0.1828301178175959	0.34422924614369443	0	0	1.8365495357856387	3.1206610689639858	CHORDC1;SERPINH1;B2M;MYL9
Regulation of Immunoglobulin Production (GO:0002637)	1/31	0.18443230402669897	0.34422924614369443	0	0	5.086923076923077	8.599305090496161	DNAJB9
acyl-CoA Metabolic Process (GO:0006637)	1/31	0.18443230402669897	0.34422924614369443	0	0	5.086923076923077	8.599305090496161	ACSL6
Regulation of Protein Modification Process (GO:0031399)	1/31	0.18443230402669897	0.34422924614369443	0	0	5.086923076923077	8.599305090496161	HSPB1
Nuclear-Transcribed mRNA Catabolic Process, Deadenylation-Dependent Decay (GO:0000288)	1/31	0.18443230402669897	0.34422924614369443	0	0	5.086923076923077	8.599305090496161	CNOT7
Positive Regulation of ATP-dependent Activity (GO:0032781)	1/31	0.18443230402669897	0.34422924614369443	0	0	5.086923076923077	8.599305090496161	DNAJB11
Chromosome Condensation (GO:0030261)	1/31	0.18443230402669897	0.34422924614369443	0	0	5.086923076923077	8.599305090496161	H1-6
Collagen Catabolic Process (GO:0030574)	1/31	0.18443230402669897	0.34422924614369443	0	0	5.086923076923077	8.599305090496161	MMP9
Vacuolar Acidification (GO:0007035)	1/31	0.18443230402669897	0.34422924614369443	0	0	5.086923076923077	8.599305090496161	ATP6V0E1
Intracellular pH Reduction (GO:0051452)	1/31	0.18443230402669897	0.34422924614369443	0	0	5.086923076923077	8.599305090496161	ATP6V0E1
Negative Regulation of Blood Coagulation (GO:0030195)	1/31	0.18443230402669897	0.34422924614369443	0	0	5.086923076923077	8.599305090496161	PLAU
Negative Regulation of Catabolic Process (GO:0009895)	2/120	0.1856900398310637	0.34595225438796373	0	0	2.5950597818946264	4.369241035581941	PPP1R3B;CIDEC
Negative Regulation of Defense Response (GO:0031348)	2/121	0.188050013362674	0.3485526902245139	0	0	2.57312227216468	4.299809084669551	ALOX5;APOA1
Negative Regulation of Inflammatory Response (GO:0050728)	2/121	0.188050013362674	0.3485526902245139	0	0	2.57312227216468	4.299809084669551	ALOX5;APOA1
Positive Regulation of Cell Migration (GO:0030335)	4/344	0.18939132191861732	0.3485526902245139	0	0	1.8090782769800833	3.0101975600046464	HSPA5;PLAU;GLIPR2;S100A11
Bile Acid Metabolic Process (GO:0008206)	1/32	0.18978255763675175	0.3485526902245139	0	0	4.922580645161291	8.18072008774948	CYP46A1
Endodermal Cell Differentiation (GO:0035987)	1/32	0.18978255763675175	0.3485526902245139	0	0	4.922580645161291	8.18072008774948	MMP9
Positive Regulation of Locomotion (GO:0040017)	1/32	0.18978255763675175	0.3485526902245139	0	0	4.922580645161291	8.18072008774948	CXCR3
Membrane Depolarization (GO:0051899)	1/32	0.18978255763675175	0.3485526902245139	0	0	4.922580645161291	8.18072008774948	P2RX4
Regulation of Cholesterol Efflux (GO:0010874)	1/32	0.18978255763675175	0.3485526902245139	0	0	4.922580645161291	8.18072008774948	APOA1
Cellular Response to Molecule of Bacterial Origin (GO:0071219)	2/123	0.19278247856041375	0.3520616234329929	0	0	2.5303350631046193	4.165419311285365	B2M;MMP9
Apoptotic Process (GO:0006915)	3/232	0.19496314376935983	0.3520616234329929	0	0	2.010098253275109	3.28639957530833	CHEK1;CIDEB;CIDEC
Negative Regulation of Lipid Metabolic Process (GO:0045833)	1/33	0.1950979789430415	0.3520616234329929	0	0	4.768509615384615	7.792953006521877	CIDEC
Actin Filament Bundle Assembly (GO:0051017)	1/33	0.1950979789430415	0.3520616234329929	0	0	4.768509615384615	7.792953006521877	HSP90B1
Positive Regulation of G1/S Transition of Mitotic Cell Cycle (GO:1900087)	1/33	0.1950979789430415	0.3520616234329929	0	0	4.768509615384615	7.792953006521877	CCNE1
Transcription by RNA Polymerase III (GO:0006383)	1/33	0.1950979789430415	0.3520616234329929	0	0	4.768509615384615	7.792953006521877	GTF3A
Protein Localization to Chromatin (GO:0071168)	1/33	0.1950979789430415	0.3520616234329929	0	0	4.768509615384615	7.792953006521877	H4C15
Regulation of G0 to G1 Transition (GO:0070316)	1/33	0.1950979789430415	0.3520616234329929	0	0	4.768509615384615	7.792953006521877	CHEK1
Regulation of calcineurin-NFAT Signaling Cascade (GO:0070884)	1/33	0.1950979789430415	0.3520616234329929	0	0	4.768509615384615	7.792953006521877	CHORDC1
Regulation of Cell Adhesion Mediated by Integrin (GO:0033628)	1/33	0.1950979789430415	0.3520616234329929	0	0	4.768509615384615	7.792953006521877	PLAU
Cellular Response to Lipopolysaccharide (GO:0071222)	2/125	0.19753061042224657	0.3547802601263695	0	0	2.488939307997731	4.036715380003251	B2M;MMP9
Regulation of Protein-Containing Complex Assembly (GO:0043254)	2/126	0.19991017403470432	0.3547802601263695	0	0	2.4687421855463865	3.974396304262144	HSP90AA1;HSPA5
Positive Regulation of Angiogenesis (GO:0045766)	2/126	0.19991017403470432	0.3547802601263695	0	0	2.4687421855463865	3.974396304262144	CXCR3;HSPB1
Regulation of Developmental Growth (GO:0048638)	1/34	0.2003787929533847	0.3547802601263695	0	0	4.623776223776224	7.432931766422354	AGR2
Negative Regulation of Microtubule Polymerization or Depolymerization (GO:0031111)	1/34	0.2003787929533847	0.3547802601263695	0	0	4.623776223776224	7.432931766422354	FKBP4
Regulation of Protein Polymerization (GO:0032271)	1/34	0.2003787929533847	0.3547802601263695	0	0	4.623776223776224	7.432931766422354	HSP90AA1
Organophosphate Biosynthetic Process (GO:0090407)	1/34	0.2003787929533847	0.3547802601263695	0	0	4.623776223776224	7.432931766422354	DCK
Cardiac Muscle Contraction (GO:0060048)	1/34	0.2003787929533847	0.3547802601263695	0	0	4.623776223776224	7.432931766422354	TCAP
Sarcomere Organization (GO:0045214)	1/34	0.2003787929533847	0.3547802601263695	0	0	4.623776223776224	7.432931766422354	TCAP
Positive Regulation of Establishment of Protein Localization (GO:1904951)	1/34	0.2003787929533847	0.3547802601263695	0	0	4.623776223776224	7.432931766422354	CHORDC1
Triglyceride Homeostasis (GO:0070328)	1/34	0.2003787929533847	0.3547802601263695	0	0	4.623776223776224	7.432931766422354	APOA1
Intracellular Signaling Cassette (GO:0141124)	4/354	0.2027357119616238	0.35833970285182737	0	0	1.7564904386951632	2.803098884404353	P2RX4;CXCR3;CHORDC1;NPPA
Positive Regulation of Substrate Adhesion-Dependent Cell Spreading (GO:1900026)	1/35	0.2056252232488539	0.362208655603603	0	0	4.487556561085973	7.097968534671513	APOA1
Regulation of Cellular Senescence (GO:2000772)	1/35	0.2056252232488539	0.362208655603603	0	0	4.487556561085973	7.097968534671513	B2M
Fatty Acid Metabolic Process (GO:0006631)	2/130	0.2094616514097493	0.36578182338629395	0	0	2.391109496124031	3.737817285392478	ALOX5;ACSL6
Negative Regulation of Epithelial to Mesenchymal Transition (GO:0010719)	1/36	0.21083749200989477	0.36578182338629395	0	0	4.359120879120879	6.785702334197538	ZNF750
Negative Regulation of Hydrolase Activity (GO:0051346)	1/36	0.21083749200989477	0.36578182338629395	0	0	4.359120879120879	6.785702334197538	CHORDC1
Peptidyl-Threonine Phosphorylation (GO:0018107)	1/36	0.21083749200989477	0.36578182338629395	0	0	4.359120879120879	6.785702334197538	CHEK1
Cellular Response to Heat (GO:0034605)	1/36	0.21083749200989477	0.36578182338629395	0	0	4.359120879120879	6.785702334197538	HSP90AA1
Cellular Response to Vascular Endothelial Growth Factor Stimulus (GO:0035924)	1/36	0.21083749200989477	0.36578182338629395	0	0	4.359120879120879	6.785702334197538	HSPB1
Sister Chromatid Segregation (GO:0000819)	1/36	0.21083749200989477	0.36578182338629395	0	0	4.359120879120879	6.785702334197538	SMC1A
Endoderm Formation (GO:0001706)	1/36	0.21083749200989477	0.36578182338629395	0	0	4.359120879120879	6.785702334197538	MMP9
Positive Regulation of Release of Sequestered Calcium Ion Into Cytosol (GO:0051281)	1/36	0.21083749200989477	0.36578182338629395	0	0	4.359120879120879	6.785702334197538	CXCR3
Regulation of Response to External Stimulus (GO:0032101)	2/132	0.21425532129345184	0.3691906741307589	0	0	2.3540846750149074	3.626671976437839	P2RX4;ALOX5
Regulation of mRNA Processing (GO:0050684)	1/37	0.2160158199701249	0.3691906741307589	0	0	4.237820512820512	6.49405155144787	SAFB
Anterograde Axonal Transport (GO:0008089)	1/37	0.2160158199701249	0.3691906741307589	0	0	4.237820512820512	6.49405155144787	HSPB1
Nucleobase-Containing Compound Metabolic Process (GO:0006139)	1/37	0.2160158199701249	0.3691906741307589	0	0	4.237820512820512	6.49405155144787	NUDT5
Regulation of Release of Cytochrome C From Mitochondria (GO:0090199)	1/37	0.2160158199701249	0.3691906741307589	0	0	4.237820512820512	6.49405155144787	MMP9
Regulation of Sodium Ion Transport (GO:0002028)	1/37	0.2160158199701249	0.3691906741307589	0	0	4.237820512820512	6.49405155144787	P2RX4
Regulatory ncRNA-mediated Gene Silencing (GO:0031047)	1/37	0.2160158199701249	0.3691906741307589	0	0	4.237820512820512	6.49405155144787	CNOT7
Positive Regulation of Myeloid Cell Differentiation (GO:0045639)	1/37	0.2160158199701249	0.3691906741307589	0	0	4.237820512820512	6.49405155144787	GATA1
Regulation of Cellular Component Biogenesis (GO:0044087)	1/37	0.2160158199701249	0.3691906741307589	0	0	4.237820512820512	6.49405155144787	HSP90AA1
Positive Regulation of Developmental Process (GO:0051094)	3/245	0.2168833075875203	0.37003216985674175	0	0	1.900858729338843	2.905264542292348	AGR2;PRL;BMP7
Cilium Assembly (GO:0060271)	3/247	0.2203020077786529	0.37003216985674175	0	0	1.8850858094262295	2.851674701661913	UBXN10;POC1A;DYNLL1
Regulation of Defense Response to Virus by Host (GO:0050691)	1/38	0.22116042647143752	0.37003216985674175	0	0	4.123076923076923	6.221174415676765	HSP90AA1
DNA Damage Checkpoint Signaling (GO:0000077)	1/38	0.22116042647143752	0.37003216985674175	0	0	4.123076923076923	6.221174415676765	CHEK1
Regulation of Erythrocyte Differentiation (GO:0045646)	1/38	0.22116042647143752	0.37003216985674175	0	0	4.123076923076923	6.221174415676765	GATA1
Regulation of Microtubule Cytoskeleton Organization (GO:0070507)	1/38	0.22116042647143752	0.37003216985674175	0	0	4.123076923076923	6.221174415676765	CDK2AP2
Aortic Valve Morphogenesis (GO:0003180)	1/38	0.22116042647143752	0.37003216985674175	0	0	4.123076923076923	6.221174415676765	NPPA
Regulation of Sprouting Angiogenesis (GO:1903670)	1/38	0.22116042647143752	0.37003216985674175	0	0	4.123076923076923	6.221174415676765	ALOX5
Regulation of Vascular Associated Smooth Muscle Cell Proliferation (GO:1904705)	1/38	0.22116042647143752	0.37003216985674175	0	0	4.123076923076923	6.221174415676765	MMP9
Striated Muscle Tissue Development (GO:0014706)	1/38	0.22116042647143752	0.37003216985674175	0	0	4.123076923076923	6.221174415676765	BMP7
Positive Regulation of Immunoglobulin Production (GO:0002639)	1/38	0.22116042647143752	0.37003216985674175	0	0	4.123076923076923	6.221174415676765	DNAJB9
Positive Regulation of Receptor Signaling Pathway via JAK-STAT (GO:0046427)	1/38	0.22116042647143752	0.37003216985674175	0	0	4.123076923076923	6.221174415676765	PRL
Male Meiotic Nuclear Division (GO:0007140)	1/38	0.22116042647143752	0.37003216985674175	0	0	4.123076923076923	6.221174415676765	HSPA2
Positive Regulation of Programmed Cell Death (GO:0043068)	3/248	0.2220155679135725	0.3708628388087786	0	0	1.877295918367347	2.825344950925451	DNAJA1;PRMT2;CIDEB
Positive Regulation of Cellular Process (GO:0048522)	6/622	0.2236897089515353	0.37252616442559694	0	0	1.500233766233766	2.2465931868690183	TIPIN;CNOT7;EGR4;CXCR3;CHEK1;B2M
Regulation of Inflammatory Response (GO:0050727)	3/249	0.22373186470821632	0.37252616442559694	0	0	1.8695693597560976	2.7993192457787948	ALOX5;APOA1;MMP9
Base-Excision Repair (GO:0006284)	1/39	0.2262715293798204	0.37374562520564586	0	0	4.014372469635627	5.965435944563848	UNG
Positive Regulation of SMAD Protein Signal Transduction (GO:0060391)	1/39	0.2262715293798204	0.37374562520564586	0	0	4.014372469635627	5.965435944563848	BMP7
Fatty Acid Transport (GO:0015908)	1/39	0.2262715293798204	0.37374562520564586	0	0	4.014372469635627	5.965435944563848	FABP2
Positive Regulation of Transferase Activity (GO:0051347)	1/39	0.2262715293798204	0.37374562520564586	0	0	4.014372469635627	5.965435944563848	APOA1
Negative Regulation of G Protein-Coupled Receptor Signaling Pathway (GO:0045744)	1/39	0.2262715293798204	0.37374562520564586	0	0	4.014372469635627	5.965435944563848	RGS2
Proteasomal Protein Catabolic Process (GO:0010498)	4/372	0.2274254113208744	0.3750524327045998	0	0	1.6690345771995891	2.4717283112059336	HSPA5;UBXN10;DNAJB9;HSP90B1
Regulation of Cytoskeleton Organization (GO:0051493)	2/139	0.23110858388195463	0.37553410202022613	0	0	2.2330108074463872	3.2710652242786167	CLIC4;CDK2AP2
Negative Regulation of Protein Secretion (GO:0050709)	1/40	0.23134934524843717	0.37553410202022613	0	0	3.911242603550296	5.725380155504451	DPH3
Cellular Response to Amino Acid Stimulus (GO:0071230)	1/40	0.23134934524843717	0.37553410202022613	0	0	3.911242603550296	5.725380155504451	MAT2A
Embryonic Skeletal System Development (GO:0048706)	1/40	0.23134934524843717	0.37553410202022613	0	0	3.911242603550296	5.725380155504451	DLX4
Establishment of Protein Localization to Extracellular Region (GO:0035592)	1/40	0.23134934524843717	0.37553410202022613	0	0	3.911242603550296	5.725380155504451	PDIA4
Positive Regulation of Lipid Biosynthetic Process (GO:0046889)	1/40	0.23134934524843717	0.37553410202022613	0	0	3.911242603550296	5.725380155504451	CHORDC1
Fibroblast Growth Factor Receptor Signaling Pathway (GO:0008543)	1/40	0.23134934524843717	0.37553410202022613	0	0	3.911242603550296	5.725380155504451	FIBP
Positive Regulation of Viral Process (GO:0048524)	1/40	0.23134934524843717	0.37553410202022613	0	0	3.911242603550296	5.725380155504451	CNOT7
Regulation of DNA Binding (GO:0051101)	1/40	0.23134934524843717	0.37553410202022613	0	0	3.911242603550296	5.725380155504451	MMP9
Negative Regulation of Cell-Cell Adhesion (GO:0022408)	1/40	0.23134934524843717	0.37553410202022613	0	0	3.911242603550296	5.725380155504451	APOA1
Negative Regulation of Secretion by Cell (GO:1903531)	1/41	0.23639408919802837	0.3795520003583251	0	0	3.813269230769231	5.499706603575161	DPH3
Aortic Valve Development (GO:0003176)	1/41	0.23639408919802837	0.3795520003583251	0	0	3.813269230769231	5.499706603575161	NPPA
Regulation of Protein Import Into Nucleus (GO:0042306)	1/41	0.23639408919802837	0.3795520003583251	0	0	3.813269230769231	5.499706603575161	CHORDC1
Positive Regulation of DNA Biosynthetic Process (GO:2000573)	1/41	0.23639408919802837	0.3795520003583251	0	0	3.813269230769231	5.499706603575161	HSP90AA1
Positive Regulation of Immune System Process (GO:0002684)	1/41	0.23639408919802837	0.3795520003583251	0	0	3.813269230769231	5.499706603575161	B2M
Vitamin Transport (GO:0051180)	1/41	0.23639408919802837	0.3795520003583251	0	0	3.813269230769231	5.499706603575161	APOA1
Heart Contraction (GO:0060047)	1/41	0.23639408919802837	0.3795520003583251	0	0	3.813269230769231	5.499706603575161	TCAP
Regulation of Cell Adhesion (GO:0030155)	2/142	0.2383594862247032	0.3821142771416172	0	0	2.184828349944629	3.1329898854252516	PLAU;CXCR3
Regulation of Receptor-Mediated Endocytosis (GO:0048259)	1/42	0.24140597496207092	0.38402119709350974	0	0	3.720075046904315	5.287250478221397	B2M
Positive Regulation of Receptor Signaling Pathway via STAT (GO:1904894)	1/42	0.24140597496207092	0.38402119709350974	0	0	3.720075046904315	5.287250478221397	PRL
Keratinocyte Differentiation (GO:0030216)	1/42	0.24140597496207092	0.38402119709350974	0	0	3.720075046904315	5.287250478221397	CLIC4
Potassium Ion Import Across Plasma Membrane (GO:1990573)	1/42	0.24140597496207092	0.38402119709350974	0	0	3.720075046904315	5.287250478221397	KCNJ1
Negative Regulation of DNA Recombination (GO:0045910)	1/42	0.24140597496207092	0.38402119709350974	0	0	3.720075046904315	5.287250478221397	H1-6
Chromatin Remodeling (GO:0006338)	3/262	0.2462692179662315	0.3860035033779848	0	0	1.7745535714285714	2.4867350843320173	PRMT2;CHEK1;NUDT5
Regulation of Dendrite Development (GO:0050773)	1/43	0.24638521492211796	0.3860035033779848	0	0	3.6313186813186817	5.086965650860344	BMP7
Regulation of Epithelial Cell Migration (GO:0010632)	1/43	0.24638521492211796	0.3860035033779848	0	0	3.6313186813186817	5.086965650860344	GLIPR2
Regulation of Peptidyl-Tyrosine Phosphorylation (GO:0050730)	1/43	0.24638521492211796	0.3860035033779848	0	0	3.6313186813186817	5.086965650860344	CNOT7
Cellular Response to Glucose Starvation (GO:0042149)	1/43	0.24638521492211796	0.3860035033779848	0	0	3.6313186813186817	5.086965650860344	HSPA5
Ephrin Receptor Signaling Pathway (GO:0048013)	1/43	0.24638521492211796	0.3860035033779848	0	0	3.6313186813186817	5.086965650860344	MMP9
Positive Regulation of Monoatomic Ion Transport (GO:0043270)	1/43	0.24638521492211796	0.3860035033779848	0	0	3.6313186813186817	5.086965650860344	P2RX4
Positive Regulation of Production of Molecular Mediator of Immune Response (GO:0002702)	1/43	0.24638521492211796	0.3860035033779848	0	0	3.6313186813186817	5.086965650860344	DNAJB9
Positive Regulation of Receptor-Mediated Endocytosis (GO:0048260)	1/43	0.24638521492211796	0.3860035033779848	0	0	3.6313186813186817	5.086965650860344	B2M
Positive Regulation of Stress Fiber Assembly (GO:0051496)	1/43	0.24638521492211796	0.3860035033779848	0	0	3.6313186813186817	5.086965650860344	APOA1
Regulation of Cell Cycle Process (GO:0010564)	2/146	0.2480454353419835	0.388016611412422	0	0	2.123708010335917	2.960753384179589	TIPIN;CHEK1
Negative Regulation of Protein Modification Process (GO:0031400)	1/44	0.2513320201385109	0.39020616940423464	0	0	3.5466905187835422	4.897910178444639	CHORDC1
Regulation of Microtubule-Based Process (GO:0032886)	1/44	0.2513320201385109	0.39020616940423464	0	0	3.5466905187835422	4.897910178444639	CDK2AP2
Peptidyl-Threonine Modification (GO:0018210)	1/44	0.2513320201385109	0.39020616940423464	0	0	3.5466905187835422	4.897910178444639	CHEK1
Regulation of Telomere Maintenance via Telomerase (GO:0032210)	1/44	0.2513320201385109	0.39020616940423464	0	0	3.5466905187835422	4.897910178444639	HSP90AA1
Positive Regulation of Cell Cycle G1/S Phase Transition (GO:1902808)	1/44	0.2513320201385109	0.39020616940423464	0	0	3.5466905187835422	4.897910178444639	CCNE1
Response to Amyloid-Beta (GO:1904645)	1/45	0.2562466002167321	0.3954611710807478	0	0	3.465909090909091	4.719233862496041	MMP9
Collagen Fibril Organization (GO:0030199)	1/45	0.2562466002167321	0.3954611710807478	0	0	3.465909090909091	4.719233862496041	SERPINH1
Extracellular Matrix Disassembly (GO:0022617)	1/45	0.2562466002167321	0.3954611710807478	0	0	3.465909090909091	4.719233862496041	MMP9
Purine Ribonucleotide Biosynthetic Process (GO:0009152)	1/45	0.2562466002167321	0.3954611710807478	0	0	3.465909090909091	4.719233862496041	NPPA
Cellular Response to Growth Factor Stimulus (GO:0071363)	2/150	0.25774514997166736	0.3962870809353676	0	0	2.065891472868217	2.80090254898543	HSPB1;BMP7
Regulation of Interleukin-10 Production (GO:0032653)	1/46	0.2611291635111755	0.3962870809353676	0	0	3.388717948717949	4.5501675272107995	ISG15
Regulation of Intrinsic Apoptotic Signaling Pathway (GO:2001242)	1/46	0.2611291635111755	0.3962870809353676	0	0	3.388717948717949	4.5501675272107995	MMP9
Negative Regulation of Protein Serine/Threonine Kinase Activity (GO:0071901)	1/46	0.2611291635111755	0.3962870809353676	0	0	3.388717948717949	4.5501675272107995	RGS2
Regulation of Transport (GO:0051049)	1/46	0.2611291635111755	0.3962870809353676	0	0	3.388717948717949	4.5501675272107995	DNAJA1
Development of Primary Male Sexual Characteristics (GO:0046546)	1/46	0.2611291635111755	0.3962870809353676	0	0	3.388717948717949	4.5501675272107995	GATA1
Positive Regulation of Transcription Elongation by RNA Polymerase II (GO:0032968)	1/46	0.2611291635111755	0.3962870809353676	0	0	3.388717948717949	4.5501675272107995	MED11
Male Gonad Development (GO:0008584)	1/46	0.2611291635111755	0.3962870809353676	0	0	3.388717948717949	4.5501675272107995	GATA1
Mononuclear Cell Differentiation (GO:1903131)	1/46	0.2611291635111755	0.3962870809353676	0	0	3.388717948717949	4.5501675272107995	MMP9
Regulation of Calcium-Mediated Signaling (GO:0050848)	1/46	0.2611291635111755	0.3962870809353676	0	0	3.388717948717949	4.5501675272107995	P2RX4
Regulation of Cell-Substrate Adhesion (GO:0010810)	1/46	0.2611291635111755	0.3962870809353676	0	0	3.388717948717949	4.5501675272107995	AGR2
BMP Signaling Pathway (GO:0030509)	1/47	0.2659799169914363	0.3962870809353676	0	0	3.3148829431438127	4.390013755839864	BMP7
Regulation of mRNA Catabolic Process (GO:0061013)	1/47	0.2659799169914363	0.3962870809353676	0	0	3.3148829431438127	4.390013755839864	CNOT7
Cellular Response to Type II Interferon (GO:0071346)	1/47	0.2659799169914363	0.3962870809353676	0	0	3.3148829431438127	4.390013755839864	GBP6
Positive Regulation of T Cell Mediated Immunity (GO:0002711)	1/47	0.2659799169914363	0.3962870809353676	0	0	3.3148829431438127	4.390013755839864	B2M
Retrograde Vesicle-Mediated Transport, Golgi to Endoplasmic Reticulum (GO:0006890)	1/47	0.2659799169914363	0.3962870809353676	0	0	3.3148829431438127	4.390013755839864	ERGIC1
Ribosomal Large Subunit Biogenesis (GO:0042273)	1/47	0.2659799169914363	0.3962870809353676	0	0	3.3148829431438127	4.390013755839864	GTF3A
Positive Regulation of mRNA Catabolic Process (GO:0061014)	1/47	0.2659799169914363	0.3962870809353676	0	0	3.3148829431438127	4.390013755839864	CNOT7
Positive Regulation of miRNA Transcription (GO:1902895)	1/47	0.2659799169914363	0.3962870809353676	0	0	3.3148829431438127	4.390013755839864	PRL
Positive Regulation of Pattern Recognition Receptor Signaling Pathway (GO:0062208)	1/47	0.2659799169914363	0.3962870809353676	0	0	3.3148829431438127	4.390013755839864	HSP90B1
Intracellular Glucose Homeostasis (GO:0001678)	1/47	0.2659799169914363	0.3962870809353676	0	0	3.3148829431438127	4.390013755839864	NUCKS1
Mitotic Nuclear Division (GO:0140014)	1/47	0.2659799169914363	0.3962870809353676	0	0	3.3148829431438127	4.390013755839864	SMC1A
Mitotic Spindle Assembly (GO:0090307)	1/47	0.2659799169914363	0.3962870809353676	0	0	3.3148829431438127	4.390013755839864	SMC1A
Monoatomic Anion Transport (GO:0006820)	1/47	0.2659799169914363	0.3962870809353676	0	0	3.3148829431438127	4.390013755839864	CLIC4
Negative Regulation of Response to External Stimulus (GO:0032102)	2/154	0.26745145414300353	0.3979061922070009	0	0	2.011117911056711	2.652296910338767	ALOX5;APOA1
Negative Regulation of Cellular Process (GO:0048523)	5/531	0.2687288403614205	0.39886927997324295	0	0	1.4592763594664735	1.9175656552150688	CNOT7;ALOX5;APOA1;BMP7;S100A11
Negative Regulation of Viral Genome Replication (GO:0045071)	1/48	0.2707990662874435	0.39886927997324295	0	0	3.244189852700491	4.238138854578135	ISG15
Nuclear Receptor-Mediated Steroid Hormone Signaling Pathway (GO:0030518)	1/48	0.2707990662874435	0.39886927997324295	0	0	3.244189852700491	4.238138854578135	SAFB
Replication Fork Processing (GO:0031297)	1/48	0.2707990662874435	0.39886927997324295	0	0	3.244189852700491	4.238138854578135	NUCKS1
Secondary Alcohol Metabolic Process (GO:1902652)	1/48	0.2707990662874435	0.39886927997324295	0	0	3.244189852700491	4.238138854578135	APOA1
Erythrocyte Differentiation (GO:0030218)	1/48	0.2707990662874435	0.39886927997324295	0	0	3.244189852700491	4.238138854578135	GATA1
Positive Regulation of Osteoblast Differentiation (GO:0045669)	1/48	0.2707990662874435	0.39886927997324295	0	0	3.244189852700491	4.238138854578135	BMP7
Regulation of Insulin Receptor Signaling Pathway (GO:0046626)	1/49	0.27558681582982053	0.40134755995497806	0	0	3.176442307692308	4.093965860472672	NUCKS1
Actin Polymerization or Depolymerization (GO:0008154)	1/49	0.27558681582982053	0.40134755995497806	0	0	3.176442307692308	4.093965860472672	MSRB1
Activation of Protein Kinase Activity (GO:0032147)	1/49	0.27558681582982053	0.40134755995497806	0	0	3.176442307692308	4.093965860472672	ZFP91
Arachidonate Metabolic Process (GO:0019369)	1/49	0.27558681582982053	0.40134755995497806	0	0	3.176442307692308	4.093965860472672	ALOX5
Cellular Component Disassembly (GO:0022411)	1/49	0.27558681582982053	0.40134755995497806	0	0	3.176442307692308	4.093965860472672	MMP9
Positive Regulation of Epithelial to Mesenchymal Transition (GO:0010718)	1/49	0.27558681582982053	0.40134755995497806	0	0	3.176442307692308	4.093965860472672	GLIPR2
Positive Regulation of Smooth Muscle Cell Proliferation (GO:0048661)	1/49	0.27558681582982053	0.40134755995497806	0	0	3.176442307692308	4.093965860472672	MMP9
Positive Regulation of Transport (GO:0051050)	1/49	0.27558681582982053	0.40134755995497806	0	0	3.176442307692308	4.093965860472672	CHORDC1
Negative Regulation of Protein Binding (GO:0032091)	1/50	0.28034336849839514	0.4037256866676053	0	0	3.111459968602826	3.956968446025251	B2M
Nuclear Export (GO:0051168)	1/50	0.28034336849839514	0.4037256866676053	0	0	3.111459968602826	3.956968446025251	CHORDC1
Regulation of Tumor Necrosis Factor-Mediated Signaling Pathway (GO:0010803)	1/50	0.28034336849839514	0.4037256866676053	0	0	3.111459968602826	3.956968446025251	APOA1
Positive Regulation of Cell-Cell Adhesion (GO:0022409)	1/50	0.28034336849839514	0.4037256866676053	0	0	3.111459968602826	3.956968446025251	BMP7
Positive Regulation of Developmental Growth (GO:0048639)	1/50	0.28034336849839514	0.4037256866676053	0	0	3.111459968602826	3.956968446025251	AGR2
Positive Regulation of Fat Cell Differentiation (GO:0045600)	1/50	0.28034336849839514	0.4037256866676053	0	0	3.111459968602826	3.956968446025251	BMP7
Lipid Modification (GO:0030258)	1/50	0.28034336849839514	0.4037256866676053	0	0	3.111459968602826	3.956968446025251	ALOX5
Myelination (GO:0042552)	1/50	0.28034336849839514	0.4037256866676053	0	0	3.111459968602826	3.956968446025251	PLP1
Skeletal System Development (GO:0001501)	2/160	0.2820084452587232	0.40555873768778833	0	0	1.934157590030419	2.448291996660589	DLX4;BMP7
Response to Lipopolysaccharide (GO:0032496)	2/161	0.2844330288601587	0.4060072584226727	0	0	1.9218955682316805	2.4163175262082346	B2M;MMP9
Regulation of Lipid Metabolic Process (GO:0019216)	1/51	0.28506892612655743	0.4060072584226727	0	0	3.0490769230769232	3.8266655758285544	CIDEB
Positive Regulation of Actin Filament Bundle Assembly (GO:0032233)	1/51	0.28506892612655743	0.4060072584226727	0	0	3.0490769230769232	3.8266655758285544	APOA1
Epithelial to Mesenchymal Transition (GO:0001837)	1/51	0.28506892612655743	0.4060072584226727	0	0	3.0490769230769232	3.8266655758285544	BMP7
Inorganic Anion Transport (GO:0015698)	1/51	0.28506892612655743	0.4060072584226727	0	0	3.0490769230769232	3.8266655758285544	CLIC4
Proton Transmembrane Transport (GO:1902600)	1/51	0.28506892612655743	0.4060072584226727	0	0	3.0490769230769232	3.8266655758285544	ATP6V0E1
Negative Regulation of Cell Projection Organization (GO:0031345)	1/51	0.28506892612655743	0.4060072584226727	0	0	3.0490769230769232	3.8266655758285544	FKBP4
Positive Regulation of Response to External Stimulus (GO:0032103)	2/163	0.2892799708985791	0.408752598295683	0	0	1.8978284943906785	2.3539911251636685	PLAU;CXCR3
Regulation of Hydrolase Activity (GO:0051336)	1/52	0.2897636891206341	0.408752598295683	0	0	2.9891402714932127	3.702616827604864	APOA1
Regulation of Substrate Adhesion-Dependent Cell Spreading (GO:1900024)	1/52	0.2897636891206341	0.408752598295683	0	0	2.9891402714932127	3.702616827604864	APOA1
Cholesterol Transport (GO:0030301)	1/52	0.2897636891206341	0.408752598295683	0	0	2.9891402714932127	3.702616827604864	APOA1
Positive Regulation of TORC1 Signaling (GO:1904263)	1/52	0.2897636891206341	0.408752598295683	0	0	2.9891402714932127	3.702616827604864	MAT2A
Sensory Perception (GO:0007600)	1/52	0.2897636891206341	0.408752598295683	0	0	2.9891402714932127	3.702616827604864	P2RX4
Intrinsic Apoptotic Signaling Pathway in Response to DNA Damage (GO:0008630)	1/52	0.2897636891206341	0.408752598295683	0	0	2.9891402714932127	3.702616827604864	CIDEB
B Cell Differentiation (GO:0030183)	1/53	0.29442785660299275	0.4097421315309482	0	0	2.931508875739645	3.5844182701898526	DNAJB9
Antibacterial Humoral Response (GO:0019731)	1/53	0.29442785660299275	0.4097421315309482	0	0	2.931508875739645	3.5844182701898526	B2M
Regulation of Release of Sequestered Calcium Ion Into Cytosol (GO:0051279)	1/53	0.29442785660299275	0.4097421315309482	0	0	2.931508875739645	3.5844182701898526	CXCR3
Cellular Response to Ionizing Radiation (GO:0071479)	1/53	0.29442785660299275	0.4097421315309482	0	0	2.931508875739645	3.5844182701898526	NUCKS1
Cellular Response to Mechanical Stimulus (GO:0071260)	1/53	0.29442785660299275	0.4097421315309482	0	0	2.931508875739645	3.5844182701898526	CHEK1
Cytoplasmic Microtubule Organization (GO:0031122)	1/53	0.29442785660299275	0.4097421315309482	0	0	2.931508875739645	3.5844182701898526	CHORDC1
Positive Regulation of miRNA Metabolic Process (GO:2000630)	1/53	0.29442785660299275	0.4097421315309482	0	0	2.931508875739645	3.5844182701898526	PRL
Unsaturated Fatty Acid Metabolic Process (GO:0033559)	1/53	0.29442785660299275	0.4097421315309482	0	0	2.931508875739645	3.5844182701898526	ALOX5
Positive Regulation of Small GTPase Mediated Signal Transduction (GO:0051057)	1/53	0.29442785660299275	0.4097421315309482	0	0	2.931508875739645	3.5844182701898526	APOA1
Microtubule Bundle Formation (GO:0001578)	1/53	0.29442785660299275	0.4097421315309482	0	0	2.931508875739645	3.5844182701898526	CHORDC1
DNA Damage Response (GO:0006974)	4/421	0.29785360576453523	0.4112097363314019	0	0	1.4692120319492437	1.7794408084372404	CHEK1;CIDEB;NABP1;SMC1A
Negative Regulation of Neuron Projection Development (GO:0010977)	1/54	0.29906162642283773	0.4112097363314019	0	0	2.876052249637155	3.471698829323926	FKBP4
Regulation of Signal Transduction by P53 Class Mediator (GO:1901796)	1/54	0.29906162642283773	0.4112097363314019	0	0	2.876052249637155	3.471698829323926	CHEK1
Cellular Response to BMP Stimulus (GO:0071773)	1/54	0.29906162642283773	0.4112097363314019	0	0	2.876052249637155	3.471698829323926	BMP7
Plasma Membrane Bounded Cell Projection Morphogenesis (GO:0120039)	1/54	0.29906162642283773	0.4112097363314019	0	0	2.876052249637155	3.471698829323926	BMP7
Positive Regulation of DNA-templated Transcription, Elongation (GO:0032786)	1/54	0.29906162642283773	0.4112097363314019	0	0	2.876052249637155	3.471698829323926	MED11
Gonad Development (GO:0008406)	1/54	0.29906162642283773	0.4112097363314019	0	0	2.876052249637155	3.471698829323926	GATA1
Positive Regulation of Transcription Initiation by RNA Polymerase II (GO:0060261)	1/54	0.29906162642283773	0.4112097363314019	0	0	2.876052249637155	3.471698829323926	MED11
mRNA Destabilization (GO:0061157)	1/54	0.29906162642283773	0.4112097363314019	0	0	2.876052249637155	3.471698829323926	CNOT7
Regulation of Cytokine Production Involved in Inflammatory Response (GO:1900015)	1/55	0.3036651952121775	0.41260159244335287	0	0	2.822649572649573	3.364117074082027	ALOX5
DNA-templated DNA Replication (GO:0006261)	1/55	0.3036651952121775	0.41260159244335287	0	0	2.822649572649573	3.364117074082027	MCM5
Regulation of Peptide Hormone Secretion (GO:0090276)	1/55	0.3036651952121775	0.41260159244335287	0	0	2.822649572649573	3.364117074082027	ALOX5
Regulation of Receptor Signaling Pathway via JAK-STAT (GO:0046425)	1/55	0.3036651952121775	0.41260159244335287	0	0	2.822649572649573	3.364117074082027	PRL
Striated Muscle Contraction (GO:0006941)	1/55	0.3036651952121775	0.41260159244335287	0	0	2.822649572649573	3.364117074082027	TCAP
Endoplasmic Reticulum Organization (GO:0007029)	1/55	0.3036651952121775	0.41260159244335287	0	0	2.822649572649573	3.364117074082027	TRAM2
Glycolipid Biosynthetic Process (GO:0009247)	1/55	0.3036651952121775	0.41260159244335287	0	0	2.822649572649573	3.364117074082027	PIGP
Positive Regulation of Protein Localization to Plasma Membrane (GO:1903078)	1/55	0.3036651952121775	0.41260159244335287	0	0	2.822649572649573	3.364117074082027	AGR2
Icosanoid Metabolic Process (GO:0006690)	1/55	0.3036651952121775	0.41260159244335287	0	0	2.822649572649573	3.364117074082027	ALOX5
Cell Surface Receptor Protein Tyrosine Kinase Signaling Pathway (GO:0007169)	3/296	0.30656482574569127	0.41599478979139737	0	0	1.5659129692832765	1.8514196842181003	FIBP;HSPB1;MMP9
Cellular Response to Fibroblast Growth Factor Stimulus (GO:0044344)	1/56	0.3082387582984377	0.41608208365611565	0	0	2.771188811188811	3.2613583703120255	FIBP
Sulfur Compound Biosynthetic Process (GO:0044272)	1/56	0.3082387582984377	0.41608208365611565	0	0	2.771188811188811	3.2613583703120255	MAT2A
Epidermal Cell Differentiation (GO:0009913)	1/56	0.3082387582984377	0.41608208365611565	0	0	2.771188811188811	3.2613583703120255	CLIC4
Positive Regulation of Interleukin-1 Beta Production (GO:0032731)	1/56	0.3082387582984377	0.41608208365611565	0	0	2.771188811188811	3.2613583703120255	HSPB1
Regulation of Cytokine Production (GO:0001817)	2/172	0.31103647488512187	0.4193112321137106	0	0	1.7965344277245785	2.0980739123944003	ALOX5;ISG15
Heart Morphogenesis (GO:0003007)	1/57	0.31278250973806404	0.4205684201159405	0	0	2.721565934065934	3.163132351195512	TCAP
Myeloid Cell Differentiation (GO:0030099)	1/57	0.31278250973806404	0.4205684201159405	0	0	2.721565934065934	3.163132351195512	GATA1
Positive Regulation of Transcription by RNA Polymerase II (GO:0045944)	8/983	0.3158750140977691	0.42278959822930784	0	0	1.2603877423389618	1.4524817601227136	HES6;MED11;EGR4;HSPA5;CXCR3;NUCKS1;GATA1;ZNF750
Cellular Response to Unfolded Protein (GO:0034620)	1/58	0.3172966423848577	0.42278959822930784	0	0	2.6736842105263157	3.069170665465753	HSPA5
Intracellular Iron Ion Homeostasis (GO:0006879)	1/58	0.3172966423848577	0.42278959822930784	0	0	2.6736842105263157	3.069170665465753	B2M
Positive Regulation of Type II Interferon Production (GO:0032729)	1/58	0.3172966423848577	0.42278959822930784	0	0	2.6736842105263157	3.069170665465753	ISG15
Protein K63-linked Ubiquitination (GO:0070534)	1/58	0.3172966423848577	0.42278959822930784	0	0	2.6736842105263157	3.069170665465753	ZFP91
Mesenchymal Cell Differentiation (GO:0048762)	1/58	0.3172966423848577	0.42278959822930784	0	0	2.6736842105263157	3.069170665465753	BMP7
Regulation of Calcium Ion Transport (GO:0051924)	1/58	0.3172966423848577	0.42278959822930784	0	0	2.6736842105263157	3.069170665465753	P2RX4
Negative Regulation of Protein-Containing Complex Assembly (GO:0031333)	1/59	0.32178134786200596	0.4254755929530872	0	0	2.627453580901857	2.979224969691473	HSPA5
Regulation of Transcription Initiation by RNA Polymerase II (GO:0060260)	1/59	0.32178134786200596	0.4254755929530872	0	0	2.627453580901857	2.979224969691473	MED11
Cellular Response to Calcium Ion (GO:0071277)	1/59	0.32178134786200596	0.4254755929530872	0	0	2.627453580901857	2.979224969691473	CLIC4
Positive Regulation of DNA-templated Transcription Initiation (GO:2000144)	1/59	0.32178134786200596	0.4254755929530872	0	0	2.627453580901857	2.979224969691473	MED11
Protein Homotetramerization (GO:0051289)	1/59	0.32178134786200596	0.4254755929530872	0	0	2.627453580901857	2.979224969691473	B2M
Protein Polymerization (GO:0051258)	1/59	0.32178134786200596	0.4254755929530872	0	0	2.627453580901857	2.979224969691473	MSRB1
Positive Regulation of DNA-templated Transcription (GO:0045893)	10/1274	0.32377911970244466	0.42753975690224577	0	0	1.216458311538864	1.3717924046298609	HES6;EGR4;HSPA5;PRMT2;CXCR3;NUCKS1;PRL;GATA1;BMP7;ZNF750
RNA Polymerase II Preinitiation Complex Assembly (GO:0051123)	1/60	0.32623681643701347	0.42753975690224577	0	0	2.5827900912646675	2.8930651345761484	MED11
Phosphatidylcholine Metabolic Process (GO:0046470)	1/60	0.32623681643701347	0.42753975690224577	0	0	2.5827900912646675	2.8930651345761484	APOA1
Response to Type II Interferon (GO:0034341)	1/60	0.32623681643701347	0.42753975690224577	0	0	2.5827900912646675	2.8930651345761484	GBP6
Positive Regulation of Cell Cycle (GO:0045787)	1/60	0.32623681643701347	0.42753975690224577	0	0	2.5827900912646675	2.8930651345761484	CHEK1
Protein Secretion (GO:0009306)	1/60	0.32623681643701347	0.42753975690224577	0	0	2.5827900912646675	2.8930651345761484	PDIA4
Regulation of SMAD Protein Signal Transduction (GO:0060390)	1/60	0.32623681643701347	0.42753975690224577	0	0	2.5827900912646675	2.8930651345761484	BMP7
Metal Ion Transport (GO:0030001)	2/180	0.330263748680125	0.4311548391490756	0	0	1.7150945039630694	1.9000909521309637	SLC13A1;CHORDC1
Regulation of Reactive Oxygen Species Metabolic Process (GO:2000377)	1/61	0.3306632373744845	0.4311548391490756	0	0	2.539615384615385	2.8104776349330467	ALOX5
Phospholipid Transport (GO:0015914)	1/61	0.3306632373744845	0.4311548391490756	0	0	2.539615384615385	2.8104776349330467	APOA1
Telomere Organization (GO:0032200)	1/61	0.3306632373744845	0.4311548391490756	0	0	2.539615384615385	2.8104776349330467	H4C15
Extracellular Matrix Organization (GO:0030198)	2/182	0.33504910712102853	0.4352422935687223	0	0	1.695865633074935	1.8543920481373335	SERPINH1;MMP9
ATP Metabolic Process (GO:0046034)	1/62	0.3350607985306605	0.4352422935687223	0	0	2.4978562421185373	2.731264111042341	NUDT5
Regulation of Phagocytosis (GO:0050764)	1/62	0.3350607985306605	0.4352422935687223	0	0	2.4978562421185373	2.731264111042341	APOA1
Positive Regulation of Catabolic Process (GO:0009896)	2/183	0.33743816184839553	0.4377805010680564	0	0	1.6864105529144715	1.8320709078078437	HSP90AA1;CNOT7
Positive Regulation of Interleukin-1 Production (GO:0032732)	1/63	0.3394296866616383	0.4392619474444731	0	0	2.4574441687344915	2.6552400701818284	HSPB1
Transcription Preinitiation Complex Assembly (GO:0070897)	1/63	0.3394296866616383	0.4392619474444731	0	0	2.4574441687344915	2.6552400701818284	MED11
G1/S Transition of Mitotic Cell Cycle (GO:0000082)	1/64	0.34377008725903546	0.4415630686035313	0	0	2.418315018315018	2.582233720987442	CCNE1
Retinoid Metabolic Process (GO:0001523)	1/64	0.34377008725903546	0.4415630686035313	0	0	2.418315018315018	2.582233720987442	RDH5
Epigenetic Regulation of Gene Expression (GO:0040029)	1/64	0.34377008725903546	0.4415630686035313	0	0	2.418315018315018	2.582233720987442	CHEK1
Positive Regulation of Mitotic Cell Cycle Phase Transition (GO:1901992)	1/64	0.34377008725903546	0.4415630686035313	0	0	2.418315018315018	2.582233720987442	CCNE1
Positive Regulation of Phagocytosis (GO:0050766)	1/64	0.34377008725903546	0.4415630686035313	0	0	2.418315018315018	2.582233720987442	APOA1
Monocarboxylic Acid Biosynthetic Process (GO:0072330)	1/64	0.34377008725903546	0.4415630686035313	0	0	2.418315018315018	2.582233720987442	CYP46A1
Regulation of Cell Cycle (GO:0051726)	3/318	0.34598252778735517	0.4438535157966814	0	0	1.4549107142857145	1.5441942243432596	CHEK1;TTLL12;BMP7
Cellular Response to Virus (GO:0098586)	1/65	0.34808218466161406	0.4448911977009999	0	0	2.3804086538461537	2.512084920173941	HSP90AA1
Chloride Transmembrane Transport (GO:1902476)	1/65	0.34808218466161406	0.4448911977009999	0	0	2.3804086538461537	2.512084920173941	ANO9
Regulation of Cell-Matrix Adhesion (GO:0001952)	1/65	0.34808218466161406	0.4448911977009999	0	0	2.3804086538461537	2.512084920173941	PLAU
Regulation of miRNA Transcription (GO:1902893)	1/66	0.3523661620691548	0.44870272362008135	0	0	2.3436686390532544	2.444644221713126	PRL
Negative Regulation of Viral Process (GO:0048525)	1/66	0.3523661620691548	0.44870272362008135	0	0	2.3436686390532544	2.444644221713126	ISG15
Cell Cycle G1/S Phase Transition (GO:0044843)	1/66	0.3523661620691548	0.44870272362008135	0	0	2.3436686390532544	2.444644221713126	CCNE1
Protein-Containing Complex Assembly (GO:0065003)	3/323	0.3549294376625359	0.4514108715166816	0	0	1.4318115234375	1.4831223169603125	HSP90AA1;HSPA4;TCAP
Regulation of Cellular Localization (GO:0060341)	1/67	0.3566222013839577	0.4530065801363787	0	0	2.308041958041958	2.379772017624197	HSP90AA1
Intracellular Protein Transport (GO:0006886)	3/326	0.3602911060224961	0.4571055259230195	0	0	1.418295278637771	1.4478567311878896	HSP90AA1;HSPA4;CHORDC1
Regulation of T Cell Activation (GO:0050863)	1/68	0.3608504834564241	0.45725416653669426	0	0	2.2734787600459243	2.3173377567270332	B2M
Regulation of Translational Initiation (GO:0006446)	1/69	0.36505118796267055	0.46144612268141977	0	0	2.2399321266968326	2.257219237966515	HSPB1
Skin Development (GO:0043588)	1/69	0.36505118796267055	0.46144612268141977	0	0	2.2399321266968326	2.257219237966515	CLIC4
Regulation of Heart Contraction (GO:0008016)	1/70	0.3692244932955234	0.4655830805702088	0	0	2.2073578595317724	2.1993019679968873	P2RX4
Fatty Acid Biosynthetic Process (GO:0006633)	1/70	0.3692244932955234	0.4655830805702088	0	0	2.2073578595317724	2.1993019679968873	ALOX5
Defense Response to Virus (GO:0051607)	2/198	0.372935675611811	0.46852569965499274	0	0	1.5561619996835945	1.5349193389941884	CNOT7;ISG15
Response to Ionizing Radiation (GO:0010212)	1/71	0.3733705769010774	0.46852569965499274	0	0	2.1757142857142857	2.1434785738462874	NABP1
Positive Regulation of Proteasomal Ubiquitin-Dependent Protein Catabolic Process (GO:0032436)	1/71	0.3733705769010774	0.46852569965499274	0	0	2.1757142857142857	2.1434785738462874	HSPBP1
Positive Regulation of Protein Polymerization (GO:0032273)	1/71	0.3733705769010774	0.46852569965499274	0	0	2.1757142857142857	2.1434785738462874	HSP90AA1
Protein Localization to Membrane (GO:0072657)	2/199	0.37527678507139006	0.4697042862223988	0	0	1.5481840003147995	1.5173618734733652	CYP46A1;HSP90B1
Protein Metabolic Process (GO:0019538)	5/614	0.3754456177577673	0.4697042862223988	0	0	1.2549847525216984	1.2294353267542713	PLAU;DNAJB11;B2M;MMP9;MSRB1
Negative Regulation of Extrinsic Apoptotic Signaling Pathway (GO:2001237)	1/72	0.3774896149427596	0.4697042862223988	0	0	2.144962080173348	2.089648271564957	GATA1
Kidney Development (GO:0001822)	1/72	0.3774896149427596	0.4697042862223988	0	0	2.144962080173348	2.089648271564957	BMP7
Regulation of G Protein-Coupled Receptor Signaling Pathway (GO:0008277)	1/72	0.3774896149427596	0.4697042862223988	0	0	2.144962080173348	2.089648271564957	RGS2
Monoatomic Anion Transmembrane Transport (GO:0098656)	1/72	0.3774896149427596	0.4697042862223988	0	0	2.144962080173348	2.089648271564957	ANO9
Monocarboxylic Acid Transport (GO:0015718)	1/72	0.3774896149427596	0.4697042862223988	0	0	2.144962080173348	2.089648271564957	FABP2
Positive Regulation of TOR Signaling (GO:0032008)	1/73	0.3815817824645011	0.4725216324171187	0	0	2.1150641025641024	2.037716378427825	MAT2A
Spindle Assembly (GO:0051225)	1/73	0.3815817824645011	0.4725216324171187	0	0	2.1150641025641024	2.037716378427825	SMC1A
Positive Regulation of Protein Transport (GO:0051222)	1/73	0.3815817824645011	0.4725216324171187	0	0	2.1150641025641024	2.037716378427825	CHORDC1
Regulation of MAP Kinase Activity (GO:0043405)	1/73	0.3815817824645011	0.4725216324171187	0	0	2.1150641025641024	2.037716378427825	RGS2
DNA-templated Transcription (GO:0006351)	2/203	0.3846056310243997	0.4756964383722838	0	0	1.5170658336225848	1.4496122391573458	GTF3A;POLR2H
Myeloid Leukocyte Differentiation (GO:0002573)	1/74	0.38564725347575407	0.47584637242712374	0	0	2.085985247629083	1.987593867677253	MMP9
Negative Regulation of Apoptotic Signaling Pathway (GO:2001234)	1/74	0.38564725347575407	0.47584637242712374	0	0	2.085985247629083	1.987593867677253	MMP9
Regulation of Fat Cell Differentiation (GO:0045598)	1/75	0.3896862007199225	0.4779780919862395	0	0	2.0576923076923075	1.9391969628488115	ALOX5
Regulation of Plasma Membrane Bounded Cell Projection Assembly (GO:0120032)	1/75	0.3896862007199225	0.4779780919862395	0	0	2.0576923076923075	1.9391969628488115	P2RX4
Regulation of Stress Fiber Assembly (GO:0051492)	1/75	0.3896862007199225	0.4779780919862395	0	0	2.0576923076923075	1.9391969628488115	APOA1
Gland Development (GO:0048732)	1/75	0.3896862007199225	0.4779780919862395	0	0	2.0576923076923075	1.9391969628488115	PRL
Positive Regulation of Secretion by Cell (GO:1903532)	1/75	0.3896862007199225	0.4779780919862395	0	0	2.0576923076923075	1.9391969628488115	P2RX4
Regulation of Cell Population Proliferation (GO:0042127)	6/769	0.3906258773004697	0.4783602292698444	0	0	1.2019501965923984	1.129839209698168	TIPIN;CNOT7;EGR4;CXCR3;CDCA7;S100A11
Positive Regulation of Cell Population Proliferation (GO:0008284)	4/484	0.3914042754048171	0.4783602292698444	0	0	1.272244094488189	1.1933831546306917	TIPIN;CNOT7;EGR4;CXCR3
Regulation of Neuron Differentiation (GO:0045664)	1/76	0.3936987960431698	0.4783602292698444	0	0	2.030153846153846	1.8924467629967627	BMP7
Transforming Growth Factor Beta Receptor Signaling Pathway (GO:0007179)	1/76	0.3936987960431698	0.4783602292698444	0	0	2.030153846153846	1.8924467629967627	APOA1
Positive Regulation of Protein Localization to Membrane (GO:1905477)	1/76	0.3936987960431698	0.4783602292698444	0	0	2.030153846153846	1.8924467629967627	CHORDC1
Positive Regulation of Protein Ubiquitination (GO:0031398)	1/76	0.3936987960431698	0.4783602292698444	0	0	2.030153846153846	1.8924467629967627	HSPBP1
Lymphocyte Differentiation (GO:0030098)	1/76	0.3936987960431698	0.4783602292698444	0	0	2.030153846153846	1.8924467629967627	DNAJB9
Regulation of Rho Protein Signal Transduction (GO:0035023)	1/76	0.3936987960431698	0.4783602292698444	0	0	2.030153846153846	1.8924467629967627	APOA1
Regulation of Non-Canonical NF-kappaB Signal Transduction (GO:1901222)	1/77	0.39768520999592366	0.48207093450854055	0	0	2.0033400809716597	1.847268902960126	BMP7
Cellular Response to UV (GO:0034644)	1/77	0.39768520999592366	0.48207093450854055	0	0	2.0033400809716597	1.847268902960126	MMP9
Regulation of Protein Binding (GO:0043393)	1/78	0.40164561203881466	0.4857328220446015	0	0	1.9772227772227773	1.803593238343446	B2M
Cell Chemotaxis (GO:0060326)	1/78	0.40164561203881466	0.4857328220446015	0	0	1.9772227772227773	1.803593238343446	CXCR3
Regulation of Signal Transduction (GO:0009966)	2/211	0.4030817173451447	0.48690011183981263	0	0	1.4584028782315197	1.3251281385958296	RGS2;NUCKS1
Regulation of Transcription Elongation by RNA Polymerase II (GO:0034243)	1/79	0.4055801707455224	0.4882070972652737	0	0	1.951775147928994	1.7613535560282274	MED11
Positive Regulation of Growth (GO:0045927)	1/79	0.4055801707455224	0.4882070972652737	0	0	1.951775147928994	1.7613535560282274	AGR2
Positive Regulation of Protein Modification by Small Protein Conjugation or Removal (GO:1903322)	1/79	0.4055801707455224	0.4882070972652737	0	0	1.951775147928994	1.7613535560282274	HSPBP1
Regulation of Double-Strand Break Repair via Homologous Recombination (GO:0010569)	1/80	0.4094890533403055	0.49062767225246334	0	0	1.9269717624148004	1.720487310971666	CHEK1
Cholesterol Homeostasis (GO:0042632)	1/80	0.4094890533403055	0.49062767225246334	0	0	1.9269717624148004	1.720487310971666	APOA1
Signal Transduction in Response to DNA Damage (GO:0042770)	1/80	0.4094890533403055	0.49062767225246334	0	0	1.9269717624148004	1.720487310971666	CHEK1
Proteolysis Involved in Protein Catabolic Process (GO:0051603)	1/80	0.4094890533403055	0.49062767225246334	0	0	1.9269717624148004	1.720487310971666	ISG15
Sterol Homeostasis (GO:0055092)	1/81	0.41337242618858927	0.49299548867243514	0	0	1.9027884615384616	1.6809353792517892	APOA1
Positive Regulation of Organelle Organization (GO:0010638)	1/81	0.41337242618858927	0.49299548867243514	0	0	1.9027884615384616	1.6809353792517892	MMP9
Regulation of Catabolic Process (GO:0009894)	1/81	0.41337242618858927	0.49299548867243514	0	0	1.9027884615384616	1.6809353792517892	HSPB1
Negative Regulation of Cell Cycle (GO:0045786)	1/81	0.41337242618858927	0.49299548867243514	0	0	1.9027884615384616	1.6809353792517892	BMP7
Positive Regulation of Tumor Necrosis Factor Production (GO:0032760)	1/82	0.41723045440387496	0.49702337540738095	0	0	1.8792022792022791	1.6426418344463662	HSPB1
Organophosphate Metabolic Process (GO:0019637)	1/83	0.42106330223634186	0.5004361546119281	0	0	1.8561913696060035	1.6055537376823723	NUDT5
Protein Tetramerization (GO:0051262)	1/83	0.42106330223634186	0.5004361546119281	0	0	1.8561913696060035	1.6055537376823723	B2M
Negative Regulation of Cell Differentiation (GO:0045596)	2/220	0.4235525241419103	0.5028166589698453	0	0	1.397553516819572	1.200607128822821	BMP7;ZNF750
+ Reg of Transmembrane Receptor Prot Serine/Threonine Kinase Sgnlng Pway (GO:0090100)	1/84	0.42487113264784415	0.5038036137131546	0	0	1.833734939759036	1.569620947250916	BMP7
Carbohydrate Metabolic Process (GO:0005975)	1/85	0.4286541078283712	0.5065466828508981	0	0	1.8118131868131868	1.534795938460661	XYLB
Positive Regulation of Tumor Necrosis Factor Superfamily Cytokine Production (GO:1903557)	1/85	0.4286541078283712	0.5065466828508981	0	0	1.8118131868131868	1.534795938460661	HSPB1
Regulation of Cell Division (GO:0051302)	1/85	0.4286541078283712	0.5065466828508981	0	0	1.8118131868131868	1.534795938460661	CDK2AP2
Epidermis Development (GO:0008544)	1/86	0.43241238866754017	0.5104045774911375	0	0	1.7904072398190043	1.5010336413104233	ZNF750
Calcium Ion Transmembrane Transport (GO:0070588)	1/87	0.4361461351936056	0.5142247477653229	0	0	1.769499105545617	1.4682912860531891	P2RX4
Regulation of Type II Interferon Production (GO:0032649)	1/88	0.4398555062916063	0.5174181951143583	0	0	1.7490716180371353	1.436528262928994	ISG15
Positive Regulation of Ubiquitin-Dependent Protein Catabolic Process (GO:2000060)	1/88	0.4398555062916063	0.5174181951143583	0	0	1.7490716180371353	1.436528262928994	HSPBP1
Nuclear-Transcribed mRNA Catabolic Process (GO:0000956)	1/89	0.4435406599599452	0.5211602754529356	0	0	1.7291083916083916	1.405705989819677	CNOT7
Cilium Organization (GO:0044782)	2/230	0.44587142477535385	0.5227109446912878	0	0	1.335577315381477	1.0787787246646747	UBXN10;POC1A
Regulation of Autophagy (GO:0010506)	2/230	0.44587142477535385	0.5227109446912878	0	0	1.335577315381477	1.0787787246646747	ATP6V0E1;HSPB1
Regulation of Protein Localization to Plasma Membrane (GO:1903076)	1/90	0.4472017530075081	0.5230844034047097	0	0	1.709593777009507	1.375787791489654	AGR2
Mitotic Spindle Organization (GO:0007052)	1/90	0.4472017530075081	0.5230844034047097	0	0	1.709593777009507	1.375787791489654	SMC1A
Regulation of Double-Strand Break Repair (GO:2000779)	1/91	0.45083894134441127	0.5255552033259541	0	0	1.6905128205128206	1.346738785032599	CHEK1
Phosphatidylinositol Biosynthetic Process (GO:0006661)	1/91	0.45083894134441127	0.5255552033259541	0	0	1.6905128205128206	1.346738785032599	PIGP
Protein O-linked Glycosylation (GO:0006493)	1/91	0.45083894134441127	0.5255552033259541	0	0	1.6905128205128206	1.346738785032599	B3GLCT
Negative Regulation of Cell Population Proliferation (GO:0008285)	3/379	0.4532585445615207	0.5264548308965236	0	0	1.2150723071808511	0.9614776981163552	CNOT7;B2M;S100A11
Regulation of Osteoblast Differentiation (GO:0045667)	1/92	0.45445237990743537	0.5264548308965236	0	0	1.6718512256973797	1.318525774673755	BMP7
Sensory Perception of Mechanical Stimulus (GO:0050954)	1/92	0.45445237990743537	0.5264548308965236	0	0	1.6718512256973797	1.318525774673755	P2RX4
Positive Regulation of Cell Adhesion (GO:0045785)	1/92	0.45445237990743537	0.5264548308965236	0	0	1.6718512256973797	1.318525774673755	AGR2
Positive Regulation of Response to Stimulus (GO:0048584)	1/92	0.45445237990743537	0.5264548308965236	0	0	1.6718512256973797	1.318525774673755	B2M
Cellular Response to Lipid (GO:0071396)	2/234	0.4546655357742703	0.5264548308965236	0	0	1.3122828120823309	1.034332410678353	B2M;MMP9
Regulation of Epithelial Cell Proliferation (GO:0050678)	1/93	0.4580422225383953	0.5285889041347107	0	0	1.6535953177257523	1.2911171539636297	B2M
Regulation of Insulin Secretion (GO:0050796)	1/93	0.4580422225383953	0.5285889041347107	0	0	1.6535953177257523	1.2911171539636297	ALOX5
Positive Regulation of Cellular Component Biogenesis (GO:0044089)	1/93	0.4580422225383953	0.5285889041347107	0	0	1.6535953177257523	1.2911171539636297	BMP7
Regulation of Immune Response (GO:0050776)	1/94	0.4616086222221189	0.5315181685720166	0	0	1.6357320099255583	1.2644828133338064	B2M
Positive Regulation of Phosphorylation (GO:0042327)	1/94	0.4616086222221189	0.5315181685720166	0	0	1.6357320099255583	1.2644828133338064	MMP9
Response to Calcium Ion (GO:0051592)	1/95	0.4651517307541396	0.5344076551108671	0	0	1.6182487725040915	1.2385940558980708	CLIC4
Positive Regulation of Immune Response (GO:0050778)	1/95	0.4651517307541396	0.5344076551108671	0	0	1.6182487725040915	1.2385940558980708	B2M
B Cell Activation (GO:0042113)	1/96	0.4686716991821424	0.5372578015014803	0	0	1.6011336032388663	1.2134235161728557	DNAJB9
Sodium Ion Transport (GO:0006814)	1/96	0.4686716991821424	0.5372578015014803	0	0	1.6011336032388663	1.2134235161728557	SLC13A1
Regulation of Organelle Organization (GO:0033043)	1/97	0.47216867746164864	0.5382827039639964	0	0	1.584375	1.1889450868592453	CLIC4
Regulation of Protein Localization (GO:0032880)	1/97	0.47216867746164864	0.5382827039639964	0	0	1.584375	1.1889450868592453	HSP90AA1
Inorganic Cation Import Across Plasma Membrane (GO:0098659)	1/97	0.47216867746164864	0.5382827039639964	0	0	1.584375	1.1889450868592453	KCNJ1
Muscle Contraction (GO:0006936)	1/97	0.47216867746164864	0.5382827039639964	0	0	1.584375	1.1889450868592453	TCAP
Regulation of TORC1 Signaling (GO:1903432)	1/97	0.47216867746164864	0.5382827039639964	0	0	1.584375	1.1889450868592453	MAT2A
Negative Regulation of Multicellular Organismal Process (GO:0051241)	2/243	0.47415954908006663	0.5392704718081205	0	0	1.2626974170928624	0.9422392231561812	APOA1;ZNF750
Cellular Response to Transforming Growth Factor Beta Stimulus (GO:0071560)	1/98	0.47564281459284896	0.5392704718081205	0	0	1.5679619349722442	1.1651338487722471	APOA1
Positive Regulation of Hydrolase Activity (GO:0051345)	1/98	0.47564281459284896	0.5392704718081205	0	0	1.5679619349722442	1.1651338487722471	APOA1
Positive Regulation of Proteasomal Protein Catabolic Process (GO:1901800)	1/98	0.47564281459284896	0.5392704718081205	0	0	1.5679619349722442	1.1651338487722471	HSPBP1
rRNA Metabolic Process (GO:0016072)	1/98	0.47564281459284896	0.5392704718081205	0	0	1.5679619349722442	1.1651338487722471	GTF3A
Positive Regulation of Neuron Projection Development (GO:0010976)	1/99	0.4790942585697632	0.5419950365001478	0	0	1.5518838304552591	1.141966005927008	BMP7
Positive Regulation of Protein Catabolic Process (GO:0045732)	1/99	0.4790942585697632	0.5419950365001478	0	0	1.5518838304552591	1.141966005927008	HSP90AA1
Sensory Perception of Chemical Stimulus (GO:0007606)	1/100	0.4825231566060633	0.5452775343504584	0	0	1.5361305361305362	1.119418823893266	TAAR5
Positive Regulation of Cell Motility (GO:2000147)	2/249	0.4869227453659281	0.5496486012100105	0	0	1.2316479929699025	0.8863552345562127	HSPA5;PLAU
Regulation of Defense Response (GO:0031347)	1/103	0.4926760314088613	0.5555365501382361	0	0	1.4907239819004523	1.0552886617859485	ALOX5
Regulation of Macroautophagy (GO:0016241)	1/106	0.5026311976365985	0.5661445080133364	0	0	1.447912087912088	0.9960166740217916	ATP6V0E1
Axon Development (GO:0061564)	1/107	0.5059063136278865	0.5685947046643856	0	0	1.434179970972424	0.97725565022304	PLP1
Protein Catabolic Process (GO:0030163)	1/107	0.5059063136278865	0.5685947046643856	0	0	1.434179970972424	0.97725565022304	HSP90AA1
Regulation of Proteasomal Ubiquitin-Dependent Protein Catabolic Process (GO:0032434)	1/109	0.5123924761587753	0.5752593054811874	0	0	1.4074786324786326	0.941130844881334	HSPBP1
Negative Regulation of Gene Expression, Epigenetic (GO:0045814)	1/110	0.5156037993562202	0.577610323439146	0	0	1.3944954128440368	0.923736964670274	CHEK1
Glycerophospholipid Biosynthetic Process (GO:0046474)	1/110	0.5156037993562202	0.577610323439146	0	0	1.3944954128440368	0.923736964670274	APOA1
Positive Regulation of T Cell Activation (GO:0050870)	1/111	0.518794133457392	0.5786765199513951	0	0	1.3817482517482518	0.9067697125745418	B2M
Positive Regulation of Cellular Component Organization (GO:0051130)	1/111	0.518794133457392	0.5786765199513951	0	0	1.3817482517482518	0.9067697125745418	BMP7
External Encapsulating Structure Organization (GO:0045229)	1/111	0.518794133457392	0.5786765199513951	0	0	1.3817482517482518	0.9067697125745418	MMP9
Extracellular Structure Organization (GO:0043062)	1/111	0.518794133457392	0.5786765199513951	0	0	1.3817482517482518	0.9067697125745418	MMP9
Regulation of Wnt Signaling Pathway (GO:0030111)	1/112	0.5219636146933403	0.5815844586130537	0	0	1.3692307692307693	0.8902155130639214	HSP90B1
Lipid Transport (GO:0006869)	1/113	0.5251123782377586	0.583834622685852	0	0	1.3569368131868131	0.8740613299953246	FABP2
Mitotic Cell Cycle Phase Transition (GO:0044772)	1/113	0.5251123782377586	0.583834622685852	0	0	1.3569368131868131	0.8740613299953246	CCNE1
Positive Regulation of Wnt Signaling Pathway (GO:0030177)	1/114	0.5282405585345831	0.5866817803703103	0	0	1.344860449285228	0.8582946400248314	HSP90B1
Regulation of Canonical NF-kappaB Signal Transduction (GO:0043122)	2/270	0.5300540997163522	0.5880643123462534	0	0	1.1339234062246906	0.719787593965878	HSPB1;PRL
Intrinsic Apoptotic Signaling Pathway (GO:0097193)	1/115	0.531348289012283	0.5888683074369782	0	0	1.332995951417004	0.8429034090688156	CIDEB
Antimicrobial Humoral Immune Response Mediated by Antimicrobial Peptide (GO:0061844)	1/116	0.5344357024328013	0.5903915772601672	0	0	1.3213377926421406	0.8278760684748477	B2M
Protein Complex Oligomerization (GO:0051259)	1/116	0.5344357024328013	0.5903915772601672	0	0	1.3213377926421406	0.8278760684748477	MAT2A
Regulation of DNA Metabolic Process (GO:0051052)	1/116	0.5344357024328013	0.5903915772601672	0	0	1.3213377926421406	0.8278760684748477	NUCKS1
Negative Regulation of Canonical Wnt Signaling Pathway (GO:0090090)	1/117	0.5375029306097294	0.5931462435970759	0	0	1.3098806366047746	0.813201494064047	NPPA
Plasma Membrane Bounded Cell Projection Assembly (GO:0120031)	2/277	0.5438807436200509	0.5995444444596296	0	0	1.1046652572233968	0.6727690647647339	UBXN10;POC1A
Ribonucleoprotein Complex Biogenesis (GO:0022613)	1/120	0.5465848087934013	0.6012432896727415	0	0	1.2766645119586295	0.7711893672663548	GTF3A
Mitotic Sister Chromatid Segregation (GO:0000070)	1/120	0.5465848087934013	0.6012432896727415	0	0	1.2766645119586295	0.7711893672663548	SMC1A
Enzyme-Linked Receptor Protein Signaling Pathway (GO:0007167)	1/121	0.5495725970000418	0.6038874232710343	0	0	1.2659615384615384	0.7578228057755461	NPPA
Response to Cytokine (GO:0034097)	1/123	0.5554896837382342	0.6084495052810743	0	0	1.2450819672131148	0.7319902142521676	ISG15
Transcription Initiation at RNA Polymerase II Promoter (GO:0006367)	1/123	0.5554896837382342	0.6084495052810743	0	0	1.2450819672131148	0.7319902142521676	MED11
Protein-Containing Complex Organization (GO:0043933)	1/123	0.5554896837382342	0.6084495052810743	0	0	1.2450819672131148	0.7319902142521676	TCAP
Regulation of Mitotic Cell Cycle (GO:0007346)	1/124	0.5584192349873867	0.6110110994465162	0	0	1.2348968105065663	0.7195067998015446	TTLL12
Calcium Ion Transport (GO:0006816)	1/126	0.5642209791834661	0.616706651665649	0	0	1.2150153846153846	0.6953646008048276	P2RX4
Potassium Ion Transport (GO:0006813)	1/127	0.5670934200868116	0.618538603765573	0	0	1.2053113553113552	0.6836902387110143	CHORDC1
Negative Regulation of MAPK Cascade (GO:0043409)	1/127	0.5670934200868116	0.618538603765573	0	0	1.2053113553113552	0.6836902387110143	RGS2
Regulation of Protein Catabolic Process (GO:0042176)	1/129	0.5727820531517377	0.6240849767743907	0	0	1.186358173076923	0.6610980867446018	HSP90AA1
Regulation of Tumor Necrosis Factor Production (GO:0032680)	1/131	0.5783964973795229	0.6295389245162386	0	0	1.1679881656804734	0.6394684561523504	HSPB1
Circulatory System Development (GO:0072359)	1/132	0.5811761991817334	0.6306122783193698	0	0	1.159013505578391	0.6289981353738375	CACYBP
Protein Localization to Plasma Membrane (GO:0072659)	1/132	0.5811761991817334	0.6306122783193698	0	0	1.159013505578391	0.6289981353738375	HSP90B1
Negative Regulation of Intracellular Signal Transduction (GO:1902532)	2/297	0.5818221600741575	0.6306122783193698	0	0	1.0287215871764552	0.5571457820037442	BMP7;MMP9
Positive Regulation of Cell Differentiation (GO:0045597)	2/297	0.5818221600741575	0.6306122783193698	0	0	1.0287215871764552	0.5571457820037442	GLIPR2;BMP7
Phosphorylation (GO:0016310)	2/298	0.5836578133209598	0.6319394544229031	0	0	1.0251937984496124	0.5520057629906885	CCNE1;CHEK1
Potassium Ion Transmembrane Transport (GO:0071805)	1/134	0.5866811564895221	0.6345484475001735	0	0	1.1414690572585309	0.608715520471253	KCNJ1
Regulation of RNA Biosynthetic Process (GO:2001141)	3/465	0.5904451396863691	0.6378221615152083	0	0	0.9845271915584416	0.5187262615951898	DLX4;PRMT2;ELAVL2
Regulation of Intracellular Signal Transduction (GO:1902531)	2/302	0.5909416157945547	0.6378221615152083	0	0	1.0113178294573644	0.5319916642956216	CHEK1;HSPB1
Protein Localization to Cell Periphery (GO:1990778)	1/136	0.5921143023385672	0.6384214688405406	0	0	1.1244444444444444	0.5892713905269606	HSP90B1
Monoatomic Cation Transmembrane Transport (GO:0098655)	2/304	0.5945482050356503	0.6403779625071484	0	0	1.0045176857128189	0.5223024675462588	ATP6V0E1;P2RX4
protein-RNA Complex Assembly (GO:0022618)	1/138	0.5974765663293735	0.6424639718629632	0	0	1.1079169006176306	0.5706217592258297	HSP90AA1
Negative Regulation of RNA Biosynthetic Process (GO:1902679)	3/470	0.5977276024489078	0.6424639718629632	0	0	0.973735278372591	0.5011037883065262	CNOT7;PRMT2;BMP7
Inorganic Cation Transmembrane Transport (GO:0098662)	2/307	0.5999139227634758	0.6430423550627677	0	0	0.9944846867454568	0.5081509414900457	ATP6V0E1;P2RX4
Membraneless Organelle Assembly (GO:0140694)	1/139	0.6001314048699912	0.6430423550627677	0	0	1.0998327759197324	0.5615819178652366	MYL9
Negative Regulation of Cell Motility (GO:2000146)	1/139	0.6001314048699912	0.6430423550627677	0	0	1.0998327759197324	0.5615819178652366	CLIC4
Protein Transport (GO:0015031)	2/308	0.6016907157657971	0.6440457557990003	0	0	0.9911840705274356	0.5035331313247864	PDIA4;HSP90B1
Plasma Membrane Bounded Cell Projection Organization (GO:0120036)	1/141	0.6053890631687141	0.6466655902029446	0	0	1.084010989010989	0.5440477148626345	MANF
Cellular Response to Starvation (GO:0009267)	1/141	0.6053890631687141	0.6466655902029446	0	0	1.084010989010989	0.5440477148626345	HSPA5
Protein Homooligomerization (GO:0051260)	1/143	0.6105781118317544	0.6509133627653354	0	0	1.06863488624052	0.5272100019777649	B2M
Regulation of Cell Migration (GO:0030334)	3/479	0.6106247213562624	0.6509133627653354	0	0	0.9548811712184874	0.471016825452299	CLIC4;HSPA5;PLAU
Synapse Organization (GO:0050808)	1/144	0.6131471855975835	0.6529291348176122	0	0	1.0611081226465842	0.5190413192337063	CBLN3
Negative Regulation of Wnt Signaling Pathway (GO:0030178)	1/146	0.618234982274939	0.657669723942682	0	0	1.046366047745358	0.503183477578727	NPPA
Antimicrobial Humoral Response (GO:0019730)	1/147	0.6207539229409574	0.6596706642558581	0	0	1.039146469968388	0.4954863756856019	B2M
Proteolysis (GO:0006508)	2/321	0.6242534044756672	0.6627084396589732	0	0	0.9501591698865156	0.4477139519998546	PLAU;MMP9
Phosphate-Containing Compound Metabolic Process (GO:0006796)	1/150	0.6282122067872935	0.6662270993005759	0	0	1.0180691791430043	0.4732772111983408	NUDT5
Positive Regulation of ERK1 and ERK2 Cascade (GO:0070374)	1/153	0.6355249124726667	0.673291761779444	0	0	0.997823886639676	0.45231754688375897	GLIPR2
Neuron Projection Morphogenesis (GO:0048812)	1/157	0.6450535983163168	0.6826872268772484	0	0	0.9720414201183432	0.4261642146703567	BMP7
Actin Filament Organization (GO:0007015)	1/158	0.6473968833781079	0.6837674948038442	0	0	0.9658010779029887	0.41992620552499144	TCAP
Protein Maturation (GO:0051604)	1/158	0.6473968833781079	0.6837674948038442	0	0	0.9658010779029887	0.41992620552499144	DNAJB11
Neuron Development (GO:0048666)	1/159	0.6497248157647778	0.684827175841774	0	0	0.9596397273612464	0.41380275959740775	MANF
Regulation of Cellular Component Organization (GO:0051128)	1/159	0.6497248157647778	0.684827175841774	0	0	0.9596397273612464	0.41380275959740775	HSP90AA1
Negative Regulation of DNA-templated Transcription (GO:0045892)	6/1006	0.6503940367775753	0.684834454203679	0	0	0.905712	0.38961637079494926	CNOT7;DLX4;PRMT2;GATA1;BMP7;ZNF750
Ribosome Biogenesis (GO:0042254)	1/161	0.6543350211897434	0.6882832267652031	0	0	0.947548076923077	0.4018890558373211	GTF3A
+ Reg of Phosphatidylinositol 3-Kinase/Prot Kinase B Signal Transduction (GO:0051897)	1/162	0.6566174919343953	0.6899822018904114	0	0	0.941614906832298	0.3960937324830159	P2RX4
Organelle Assembly (GO:0070925)	2/346	0.6648659725949503	0.6979405235159174	0	0	0.8799801694609699	0.359181332948874	UBXN10;POC1A
Regulation of Macromolecule Biosynthetic Process (GO:0010556)	1/170	0.6743468892721798	0.7071751354030771	0	0	0.8966772872098316	0.3533003810089062	GATA1
Positive Regulation of Protein Phosphorylation (GO:0001934)	1/171	0.6764981942916616	0.708712394019836	0	0	0.8913574660633484	0.3483652278581477	MMP9
Positive Regulation of Macromolecule Biosynthetic Process (GO:0010557)	2/355	0.6786047225227259	0.7095136488082713	0	0	0.8571491314755034	0.33233083332671814	AGR2;BMP7
Nitrogen Compound Transport (GO:0071705)	1/172	0.6786353952334433	0.7095136488082713	0	0	0.8860998650472335	0.3435154589590813	HSP90B1
Membrane Organization (GO:0061024)	1/173	0.6807585838825325	0.7110145209439784	0	0	0.8809033989266547	0.33874923332468176	CHORDC1
Regulation of Neuron Projection Development (GO:0010975)	1/176	0.687044984441584	0.7168562198916224	0	0	0.8656703296703296	0.32493412753727646	FKBP4
Negative Regulation of Gene Expression (GO:0010629)	2/364	0.6918855147306052	0.7211790546687961	0	0	0.8354533384727397	0.3077265201162115	CNOT7;CHEK1
Protein Modification Process (GO:0036211)	3/545	0.6966674708259085	0.725308835208901	0	0	0.8357501153136532	0.3020794290921516	CCNE1;CHEK1;APOA1
Neuron Differentiation (GO:0030182)	1/181	0.6972504663420189	0.725308835208901	0	0	0.8414102564102565	0.303421443648428	MANF
Negative Regulation of Cell Migration (GO:0030336)	1/184	0.7032145026740177	0.7307776841858636	0	0	0.8274905422446406	0.2913538831838314	CLIC4
Protein Phosphorylation (GO:0006468)	2/373	0.7047151940274414	0.7316019182975647	0	0	0.8148101715455818	0.28515222072636326	CCNE1;CHEK1
Positive Regulation of RNA Biosynthetic Process (GO:1902680)	3/555	0.7083809415704185	0.7346699032936937	0	0	0.8201851222826086	0.28277791229163923	PRMT2;GATA1;BMP7
Small GTPase-mediated Signal Transduction (GO:0007264)	1/188	0.7109855496106336	0.7366323229432817	0	0	0.8096256684491978	0.2761658847912082	CHORDC1
Anterograde Trans-Synaptic Signaling (GO:0098916)	1/189	0.7128965484165751	0.7378729039667054	0	0	0.805278232405892	0.2725214239183629	PLP1
Negative Regulation of Cytokine Production (GO:0001818)	1/191	0.7166810075004649	0.7410481617554807	0	0	0.7967206477732793	0.2654071166485499	APOA1
Transcription by RNA Polymerase II (GO:0006366)	1/200	0.7331076000158043	0.7572759824339078	0	0	0.7603401623502126	0.2360573310794884	POLR2H
Regulation of Translation (GO:0006417)	1/201	0.7348733936297591	0.7575863300231016	0	0	0.7565	0.2330451569418178	HSPB1
Regulation of Cell Differentiation (GO:0045595)	1/201	0.7348733936297591	0.7575863300231016	0	0	0.7565	0.2330451569418178	ALOX5
Negative Regulation of Macromolecule Biosynthetic Process (GO:0010558)	1/202	0.7366275930715562	0.7578835136676508	0	0	0.7526980482204363	0.2300793317146151	CNOT7
Positive Regulation of Protein Metabolic Process (GO:0051247)	1/202	0.7366275930715562	0.7578835136676508	0	0	0.7526980482204363	0.2300793317146151	HSP90AA1
Positive Regulation of Canonical NF-kappaB Signal Transduction (GO:0043123)	1/204	0.7401015110212044	0.7607007578488323	0	0	0.7452065176203108	0.22428325940612223	PRL
Modification-Dependent Protein Catabolic Process (GO:0019941)	1/208	0.7469135079209728	0.7669399872793305	0	0	0.7306577480490524	0.2132102318746964	ISG15
Positive Regulation of Multicellular Organismal Process (GO:0051240)	2/407	0.7492503841741185	0.7685762869405144	0	0	0.7451047947171978	0.21509838708508383	GLIPR2;PRL
Intracellular Monoatomic Cation Homeostasis (GO:0030003)	1/210	0.7502527608973639	0.7688417787590429	0	0	0.7235921972764078	0.2079206829214036	B2M
Regulation of Gene Expression (GO:0010468)	6/1127	0.7541112238717114	0.7720306984983659	0	0	0.8027689562890277	0.22655377020404135	CNOT7;DLX4;PRMT2;AGR2;BMP7;ELAVL2
Regulation of DNA-templated Transcription (GO:0006355)	12/2139	0.7560341666112844	0.7732337569496222	0	0	0.8411420985883775	0.2352411255493636	HES6;MYCL;CNOT7;DLX4;EGR4;PRMT2;ZFP91;SAFB;HES3;GATA1;BMP7;ELAVL2
Sensory Perception of Smell (GO:0007608)	1/214	0.7568006543855508	0.7732528425243672	0	0	0.7098591549295775	0.19780608432609348	TAAR5
Regulation of Canonical Wnt Signaling Pathway (GO:0060828)	1/216	0.7600104240085657	0.7757658227293751	0	0	0.7031842576028623	0.1929700249346418	NPPA
Regulation of Phosphatidylinositol 3-Kinase/Protein Kinase B Signal Transduction (GO:0051896)	1/219	0.7647464169253192	0.7798301726832151	0	0	0.6934015525758646	0.1859779108173347	P2RX4
Regulation of ERK1 and ERK2 Cascade (GO:0070372)	1/223	0.7709170900960038	0.7853480504032196	0	0	0.6807692307692308	0.1771187579761409	GLIPR2
Protein Polyubiquitination (GO:0000209)	1/228	0.778405000638495	0.7921956404135865	0	0	0.665604879701796	0.16673956277913388	ZFP91
Positive Regulation of Gene Expression (GO:0010628)	2/436	0.782594639243432	0.7956763588768031	0	0	0.6942807130354017	0.1701962650089039	AGR2;BMP7
Positive Regulation of Intracellular Signal Transduction (GO:1902533)	3/652	0.8046412562849841	0.8172878772089132	0	0	0.694096687211094	0.1508679850206425	P2RX4;PRL;BMP7
Regulation of Transcription by RNA Polymerase II (GO:0006357)	12/2250	0.8138282508339372	0.8258080582554377	0	0	0.7944217901637867	0.1636555991416231	HES6;MYCL;DLX4;EGR4;HSPA5;CXCR3;ZFP91;NUCKS1;SAFB;HES3;GATA1;ZNF750
Cytokine-Mediated Signaling Pathway (GO:0019221)	1/255	0.8148345599182596	0.8260185636818435	0	0	0.5940339188370685	0.1216404326721047	PRL
Positive Regulation of Signal Transduction (GO:0009967)	1/256	0.8160630460732515	0.826453662722568	0	0	0.5916742081447964	0.12026586783109625	HSP90B1
Lipid Metabolic Process (GO:0006629)	1/259	0.8197001834906043	0.8293248431793394	0	0	0.5847048300536672	0.11624904705564436	RDH5
Chemical Synaptic Transmission (GO:0007268)	1/260	0.8208966305898138	0.8297234760800268	0	0	0.5824175824175825	0.11494481825179638	PLP1
Nervous System Development (GO:0007399)	2/480	0.8258085567089164	0.833873093395527	0	0	0.6289448931270475	0.12037521209856404	CYP46A1;RBM45
Negative Regulation of Signal Transduction (GO:0009968)	1/277	0.8400717045296129	0.8466219712315982	0	0	0.5460702341137124	0.09516258298648596	RGS2
Cellular Component Assembly (GO:0022607)	1/277	0.8400717045296129	0.8466219712315982	0	0	0.5460702341137124	0.09516258298648596	TCAP
Cellular Response to Cytokine Stimulus (GO:0071345)	1/289	0.8523662871963613	0.8581759892512537	0	0	0.5229967948717948	0.0835429484009591	GBP6
Negative Regulation of Transcription by RNA Polymerase II (GO:0000122)	3/732	0.8627177724807469	0.8677530902189613	0	0	0.6153549382716049	0.0908680312584624	DLX4;GATA1;ZNF750
Protein Modification by Small Protein Conjugation (GO:0032446)	1/316	0.8767055367760488	0.8809655248070305	0	0	0.4775091575091575	0.06283261508841492	ISG15
Positive Regulation of Cytokine Production (GO:0001819)	1/325	0.8838981762045172	0.8873307904810395	0	0	0.46403133903133903	0.05726768909294536	ISG15
Positive Regulation of MAPK Cascade (GO:0043410)	1/362	0.909344380208186	0.9119903871341069	0	0	0.4156829320264223	0.039502931168603	GLIPR2
Protein Ubiquitination (GO:0016567)	1/369	0.9134943140718402	0.9152646518898088	0	0	0.4076295986622074	0.03688156280722132	ISG15
Gene Expression (GO:0010467)	1/381	0.9201744491765148	0.9210652279269276	0	0	0.39451417004048583	0.03282042608649097	DNAJB11
Organelle Organization (GO:0006996)	1/437	0.9451748254833228	0.9451748254833228	0	0	0.3428546224417784	0.01933198408685518	CIDEC
