Term	Overlap	P-value	Adjusted P-value	Old P-value	Old Adjusted P-value	Odds Ratio	Combined Score	Genes
Cellular Response to Zinc Ion (GO:0071294)	13/17	1.4059814362824009e-22	1.81512203424058e-19	0	0	287.9820627802691	14490.144767669246	MT1M;MT1X;MT4;MT3;MT2A;MT1A;P2RX4;MT1F;MT1G;MT1H;MT1B;MT1E;MT1HL1
Response to Cadmium Ion (GO:0046686)	12/16	9.596378113702228e-21	6.194462072394787e-18	0	0	264.64285714285717	12198.157069003622	MT2A;MT1A;MT1M;MT1F;MT1G;MT1X;MT1H;MT4;MT1B;MT3;MT1E;MT1HL1
Cellular Response to Cadmium Ion (GO:0071276)	12/17	3.229187807521732e-20	1.042220364877639e-17	0	0	211.70357142857145	9501.144338357282	MT2A;MT1A;MT1M;MT1F;MT1G;MT1X;MT1H;MT4;MT1B;MT3;MT1E;MT1HL1
Cellular Response to Copper Ion (GO:0071280)	12/17	3.229187807521732e-20	1.042220364877639e-17	0	0	211.70357142857145	9501.144338357282	MT2A;MT1A;MT1M;MT1F;MT1G;MT1X;MT1H;MT4;MT1B;MT3;MT1E;MT1HL1
Response to Copper Ion (GO:0046688)	12/21	1.4716088173589371e-18	3.799693966420775e-16	0	0	117.58928571428572	4828.236701055384	MT2A;MT1A;MT1M;MT1F;MT1G;MT1X;MT1H;MT4;MT1B;MT3;MT1E;MT1HL1
Response to Zinc Ion (GO:0010043)	13/28	1.9733060048075782e-18	4.245896753677639e-16	0	0	76.752466367713	3128.9540855573528	MT1M;MT1X;MT4;MT3;MT2A;MT1A;P2RX4;MT1F;MT1G;MT1H;MT1B;MT1HL1;MT1E
Intracellular Zinc Ion Homeostasis (GO:0006882)	12/29	2.3913425226533013e-16	4.4103188524934454e-14	0	0	62.22794117647059	2238.308338033178	MT2A;MT1A;MT1M;MT1F;MT1G;MT1X;MT1H;MT4;MT1B;MT3;MT1HL1;MT1E
Cellular Response to Metal Ion (GO:0071248)	15/112	4.362868091562819e-12	7.040578382759499e-10	0	0	13.7614871483883	359.971487096139	CLIC4;MT1M;MT1X;MT4;MT3;MT2A;MT1A;P2RX4;MT1F;MT1G;MT1H;MT1B;B2M;MT1HL1;MT1E
Termination of RNA Polymerase II Transcription (GO:0006369)	7/12	2.1946121782952017e-11	3.1480492468656723e-9	0	0	120.79737991266376	2964.661322369016	SSU72L6;SSU72L5;SSU72L4;SSU72;SSU72L3;SSU72L2;SSU72L1
One-Carbon Compound Transport (GO:0019755)	7/16	3.045080886058321e-10	3.931199423901293e-8	0	0	67.09606986899563	1470.230786237612	HBG2;HBG1;HBE1;AQP6;HBB;AQP5;HBD
Carbon Dioxide Transport (GO:0015670)	6/11	1.113886154190846e-9	1.3072972955094382e-7	0	0	103.0904347826087	2125.251672509688	HBG2;HBG1;HBE1;AQP6;HBB;HBD
DNA-templated Transcription Termination (GO:0006353)	7/20	1.982102735801841e-9	2.132412193266814e-7	0	0	46.4417198522002	930.6506197598306	SSU72L6;SSU72L5;SSU72L4;SSU72;SSU72L3;SSU72L2;SSU72L1
Gas Transport (GO:0015669)	6/15	1.1599155758528832e-8	1.151885391096979e-6	0	0	57.26086956521739	1046.2897063935388	HBG2;HBG1;HBE1;AQP6;HBB;HBD
Response to Unfolded Protein (GO:0006986)	8/44	4.102067605560209e-8	3.78269234198445e-6	0	0	19.228070175438596	327.05389131991086	DNAJA1;DNAJB1;TRAM1;HSP90AA1;HSPA4;SERPINH1;HSPB1;HSPA2
Oxygen Transport (GO:0015671)	5/10	5.265647390112503e-8	4.5319671870901595e-6	0	0	85.53679653679653	1433.5519438329177	HBG2;HBG1;HBE1;HBB;HBD
Collagen Catabolic Process (GO:0030574)	7/31	6.020145180487198e-8	4.857504642505607e-6	0	0	25.14192139737991	417.9987582510838	MMP12;MMP13;MMP27;MMP26;MMP3;MMP9;MMP10
Negative Regulation of Growth (GO:0045926)	10/115	1.092011764244659e-6	8.292865809646207e-5	0	0	8.284450063211125	113.7246963481458	MT2A;MT1A;MT1M;MT1F;MT1G;MT1X;MT1H;MT1B;MT3;MT1E
Intracellular Monoatomic Cation Homeostasis (GO:0030003)	13/210	1.3490007522378182e-6	9.675333172994576e-5	0	0	5.7902392388063095	78.26172137655787	MT1M;MT1X;MT4;MT3;MT2A;MT1A;MT1F;MT1G;MT1H;MT1B;B2M;MT1HL1;MT1E
Hydrogen Peroxide Catabolic Process (GO:0042744)	5/20	2.941715679004932e-6	1.998818390313351e-4	0	0	28.4978354978355	362.96318288233533	HBG2;HBG1;HBE1;HBB;HBD
Hydrogen Peroxide Metabolic Process (GO:0042743)	5/28	1.7265122620651725e-5	0.00111446366516306	0	0	18.57801618671184	203.7417989528073	HBG2;HBG1;HBE1;HBB;HBD
Platelet Aggregation (GO:0070527)	5/35	5.33184213511207e-5	0.00327781342687127	0	0	14.238095238095235	140.09187487513978	FIBP;HBB;HSPB1;GATA1;MYL9
Regulation of Neurogenesis (GO:0050767)	6/66	1.2742609159340523e-4	0.00695517958004575	0	0	8.566956521739131	76.82824364780495	MMP12;HES6;HEYL;HES3;B2M;HES5
Oxidative Demethylation (GO:0070989)	3/9	1.2929845849813951e-4	0.00695517958004575	0	0	42.39914163090129	379.6159317214454	CYP3A43;CYP3A4;CYP3A5
High-Density Lipoprotein Particle Assembly (GO:0034380)	3/9	1.2929845849813951e-4	0.00695517958004575	0	0	42.39914163090129	379.6159317214454	PRKACG;APOA1;PRKACB
Extracellular Matrix Disassembly (GO:0022617)	5/45	1.8231374442739348e-4	0.00815127492671121	0	0	10.673160173160174	91.893576840688	MMP12;MMP13;MMP3;MMP9;MMP10
Negative Regulation of Inclusion Body Assembly (GO:0090084)	3/10	1.8310377449622404e-4	0.00815127492671121	0	0	36.340282035561	312.72475230789297	DNAJB1;DNAJB8;HSPA2
Regulation of Inclusion Body Assembly (GO:0090083)	3/10	1.8310377449622404e-4	0.00815127492671121	0	0	36.340282035561	312.72475230789297	DNAJB1;DNAJB8;HSPA2
Cellular Response to UV-A (GO:0071492)	3/10	1.8310377449622404e-4	0.00815127492671121	0	0	36.340282035561	312.72475230789297	MMP12;MMP3;MMP9
Plasma Membrane Phospholipid Scrambling (GO:0017121)	3/10	1.8310377449622404e-4	0.00815127492671121	0	0	36.340282035561	312.72475230789297	PLSCR3;PLSCR2;PLSCR4
Chaperone Cofactor-Dependent Protein Refolding (GO:0051085)	4/25	1.9673957606935845e-4	0.0084372050176238	0	0	16.20935960591133	138.32467178360238	DNAJB1;HSPA5;HSPA2;DNAJC18
Homotypic Cell-Cell Adhesion (GO:0034109)	5/46	2.0259748686780635e-4	0.0084372050176238	0	0	10.412311265969803	88.5493080228816	FIBP;HBB;HSPB1;GATA1;MYL9
Steroid Metabolic Process (GO:0008202)	7/106	2.6368850427909986e-4	0.01063818309450993	0	0	6.071853910281858	50.03658189754575	HSD3B2;CYP3A43;HSD3B1;RDH5;CYP46A1;CYP3A4;CYP3A5
Cellular Component Disassembly (GO:0022411)	5/49	2.738591920842958e-4	0.01071370354487351	0	0	9.70090515545061	79.57552076380344	MMP12;MMP13;MMP3;MMP9;MMP10
External Encapsulating Structure Organization (GO:0045229)	7/111	3.496811921040282e-4	0.01289824054303715	0	0	5.778468256634196	45.987874313831114	MMP12;MMP13;MMP27;MMP26;MMP3;MMP9;MMP10
Extracellular Structure Organization (GO:0043062)	7/111	3.496811921040282e-4	0.01289824054303715	0	0	5.778468256634196	45.987874313831114	MMP12;MMP13;MMP27;MMP26;MMP3;MMP9;MMP10
Response to UV-A (GO:0070141)	3/13	4.2510861750760337e-4	0.015244867366731	0	0	25.4343347639485	197.45095908458305	MMP12;MMP3;MMP9
Renal Water Homeostasis (GO:0003091)	3/15	6.646107397307463e-4	0.0231895260808755	0	0	21.1931330472103	155.0555109518539	PRKACG;AQP6;PRKACB
C21-steroid Hormone Metabolic Process (GO:0008207)	3/16	8.108829136073299e-4	0.02605975224930748	0	0	19.56190161769561	139.22962206122313	HSD3B2;HSD3B1;CYP46A1
Negative Regulation of Natural Killer Cell Mediated Immunity (GO:0002716)	3/16	8.108829136073299e-4	0.02605975224930748	0	0	19.56190161769561	139.22962206122313	TIGIT;PVR;NECTIN2
'De Novo' Post-Translational Protein Folding (GO:0051084)	4/36	8.27614130303336e-4	0.02605975224930748	0	0	10.63146551724138	75.45112313568993	DNAJB1;HSPA5;HSPA2;DNAJC18
Regulation of Natural Killer Cell Mediated Cytotoxicity (GO:0042269)	4/36	8.27614130303336e-4	0.02605975224930748	0	0	10.63146551724138	75.45112313568993	NCR3;TIGIT;PVR;NECTIN2
Water Transport (GO:0006833)	3/18	0.00116116764725752	0.03569208172879678	0	0	16.951931330472103	114.56673229819124	AQP9;AQP6;AQP5
Negative Regulation of Keratinocyte Differentiation (GO:0045617)	2/5	0.00135437417651567	0.03676495639654092	0	0	56.2991452991453	371.82296438502453	REG3A;REG3G
+ Reg of Natural Killer Cell Mediated Cytotoxicity Directed Against Tumor Cell Target (GO:0002860)	2/5	0.00135437417651567	0.03676495639654092	0	0	56.2991452991453	371.82296438502453	PVR;NECTIN2
Positive Regulation of Natural Killer Cell Mediated Immune Response to Tumor Cell (GO:0002857)	2/5	0.00135437417651567	0.03676495639654092	0	0	56.2991452991453	371.82296438502453	PVR;NECTIN2
Pyrimidine Nucleotide Metabolic Process (GO:0006220)	2/5	0.00135437417651567	0.03676495639654092	0	0	56.2991452991453	371.82296438502453	PRPS1L1;DCK
Negative Regulation of IRE1-mediated Unfolded Protein Response (GO:1903895)	2/5	0.00135437417651567	0.03676495639654092	0	0	56.2991452991453	371.82296438502453	HSPA5;DNAJB9
Negative Regulation of Type I Interferon-Mediated Signaling Pathway (GO:0060339)	3/19	0.00136693873511538	0.03676495639654092	0	0	15.891630901287554	104.80819074919155	CNOT7;ISG15;TTLL12
Spermatid Development (GO:0007286)	5/70	0.00142257924075212	0.03748060815940807	0	0	6.55977355977356	43.00117661494062	FAM9B;FAM9A;FAM9C;SYCP3;NECTIN2
Extracellular Matrix Organization (GO:0030198)	8/182	0.00147046643667354	0.03796744339491102	0	0	3.950393224440411	25.7651583962758	MMP12;MMP13;MMP27;MMP26;MMP3;SERPINH1;MMP9;MMP10
Negative Regulation of Leukocyte Mediated Cytotoxicity (GO:0001911)	3/20	0.00159423656142351	0.04035606668230891	0	0	14.956071699065893	96.337446519338	TIGIT;PVR;NECTIN2
Protein Insertion Into Membrane (GO:0051205)	3/21	0.00184384469754176	0.04554024337354501	0	0	14.124463519313304	88.92624345662722	TRAM1;TRAM1L1;TRAM2
Regulation of Nervous System Development (GO:0051960)	4/45	0.00192699605457264	0.04554024337354501	0	0	8.29394449116905	51.85202358973947	HES6;HEYL;HES3;HES5
Response to Amyloid-Beta (GO:1904645)	4/45	0.00192699605457264	0.04554024337354501	0	0	8.29394449116905	51.85202358973947	MMP12;MMP13;MMP3;MMP9
Regulation of Triglyceride Metabolic Process (GO:0090207)	2/6	0.00201576323168301	0.04554024337354501	0	0	42.22222222222222	262.0630893892559	CIDEB;CIDEC
Positive Regulation of Striated Muscle Contraction (GO:0045989)	2/6	0.00201576323168301	0.04554024337354501	0	0	42.22222222222222	262.0630893892559	RGS2;NPPA
Lipid Hydroxylation (GO:0002933)	2/6	0.00201576323168301	0.04554024337354501	0	0	42.22222222222222	262.0630893892559	CYP3A4;CYP3A5
Negative Regulation of Natural Killer Cell Mediated Cytotoxicity (GO:0045953)	3/22	0.00211651014904159	0.04554024337354501	0	0	13.380393042692567	82.39628243533136	TIGIT;PVR;NECTIN2
Androgen Metabolic Process (GO:0008209)	3/22	0.00211651014904159	0.04554024337354501	0	0	13.380393042692567	82.39628243533136	HSD3B2;HSD3B1;CYP3A4
Positive Regulation of Natural Killer Cell Mediated Cytotoxicity (GO:0045954)	3/22	0.00211651014904159	0.04554024337354501	0	0	13.380393042692567	82.39628243533136	NCR3;PVR;NECTIN2
Negative Regulation of Neuron Differentiation (GO:0045665)	3/23	0.00241294427703276	0.05106739445326722	0	0	12.710729613733903	76.60639272527119	BMP7;B2M;HES5
Negative Regulation of Cellular Component Organization (GO:0051129)	5/80	0.00256955138829639	0.05239107639127249	0	0	5.682251082251082	33.889081558067765	DNAJB1;HSPA5;APOA1;DNAJB8;HSPA2
Regulation of Wound Healing (GO:0061041)	4/49	0.0026414718133661	0.05239107639127249	0	0	7.555172413793104	44.85066915700438	REG3A;PLAU;ALOX5;REG3G
Transcription by RNA Polymerase II (GO:0006366)	8/200	0.00264982675536945	0.05239107639127249	0	0	3.576754385964912	21.221817363674152	SSU72L6;SSU72L5;SSU72L4;SSU72;SSU72L3;SSU72L2;SSU72L1;POLR2H
Negative Regulation of Epidermal Cell Differentiation (GO:0045605)	2/7	0.00280014273508737	0.05239107639127249	0	0	33.77606837606837	198.5385970394399	REG3A;REG3G
Negative Regulation of Muscle Hypertrophy (GO:0014741)	2/7	0.00280014273508737	0.05239107639127249	0	0	33.77606837606837	198.5385970394399	RGS2;P2RX4
Reg of Natural Killer Cell Mediated Cytotoxicity Directed Against Tumor Cell Target (GO:0002858)	2/7	0.00280014273508737	0.05239107639127249	0	0	33.77606837606837	198.5385970394399	PVR;NECTIN2
Axon Ensheathment in Central Nervous System (GO:0032291)	2/7	0.00280014273508737	0.05239107639127249	0	0	33.77606837606837	198.5385970394399	PLP1;HES5
Cellular Response to Erythropoietin (GO:0036018)	2/7	0.00280014273508737	0.05239107639127249	0	0	33.77606837606837	198.5385970394399	MT2A;MT1X
Regulation of Cell Development (GO:0060284)	4/52	0.00328360096841186	0.06055898357456742	0	0	7.081896551724138	40.50005341386452	HES6;HEYL;HES3;HES5
Positive Regulation of Natural Killer Cell Mediated Immunity (GO:0002717)	3/26	0.00345145650189853	0.06275817385846498	0	0	11.051128941966784	62.648396462036104	NCR3;PVR;NECTIN2
Negative Regulation of Mitotic Nuclear Division (GO:0045839)	2/8	0.00370454282381564	0.0629284840203421	0	0	28.145299145299145	157.5628848324947	CHEK1;BMP7
Androgen Biosynthetic Process (GO:0006702)	2/8	0.00370454282381564	0.0629284840203421	0	0	28.145299145299145	157.5628848324947	HSD3B2;HSD3B1
Plasminogen Activation (GO:0031639)	2/8	0.00370454282381564	0.0629284840203421	0	0	28.145299145299145	157.5628848324947	PLAU;KLKB1
Vascular Endothelial Cell Response to Laminar Fluid Shear Stress (GO:0097700)	2/8	0.00370454282381564	0.0629284840203421	0	0	28.145299145299145	157.5628848324947	PRKACG;PRKACB
Negative Regulation of DNA-templated DNA Replication (GO:2000104)	2/8	0.00370454282381564	0.0629284840203421	0	0	28.145299145299145	157.5628848324947	TIPIN;DYNLL1
Zymogen Activation (GO:0031638)	3/27	0.00384939728472714	0.0645398947348409	0	0	10.590128755364807	58.87940761114201	PLAU;C1RL;KLKB1
Response to Peptide Hormone (GO:0043434)	4/56	0.00429467559757157	0.07108238713416544	0	0	6.535809018567639	35.62263790022418	REG3A;REG1B;REG1A;REG3G
Regulation of Receptor Binding (GO:1900120)	2/9	0.00472604605916434	0.07532841646837221	0	0	24.123321123321123	129.172335974379	B2M;MMP9
Response to Type I Interferon (GO:0034340)	2/9	0.00472604605916434	0.07532841646837221	0	0	24.123321123321123	129.172335974379	ISG15;IFIT1
Regulation of Androgen Receptor Signaling Pathway (GO:0060765)	3/29	0.00472626005727199	0.07532841646837221	0	0	9.77451304060746	52.338813523155615	HEYL;PRMT2;SAFB
Positive Regulation of Nitric Oxide Biosynthetic Process (GO:0045429)	3/30	0.00520618401900968	0.08097811528363251	0	0	9.412017167381974	49.487521542183785	HSP90AA1;P2RX4;HBB
Protein Insertion Into ER Membrane (GO:0045048)	3/30	0.00520618401900968	0.08097811528363251	0	0	9.412017167381974	49.487521542183785	TRAM1;TRAM1L1;TRAM2
Negative Regulation of Intrinsic Apoptotic Signaling Pathway (GO:2001243)	4/60	0.0054971927375152	0.08316007166427528	0	0	6.067733990147783	31.573561389002673	DNAJA1;HSPB1;HYOU1;MMP9
Nucleoside Phosphate Metabolic Process (GO:0006753)	3/31	0.00571438897143575	0.08316007166427528	0	0	9.075413856529735	46.87240620249776	ACSL6;NUDT5;DCK
Estrogen Metabolic Process (GO:0008210)	3/31	0.00571438897143575	0.08316007166427528	0	0	9.075413856529735	46.87240620249776	HSD3B1;CYP3A4;CYP3A5
Positive Regulation of Nitric Oxide Metabolic Process (GO:1904407)	3/31	0.00571438897143575	0.08316007166427528	0	0	9.075413856529735	46.87240620249776	HSP90AA1;P2RX4;HBB
Negative Regulation of MAP Kinase Activity (GO:0043407)	3/31	0.00571438897143575	0.08316007166427528	0	0	9.075413856529735	46.87240620249776	DNAJA1;RGS2;NPPA
Negative Regulation of Nuclear Division (GO:0051784)	2/10	0.00586178661614953	0.08316007166427528	0	0	21.10683760683761	108.47438821214315	CHEK1;BMP7
Negative Regulation of JUN Kinase Activity (GO:0043508)	2/10	0.00586178661614953	0.08316007166427528	0	0	21.10683760683761	108.47438821214315	DNAJA1;NPPA
Regulation of Cellular Response to Oxidative Stress (GO:1900407)	2/10	0.00586178661614953	0.08316007166427528	0	0	21.10683760683761	108.47438821214315	ALOX5;BMP7
Central Nervous System Myelination (GO:0022010)	2/11	0.00710894948760911	0.09975710639677572	0	0	18.76068376068376	92.7978611150116	PLP1;HES5
Anterior/Posterior Pattern Specification (GO:0009952)	4/65	0.00729210358272095	0.10122694328271772	0	0	5.568965517241379	27.40467446867714	HES6;HEYL;HES3;HES5
Regulation of Cardiac Muscle Contraction (GO:0055117)	3/34	0.00741284437530943	0.10180832009068597	0	0	8.195901979786791	40.19713775910261	RGS2;P2RX4;NPPA
Regulation of Viral Genome Replication (GO:0045069)	4/66	0.00769216238906176	0.1045324383608288	0	0	5.478865406006674	26.668669606724844	CNOT7;IFIT5;ISG15;IFIT1
Phospholipid Translocation (GO:0045332)	3/35	0.00803819384812063	0.10713742819297203	0	0	7.939377682403434	38.29599210168294	PLSCR3;PLSCR2;PLSCR4
Negative Regulation of Cytokine-Mediated Signaling Pathway (GO:0001960)	4/67	0.00810639392984891	0.10713742819297203	0	0	5.391625615763547	25.961228119476154	CNOT7;APOA1;ISG15;TTLL12
Relaxation of Cardiac Muscle (GO:0055119)	2/12	0.00846476969456479	0.10713742819297203	0	0	16.883760683760684	80.5666462934082	RGS2;P2RX4
Sperm DNA Condensation (GO:0035092)	2/12	0.00846476969456479	0.10713742819297203	0	0	16.883760683760684	80.5666462934082	H2BC1;SYCP3
Positive Regulation of Keratinocyte Proliferation (GO:0010838)	2/12	0.00846476969456479	0.10713742819297203	0	0	16.883760683760684	80.5666462934082	REG3A;REG3G
Vascular Endothelial Cell Response to Fluid Shear Stress (GO:0097699)	2/12	0.00846476969456479	0.10713742819297203	0	0	16.883760683760684	80.5666462934082	PRKACG;PRKACB
Regulation of PERK-mediated Unfolded Protein Response (GO:1903897)	2/12	0.00846476969456479	0.10713742819297203	0	0	16.883760683760684	80.5666462934082	HSPA5;AGR2
Regulation of Type I Interferon-Mediated Signaling Pathway (GO:0060338)	3/36	0.00869370307069109	0.1089667054782738	0	0	7.6984003121342175	36.53011274380505	CNOT7;ISG15;TTLL12
Response to Endoplasmic Reticulum Stress (GO:0034976)	7/196	0.00880832021000695	0.10934174414537484	0	0	3.165938864628821	14.981407996437444	HSPA5;UBXN10;DNAJB9;HYOU1;PDIA6;PDIA4;HSP90B1
Defense Response to Virus (GO:0051607)	7/198	0.00928406380879724	0.1141497750205452	0	0	3.1324675918516656	14.65824400940581	CNOT7;IFIT1B;IFIT5;ISG15;IFIT1;IFIT3;IFIT2
Nucleotide Metabolic Process (GO:0009117)	2/13	0.00992653150868769	0.11958182615739892	0	0	15.348096348096348	70.79377211817875	NUDT5;DCK
Negative Regulation of Cardiac Muscle Hypertrophy (GO:0010614)	2/13	0.00992653150868769	0.11958182615739892	0	0	15.348096348096348	70.79377211817875	RGS2;P2RX4
Negative Regulation of Endothelial Cell Proliferation (GO:0001937)	3/38	0.01009637416820796	0.11958182615739892	0	0	7.257755977927652	33.35359032666765	ALOX5;CXCR3;PRL
Positive Regulation of Bone Mineralization (GO:0030501)	3/38	0.01009637416820796	0.11958182615739892	0	0	7.257755977927652	33.35359032666765	ALOX5;ISG15;BMP7
Negative Regulation of Epithelial Cell Proliferation (GO:0050680)	4/73	0.01090013922928505	0.12778584996911374	0	0	4.9212893553223385	22.2392067757276	ALOX5;CXCR3;PRL;B2M
Regulation of Protein Ubiquitination (GO:0031396)	5/113	0.01098700956357213	0.12778584996911374	0	0	3.939393939393939	17.77077014747043	DNAJA1;HSP90AA1;CHORDC1;ISG15;HSPBP1
Cellular Response to ATP (GO:0071318)	2/14	0.01149156768623278	0.12900533811240453	0	0	14.068376068376068	62.83136181558232	P2RX4;HSP90B1
Relaxation of Muscle (GO:0090075)	2/14	0.01149156768623278	0.12900533811240453	0	0	14.068376068376068	62.83136181558232	RGS2;P2RX4
Response to Muscle Stretch (GO:0035994)	2/14	0.01149156768623278	0.12900533811240453	0	0	14.068376068376068	62.83136181558232	NPPA;TCAP
Positive Regulation of Endothelial Cell Chemotaxis (GO:2001028)	2/14	0.01149156768623278	0.12900533811240453	0	0	14.068376068376068	62.83136181558232	P2RX4;HSPB1
Antimicrobial Humoral Immune Response Mediated by Antimicrobial Peptide (GO:0061844)	5/116	0.01220578767491363	0.13584199903718538	0	0	3.832338832338833	16.884691036640984	REG3A;REG1B;REG1A;REG3G;B2M
Amyloid-Beta Metabolic Process (GO:0050435)	2/15	0.01315725870581802	0.14273967217824426	0	0	12.985535831689678	56.2375206824304	MMP12;APOA1
Regulation of IRE1-mediated Unfolded Protein Response (GO:1903894)	2/15	0.01315725870581802	0.14273967217824426	0	0	12.985535831689678	56.2375206824304	HSPA5;DNAJB9
Regulation of Cellular Response to Heat (GO:1900034)	2/15	0.01315725870581802	0.14273967217824426	0	0	12.985535831689678	56.2375206824304	DNAJB1;CHORDC1
Positive Regulation of Ossification (GO:0045778)	3/42	0.01327524106908947	0.14281946850162094	0	0	6.512050181578078	28.144133722638355	ALOX5;ISG15;BMP7
Positive Regulation of Biomineral Tissue Development (GO:0070169)	3/43	0.01414895857429741	0.15096120263981783	0	0	6.348927038626609	27.034456737232112	ALOX5;ISG15;BMP7
Chromatin Organization (GO:0006325)	9/323	0.01485697232059191	0.15288136783154285	0	0	2.455876988692163	10.337488644357425	PRMT2;H4C15;NASP;CHEK1;H2BC1;NUCKS1;SYCP3;NUDT5;SAFB
Regulation of Fibrinolysis (GO:0051917)	2/16	0.01492103202693602	0.15288136783154285	0	0	12.057387057387055	50.70111382104861	PLAU;KLKB1
Oligodendrocyte Development (GO:0014003)	2/16	0.01492103202693602	0.15288136783154285	0	0	12.057387057387055	50.70111382104861	PLP1;HES5
Cellular Response to Laminar Fluid Shear Stress (GO:0071499)	2/16	0.01492103202693602	0.15288136783154285	0	0	12.057387057387055	50.70111382104861	PRKACG;PRKACB
Spermatid Nucleus Differentiation (GO:0007289)	2/16	0.01492103202693602	0.15288136783154285	0	0	12.057387057387055	50.70111382104861	H2BC1;SYCP3
Substantia Nigra Development (GO:0021762)	3/44	0.01505459827703229	0.15303532579250942	0	0	6.193761122160578	25.989466387419224	HSPA5;PLP1;DYNLL1
Regulation of Nitric Oxide Biosynthetic Process (GO:0045428)	3/45	0.01599228636132255	0.1612972007224017	0	0	6.045984058859595	25.004066569161576	HSP90AA1;P2RX4;HBB
Negative Regulation of Blood Vessel Morphogenesis (GO:2000181)	4/82	0.01614380582417683	0.1615632040233511	0	0	4.3514588859416445	17.955071650506394	ALOX5;CXCR3;PRL;KLKB1
Regulation of Endothelial Cell Chemotaxis (GO:2001026)	2/17	0.0167803613567908	0.16439211565230208	0	0	11.252991452991454	45.99712068789824	P2RX4;HSPB1
Regulation of DNA-templated DNA Replication (GO:0090329)	2/17	0.0167803613567908	0.16439211565230208	0	0	11.252991452991454	45.99712068789824	TIPIN;MCM5
Protein Tetramerization (GO:0051262)	4/83	0.01680848897451888	0.16439211565230208	0	0	4.296158882584025	17.553551952467416	AQP10;AQP5;B2M;MS4A1
Positive Regulation of Chemotaxis (GO:0050921)	3/46	0.01696213006757405	0.16464744298675263	0	0	5.9050803473400535	24.073666589201803	P2RX4;CXCR3;HSPB1
Negative Regulation of Endoplasmic Reticulum Unfolded Protein Response (GO:1900102)	2/18	0.01873276591674817	0.17914074665571775	0	0	10.5491452991453	41.95902605220579	HSPA5;DNAJB9
Fluid Transport (GO:0042044)	2/18	0.01873276591674817	0.17914074665571775	0	0	10.5491452991453	41.95902605220579	AQP9;AQP5
Negative Regulation of Viral Genome Replication (GO:0045071)	3/48	0.01899862195669474	0.18034721283891844	0	0	5.64206008583691	22.36167792826844	IFIT5;ISG15;IFIT1
Regulation of Smooth Muscle Cell Migration (GO:0014910)	2/19	0.02077580973659338	0.1943592055792903	0	0	9.9281045751634	38.46113919641817	PLAU;S100A11
Protein Localization to Mitochondrion (GO:0070585)	2/19	0.02077580973659338	0.1943592055792903	0	0	9.9281045751634	38.46113919641817	DNAJA1;ISG15
Negative Regulation of Protein Binding (GO:0032091)	3/50	0.02116457399673745	0.1951676073556289	0	0	5.401424527440416	20.82479543874002	IFIT1;B2M;IFIT2
Lipid Modification (GO:0030258)	3/50	0.02116457399673745	0.1951676073556289	0	0	5.401424527440416	20.82479543874002	ALOX5;CYP3A4;CYP3A5
Regulation of Epidermal Growth Factor Receptor Signaling Pathway (GO:0042058)	3/51	0.02229617996567714	0.20128928906076357	0	0	5.28862660944206	20.114444690738075	NPPA;AGR2;MMP9
Cardiac Muscle Tissue Development (GO:0048738)	3/51	0.02229617996567714	0.20128928906076357	0	0	5.28862660944206	20.114444690738075	NPPA;TCAP;BMP7
Positive Regulation of Leukocyte Mediated Cytotoxicity (GO:0001912)	3/51	0.02229617996567714	0.20128928906076357	0	0	5.28862660944206	20.114444690738075	NCR3;PVR;NECTIN2
ERAD Pathway (GO:0036503)	4/91	0.02274332508582901	0.20255525559822452	0	0	3.899524375743163	14.75378644331621	HSPA5;UBXN10;DNAJB9;HSP90B1
Response to ATP (GO:0033198)	2/20	0.02290710094294406	0.20255525559822452	0	0	9.376068376068377	35.40692512660703	P2RX4;HSP90B1
Multicellular Organismal-Level Water Homeostasis (GO:0050891)	2/20	0.02290710094294406	0.20255525559822452	0	0	9.376068376068377	35.40692512660703	PRKACG;PRKACB
Negative Regulation of Protein Ubiquitination (GO:0031397)	3/52	0.02346021771037215	0.2060349732251051	0	0	5.1804326880966975	19.439310266779326	DNAJA1;CHORDC1;ISG15
Negative Regulation of Angiogenesis (GO:0016525)	4/93	0.02440215857212612	0.21285936970685693	0	0	3.811507167764432	14.152445078076704	ALOX5;CXCR3;PRL;KLKB1
Regulation of Neuroinflammatory Response (GO:0150077)	2/21	0.02512429107320242	0.21480436937420083	0	0	8.882141250562304	32.72109894150481	MMP3;MMP9
Regulation of Systemic Arterial Blood Pressure (GO:0003073)	2/21	0.02512429107320242	0.21480436937420083	0	0	8.882141250562304	32.72109894150481	NPPA;KLKB1
Sensory Perception of Pain (GO:0019233)	2/21	0.02512429107320242	0.21480436937420083	0	0	8.882141250562304	32.72109894150481	MMP12;P2RX4
Endoplasmic Reticulum Organization (GO:0007029)	3/55	0.02714674450690649	0.2284243292268446	0	0	4.880818752063387	17.602663787386465	TRAM1;TRAM1L1;TRAM2
Chaperone-Mediated Protein Complex Assembly (GO:0051131)	2/22	0.02742507438432294	0.2284243292268446	0	0	8.437606837606838	30.344144886905724	HSP90AA1;HSPA4
Steroid Hormone Biosynthetic Process (GO:0120178)	2/22	0.02742507438432294	0.2284243292268446	0	0	8.437606837606838	30.344144886905724	HSD3B2;HSD3B1
Positive Regulation of Heart Contraction (GO:0045823)	2/22	0.02742507438432294	0.2284243292268446	0	0	8.437606837606838	30.344144886905724	RGS2;NPPA
Nucleosome Assembly (GO:0006334)	3/56	0.02844026015152547	0.23536138368986784	0	0	4.788484897562555	17.046764544724255	H4C15;NASP;H2BC1
Negative Regulation of Innate Immune Response (GO:0045824)	3/57	0.02976601246205412	0.24201936256334572	0	0	4.6995708154506435	16.51611555045405	CNOT7;ISG15;TTLL12
Regulation of Heterotypic Cell-Cell Adhesion (GO:0034114)	2/23	0.02980718717859951	0.24201936256334572	0	0	8.035409035409035	28.228438016911088	APOA1;BMP7
Xenobiotic Catabolic Process (GO:0042178)	2/23	0.02980718717859951	0.24201936256334572	0	0	8.035409035409035	28.228438016911088	CYP3A4;CYP3A5
Antimicrobial Humoral Response (GO:0019730)	5/147	0.0304258996218037	0.24549897757342865	0	0	2.9909761599902445	10.445867806163822	REG3A;REG1B;REG1A;REG3G;B2M
Negative Regulation of Protein Modification by Small Protein Conjugation or Removal (GO:1903321)	3/58	0.03112392169118008	0.24957132238082913	0	0	4.613889972688256	16.00917654814567	DNAJA1;CHORDC1;ISG15
Regulation of Intracellular Steroid Hormone Receptor Signaling Pathway (GO:0033143)	2/24	0.0322684071466064	0.2528640912106294	0	0	7.66977466977467	26.335449376422797	PRMT2;SAFB
Negative Regulation of Response to Wounding (GO:1903035)	2/24	0.0322684071466064	0.2528640912106294	0	0	7.66977466977467	26.335449376422797	REG3A;ALOX5
Positive Regulation of Epidermal Growth Factor Receptor Signaling Pathway (GO:0045742)	2/24	0.0322684071466064	0.2528640912106294	0	0	7.66977466977467	26.335449376422797	AGR2;MMP9
Protein Homotetramerization (GO:0051289)	3/59	0.03251389553908945	0.2528640912106294	0	0	4.531269160024525	15.52452565224071	AQP10;AQP5;B2M
Regulation of Bone Mineralization (GO:0030500)	3/59	0.03251389553908945	0.2528640912106294	0	0	4.531269160024525	15.52452565224071	ALOX5;ISG15;BMP7
Protein Localization to Organelle (GO:0033365)	5/151	0.03359046418796711	0.2582486181235764	0	0	2.9084385933701	9.869824339822795	DNAJA1;TRAM1;ISG15;TRAM1L1;TRAM2
Response to Reactive Oxygen Species (GO:0000302)	3/60	0.03393582956665309	0.2582486181235764	0	0	4.451547323243732	15.060848403826872	MMP3;HBB;MT3
Regulation of Protein Transport (GO:0051223)	2/25	0.03480655271378954	0.2582486181235764	0	0	7.335934596804162	24.633698744395826	DNAJA1;CHORDC1
Retinoic Acid Metabolic Process (GO:0042573)	2/25	0.03480655271378954	0.2582486181235764	0	0	7.335934596804162	24.633698744395826	CYP3A4;CYP3A5
Steroid Biosynthetic Process (GO:0006694)	2/25	0.03480655271378954	0.2582486181235764	0	0	7.335934596804162	24.633698744395826	HSD3B2;HSD3B1
Long-Chain Fatty Acid Biosynthetic Process (GO:0042759)	2/25	0.03480655271378954	0.2582486181235764	0	0	7.335934596804162	24.633698744395826	ALOX5;CYP3A4
Regulation of Cardiac Muscle Hypertrophy (GO:0010611)	2/25	0.03480655271378954	0.2582486181235764	0	0	7.335934596804162	24.633698744395826	RGS2;P2RX4
Negative Regulation of Catalytic Activity (GO:0043086)	2/25	0.03480655271378954	0.2582486181235764	0	0	7.335934596804162	24.633698744395826	IFIT1;MT3
Antiviral Innate Immune Response (GO:0140374)	3/62	0.03687510222101359	0.26988017736164294	0	0	4.30021095511748	14.19163657461399	IFIT1;IFIT3;IFIT2
protein-DNA Complex Assembly (GO:0065004)	3/62	0.03687510222101359	0.26988017736164294	0	0	4.30021095511748	14.19163657461399	H4C15;NASP;H2BC1
Positive Regulation of ERBB Signaling Pathway (GO:1901186)	2/26	0.03741948237624638	0.26988017736164294	0	0	7.02991452991453	23.097232633606932	AGR2;MMP9
Hormone Biosynthetic Process (GO:0042446)	2/26	0.03741948237624638	0.26988017736164294	0	0	7.02991452991453	23.097232633606932	HSD3B2;HSD3B1
Mitotic Cell Cycle Checkpoint Signaling (GO:0007093)	2/26	0.03741948237624638	0.26988017736164294	0	0	7.02991452991453	23.097232633606932	CHEK1;NABP1
Retinoid Metabolic Process (GO:0001523)	3/64	0.03994067684750276	0.28254145702083816	0	0	4.1587982832618025	13.392827658326746	RDH5;CYP3A4;CYP3A5
Positive Regulation of Binding (GO:0051099)	3/64	0.03994067684750276	0.28254145702083816	0	0	4.1587982832618025	13.392827658326746	DPH3;B2M;MMP9
Regulation of Keratinocyte Proliferation (GO:0010837)	2/27	0.040105094088944	0.28254145702083816	0	0	6.748376068376069	21.704477473980216	REG3A;REG3G
Striated Muscle Cell Development (GO:0055002)	2/27	0.040105094088944	0.28254145702083816	0	0	6.748376068376069	21.704477473980216	TCAP;MYL9
Regulation of Apoptotic Process (GO:0042981)	14/704	0.04026927040420931	0.28254145702083816	0	0	1.7432824128476303	5.599713579066319	HSP90AA1;PRMT2;HSPA5;CIDEB;HSPB1;GATA1;MMP9;IFIT3;CIDEC;IFIT2;HSP90B1;DNAJC3;DNAJA1;PLSCR3
Negative Regulation of NF-kappaB Transcription Factor Activity (GO:0032088)	3/65	0.04152044879138813	0.2897454021063896	0	0	4.091513221653052	13.017432574821134	PRMT2;CHORDC1;BMP7
Regulation of Cellular Response to Stress (GO:0080135)	4/111	0.04259343542430326	0.29277232857896557	0	0	3.16741862713503	9.996547824771527	DNAJB1;ALOX5;CHORDC1;MANF
Regulation of Tyrosine Phosphorylation of STAT Protein (GO:0042509)	2/28	0.04286132463317157	0.29277232857896557	0	0	6.4884944115713346	20.43736485762815	CNOT7;HES5
Establishment of Protein Localization to Mitochondrial Membrane (GO:0090151)	2/28	0.04286132463317157	0.29277232857896557	0	0	6.4884944115713346	20.43736485762815	HSP90AA1;HSPA4
Positive Regulation of Viral Genome Replication (GO:0045070)	2/28	0.04286132463317157	0.29277232857896557	0	0	6.4884944115713346	20.43736485762815	CNOT7;IFIT1
Negative Regulation of Viral Process (GO:0048525)	3/66	0.04313132182841043	0.2930659814761993	0	0	4.026364193746168	12.656899281520785	IFIT5;ISG15;IFIT1
Chordate Embryonic Development (GO:0043009)	3/67	0.04477311756350234	0.30262876845278286	0	0	3.9632510729613735	12.310441912987706	DLX4;BMP7;HES5
Organelle Fusion (GO:0048284)	2/29	0.04568614898036768	0.30719176215445143	0	0	6.247863247863248	19.28065677307576	CIDEB;CIDEC
Double-Strand Break Repair via Homologous Recombination (GO:0000724)	4/114	0.04620348651976205	0.3090606274456622	0	0	3.080564263322884	9.471810995723072	POLN;NABP1;NUCKS1;MCM5
Negative Regulation of Mitotic Cell Cycle (GO:0045930)	2/30	0.04857757972082067	0.3167356334322196	0	0	6.024420024420024	18.221419702053645	CHEK1;BMP7
Regulation of Keratinocyte Differentiation (GO:0045616)	2/30	0.04857757972082067	0.3167356334322196	0	0	6.024420024420024	18.221419702053645	REG3A;REG3G
Positive Regulation of Interleukin-10 Production (GO:0032733)	2/30	0.04857757972082067	0.3167356334322196	0	0	6.024420024420024	18.221419702053645	ISG15;TIGIT
Positive Regulation of Response to Wounding (GO:1903036)	2/30	0.04857757972082067	0.3167356334322196	0	0	6.024420024420024	18.221419702053645	REG3A;REG3G
Regulation of Chemotaxis (GO:0050920)	2/30	0.04857757972082067	0.3167356334322196	0	0	6.024420024420024	18.221419702053645	P2RX4;CXCR3
Positive Regulation of ATP-dependent Activity (GO:0032781)	2/31	0.05153366643125606	0.319326841672382	0	0	5.816386678455644	17.24861083529349	DNAJB1;DNAJB11
Natural Killer Cell Mediated Immunity (GO:0002228)	2/31	0.05153366643125606	0.319326841672382	0	0	5.816386678455644	17.24861083529349	PVR;NECTIN2
Negative Regulation of Blood Coagulation (GO:0030195)	2/31	0.05153366643125606	0.319326841672382	0	0	5.816386678455644	17.24861083529349	PLAU;KLKB1
Positive Regulation of T Cell Mediated Cytotoxicity (GO:0001916)	2/32	0.05455249510262484	0.319326841672382	0	0	5.622222222222222	16.35274961082645	PVR;NECTIN2
Lipid Droplet Organization (GO:0034389)	2/32	0.05455249510262484	0.319326841672382	0	0	5.622222222222222	16.35274961082645	CIDEB;CIDEC
Natural Killer Cell Mediated Cytotoxicity (GO:0042267)	2/32	0.05455249510262484	0.319326841672382	0	0	5.622222222222222	16.35274961082645	PVR;NECTIN2
Negative Regulation of G1/S Transition of Mitotic Cell Cycle (GO:2000134)	2/32	0.05455249510262484	0.319326841672382	0	0	5.622222222222222	16.35274961082645	PRMT2;CDK2AP2
Negative Regulation of Inflammatory Response (GO:0050728)	4/121	0.05526905785257918	0.319326841672382	0	0	2.8952254641909816	8.38324710345577	REG3A;MMP26;ALOX5;APOA1
Negative Regulation of Apoptotic Process (GO:0043066)	10/475	0.05605638806354873	0.319326841672382	0	0	1.836425920639452	5.291472441746618	DNAJC3;DNAJA1;HSPA5;CXCR3;HSPB1;GATA1;MT3;MMP9;IFIT3;HSP90B1
Negative Regulation of DNA-binding Transcription Factor Activity (GO:0043433)	4/122	0.05663709646803664	0.319326841672382	0	0	2.870543541788428	8.241591997290724	HEYL;PRMT2;CHORDC1;BMP7
Negative Regulation of Execution Phase of Apoptosis (GO:1900118)	1/5	0.057629309791798	0.319326841672382	0	0	21.02127659574468	59.98892132482973	CXCR3
DNA Replication-Dependent Chromatin Assembly (GO:0006335)	1/5	0.057629309791798	0.319326841672382	0	0	21.02127659574468	59.98892132482973	NASP
ISG15-protein Conjugation (GO:0032020)	1/5	0.057629309791798	0.319326841672382	0	0	21.02127659574468	59.98892132482973	ISG15
Regulation of Immunoglobulin Mediated Immune Response (GO:0002889)	1/5	0.057629309791798	0.319326841672382	0	0	21.02127659574468	59.98892132482973	NECTIN2
NK T Cell Activation (GO:0051132)	1/5	0.057629309791798	0.319326841672382	0	0	21.02127659574468	59.98892132482973	NCR3
Astrocyte Differentiation (GO:0048708)	1/5	0.057629309791798	0.319326841672382	0	0	21.02127659574468	59.98892132482973	HES5
Regulation of pro-B Cell Differentiation (GO:2000973)	1/5	0.057629309791798	0.319326841672382	0	0	21.02127659574468	59.98892132482973	HES5
Bradykinin Catabolic Process (GO:0010815)	1/5	0.057629309791798	0.319326841672382	0	0	21.02127659574468	59.98892132482973	MMP12
Pericardium Morphogenesis (GO:0003344)	1/5	0.057629309791798	0.319326841672382	0	0	21.02127659574468	59.98892132482973	BMP7
Polyamine Transport (GO:0015846)	1/5	0.057629309791798	0.319326841672382	0	0	21.02127659574468	59.98892132482973	SLC47A1
Response to DNA Damage Checkpoint Signaling (GO:0072423)	1/5	0.057629309791798	0.319326841672382	0	0	21.02127659574468	59.98892132482973	SMC1A
Positive Regulation of CoA-transferase Activity (GO:1905920)	1/5	0.057629309791798	0.319326841672382	0	0	21.02127659574468	59.98892132482973	APOA1
Cholesterol Catabolic Process (GO:0006707)	1/5	0.057629309791798	0.319326841672382	0	0	21.02127659574468	59.98892132482973	CYP46A1
Cytochrome Metabolic Process (GO:1903604)	1/5	0.057629309791798	0.319326841672382	0	0	21.02127659574468	59.98892132482973	CYP3A43
Skeletal Muscle Thin Filament Assembly (GO:0030240)	1/5	0.057629309791798	0.319326841672382	0	0	21.02127659574468	59.98892132482973	TCAP
Sterol Catabolic Process (GO:0016127)	1/5	0.057629309791798	0.319326841672382	0	0	21.02127659574468	59.98892132482973	CYP46A1
Striated Muscle Hypertrophy (GO:0014897)	1/5	0.057629309791798	0.319326841672382	0	0	21.02127659574468	59.98892132482973	TCAP
Positive Regulation of Microglial Cell Migration (GO:1904141)	1/5	0.057629309791798	0.319326841672382	0	0	21.02127659574468	59.98892132482973	P2RX4
Protein Histidyl Modification to Diphthamide (GO:0017183)	1/5	0.057629309791798	0.319326841672382	0	0	21.02127659574468	59.98892132482973	DPH3
Protein Localization to Membrane Raft (GO:1903044)	1/5	0.057629309791798	0.319326841672382	0	0	21.02127659574468	59.98892132482973	CYP46A1
Pyrimidine-Containing Compound Biosynthetic Process (GO:0072528)	1/5	0.057629309791798	0.319326841672382	0	0	21.02127659574468	59.98892132482973	PRPS1L1
Monoterpenoid Metabolic Process (GO:0016098)	1/5	0.057629309791798	0.319326841672382	0	0	21.02127659574468	59.98892132482973	CYP3A4
Negative Regulation of Cellular Response to Hypoxia (GO:1900038)	1/5	0.057629309791798	0.319326841672382	0	0	21.02127659574468	59.98892132482973	HYOU1
Negative Regulation of G2/M Transition of Mitotic Cell Cycle (GO:0010972)	2/33	0.0576321875365337	0.319326841672382	0	0	5.4405845051006345	15.525654851458672	CHEK1;NABP1
Negative Regulation of JNK Cascade (GO:0046329)	2/33	0.0576321875365337	0.319326841672382	0	0	5.4405845051006345	15.525654851458672	DNAJA1;NPPA
Plasma Membrane Organization (GO:0007009)	3/75	0.05899644372874953	0.3254889267257079	0	0	3.5214592274678114	9.96670897618654	PLSCR3;PLSCR2;PLSCR4
Regulation of JUN Kinase Activity (GO:0043506)	2/34	0.06077090080856243	0.33318261014619605	0	0	5.270299145299146	14.760232784670665	DNAJA1;NPPA
Regulation of Neuron Differentiation (GO:0045664)	3/76	0.06090712315608231	0.33318261014619605	0	0	3.4730436827561877	9.7189833151844809	HEYL;BMP7;HES5
Nucleosome Organization (GO:0034728)	3/77	0.0628464944478192	0.33368001981262774	0	0	3.425936666280014	9.479772729719988	H4C15;NASP;H2BC1
Cellular Response to UV (GO:0034644)	3/77	0.0628464944478192	0.33368001981262774	0	0	3.425936666280014	9.479772729719988	MMP12;MMP3;MMP9
Cellular Response to Hypoxia (GO:0071456)	3/77	0.0628464944478192	0.33368001981262774	0	0	3.425936666280014	9.479772729719988	HYOU1;BMP7;MT3
Regulation of Protein Binding (GO:0043393)	3/78	0.06481429658835478	0.33368001981262774	0	0	3.3800858369098714	9.248689138198888	IFIT1;B2M;IFIT2
Cellular Response to Decreased Oxygen Levels (GO:0036294)	3/78	0.06481429658835478	0.33368001981262774	0	0	3.3800858369098714	9.248689138198888	HYOU1;BMP7;MT3
Cellular Response to Heat (GO:0034605)	2/36	0.06721819103912548	0.33368001981262774	0	0	4.959778783308195	13.390467142430094	DNAJB1;HSP90AA1
Cellular Response to Vascular Endothelial Growth Factor Stimulus (GO:0035924)	2/36	0.06721819103912548	0.33368001981262774	0	0	4.959778783308195	13.390467142430094	HSPB1;MT1G
Positive Regulation of Epithelial Cell Migration (GO:0010634)	2/36	0.06721819103912548	0.33368001981262774	0	0	4.959778783308195	13.390467142430094	GLIPR2;MMP9
Negative Regulation of Cell Cycle G1/S Phase Transition (GO:1902807)	2/36	0.06721819103912548	0.33368001981262774	0	0	4.959778783308195	13.390467142430094	PRMT2;CDK2AP2
Negative Regulation of Cell Cycle Process (GO:0010948)	2/36	0.06721819103912548	0.33368001981262774	0	0	4.959778783308195	13.390467142430094	CHEK1;BMP7
CENP-A Containing Chromatin Assembly (GO:0034080)	1/6	0.06875204126271028	0.33368001981262774	0	0	16.816170212765957	45.021072393502706	NASP
Negative Regulation of Establishment of Protein Localization to Mitochondrion (GO:1903748)	1/6	0.06875204126271028	0.33368001981262774	0	0	16.816170212765957	45.021072393502706	DNAJA1
Negative Regulation of Lipase Activity (GO:0060192)	1/6	0.06875204126271028	0.33368001981262774	0	0	16.816170212765957	45.021072393502706	RGS2
Regulation of Heme Biosynthetic Process (GO:0070453)	1/6	0.06875204126271028	0.33368001981262774	0	0	16.816170212765957	45.021072393502706	TMEM14C
Regulation of High Voltage-Gated Calcium Channel Activity (GO:1901841)	1/6	0.06875204126271028	0.33368001981262774	0	0	16.816170212765957	45.021072393502706	NPPA
Negative Regulation of Oligodendrocyte Differentiation (GO:0048715)	1/6	0.06875204126271028	0.33368001981262774	0	0	16.816170212765957	45.021072393502706	HES5
Negative Regulation of Plasminogen Activation (GO:0010757)	1/6	0.06875204126271028	0.33368001981262774	0	0	16.816170212765957	45.021072393502706	PLAU
Regulation of Microglial Cell Migration (GO:1904139)	1/6	0.06875204126271028	0.33368001981262774	0	0	16.816170212765957	45.021072393502706	P2RX4
Regulation of Potassium Ion Export Across Plasma Membrane (GO:1903764)	1/6	0.06875204126271028	0.33368001981262774	0	0	16.816170212765957	45.021072393502706	NPPA
Regulation of Response to Nutrient Levels (GO:0032107)	1/6	0.06875204126271028	0.33368001981262774	0	0	16.816170212765957	45.021072393502706	MT3
Peptidyl-Histidine Modification (GO:0018202)	1/6	0.06875204126271028	0.33368001981262774	0	0	16.816170212765957	45.021072393502706	DPH3
Chromatin Remodeling at Centromere (GO:0031055)	1/6	0.06875204126271028	0.33368001981262774	0	0	16.816170212765957	45.021072393502706	NASP
Detection of Muscle Stretch (GO:0035995)	1/6	0.06875204126271028	0.33368001981262774	0	0	16.816170212765957	45.021072393502706	TCAP
Positive Regulation of Icosanoid Secretion (GO:0032305)	1/6	0.06875204126271028	0.33368001981262774	0	0	16.816170212765957	45.021072393502706	P2RX4
Establishment of Mitotic Sister Chromatid Cohesion (GO:0034087)	1/6	0.06875204126271028	0.33368001981262774	0	0	16.816170212765957	45.021072393502706	SMC1A
Positive Regulation of Mast Cell Activation (GO:0033005)	1/6	0.06875204126271028	0.33368001981262774	0	0	16.816170212765957	45.021072393502706	NECTIN2
Inclusion Body Assembly (GO:0070841)	1/6	0.06875204126271028	0.33368001981262774	0	0	16.816170212765957	45.021072393502706	HSP90AA1
Proline Metabolic Process (GO:0006560)	1/6	0.06875204126271028	0.33368001981262774	0	0	16.816170212765957	45.021072393502706	DAO
Protein Repair (GO:0030091)	1/6	0.06875204126271028	0.33368001981262774	0	0	16.816170212765957	45.021072393502706	MSRB1
Regulation of Atrial Cardiac Muscle Cell Membrane Repolarization (GO:0060372)	1/6	0.06875204126271028	0.33368001981262774	0	0	16.816170212765957	45.021072393502706	NPPA
Regulation of Release of Cytochrome C From Mitochondria (GO:0090199)	2/37	0.0705232533498878	0.33972208983098934	0	0	4.817826617826618	12.775974239360451	PLSCR3;MMP9
Positive Regulation of Interferon-Beta Production (GO:0032728)	2/37	0.0705232533498878	0.33972208983098934	0	0	4.817826617826618	12.775974239360451	HSP90AA1;ISG15
Inorganic Anion Transmembrane Transport (GO:0098661)	3/82	0.07296439710778874	0.34663151620995153	0	0	3.208290324333134	8.398610012136688	SLC13A1;AQP6;ANO9
Aortic Valve Morphogenesis (GO:0003180)	2/38	0.07388030615225519	0.34663151620995153	0	0	4.683760683760684	12.20264376838854	HEYL;NPPA
Positive Regulation of Protein Binding (GO:0032092)	2/38	0.07388030615225519	0.34663151620995153	0	0	4.683760683760684	12.20264376838854	B2M;MMP9
Positive Regulation of Receptor Signaling Pathway via JAK-STAT (GO:0046427)	2/38	0.07388030615225519	0.34663151620995153	0	0	4.683760683760684	12.20264376838854	PRL;HES5
Male Meiotic Nuclear Division (GO:0007140)	2/38	0.07388030615225519	0.34663151620995153	0	0	4.683760683760684	12.20264376838854	HSPA2;SYCP3
Negative Regulation of Protein Phosphorylation (GO:0001933)	3/83	0.07507024561221382	0.34663151620995153	0	0	3.1680257510729612	8.203067272196833	DNAJC3;CHORDC1;HSPB1
Regulation of Metal Ion Transport (GO:0010959)	2/39	0.07728767447152413	0.34663151620995153	0	0	4.556941556941557	11.666776497698358	P2RX4;B2M
Interstrand Cross-Link Repair (GO:0036297)	2/39	0.07728767447152413	0.34663151620995153	0	0	4.556941556941557	11.666776497698358	POLN;NUCKS1
Regulation of Protein Phosphorylation (GO:0001932)	4/137	0.07929887401757574	0.34663151620995153	0	0	2.5448535130930776	6.450011008727707	CHORDC1;HSPB1;MT3;MMP9
Long-Chain Fatty Acid Metabolic Process (GO:0001676)	3/85	0.07936190467295128	0.34663151620995153	0	0	3.0904427928399456	7.830368681584362	ALOX5;ACSL6;CYP3A4
ATF6-mediated Unfolded Protein Response (GO:0036500)	1/7	0.07974404362072471	0.34663151620995153	0	0	14.012765957446808	35.43734944944773	MANF
Regulation of Endothelial Cell-Matrix Adhesion via Fibronectin (GO:1904904)	1/7	0.07974404362072471	0.34663151620995153	0	0	14.012765957446808	35.43734944944773	MMP12
Negative Regulation of Inflammatory Response to Wounding (GO:0106015)	1/7	0.07974404362072471	0.34663151620995153	0	0	14.012765957446808	35.43734944944773	REG3A
Alcohol Catabolic Process (GO:0046164)	1/7	0.07974404362072471	0.34663151620995153	0	0	14.012765957446808	35.43734944944773	CYP46A1
Amine Transport (GO:0015837)	1/7	0.07974404362072471	0.34663151620995153	0	0	14.012765957446808	35.43734944944773	AQP9
Regulation of Protein Glycosylation (GO:0060049)	1/7	0.07974404362072471	0.34663151620995153	0	0	14.012765957446808	35.43734944944773	CHORDC1
Cardiac Muscle Hypertrophy (GO:0003300)	1/7	0.07974404362072471	0.34663151620995153	0	0	14.012765957446808	35.43734944944773	TCAP
Pericardium Development (GO:0060039)	1/7	0.07974404362072471	0.34663151620995153	0	0	14.012765957446808	35.43734944944773	BMP7
Cellular Response to Leptin Stimulus (GO:0044320)	1/7	0.07974404362072471	0.34663151620995153	0	0	14.012765957446808	35.43734944944773	MT3
Cellular Response to Nitric Oxide (GO:0071732)	1/7	0.07974404362072471	0.34663151620995153	0	0	14.012765957446808	35.43734944944773	MMP3
Cellular Response to Reactive Nitrogen Species (GO:1902170)	1/7	0.07974404362072471	0.34663151620995153	0	0	14.012765957446808	35.43734944944773	MMP3
Depyrimidination (GO:0045008)	1/7	0.07974404362072471	0.34663151620995153	0	0	14.012765957446808	35.43734944944773	UNG
Skeletal Myofibril Assembly (GO:0014866)	1/7	0.07974404362072471	0.34663151620995153	0	0	14.012765957446808	35.43734944944773	TCAP
Positive Regulation of Glial Cell Migration (GO:1903977)	1/7	0.07974404362072471	0.34663151620995153	0	0	14.012765957446808	35.43734944944773	P2RX4
Estrogen Biosynthetic Process (GO:0006703)	1/7	0.07974404362072471	0.34663151620995153	0	0	14.012765957446808	35.43734944944773	HSD3B1
Glycerol Transmembrane Transport (GO:0015793)	1/7	0.07974404362072471	0.34663151620995153	0	0	14.012765957446808	35.43734944944773	AQP9
Positive Regulation of Phospholipid Biosynthetic Process (GO:0071073)	1/7	0.07974404362072471	0.34663151620995153	0	0	14.012765957446808	35.43734944944773	CHORDC1
miRNA-mediated Gene Silencing by mRNA Destabilization (GO:0035279)	1/7	0.07974404362072471	0.34663151620995153	0	0	14.012765957446808	35.43734944944773	CNOT7
Regulation of Cdc42 Protein Signal Transduction (GO:0032489)	1/7	0.07974404362072471	0.34663151620995153	0	0	14.012765957446808	35.43734944944773	APOA1
Positive Regulation of Viral Process (GO:0048524)	2/40	0.08074371532830228	0.34862921902621485	0	0	4.436797121007647	11.165089694661358	CNOT7;IFIT1
Regulation of DNA Recombination (GO:0000018)	2/40	0.08074371532830228	0.34862921902621485	0	0	4.436797121007647	11.165089694661358	H1-6;CHEK1
Regulation of Endothelial Cell Proliferation (GO:0001936)	3/87	0.08375818598455755	0.3512715875563342	0	0	3.0165542611894542	7.480515720524351	ALOX5;CXCR3;PRL
Positive Regulation of Biosynthetic Process (GO:0009891)	3/87	0.08375818598455755	0.3512715875563342	0	0	3.0165542611894542	7.480515720524351	HSP90AA1;P2RX4;HBB
Negative Regulation of Programmed Cell Death (GO:0043069)	8/382	0.08400138723473251	0.3512715875563342	0	0	1.8191199924946055	4.505818267428324	DNAJC3;DNAJA1;HSPA5;HSPB1;GATA1;MMP9;IFIT3;HSP90B1
Negative Regulation of Kinase Activity (GO:0033673)	2/41	0.08424681723055273	0.3512715875563342	0	0	4.3228139381985535	10.694661084506707	CHORDC1;HSPB1
Aortic Valve Development (GO:0003176)	2/41	0.08424681723055273	0.3512715875563342	0	0	4.3228139381985535	10.694661084506707	HEYL;NPPA
Odontogenesis (GO:0042476)	2/41	0.08424681723055273	0.3512715875563342	0	0	4.3228139381985535	10.694661084506707	AQP6;AQP5
Negative Regulation of DNA Metabolic Process (GO:0051053)	2/41	0.08424681723055273	0.3512715875563342	0	0	4.3228139381985535	10.694661084506707	H1-6;S100A11
Cellular Response to Oxygen-Containing Compound (GO:1901701)	8/384	0.08594343787911131	0.3512715875563342	0	0	1.809257185516984	4.440036360028198	P2RX4;MAT2A;AQP9;MMP3;B2M;MT3;MMP9;HSP90B1
Notch Signaling Pathway (GO:0007219)	2/42	0.08779539961977607	0.3512715875563342	0	0	4.214529914529915	10.252881532552388	HEYL;HES5
Heterophilic Cell-Cell Adhesion via Plasma Membrane Cell Adhesion Molecules (GO:0007157)	2/42	0.08779539961977607	0.3512715875563342	0	0	4.214529914529915	10.252881532552388	REG3A;PVR
Positive Regulation of Receptor Signaling Pathway via STAT (GO:1904894)	2/42	0.08779539961977607	0.3512715875563342	0	0	4.214529914529915	10.252881532552388	PRL;HES5
Regulation of Endoplasmic Reticulum Unfolded Protein Response (GO:1900101)	1/8	0.09060684636425972	0.3512715875563342	0	0	12.01033434650456	28.83952111861742	HSPA5
Negative Regulation of Glial Cell Differentiation (GO:0045686)	1/8	0.09060684636425972	0.3512715875563342	0	0	12.01033434650456	28.83952111861742	HES5
Negative Regulation of Glycogen Metabolic Process (GO:0070874)	1/8	0.09060684636425972	0.3512715875563342	0	0	12.01033434650456	28.83952111861742	PPP1R3B
Regulation of Glucan Biosynthetic Process (GO:0010962)	1/8	0.09060684636425972	0.3512715875563342	0	0	12.01033434650456	28.83952111861742	PPP1R3B
Adult Heart Development (GO:0007512)	1/8	0.09060684636425972	0.3512715875563342	0	0	12.01033434650456	28.83952111861742	TCAP
Regulation of Mitotic Centrosome Separation (GO:0046602)	1/8	0.09060684636425972	0.3512715875563342	0	0	12.01033434650456	28.83952111861742	CHEK1
Regulation of Nuclear Cell Cycle DNA Replication (GO:0033262)	1/8	0.09060684636425972	0.3512715875563342	0	0	12.01033434650456	28.83952111861742	TIPIN
Regulation of Phosphatase Activity (GO:0010921)	1/8	0.09060684636425972	0.3512715875563342	0	0	12.01033434650456	28.83952111861742	CHORDC1
Regulation of Phospholipase Activity (GO:0010517)	1/8	0.09060684636425972	0.3512715875563342	0	0	12.01033434650456	28.83952111861742	RGS2
Bone Resorption (GO:0045453)	1/8	0.09060684636425972	0.3512715875563342	0	0	12.01033434650456	28.83952111861742	ACP5
Nucleoside Triphosphate Metabolic Process (GO:0009141)	1/8	0.09060684636425972	0.3512715875563342	0	0	12.01033434650456	28.83952111861742	DCTPP1
Regulation of Response to Wounding (GO:1903034)	1/8	0.09060684636425972	0.3512715875563342	0	0	12.01033434650456	28.83952111861742	PLAU
Positive Regulation by Host of Viral Genome Replication (GO:0044829)	1/8	0.09060684636425972	0.3512715875563342	0	0	12.01033434650456	28.83952111861742	NUCKS1
Co-Transcriptional mRNA 3'-End Processing, Cleavage and Polyadenylation Pathway (GO:0180010)	1/8	0.09060684636425972	0.3512715875563342	0	0	12.01033434650456	28.83952111861742	SSU72
Small Molecule Biosynthetic Process (GO:0044283)	1/8	0.09060684636425972	0.3512715875563342	0	0	12.01033434650456	28.83952111861742	PRPS1L1
Positive Regulation of Epithelial Cell Proliferation Involved in Wound Healing (GO:0060054)	1/8	0.09060684636425972	0.3512715875563342	0	0	12.01033434650456	28.83952111861742	MMP12
Epithelial to Mesenchymal Transition Involved in Endocardial Cushion Formation (GO:0003198)	1/8	0.09060684636425972	0.3512715875563342	0	0	12.01033434650456	28.83952111861742	HEYL
Terpenoid Metabolic Process (GO:0006721)	1/8	0.09060684636425972	0.3512715875563342	0	0	12.01033434650456	28.83952111861742	CYP3A4
Leptin-Mediated Signaling Pathway (GO:0033210)	1/8	0.09060684636425972	0.3512715875563342	0	0	12.01033434650456	28.83952111861742	MT3
Protein Hexamerization (GO:0034214)	1/8	0.09060684636425972	0.3512715875563342	0	0	12.01033434650456	28.83952111861742	MAT2A
Maintenance of Synapse Structure (GO:0099558)	1/8	0.09060684636425972	0.3512715875563342	0	0	12.01033434650456	28.83952111861742	CBLN3
Purine Nucleobase Metabolic Process (GO:0006144)	1/8	0.09060684636425972	0.3512715875563342	0	0	12.01033434650456	28.83952111861742	PRPS1L1
Monocyte Activation (GO:0042117)	1/8	0.09060684636425972	0.3512715875563342	0	0	12.01033434650456	28.83952111861742	MT1G
Negative Regulation of Mitotic Cell Cycle Phase Transition (GO:1901991)	2/43	0.09138791242888532	0.3521844625244506	0	0	4.1115280383573065	9.837414908883629	PRMT2;CDK2AP2
Mitochondrial Transport (GO:0006839)	2/43	0.09138791242888532	0.3521844625244506	0	0	4.1115280383573065	9.837414908883629	HSP90AA1;HSPA4
DNA-templated DNA Replication Maintenance of Fidelity (GO:0045005)	2/44	0.09502283554251816	0.3592838237470885	0	0	4.013431013431013	9.446163912695894	TIPIN;NUCKS1
Positive Regulation of Wound Healing (GO:0090303)	2/44	0.09502283554251816	0.3592838237470885	0	0	4.013431013431013	9.446163912695894	REG3A;REG3G
Positive Regulation of Calcium Ion Transmembrane Transport (GO:1904427)	2/45	0.09869867833837508	0.3592838237470885	0	0	3.9198966408268734	9.077240848289504	P2RX4;CXCR3
Regulation of Delayed Rectifier Potassium Channel Activity (GO:1902259)	1/9	0.10134196139024038	0.3592838237470885	0	0	10.508510638297873	24.056657626920195	NPPA
Negative Regulation of Heterotypic Cell-Cell Adhesion (GO:0034115)	1/9	0.10134196139024038	0.3592838237470885	0	0	10.508510638297873	24.056657626920195	APOA1
Regulation of Inflammatory Response to Wounding (GO:0106014)	1/9	0.10134196139024038	0.3592838237470885	0	0	10.508510638297873	24.056657626920195	REG3A
Negative Regulation of Oxidoreductase Activity (GO:0051354)	1/9	0.10134196139024038	0.3592838237470885	0	0	10.508510638297873	24.056657626920195	MT3
Regulation of Mast Cell Activation (GO:0033003)	1/9	0.10134196139024038	0.3592838237470885	0	0	10.508510638297873	24.056657626920195	NECTIN2
Activation of NF-kappaB-inducing Kinase Activity (GO:0007250)	1/9	0.10134196139024038	0.3592838237470885	0	0	10.508510638297873	24.056657626920195	ZFP91
Negative Regulation of Receptor Binding (GO:1900121)	1/9	0.10134196139024038	0.3592838237470885	0	0	10.508510638297873	24.056657626920195	B2M
Negative Regulation of Striated Muscle Cell Apoptotic Process (GO:0010664)	1/9	0.10134196139024038	0.3592838237470885	0	0	10.508510638297873	24.056657626920195	BMP7
Amyloid-Beta Formation (GO:0034205)	1/9	0.10134196139024038	0.3592838237470885	0	0	10.508510638297873	24.056657626920195	APOA1
Negative Regulation of Triglyceride Metabolic Process (GO:0090209)	1/9	0.10134196139024038	0.3592838237470885	0	0	10.508510638297873	24.056657626920195	CIDEC
cGMP Biosynthetic Process (GO:0006182)	1/9	0.10134196139024038	0.3592838237470885	0	0	10.508510638297873	24.056657626920195	NPPA
Regulation of Translation in Response to Endoplasmic Reticulum Stress (GO:0036490)	1/9	0.10134196139024038	0.3592838237470885	0	0	10.508510638297873	24.056657626920195	DNAJC3
Collagen Biosynthetic Process (GO:0032964)	1/9	0.10134196139024038	0.3592838237470885	0	0	10.508510638297873	24.056657626920195	TRAM2
Positive Regulation of Calcium Ion Transport Into Cytosol (GO:0010524)	1/9	0.10134196139024038	0.3592838237470885	0	0	10.508510638297873	24.056657626920195	P2RX4
Store-Operated Calcium Entry (GO:0002115)	1/9	0.10134196139024038	0.3592838237470885	0	0	10.508510638297873	24.056657626920195	MS4A1
Positive Regulation of Keratinocyte Migration (GO:0051549)	1/9	0.10134196139024038	0.3592838237470885	0	0	10.508510638297873	24.056657626920195	MMP9
Fat-Soluble Vitamin Catabolic Process (GO:0042363)	1/9	0.10134196139024038	0.3592838237470885	0	0	10.508510638297873	24.056657626920195	CYP3A4
Hormone Catabolic Process (GO:0042447)	1/9	0.10134196139024038	0.3592838237470885	0	0	10.508510638297873	24.056657626920195	MMP12
Positive Regulation of Sodium Ion Transmembrane Transporter Activity (GO:2000651)	1/9	0.10134196139024038	0.3592838237470885	0	0	10.508510638297873	24.056657626920195	CHORDC1
Progesterone Metabolic Process (GO:0042448)	1/9	0.10134196139024038	0.3592838237470885	0	0	10.508510638297873	24.056657626920195	CYP46A1
Lipoxygenase Pathway (GO:0019372)	1/9	0.10134196139024038	0.3592838237470885	0	0	10.508510638297873	24.056657626920195	ALOX5
Receptor Guanylyl Cyclase Signaling Pathway (GO:0007168)	1/9	0.10134196139024038	0.3592838237470885	0	0	10.508510638297873	24.056657626920195	NPPA
Modification-Dependent Macromolecule Catabolic Process (GO:0043632)	1/9	0.10134196139024038	0.3592838237470885	0	0	10.508510638297873	24.056657626920195	ISG15
Morphogenesis of an Epithelial Sheet (GO:0002011)	1/9	0.10134196139024038	0.3592838237470885	0	0	10.508510638297873	24.056657626920195	BMP7
Negative Regulation of PERK-mediated Unfolded Protein Response (GO:1903898)	1/9	0.10134196139024038	0.3592838237470885	0	0	10.508510638297873	24.056657626920195	HSPA5
Regulation of Cell-Cell Adhesion Involved in Gastrulation (GO:0070587)	1/9	0.10134196139024038	0.3592838237470885	0	0	10.508510638297873	24.056657626920195	APOA1
Regulation of Interleukin-10 Production (GO:0032653)	2/46	0.102413979193593	0.3592838237470885	0	0	3.83061383061383	8.728942545803635	ISG15;TIGIT
Development of Primary Male Sexual Characteristics (GO:0046546)	2/46	0.102413979193593	0.3592838237470885	0	0	3.83061383061383	8.728942545803635	PRKACG;GATA1
Male Gonad Development (GO:0008584)	2/46	0.102413979193593	0.3592838237470885	0	0	3.83061383061383	8.728942545803635	PRKACG;GATA1
Mononuclear Cell Differentiation (GO:1903131)	2/46	0.102413979193593	0.3592838237470885	0	0	3.83061383061383	8.728942545803635	MT1G;MMP9
Regulation of Angiogenesis (GO:0045765)	5/211	0.10519825043243884	0.3680513314587494	0	0	2.0550161812297736	4.6277086315577876	ALOX5;CXCR3;HSPB1;PRL;KLKB1
DNA Integrity Checkpoint Signaling (GO:0031570)	2/47	0.10616730502136108	0.3694393282549249	0	0	3.7452991452991458	8.399728759063601	TIPIN;CHEK1
Chromosome Organization (GO:0051276)	2/47	0.10616730502136108	0.3694393282549249	0	0	3.7452991452991458	8.399728759063601	H1-6;H4C15
Defense Response to Gram-positive Bacterium (GO:0050830)	3/98	0.10969603667415805	0.3703629380062035	0	0	2.665778179353964	5.891481848676704	GBP6;REG3G;B2M
Positive Regulation of Protein Modification Process (GO:0031401)	3/98	0.10969603667415805	0.3703629380062035	0	0	2.665778179353964	5.891481848676704	CHORDC1;MT3;MMP9
Endoplasmic Reticulum Unfolded Protein Response (GO:0030968)	2/48	0.10995725078033436	0.3703629380062035	0	0	3.663693794128577	8.088203496772945	HSPA5;MANF
Mitotic G2/M Transition Checkpoint (GO:0044818)	2/48	0.10995725078033436	0.3703629380062035	0	0	3.663693794128577	8.088203496772945	CHEK1;NABP1
S-adenosylmethionine Metabolic Process (GO:0046500)	1/10	0.11195088299410348	0.3703629380062035	0	0	9.340425531914894	20.452683538783884	MAT2A
Negative Regulation of Protein Import Into Nucleus (GO:0042308)	1/10	0.11195088299410348	0.3703629380062035	0	0	9.340425531914894	20.452683538783884	CHORDC1
Regulation of Muscle System Process (GO:0090257)	1/10	0.11195088299410348	0.3703629380062035	0	0	9.340425531914894	20.452683538783884	MYL9
Negative Regulation of Systemic Arterial Blood Pressure (GO:0003085)	1/10	0.11195088299410348	0.3703629380062035	0	0	9.340425531914894	20.452683538783884	NPPA
Response to X-ray (GO:0010165)	1/10	0.11195088299410348	0.3703629380062035	0	0	9.340425531914894	20.452683538783884	NUCKS1
Co-Transcriptional RNA 3'-End Processing, Cleavage and Polyadenylation Pathway (GO:0180012)	1/10	0.11195088299410348	0.3703629380062035	0	0	9.340425531914894	20.452683538783884	SSU72
Single Strand Break Repair (GO:0000012)	1/10	0.11195088299410348	0.3703629380062035	0	0	9.340425531914894	20.452683538783884	UNG
Positive Regulation of Cellular Senescence (GO:2000774)	1/10	0.11195088299410348	0.3703629380062035	0	0	9.340425531914894	20.452683538783884	B2M
Double-Strand Break Repair via Break-Induced Replication (GO:0000727)	1/10	0.11195088299410348	0.3703629380062035	0	0	9.340425531914894	20.452683538783884	MCM5
Positive Regulation of Defense Response to Bacterium (GO:1900426)	1/10	0.11195088299410348	0.3703629380062035	0	0	9.340425531914894	20.452683538783884	KLKB1
Very-Low-Density Lipoprotein Particle Assembly (GO:0034379)	1/10	0.11195088299410348	0.3703629380062035	0	0	9.340425531914894	20.452683538783884	CIDEB
Positive Regulation of Phospholipid Transport (GO:2001140)	1/10	0.11195088299410348	0.3703629380062035	0	0	9.340425531914894	20.452683538783884	APOA1
Homologous Recombination (GO:0035825)	1/10	0.11195088299410348	0.3703629380062035	0	0	9.340425531914894	20.452683538783884	NUCKS1
Mesonephros Development (GO:0001823)	1/10	0.11195088299410348	0.3703629380062035	0	0	9.340425531914894	20.452683538783884	BMP7
Modulation by Symbiont of Entry Into Host (GO:0052372)	1/10	0.11195088299410348	0.3703629380062035	0	0	9.340425531914894	20.452683538783884	NECTIN2
Protein Metabolic Process (GO:0019538)	11/614	0.11217033986090284	0.3703629380062035	0	0	1.5534991708126036	3.398647105063475	MMP12;MMP26;PLAU;DNAJB11;CYP3A43;MMP3;B2M;KLK10;KLKB1;MMP9;MSRB1
Activation of Protein Kinase Activity (GO:0032147)	2/49	0.1137824390788098	0.3719145855650646	0	0	3.585561011092926	7.793098832028495	ZFP91;MT3
Positive Regulation of Smooth Muscle Cell Proliferation (GO:0048661)	2/49	0.1137824390788098	0.3719145855650646	0	0	3.585561011092926	7.793098832028495	MMP9;HES5
Recombinational Repair (GO:0000725)	3/101	0.11725003496293264	0.3719145855650646	0	0	2.5837785758080054	5.538191334906577	POLN;NABP1;NUCKS1
Negative Regulation of Phosphorylation (GO:0042326)	2/50	0.11764151962207144	0.3719145855650646	0	0	3.5106837606837606	7.51326082513572	CHORDC1;DYNLL1
Cognition (GO:0050890)	2/50	0.11764151962207144	0.3719145855650646	0	0	3.5106837606837606	7.51326082513572	TAAR5;DGCR2
Positive Regulation of Blood Vessel Endothelial Cell Migration (GO:0043536)	2/50	0.11764151962207144	0.3719145855650646	0	0	3.5106837606837606	7.51326082513572	P2RX4;HSPB1
Myelination (GO:0042552)	2/50	0.11764151962207144	0.3719145855650646	0	0	3.5106837606837606	7.51326082513572	PLP1;HES5
Positive Regulation of Cellular Process (GO:0048522)	11/622	0.119650362180858	0.3719145855650646	0	0	1.5325186397526822	3.253815128744507	REG3A;TIPIN;CNOT7;EGR4;CXCR3;REG1B;CHEK1;REG1A;REG3G;B2M;HES5
Positive Regulation of Cell Population Proliferation (GO:0008284)	9/484	0.1205331369812404	0.3719145855650646	0	0	1.6100255042893576	3.406541177494046	REG3A;TIPIN;CNOT7;EGR4;CXCR3;REG1B;REG1A;REG3G;HES5
Regulation of Interferon-Beta Production (GO:0032648)	2/51	0.1215331688947454	0.3719145855650646	0	0	3.4388627245770103	7.247637235676439	HSP90AA1;ISG15
Epithelial to Mesenchymal Transition (GO:0001837)	2/51	0.1215331688947454	0.3719145855650646	0	0	3.4388627245770103	7.247637235676439	HEYL;BMP7
Myofibril Assembly (GO:0030239)	2/51	0.1215331688947454	0.3719145855650646	0	0	3.4388627245770103	7.247637235676439	TCAP;MYL9
Negative Regulation of Cell Projection Organization (GO:0031345)	2/51	0.1215331688947454	0.3719145855650646	0	0	3.4388627245770103	7.247637235676439	FKBP4;MT3
Negative Regulation of Fibrinolysis (GO:0051918)	1/11	0.1224350881991886	0.3719145855650646	0	0	8.405957446808511	17.653975642779464	PLAU
Regulation of Establishment of Protein Localization to Mitochondrion (GO:1903747)	1/11	0.1224350881991886	0.3719145855650646	0	0	8.405957446808511	17.653975642779464	DNAJA1
Regulation of Glycogen Metabolic Process (GO:0070873)	1/11	0.1224350881991886	0.3719145855650646	0	0	8.405957446808511	17.653975642779464	PPP1R3B
Regulation of Glycoprotein Biosynthetic Process (GO:0010559)	1/11	0.1224350881991886	0.3719145855650646	0	0	8.405957446808511	17.653975642779464	GATA1
Regulation of Keratinocyte Migration (GO:0051547)	1/11	0.1224350881991886	0.3719145855650646	0	0	8.405957446808511	17.653975642779464	MMP9
Negative Regulation of Sprouting Angiogenesis (GO:1903671)	1/11	0.1224350881991886	0.3719145855650646	0	0	8.405957446808511	17.653975642779464	ALOX5
Base-Excision Repair, AP Site Formation (GO:0006285)	1/11	0.1224350881991886	0.3719145855650646	0	0	8.405957446808511	17.653975642779464	UNG
cGMP Metabolic Process (GO:0046068)	1/11	0.1224350881991886	0.3719145855650646	0	0	8.405957446808511	17.653975642779464	NPPA
Cellular Response to UV-B (GO:0071493)	1/11	0.1224350881991886	0.3719145855650646	0	0	8.405957446808511	17.653975642779464	MMP12
Cellular Response to Nutrient (GO:0031670)	1/11	0.1224350881991886	0.3719145855650646	0	0	8.405957446808511	17.653975642779464	MAT2A
Response to Nitric Oxide (GO:0071731)	1/11	0.1224350881991886	0.3719145855650646	0	0	8.405957446808511	17.653975642779464	MMP3
Positive Regulation of Execution Phase of Apoptosis (GO:1900119)	1/11	0.1224350881991886	0.3719145855650646	0	0	8.405957446808511	17.653975642779464	CXCR3
Positive Regulation of mRNA Metabolic Process (GO:1903313)	1/11	0.1224350881991886	0.3719145855650646	0	0	8.405957446808511	17.653975642779464	CNOT7
Urate Metabolic Process (GO:0046415)	1/11	0.1224350881991886	0.3719145855650646	0	0	8.405957446808511	17.653975642779464	PRPS1L1
+ Reg of Nuclear-Transcribed mRNA Cat Proc, Deadenylation-Dep Decay (GO:1900153)	1/11	0.1224350881991886	0.3719145855650646	0	0	8.405957446808511	17.653975642779464	CNOT7
Intestinal Lipid Absorption (GO:0098856)	1/11	0.1224350881991886	0.3719145855650646	0	0	8.405957446808511	17.653975642779464	FABP2
Positive Regulation of Vascular Endothelial Growth Factor Receptor Signaling Pathway (GO:0030949)	1/11	0.1224350881991886	0.3719145855650646	0	0	8.405957446808511	17.653975642779464	MT3
Maintenance of Protein Localization in Endoplasmic Reticulum (GO:0035437)	1/11	0.1224350881991886	0.3719145855650646	0	0	8.405957446808511	17.653975642779464	HSPA5
Monocyte Differentiation (GO:0030224)	1/11	0.1224350881991886	0.3719145855650646	0	0	8.405957446808511	17.653975642779464	MT1G
Negative Regulation of calcineurin-NFAT Signaling Cascade (GO:0070885)	1/11	0.1224350881991886	0.3719145855650646	0	0	8.405957446808511	17.653975642779464	CHORDC1
Negative Regulation of Calcineurin-Mediated Signaling (GO:0106057)	1/11	0.1224350881991886	0.3719145855650646	0	0	8.405957446808511	17.653975642779464	CHORDC1
Sensory Perception (GO:0007600)	2/52	0.12545608960884846	0.3801967410446558	0	0	3.36991452991453	6.995266779062932	MMP12;P2RX4
Positive Regulation of Protein-Containing Complex Assembly (GO:0031334)	3/105	0.12761396578583578	0.38525139683511583	0	0	2.4819490027770765	5.109701252161645	HSP90AA1;MMP3;ISG15
B Cell Differentiation (GO:0030183)	2/53	0.12940901032071256	0.38525139683511583	0	0	3.303670186023127	6.75526969670142	DNAJB9;MS4A1
Phospholipid Efflux (GO:0033700)	1/12	0.13279603684942465	0.38525139683511583	0	0	7.641392649903288	15.427520042181142	APOA1
Phospholipid Homeostasis (GO:0055091)	1/12	0.13279603684942465	0.38525139683511583	0	0	7.641392649903288	15.427520042181142	APOA1
Response to Misfolded Protein (GO:0051788)	1/12	0.13279603684942465	0.38525139683511583	0	0	7.641392649903288	15.427520042181142	DNAJC18
Positive Regulation of Dendrite Development (GO:1900006)	1/12	0.13279603684942465	0.38525139683511583	0	0	7.641392649903288	15.427520042181142	BMP7
Positive Regulation of Glycoprotein Biosynthetic Process (GO:0010560)	1/12	0.13279603684942465	0.38525139683511583	0	0	7.641392649903288	15.427520042181142	CHORDC1
Erythrocyte Development (GO:0048821)	1/12	0.13279603684942465	0.38525139683511583	0	0	7.641392649903288	15.427520042181142	GATA1
Fibrinolysis (GO:0042730)	1/12	0.13279603684942465	0.38525139683511583	0	0	7.641392649903288	15.427520042181142	PLAU
Vitamin D Metabolic Process (GO:0042359)	1/12	0.13279603684942465	0.38525139683511583	0	0	7.641392649903288	15.427520042181142	CYP3A4
Wound Healing, Spreading of Epidermal Cells (GO:0035313)	1/12	0.13279603684942465	0.38525139683511583	0	0	7.641392649903288	15.427520042181142	MMP12
Positive Regulation of Nuclear-Transcribed mRNA poly(A) Tail Shortening (GO:0060213)	1/12	0.13279603684942465	0.38525139683511583	0	0	7.641392649903288	15.427520042181142	CNOT7
Granulocyte Differentiation (GO:0030851)	1/12	0.13279603684942465	0.38525139683511583	0	0	7.641392649903288	15.427520042181142	GATA1
Intestinal Absorption (GO:0050892)	1/12	0.13279603684942465	0.38525139683511583	0	0	7.641392649903288	15.427520042181142	FABP2
Intracellular Copper Ion Homeostasis (GO:0006878)	1/12	0.13279603684942465	0.38525139683511583	0	0	7.641392649903288	15.427520042181142	MT2A
Post-Translational Protein Targeting to Endoplasmic Reticulum Membrane (GO:0006620)	1/12	0.13279603684942465	0.38525139683511583	0	0	7.641392649903288	15.427520042181142	HSPA5
Pyrimidine Deoxyribonucleotide Catabolic Process (GO:0009223)	1/12	0.13279603684942465	0.38525139683511583	0	0	7.641392649903288	15.427520042181142	UNG
Regulation of DNA-templated DNA Replication Initiation (GO:0030174)	1/12	0.13279603684942465	0.38525139683511583	0	0	7.641392649903288	15.427520042181142	MCM5
Regulation of Astrocyte Differentiation (GO:0048710)	1/12	0.13279603684942465	0.38525139683511583	0	0	7.641392649903288	15.427520042181142	HES5
Negative Regulation of Neuron Projection Development (GO:0010977)	2/54	0.13339068503895954	0.38525139683511583	0	0	3.239973701512163	6.526839462161265	FKBP4;MT3
Gonad Development (GO:0008406)	2/54	0.13339068503895954	0.38525139683511583	0	0	3.239973701512163	6.526839462161265	PRKACG;GATA1
Regulation of Receptor Signaling Pathway via JAK-STAT (GO:0046425)	2/55	0.13739989273485068	0.39205606533105514	0	0	3.1786808579261407	6.309235470078964	PRL;HES5
Cellular Response to Nitrogen Compound (GO:1901699)	4/169	0.13997215113516245	0.39205606533105514	0	0	2.047962382445141	4.026932591642552	P2RX4;MAT2A;AQP9;HSP90B1
Apoptotic Process (GO:0006915)	5/232	0.1404678304168706	0.39205606533105514	0	0	1.8629021492457616	3.65646108461433	PLSCR3;CHEK1;CIDEB;CIDEC;IFIT2
Negative Regulation of Interleukin-12 Production (GO:0032695)	1/13	0.1430351717822827	0.39205606533105514	0	0	7.004255319148936	13.620928226147496	TIGIT
L-amino Acid Catabolic Process (GO:0170035)	1/13	0.1430351717822827	0.39205606533105514	0	0	7.004255319148936	13.620928226147496	AMDHD1
MyD88-dependent Toll-Like Receptor Signaling Pathway (GO:0002755)	1/13	0.1430351717822827	0.39205606533105514	0	0	7.004255319148936	13.620928226147496	REG3G
Activation of Protein Kinase B Activity (GO:0032148)	1/13	0.1430351717822827	0.39205606533105514	0	0	7.004255319148936	13.620928226147496	MT3
Negative Regulation of Stem Cell Differentiation (GO:2000737)	1/13	0.1430351717822827	0.39205606533105514	0	0	7.004255319148936	13.620928226147496	HES5
Atrioventricular Valve Development (GO:0003171)	1/13	0.1430351717822827	0.39205606533105514	0	0	7.004255319148936	13.620928226147496	HEYL
Regulation of Protein Autophosphorylation (GO:0031952)	1/13	0.1430351717822827	0.39205606533105514	0	0	7.004255319148936	13.620928226147496	CHORDC1
Non-Proteinogenic Amino Acid Catabolic Process (GO:0170044)	1/13	0.1430351717822827	0.39205606533105514	0	0	7.004255319148936	13.620928226147496	DAO
Cardiac Cell Development (GO:0055006)	1/13	0.1430351717822827	0.39205606533105514	0	0	7.004255319148936	13.620928226147496	TCAP
Outer Mitochondrial Membrane Organization (GO:0007008)	1/13	0.1430351717822827	0.39205606533105514	0	0	7.004255319148936	13.620928226147496	HSPA4
Removal of Superoxide Radicals (GO:0019430)	1/13	0.1430351717822827	0.39205606533105514	0	0	7.004255319148936	13.620928226147496	MT3
Response to Iron Ion (GO:0010039)	1/13	0.1430351717822827	0.39205606533105514	0	0	7.004255319148936	13.620928226147496	B2M
Steroid Catabolic Process (GO:0006706)	1/13	0.1430351717822827	0.39205606533105514	0	0	7.004255319148936	13.620928226147496	CYP3A4
Sulfate Transmembrane Transport (GO:1902358)	1/13	0.1430351717822827	0.39205606533105514	0	0	7.004255319148936	13.620928226147496	SLC13A1
Positive Regulation of Heterotypic Cell-Cell Adhesion (GO:0034116)	1/13	0.1430351717822827	0.39205606533105514	0	0	7.004255319148936	13.620928226147496	BMP7
Intraciliary Retrograde Transport (GO:0035721)	1/13	0.1430351717822827	0.39205606533105514	0	0	7.004255319148936	13.620928226147496	DYNLL1
Lipid Oxidation (GO:0034440)	1/13	0.1430351717822827	0.39205606533105514	0	0	7.004255319148936	13.620928226147496	ALOX5
Protein Insertion Into Mitochondrial Outer Membrane (GO:0045040)	1/13	0.1430351717822827	0.39205606533105514	0	0	7.004255319148936	13.620928226147496	HSPA4
Muscle Filament Sliding (GO:0030049)	1/13	0.1430351717822827	0.39205606533105514	0	0	7.004255319148936	13.620928226147496	TCAP
Negative Regulation of DNA Replication (GO:0008156)	1/13	0.1430351717822827	0.39205606533105514	0	0	7.004255319148936	13.620928226147496	S100A11
Reg of Calcium Ion Transmembrane Transport via High Voltage-Gated Calcium Channel (GO:1902514)	1/13	0.1430351717822827	0.39205606533105514	0	0	7.004255319148936	13.620928226147496	NPPA
Regulation of G1/S Transition of Mitotic Cell Cycle (GO:2000045)	3/111	0.1437410925899574	0.3931562511305826	0	0	2.3433476394849784	4.5454888194662	PRMT2;CCNE1;CDK2AP2
Negative Regulation of Response to Stimulus (GO:0048585)	2/57	0.14549614557651158	0.3954432082932136	0	0	3.062781662781662	5.903835340817762	ALOX5;APOA1
Heart Morphogenesis (GO:0003007)	2/57	0.14549614557651158	0.3954432082932136	0	0	3.062781662781662	5.903835340817762	HEYL;TCAP
Regulation of Blood Vessel Endothelial Cell Migration (GO:0043535)	2/57	0.14549614557651158	0.3954432082932136	0	0	3.062781662781662	5.903835340817762	P2RX4;HSPB1
DNA Repair (GO:0006281)	6/302	0.14824198278194542	0.39761890660951865	0	0	1.7157461809635723	3.275203878356668	POLN;CHEK1;NABP1;NUCKS1;SMC1A;UNG
Regulation of Mitotic Nuclear Division (GO:0007088)	2/58	0.1495808699954227	0.39761890660951865	0	0	3.007936507936508	5.714833002989058	CHEK1;BMP7
Sterol Metabolic Process (GO:0016125)	2/58	0.1495808699954227	0.39761890660951865	0	0	3.007936507936508	5.714833002989058	APOA1;CYP46A1
Mesenchymal Cell Differentiation (GO:0048762)	2/58	0.1495808699954227	0.39761890660951865	0	0	3.007936507936508	5.714833002989058	HEYL;BMP7
Regulation of Establishment of Protein Localization (GO:0070201)	1/14	0.15315391904005318	0.39761890660951865	0	0	6.465139116202946	12.130617177509258	DNAJA1
Negative Regulation of Muscle Cell Apoptotic Process (GO:0010656)	1/14	0.15315391904005318	0.39761890660951865	0	0	6.465139116202946	12.130617177509258	BMP7
Regulation of Nuclear-Transcribed mRNA poly(A) Tail Shortening (GO:0060211)	1/14	0.15315391904005318	0.39761890660951865	0	0	6.465139116202946	12.130617177509258	CNOT7
Blood Coagulation, Fibrin Clot Formation (GO:0072378)	1/14	0.15315391904005318	0.39761890660951865	0	0	6.465139116202946	12.130617177509258	F13B
Bone Morphogenesis (GO:0060349)	1/14	0.15315391904005318	0.39761890660951865	0	0	6.465139116202946	12.130617177509258	MMP13
Regulation of Response to Oxidative Stress (GO:1902882)	1/14	0.15315391904005318	0.39761890660951865	0	0	6.465139116202946	12.130617177509258	ALOX5
Cellular Response to Exogenous dsRNA (GO:0071360)	1/14	0.15315391904005318	0.39761890660951865	0	0	6.465139116202946	12.130617177509258	IFIT1
Regulation of Voltage-Gated Calcium Channel Activity (GO:1901385)	1/14	0.15315391904005318	0.39761890660951865	0	0	6.465139116202946	12.130617177509258	NPPA
Cellular Response to Superoxide (GO:0071451)	1/14	0.15315391904005318	0.39761890660951865	0	0	6.465139116202946	12.130617177509258	MT3
Positive Regulation of T Cell Receptor Signaling Pathway (GO:0050862)	1/14	0.15315391904005318	0.39761890660951865	0	0	6.465139116202946	12.130617177509258	NECTIN2
Cotranslational Protein Targeting to Membrane (GO:0006613)	1/14	0.15315391904005318	0.39761890660951865	0	0	6.465139116202946	12.130617177509258	TRAM1
Positive Regulation of Heart Rate (GO:0010460)	1/14	0.15315391904005318	0.39761890660951865	0	0	6.465139116202946	12.130617177509258	NPPA
Glutamine Family Amino Acid Catabolic Process (GO:0009065)	1/14	0.15315391904005318	0.39761890660951865	0	0	6.465139116202946	12.130617177509258	DAO
Protein Activation Cascade (GO:0072376)	1/14	0.15315391904005318	0.39761890660951865	0	0	6.465139116202946	12.130617177509258	F13B
Meiotic Sister Chromatid Cohesion (GO:0051177)	1/14	0.15315391904005318	0.39761890660951865	0	0	6.465139116202946	12.130617177509258	SMC1A
Mitotic intra-S DNA Damage Checkpoint Signaling (GO:0031573)	1/14	0.15315391904005318	0.39761890660951865	0	0	6.465139116202946	12.130617177509258	TIPIN
Monosaccharide Transmembrane Transport (GO:0015749)	1/14	0.15315391904005318	0.39761890660951865	0	0	6.465139116202946	12.130617177509258	SLC5A9
Negative Regulation of Androgen Receptor Signaling Pathway (GO:0060766)	1/14	0.15315391904005318	0.39761890660951865	0	0	6.465139116202946	12.130617177509258	HEYL
Homophilic Cell Adhesion via Plasma Membrane Adhesion Molecules (GO:0007156)	2/59	0.1536884852038341	0.39761890660951865	0	0	2.9550157444894287	5.534234892798731	PVR;NECTIN2
Mitotic DNA Damage Checkpoint Signaling (GO:0044773)	2/59	0.1536884852038341	0.39761890660951865	0	0	2.9550157444894287	5.534234892798731	TIPIN;CHEK1
Protein Processing (GO:0016485)	3/115	0.15484802369275183	0.3998175971746852	0	0	2.2591968117719192	4.214104969978662	MMP12;C1RL;KLKB1
Negative Regulation of Protein Kinase Activity (GO:0006469)	2/60	0.15781788910606426	0.40586234031061547	0	0	2.903919834954318	5.361546427021618	CHORDC1;HSPB1
Protein Targeting to Mitochondrion (GO:0006626)	2/60	0.15781788910606426	0.40586234031061547	0	0	2.903919834954318	5.361546427021618	HSP90AA1;HSPA4
Regulation of Reactive Oxygen Species Metabolic Process (GO:2000377)	2/61	0.16196800224615163	0.40632745106113094	0	0	2.8545559901492106	5.196309494927031	ALOX5;MMP3
Negative Regulation of Epithelial Cell Differentiation (GO:0030857)	1/15	0.16315368811335074	0.40632745106113094	0	0	6.003039513677812	10.883886731957787	MMP9
Negative Regulation of Establishment of Protein Localization (GO:1904950)	1/15	0.16315368811335074	0.40632745106113094	0	0	6.003039513677812	10.883886731957787	DNAJA1
Regulation of Execution Phase of Apoptosis (GO:1900117)	1/15	0.16315368811335074	0.40632745106113094	0	0	6.003039513677812	10.883886731957787	CXCR3
Actin-Myosin Filament Sliding (GO:0033275)	1/15	0.16315368811335074	0.40632745106113094	0	0	6.003039513677812	10.883886731957787	TCAP
Amyloid Precursor Protein Catabolic Process (GO:0042987)	1/15	0.16315368811335074	0.40632745106113094	0	0	6.003039513677812	10.883886731957787	APOA1
Regulation of Response to Endoplasmic Reticulum Stress (GO:1905897)	1/15	0.16315368811335074	0.40632745106113094	0	0	6.003039513677812	10.883886731957787	MANF
Cardiac Myofibril Assembly (GO:0055003)	1/15	0.16315368811335074	0.40632745106113094	0	0	6.003039513677812	10.883886731957787	TCAP
Cellular Response to Misfolded Protein (GO:0071218)	1/15	0.16315368811335074	0.40632745106113094	0	0	6.003039513677812	10.883886731957787	DNAJC18
Centromere Complex Assembly (GO:0034508)	1/15	0.16315368811335074	0.40632745106113094	0	0	6.003039513677812	10.883886731957787	NASP
Copper Ion Homeostasis (GO:0055070)	1/15	0.16315368811335074	0.40632745106113094	0	0	6.003039513677812	10.883886731957787	MT2A
Defense Response to Protozoan (GO:0042832)	1/15	0.16315368811335074	0.40632745106113094	0	0	6.003039513677812	10.883886731957787	GBP6
Positive Regulation of Immunoglobulin Mediated Immune Response (GO:0002891)	1/15	0.16315368811335074	0.40632745106113094	0	0	6.003039513677812	10.883886731957787	NECTIN2
Positive Regulation of Secretion (GO:0051047)	1/15	0.16315368811335074	0.40632745106113094	0	0	6.003039513677812	10.883886731957787	PRL
Proteinogenic Amino Acid Catabolic Process (GO:0170040)	1/15	0.16315368811335074	0.40632745106113094	0	0	6.003039513677812	10.883886731957787	AMDHD1
Negative Regulation of Axon Extension (GO:0030517)	1/15	0.16315368811335074	0.40632745106113094	0	0	6.003039513677812	10.883886731957787	MT3
Positive Regulation of Epithelial Cell Proliferation (GO:0050679)	3/118	0.16334930062023775	0.40632745106113094	0	0	2.1999253592088075	3.9859664903393255	MMP12;REG3A;REG3G
Organic Cation Transport (GO:0015695)	2/62	0.1661377674012861	0.4124689571443469	0	0	2.806837606837606	5.038099229741931	SLC47A2;SLC47A1
Negative Regulation of Defense Response (GO:0031348)	3/121	0.17198701585251397	0.41833204254984807	0	0	2.1436677093183967	3.7735760715200217	MMP26;ALOX5;APOA1
Regulation of Inflammatory Response (GO:0050727)	5/249	0.1723064791453685	0.41833204254984807	0	0	1.7316017316017316	3.0449879347074886	MMP26;ALOX5;MMP3;APOA1;MMP9
Negative Regulation of Protein Processing (GO:0010955)	1/16	0.173035871976467	0.41833204254984807	0	0	5.602553191489362	9.828314532069127	PLAU
Regulation of Plasminogen Activation (GO:0010755)	1/16	0.173035871976467	0.41833204254984807	0	0	5.602553191489362	9.828314532069127	PLAU
Regulation of Viral Life Cycle (GO:1903900)	1/16	0.173035871976467	0.41833204254984807	0	0	5.602553191489362	9.828314532069127	NECTIN2
Response to UV-B (GO:0010224)	1/16	0.173035871976467	0.41833204254984807	0	0	5.602553191489362	9.828314532069127	MMP12
Reverse Cholesterol Transport (GO:0043691)	1/16	0.173035871976467	0.41833204254984807	0	0	5.602553191489362	9.828314532069127	APOA1
Endoplasmic Reticulum to Cytosol Transport (GO:1903513)	1/16	0.173035871976467	0.41833204254984807	0	0	5.602553191489362	9.828314532069127	HSP90B1
tRNA Wobble Uridine Modification (GO:0002098)	1/16	0.173035871976467	0.41833204254984807	0	0	5.602553191489362	9.828314532069127	DPH3
Protein Alkylation (GO:0008213)	1/16	0.173035871976467	0.41833204254984807	0	0	5.602553191489362	9.828314532069127	PRMT2
Male Meiosis I (GO:0007141)	1/16	0.173035871976467	0.41833204254984807	0	0	5.602553191489362	9.828314532069127	SYCP3
Mesenchyme Morphogenesis (GO:0072132)	1/16	0.173035871976467	0.41833204254984807	0	0	5.602553191489362	9.828314532069127	HEYL
Mesonephric Tubule Development (GO:0072164)	1/16	0.173035871976467	0.41833204254984807	0	0	5.602553191489362	9.828314532069127	BMP7
Regulation of DNA Strand Elongation (GO:0060382)	1/16	0.173035871976467	0.41833204254984807	0	0	5.602553191489362	9.828314532069127	NUCKS1
Cellular Response to Molecule of Bacterial Origin (GO:0071219)	3/123	0.17781679229851333	0.4218641310728132	0	0	2.107725321888412	3.6400448251346496	MMP3;B2M;MMP9
Regulation of Phosphorylation (GO:0042325)	2/65	0.17875472860252892	0.4218641310728132	0	0	2.6727716727716726	4.601819621243011	HSPB1;DYNLL1
Proteolysis (GO:0006508)	6/321	0.18011339113366734	0.4218641310728132	0	0	1.6106832298136646	2.760982738997743	MMP12;MMP26;PLAU;MMP3;KLKB1;MMP9
B Cell Proliferation (GO:0042100)	1/17	0.1828018474923215	0.4218641310728132	0	0	5.252127659574468	8.925216338896808	MS4A1
DNA Modification (GO:0006304)	1/17	0.1828018474923215	0.4218641310728132	0	0	5.252127659574468	8.925216338896808	UNG
Negative Regulation of Intracellular Protein Transport (GO:0090317)	1/17	0.1828018474923215	0.4218641310728132	0	0	5.252127659574468	8.925216338896808	CHORDC1
Negative Regulation of Ion Transmembrane Transporter Activity (GO:0032413)	1/17	0.1828018474923215	0.4218641310728132	0	0	5.252127659574468	8.925216338896808	MMP9
Regulation of mRNA Metabolic Process (GO:1903311)	1/17	0.1828018474923215	0.4218641310728132	0	0	5.252127659574468	8.925216338896808	SAFB
Neural Tube Development (GO:0021915)	1/17	0.1828018474923215	0.4218641310728132	0	0	5.252127659574468	8.925216338896808	HES5
Aromatic Amino Acid Family Catabolic Process (GO:0009074)	1/17	0.1828018474923215	0.4218641310728132	0	0	5.252127659574468	8.925216338896808	AMDHD1
Cell Junction Maintenance (GO:0034331)	1/17	0.1828018474923215	0.4218641310728132	0	0	5.252127659574468	8.925216338896808	CBLN3
Cellular Response to dsRNA (GO:0071359)	1/17	0.1828018474923215	0.4218641310728132	0	0	5.252127659574468	8.925216338896808	IFIT1
Positive Regulation by Host of Viral Transcription (GO:0043923)	1/17	0.1828018474923215	0.4218641310728132	0	0	5.252127659574468	8.925216338896808	NUCKS1
Contractile Actin Filament Bundle Assembly (GO:0030038)	1/17	0.1828018474923215	0.4218641310728132	0	0	5.252127659574468	8.925216338896808	MYL9
Positive Regulation of Cholesterol Metabolic Process (GO:0090205)	1/17	0.1828018474923215	0.4218641310728132	0	0	5.252127659574468	8.925216338896808	APOA1
Stress Fiber Assembly (GO:0043149)	1/17	0.1828018474923215	0.4218641310728132	0	0	5.252127659574468	8.925216338896808	MYL9
Immune Response-Regulating Cell Surface Receptor Signaling Pathway (GO:0002768)	1/17	0.1828018474923215	0.4218641310728132	0	0	5.252127659574468	8.925216338896808	NCR3
Positive Regulation of Smooth Muscle Cell Migration (GO:0014911)	1/17	0.1828018474923215	0.4218641310728132	0	0	5.252127659574468	8.925216338896808	S100A11
Leukotriene Biosynthetic Process (GO:0019370)	1/17	0.1828018474923215	0.4218641310728132	0	0	5.252127659574468	8.925216338896808	ALOX5
Long-Chain fatty-acyl-CoA Biosynthetic Process (GO:0035338)	1/17	0.1828018474923215	0.4218641310728132	0	0	5.252127659574468	8.925216338896808	ACSL6
rRNA Transcription (GO:0009303)	1/17	0.1828018474923215	0.4218641310728132	0	0	5.252127659574468	8.925216338896808	GTF3A
Motile Cilium Assembly (GO:0044458)	1/17	0.1828018474923215	0.4218641310728132	0	0	5.252127659574468	8.925216338896808	DYNLL1
Muscle Tissue Morphogenesis (GO:0060415)	1/17	0.1828018474923215	0.4218641310728132	0	0	5.252127659574468	8.925216338896808	TCAP
Negative Regulation of Blood Pressure (GO:0045776)	1/17	0.1828018474923215	0.4218641310728132	0	0	5.252127659574468	8.925216338896808	NPPA
Negative Regulation of Cation Transmembrane Transport (GO:1904063)	1/17	0.1828018474923215	0.4218641310728132	0	0	5.252127659574468	8.925216338896808	MMP9
Negative Regulation of Binding (GO:0051100)	2/66	0.18299296158077105	0.4218641310728132	0	0	2.630876068376069	4.468036790504324	IFIT1;IFIT2
Cellular Response to Lipopolysaccharide (GO:0071222)	3/125	0.1837004841127855	0.42274032974974346	0	0	2.072961373390558	3.5125266035874336	MMP3;B2M;MMP9
Regulation of Protein-Containing Complex Assembly (GO:0043254)	3/126	0.1866617176361257	0.4232654023478036	0	0	2.0560033497330683	3.4509138248845965	HSP90AA1;HSPA5;MMP3
Cholesterol Metabolic Process (GO:0008203)	2/68	0.19151255635963496	0.4232654023478036	0	0	2.550893550893551	4.216121717954221	APOA1;CYP46A1
Positive Regulation of Type I Interferon Production (GO:0032481)	2/68	0.19151255635963496	0.4232654023478036	0	0	2.550893550893551	4.216121717954221	HSP90AA1;ISG15
Regulation of T Cell Activation (GO:0050863)	2/68	0.19151255635963496	0.4232654023478036	0	0	2.550893550893551	4.216121717954221	TIGIT;B2M
Negative Regulation of Nervous System Development (GO:0051961)	1/18	0.19245297535101524	0.4232654023478036	0	0	4.942928660826032	8.145469138844097	B2M
Negative Regulation of Nucleocytoplasmic Transport (GO:0046823)	1/18	0.19245297535101524	0.4232654023478036	0	0	4.942928660826032	8.145469138844097	CHORDC1
Regulation of Oligodendrocyte Differentiation (GO:0048713)	1/18	0.19245297535101524	0.4232654023478036	0	0	4.942928660826032	8.145469138844097	HES5
Regulation of Oxidoreductase Activity (GO:0051341)	1/18	0.19245297535101524	0.4232654023478036	0	0	4.942928660826032	8.145469138844097	MT3
Nuclear-Transcribed mRNA poly(A) Tail Shortening (GO:0000289)	1/18	0.19245297535101524	0.4232654023478036	0	0	4.942928660826032	8.145469138844097	CNOT7
Nucleobase-Containing Small Molecule Metabolic Process (GO:0055086)	1/18	0.19245297535101524	0.4232654023478036	0	0	4.942928660826032	8.145469138844097	NUDT5
Nucleotide Biosynthetic Process (GO:0009165)	1/18	0.19245297535101524	0.4232654023478036	0	0	4.942928660826032	8.145469138844097	PRPS1L1
Pharyngeal System Development (GO:0060037)	1/18	0.19245297535101524	0.4232654023478036	0	0	4.942928660826032	8.145469138844097	BMP7
Regulation of Viral Entry Into Host Cell (GO:0046596)	1/18	0.19245297535101524	0.4232654023478036	0	0	4.942928660826032	8.145469138844097	NECTIN2
Positive Regulation by Host of Viral Process (GO:0044794)	1/18	0.19245297535101524	0.4232654023478036	0	0	4.942928660826032	8.145469138844097	NUCKS1
Response to Axon Injury (GO:0048678)	1/18	0.19245297535101524	0.4232654023478036	0	0	4.942928660826032	8.145469138844097	P2RX4
Positive Regulation of Antigen Receptor-Mediated Signaling Pathway (GO:0050857)	1/18	0.19245297535101524	0.4232654023478036	0	0	4.942928660826032	8.145469138844097	NECTIN2
Retrograde Protein Transport, ER to Cytosol (GO:0030970)	1/18	0.19245297535101524	0.4232654023478036	0	0	4.942928660826032	8.145469138844097	HSP90B1
Cyclic Nucleotide Biosynthetic Process (GO:0009190)	1/18	0.19245297535101524	0.4232654023478036	0	0	4.942928660826032	8.145469138844097	NPPA
Estrogen Receptor Signaling Pathway (GO:0030520)	1/18	0.19245297535101524	0.4232654023478036	0	0	4.942928660826032	8.145469138844097	SAFB
Ureteric Bud Development (GO:0001657)	1/18	0.19245297535101524	0.4232654023478036	0	0	4.942928660826032	8.145469138844097	BMP7
Positive Regulation of Potassium Ion Transmembrane Transport (GO:1901381)	1/18	0.19245297535101524	0.4232654023478036	0	0	4.942928660826032	8.145469138844097	NPPA
Intracellular Monoatomic Ion Homeostasis (GO:0006873)	1/18	0.19245297535101524	0.4232654023478036	0	0	4.942928660826032	8.145469138844097	MT3
Protein Localization to Chromosome, Centromeric Region (GO:0071459)	1/18	0.19245297535101524	0.4232654023478036	0	0	4.942928660826032	8.145469138844097	H4C15
Megakaryocyte Differentiation (GO:0030219)	1/18	0.19245297535101524	0.4232654023478036	0	0	4.942928660826032	8.145469138844097	GATA1
Mesenchyme Development (GO:0060485)	1/18	0.19245297535101524	0.4232654023478036	0	0	4.942928660826032	8.145469138844097	BMP7
Regulation of Acute Inflammatory Response (GO:0002673)	1/18	0.19245297535101524	0.4232654023478036	0	0	4.942928660826032	8.145469138844097	KLKB1
Regulation of Translational Initiation (GO:0006446)	2/69	0.19579207521696143	0.42679192341424105	0	0	2.5126929455287663	4.097453470886846	DNAJC3;HSPB1
Regulation of Programmed Cell Death (GO:0043067)	4/195	0.199292712429856	0.42679192341424105	0	0	1.766835168803033	2.8498708829448396	HSP90AA1;PLSCR3;CIDEB;CIDEC
Regulation of Cell Population Proliferation (GO:0042127)	12/769	0.1993253539327193	0.42679192341424105	0	0	1.3450886959803736	2.1693817068138	REG3A;TIPIN;CNOT7;EGR4;CXCR3;REG1B;REG1A;CDCA7;REG3G;IFIT3;S100A11;HES5
Fatty Acid Biosynthetic Process (GO:0006633)	2/70	0.20008354562409603	0.42679192341424105	0	0	2.4756158873805933	3.983316147336221	ALOX5;CYP3A4
DNA Replication Checkpoint Signaling (GO:0000076)	1/19	0.201990600469482	0.42679192341424105	0	0	4.6680851063829785	7.466761379349796	TIPIN
Negative Regulation of Lipid Catabolic Process (GO:0050995)	1/19	0.201990600469482	0.42679192341424105	0	0	4.6680851063829785	7.466761379349796	CIDEC
Regulation of Megakaryocyte Differentiation (GO:0045652)	1/19	0.201990600469482	0.42679192341424105	0	0	4.6680851063829785	7.466761379349796	H4C15
Negative Regulation of Reactive Oxygen Species Metabolic Process (GO:2000378)	1/19	0.201990600469482	0.42679192341424105	0	0	4.6680851063829785	7.466761379349796	MMP3
Alpha-Beta T Cell Activation (GO:0046631)	1/19	0.201990600469482	0.42679192341424105	0	0	4.6680851063829785	7.466761379349796	NCR3
Antigen Processing and Presentation of Peptide Antigen via MHC Class I (GO:0002474)	1/19	0.201990600469482	0.42679192341424105	0	0	4.6680851063829785	7.466761379349796	B2M
cGMP-mediated Signaling (GO:0019934)	1/19	0.201990600469482	0.42679192341424105	0	0	4.6680851063829785	7.466761379349796	NPPA
Nucleoside Phosphate Biosynthetic Process (GO:1901293)	1/19	0.201990600469482	0.42679192341424105	0	0	4.6680851063829785	7.466761379349796	DCK
Cardiac Epithelial to Mesenchymal Transition (GO:0060317)	1/19	0.201990600469482	0.42679192341424105	0	0	4.6680851063829785	7.466761379349796	HEYL
Phosphatidylcholine Biosynthetic Process (GO:0006656)	1/19	0.201990600469482	0.42679192341424105	0	0	4.6680851063829785	7.466761379349796	APOA1
Signaling Receptor Ligand Precursor Processing (GO:0140448)	1/19	0.201990600469482	0.42679192341424105	0	0	4.6680851063829785	7.466761379349796	MMP12
Detection of Mechanical Stimulus (GO:0050982)	1/19	0.201990600469482	0.42679192341424105	0	0	4.6680851063829785	7.466761379349796	TCAP
Skeletal Muscle Contraction (GO:0003009)	1/19	0.201990600469482	0.42679192341424105	0	0	4.6680851063829785	7.466761379349796	TCAP
Dopamine Metabolic Process (GO:0042417)	1/19	0.201990600469482	0.42679192341424105	0	0	4.6680851063829785	7.466761379349796	DAO
Glycoprotein Catabolic Process (GO:0006516)	1/19	0.201990600469482	0.42679192341424105	0	0	4.6680851063829785	7.466761379349796	MMP12
Positive Regulation of Small Molecule Metabolic Process (GO:0062013)	1/19	0.201990600469482	0.42679192341424105	0	0	4.6680851063829785	7.466761379349796	APOA1
Protein Localization to Endoplasmic Reticulum (GO:0070972)	1/19	0.201990600469482	0.42679192341424105	0	0	4.6680851063829785	7.466761379349796	HSPA5
Maintenance of Protein Localization in Organelle (GO:0072595)	1/19	0.201990600469482	0.42679192341424105	0	0	4.6680851063829785	7.466761379349796	HSPA5
Pulmonary Valve Morphogenesis (GO:0003184)	1/19	0.201990600469482	0.42679192341424105	0	0	4.6680851063829785	7.466761379349796	HEYL
Mitotic Sister Chromatid Cohesion (GO:0007064)	1/19	0.201990600469482	0.42679192341424105	0	0	4.6680851063829785	7.466761379349796	SMC1A
Cellular Response to Reactive Oxygen Species (GO:0034614)	2/71	0.20438609451474413	0.43114779087995864	0	0	2.4396135265700485	3.873482846023512	MMP3;MT3
Kidney Development (GO:0001822)	2/72	0.20869886759481684	0.43118186926937385	0	0	2.4046398046398045	3.7677408758923696	MMP12;BMP7
Negative Regulation of Phosphate Metabolic Process (GO:0045936)	1/20	0.21141605208947611	0.43118186926937385	0	0	4.422172452407615	6.871734393514913	DYNLL1
Regulation of Nuclear-Transcribed mRNA Catabolic Process, Deadenylation-Dependent Decay (GO:1900151)	1/20	0.21141605208947611	0.43118186926937385	0	0	4.422172452407615	6.871734393514913	CNOT7
Atrioventricular Valve Morphogenesis (GO:0003181)	1/20	0.21141605208947611	0.43118186926937385	0	0	4.422172452407615	6.871734393514913	HEYL
Binding of Sperm to Zona Pellucida (GO:0007339)	1/20	0.21141605208947611	0.43118186926937385	0	0	4.422172452407615	6.871734393514913	PRSS55
Nucleosome Disassembly (GO:0006337)	1/20	0.21141605208947611	0.43118186926937385	0	0	4.422172452407615	6.871734393514913	H2BC1
Oligodendrocyte Differentiation (GO:0048709)	1/20	0.21141605208947611	0.43118186926937385	0	0	4.422172452407615	6.871734393514913	HES5
Cardiac Ventricle Development (GO:0003231)	1/20	0.21141605208947611	0.43118186926937385	0	0	4.422172452407615	6.871734393514913	HEYL
Positive Regulation of Blood Coagulation (GO:0030194)	1/20	0.21141605208947611	0.43118186926937385	0	0	4.422172452407615	6.871734393514913	PLAU
Endocardial Cushion Morphogenesis (GO:0003203)	1/20	0.21141605208947611	0.43118186926937385	0	0	4.422172452407615	6.871734393514913	HEYL
Energy Reserve Metabolic Process (GO:0006112)	1/20	0.21141605208947611	0.43118186926937385	0	0	4.422172452407615	6.871734393514913	MT3
Positive Regulation of Macrophage Migration (GO:1905523)	1/20	0.21141605208947611	0.43118186926937385	0	0	4.422172452407615	6.871734393514913	P2RX4
Xenobiotic Transport (GO:0042908)	1/20	0.21141605208947611	0.43118186926937385	0	0	4.422172452407615	6.871734393514913	SLC47A1
Heart Trabecula Morphogenesis (GO:0061384)	1/20	0.21141605208947611	0.43118186926937385	0	0	4.422172452407615	6.871734393514913	BMP7
Positive Regulation of Protein Processing (GO:0010954)	1/20	0.21141605208947611	0.43118186926937385	0	0	4.422172452407615	6.871734393514913	KLKB1
Positive Regulation of Protein Targeting to Membrane (GO:0090314)	1/20	0.21141605208947611	0.43118186926937385	0	0	4.422172452407615	6.871734393514913	CHORDC1
High-Density Lipoprotein Particle Remodeling (GO:0034375)	1/20	0.21141605208947611	0.43118186926937385	0	0	4.422172452407615	6.871734393514913	APOA1
Positive Regulation of Release of Cytochrome C From Mitochondria (GO:0090200)	1/20	0.21141605208947611	0.43118186926937385	0	0	4.422172452407615	6.871734393514913	MMP9
Leukotriene Metabolic Process (GO:0006691)	1/20	0.21141605208947611	0.43118186926937385	0	0	4.422172452407615	6.871734393514913	ALOX5
Protein Heterooligomerization (GO:0051291)	1/20	0.21141605208947611	0.43118186926937385	0	0	4.422172452407615	6.871734393514913	MAT2A
Purine Nucleotide Biosynthetic Process (GO:0006164)	1/20	0.21141605208947611	0.43118186926937385	0	0	4.422172452407615	6.871734393514913	PRPS1L1
DNA Replication (GO:0006260)	2/73	0.21302102897214484	0.4317270775557911	0	0	2.3706512579752017	3.665890687809901	CHEK1;MCM5
Neuropeptide Signaling Pathway (GO:0007218)	2/73	0.21302102897214484	0.4317270775557911	0	0	2.3706512579752017	3.665890687809901	NPPA;KISS1R
Positive Regulation of Cell-Substrate Adhesion (GO:0010811)	2/73	0.21302102897214484	0.4317270775557911	0	0	2.3706512579752017	3.665890687809901	AGR2;APOA1
Regulation of DNA Replication (GO:0006275)	2/73	0.21302102897214484	0.4317270775557911	0	0	2.3706512579752017	3.665890687809901	NUCKS1;S100A11
Adenylate Cyclase-Modulating G Protein-Coupled Receptor Signaling Pathway (GO:0007188)	4/202	0.2164192192117142	0.4350584141795706	0	0	1.7037617554858937	2.6076719778308024	CXCR3;TAAR5;PRKACB;RXFP2
Myeloid Leukocyte Differentiation (GO:0002573)	2/74	0.21735176095545983	0.4350584141795706	0	0	2.3376068376068377	3.5677448980606132	MT1G;MMP9
DNA Replication Initiation (GO:0006270)	1/21	0.22073064390985184	0.4350584141795706	0	0	4.200851063829787	6.346696729484819	MCM5
Negative Regulation of Leukocyte Cell-Cell Adhesion (GO:1903038)	1/21	0.22073064390985184	0.4350584141795706	0	0	4.200851063829787	6.346696729484819	TIGIT
RNA-templated DNA Biosynthetic Process (GO:0006278)	1/21	0.22073064390985184	0.4350584141795706	0	0	4.200851063829787	6.346696729484819	HSP90AA1
Regulation of Membrane Depolarization (GO:0003254)	1/21	0.22073064390985184	0.4350584141795706	0	0	4.200851063829787	6.346696729484819	B2M
Antigen Processing and Presentation of Endogenous Peptide Antigen (GO:0002483)	1/21	0.22073064390985184	0.4350584141795706	0	0	4.200851063829787	6.346696729484819	B2M
Regulation of Oxidative Stress-Induced Intrinsic Apoptotic Signaling Pathway (GO:1902175)	1/21	0.22073064390985184	0.4350584141795706	0	0	4.200851063829787	6.346696729484819	HSPB1
Regulation of Transcription Regulatory Region DNA Binding (GO:2000677)	1/21	0.22073064390985184	0.4350584141795706	0	0	4.200851063829787	6.346696729484819	GATA1
Cellular Response to pH (GO:0071467)	1/21	0.22073064390985184	0.4350584141795706	0	0	4.200851063829787	6.346696729484819	CHORDC1
Response to BMP (GO:0071772)	1/21	0.22073064390985184	0.4350584141795706	0	0	4.200851063829787	6.346696729484819	BMP7
Telomere Maintenance via Telomerase (GO:0007004)	1/21	0.22073064390985184	0.4350584141795706	0	0	4.200851063829787	6.346696729484819	HSP90AA1
Positive Regulation of Leukocyte Activation (GO:0002696)	1/21	0.22073064390985184	0.4350584141795706	0	0	4.200851063829787	6.346696729484819	NECTIN2
Positive Regulation of Vascular Associated Smooth Muscle Cell Proliferation (GO:1904707)	1/21	0.22073064390985184	0.4350584141795706	0	0	4.200851063829787	6.346696729484819	MMP9
Pulmonary Valve Development (GO:0003177)	1/21	0.22073064390985184	0.4350584141795706	0	0	4.200851063829787	6.346696729484819	HEYL
Negative Regulation of ERBB Signaling Pathway (GO:1901185)	1/21	0.22073064390985184	0.4350584141795706	0	0	4.200851063829787	6.346696729484819	NPPA
Regulation of Cardiac Muscle Cell Membrane Repolarization (GO:0099623)	1/21	0.22073064390985184	0.4350584141795706	0	0	4.200851063829787	6.346696729484819	NPPA
Negative Regulation of Cation Channel Activity (GO:2001258)	1/21	0.22073064390985184	0.4350584141795706	0	0	4.200851063829787	6.346696729484819	MMP9
Lymphocyte Differentiation (GO:0030098)	2/76	0.2260357547639607	0.44173654104452137	0	0	2.2741972741972742	3.381872540958347	DNAJB9;MS4A1
Negative Regulation of Myeloid Cell Differentiation (GO:0045638)	1/22	0.22993567434695455	0.44173654104452137	0	0	4.000607902735562	5.880716333795229	H4C15
Alpha-Amino Acid Catabolic Process (GO:1901606)	1/22	0.22993567434695455	0.44173654104452137	0	0	4.000607902735562	5.880716333795229	DAO
Negative Regulation of Tumor Necrosis Factor-Mediated Signaling Pathway (GO:0010804)	1/22	0.22993567434695455	0.44173654104452137	0	0	4.000607902735562	5.880716333795229	APOA1
Nitric Oxide Metabolic Process (GO:0046209)	1/22	0.22993567434695455	0.44173654104452137	0	0	4.000607902735562	5.880716333795229	HSP90AA1
Renal Absorption (GO:0070293)	1/22	0.22993567434695455	0.44173654104452137	0	0	4.000607902735562	5.880716333795229	HBB
Positive Regulation of Cholesterol Efflux (GO:0010875)	1/22	0.22993567434695455	0.44173654104452137	0	0	4.000607902735562	5.880716333795229	APOA1
Endocardial Cushion Development (GO:0003197)	1/22	0.22993567434695455	0.44173654104452137	0	0	4.000607902735562	5.880716333795229	HEYL
Thioester Metabolic Process (GO:0035383)	1/22	0.22993567434695455	0.44173654104452137	0	0	4.000607902735562	5.880716333795229	ACSL6
Hexose Transmembrane Transport (GO:0008645)	1/22	0.22993567434695455	0.44173654104452137	0	0	4.000607902735562	5.880716333795229	SLC5A9
Positive Regulation of Telomere Maintenance via Telomerase (GO:0032212)	1/22	0.22993567434695455	0.44173654104452137	0	0	4.000607902735562	5.880716333795229	HSP90AA1
Intracellular Protein Transmembrane Transport (GO:0065002)	1/22	0.22993567434695455	0.44173654104452137	0	0	4.000607902735562	5.880716333795229	HSPA5
Mammary Gland Development (GO:0030879)	1/22	0.22993567434695455	0.44173654104452137	0	0	4.000607902735562	5.880716333795229	PRL
protein-DNA Complex Disassembly (GO:0032986)	1/22	0.22993567434695455	0.44173654104452137	0	0	4.000607902735562	5.880716333795229	H2BC1
Modulation by Host of Viral Process (GO:0044788)	1/22	0.22993567434695455	0.44173654104452137	0	0	4.000607902735562	5.880716333795229	NUCKS1
Regulation of Biosynthetic Process (GO:0009889)	1/22	0.22993567434695455	0.44173654104452137	0	0	4.000607902735562	5.880716333795229	ALOX5
Negative Regulation of Cell Development (GO:0010721)	1/22	0.22993567434695455	0.44173654104452137	0	0	4.000607902735562	5.880716333795229	B2M
Protein Homooligomerization (GO:0051260)	3/143	0.23865013676913988	0.45115623215503525	0	0	1.804782342121398	2.585813924920054	AQP10;AQP5;B2M
Negative Regulation of Oxidative Stress-Induced Intrinsic Apoptotic Signaling Pathway (GO:1902176)	1/23	0.23903242664139743	0.45115623215503525	0	0	3.818568665377176	5.464967685713311	HSPB1
Positive Regulation of BMP Signaling Pathway (GO:0030513)	1/23	0.23903242664139743	0.45115623215503525	0	0	3.818568665377176	5.464967685713311	HES5
Cholesterol Efflux (GO:0033344)	1/23	0.23903242664139743	0.45115623215503525	0	0	3.818568665377176	5.464967685713311	APOA1
Retinol Metabolic Process (GO:0042572)	1/23	0.23903242664139743	0.45115623215503525	0	0	3.818568665377176	5.464967685713311	CYP3A4
Translesion Synthesis (GO:0019985)	1/23	0.23903242664139743	0.45115623215503525	0	0	3.818568665377176	5.464967685713311	POLN
Glial Cell Development (GO:0021782)	1/23	0.23903242664139743	0.45115623215503525	0	0	3.818568665377176	5.464967685713311	HES5
Immune Response-Activating Cell Surface Receptor Signaling Pathway (GO:0002429)	1/23	0.23903242664139743	0.45115623215503525	0	0	3.818568665377176	5.464967685713311	NCR3
Positive Regulation of Tyrosine Phosphorylation of STAT Protein (GO:0042531)	1/23	0.23903242664139743	0.45115623215503525	0	0	3.818568665377176	5.464967685713311	HES5
Postreplication Repair (GO:0006301)	1/23	0.23903242664139743	0.45115623215503525	0	0	3.818568665377176	5.464967685713311	POLN
Long-Chain fatty-acyl-CoA Metabolic Process (GO:0035336)	1/23	0.23903242664139743	0.45115623215503525	0	0	3.818568665377176	5.464967685713311	ACSL6
Modulation by Host of Viral Genome Replication (GO:0044827)	1/23	0.23903242664139743	0.45115623215503525	0	0	3.818568665377176	5.464967685713311	NUCKS1
Protein Stabilization (GO:0050821)	4/212	0.24154017673583827	0.4552238951327989	0	0	1.6210212201591512	2.3030163867675473	HSP90AA1;CHORDC1;APOA1;MT3
Negative Regulation of Extrinsic Apoptotic Signaling Pathway in Absence of Ligand (GO:2001240)	1/24	0.2480221691005868	0.46137841543063046	0	0	3.652358926919519	5.092254483797852	GATA1
Negative Regulation of Signal Transduction in Absence of Ligand (GO:1901099)	1/24	0.2480221691005868	0.46137841543063046	0	0	3.652358926919519	5.092254483797852	GATA1
Regulation of Ruffle Assembly (GO:1900027)	1/24	0.2480221691005868	0.46137841543063046	0	0	3.652358926919519	5.092254483797852	P2RX4
Macrophage Differentiation (GO:0030225)	1/24	0.2480221691005868	0.46137841543063046	0	0	3.652358926919519	5.092254483797852	MMP9
Male Gamete Generation (GO:0048232)	1/24	0.2480221691005868	0.46137841543063046	0	0	3.652358926919519	5.092254483797852	HSPA2
Metanephros Development (GO:0001656)	1/24	0.2480221691005868	0.46137841543063046	0	0	3.652358926919519	5.092254483797852	BMP7
Purine-Containing Compound Biosynthetic Process (GO:0072522)	1/24	0.2480221691005868	0.46137841543063046	0	0	3.652358926919519	5.092254483797852	PRPS1L1
Negative Regulation of DNA Binding (GO:0043392)	1/24	0.2480221691005868	0.46137841543063046	0	0	3.652358926919519	5.092254483797852	GATA1
Regulation of Cholesterol Metabolic Process (GO:0090181)	1/24	0.2480221691005868	0.46137841543063046	0	0	3.652358926919519	5.092254483797852	APOA1
Regulation of Interleukin-1 Beta Production (GO:0032651)	2/82	0.2522137801139841	0.4638683166720205	0	0	2.102991452991453	2.896824917699115	HSPB1;APOA1
Cellular Response to Cytokine Stimulus (GO:0071345)	5/289	0.25623332689089545	0.4638683166720205	0	0	1.4846655691726114	2.0216198390504063	GBP6;MMP12;MT2A;MT1X;IFIT1
Regulation of Protein Kinase Activity (GO:0045859)	2/83	0.2565876949231238	0.4638683166720205	0	0	2.076923076923077	2.8252068554715324	CHORDC1;HSPB1
Negative Regulation of Epidermal Growth Factor Receptor Signaling Pathway (GO:0042059)	1/25	0.25690615524438004	0.4638683166720205	0	0	3.5	4.756655454121389	NPPA
Negative Regulation of Non-Canonical NF-kappaB Signal Transduction (GO:1901223)	1/25	0.25690615524438004	0.4638683166720205	0	0	3.5	4.756655454121389	BMP7
Non-Canonical NF-kappaB Signal Transduction (GO:0038061)	1/25	0.25690615524438004	0.4638683166720205	0	0	3.5	4.756655454121389	ZFP91
Bile Acid Biosynthetic Process (GO:0006699)	1/25	0.25690615524438004	0.4638683166720205	0	0	3.5	4.756655454121389	CYP46A1
Regulation of Protein Processing (GO:0070613)	1/25	0.25690615524438004	0.4638683166720205	0	0	3.5	4.756655454121389	PLAU
Regulation of Protein Targeting to Membrane (GO:0090313)	1/25	0.25690615524438004	0.4638683166720205	0	0	3.5	4.756655454121389	CHORDC1
Cardiac Conduction System Development (GO:0003161)	1/25	0.25690615524438004	0.4638683166720205	0	0	3.5	4.756655454121389	NPPA
Cardiac Muscle Cell Development (GO:0055013)	1/25	0.25690615524438004	0.4638683166720205	0	0	3.5	4.756655454121389	TCAP
Regulation of Toll-Like Receptor Signaling Pathway (GO:0034121)	1/25	0.25690615524438004	0.4638683166720205	0	0	3.5	4.756655454121389	HSP90B1
Response to Purine-Containing Compound (GO:0014074)	1/25	0.25690615524438004	0.4638683166720205	0	0	3.5	4.756655454121389	P2RX4
Dopaminergic Neuron Differentiation (GO:0071542)	1/25	0.25690615524438004	0.4638683166720205	0	0	3.5	4.756655454121389	MANF
Sulfur Compound Transport (GO:0072348)	1/25	0.25690615524438004	0.4638683166720205	0	0	3.5	4.756655454121389	SLC13A1
Icosanoid Biosynthetic Process (GO:0046456)	1/25	0.25690615524438004	0.4638683166720205	0	0	3.5	4.756655454121389	ALOX5
Positive Regulation of Telomere Maintenance via Telomere Lengthening (GO:1904358)	1/25	0.25690615524438004	0.4638683166720205	0	0	3.5	4.756655454121389	HSP90AA1
Lymphocyte Proliferation (GO:0046651)	1/25	0.25690615524438004	0.4638683166720205	0	0	3.5	4.756655454121389	MS4A1
Protein Export From Nucleus (GO:0006611)	1/25	0.25690615524438004	0.4638683166720205	0	0	3.5	4.756655454121389	CHORDC1
Meiosis I (GO:0007127)	1/25	0.25690615524438004	0.4638683166720205	0	0	3.5	4.756655454121389	SYCP3
Negative Regulation of Axonogenesis (GO:0050771)	1/25	0.25690615524438004	0.4638683166720205	0	0	3.5	4.756655454121389	MT3
Cellular Response to Growth Factor Stimulus (GO:0071363)	3/150	0.2607439498728135	0.4641409208191627	0	0	1.7182272050451082	2.309669167602734	MT1G;HSPB1;BMP7
+ Reg of Transmembrane Receptor Prot Serine/Threonine Kinase Sgnlng Pway (GO:0090100)	2/84	0.26096293544748667	0.4641409208191627	0	0	2.051490514905149	2.755924950903289	BMP7;HES5
Defense Response to Bacterium (GO:0042742)	4/221	0.2646889759436682	0.4641409208191627	0	0	1.5530748450659464	2.0643468013661352	GBP6;ISG15;REG3G;B2M
Actomyosin Structure Organization (GO:0031032)	2/85	0.2653388641751799	0.4641409208191627	0	0	2.0266707857069304	2.6888804735338745	TCAP;MYL9
Positive Regulation of Endocytosis (GO:0045807)	2/85	0.2653388641751799	0.4641409208191627	0	0	2.0266707857069304	2.6888804735338745	APOA1;B2M
GPI Anchor Biosynthetic Process (GO:0006506)	1/26	0.26568562392359507	0.4641409208191627	0	0	3.3598297872340424	4.453257947514677	PIGP
GPI Anchor Metabolic Process (GO:0006505)	1/26	0.26568562392359507	0.4641409208191627	0	0	3.3598297872340424	4.453257947514677	PIGP
Regulation of Glycogen Biosynthetic Process (GO:0005979)	1/26	0.26568562392359507	0.4641409208191627	0	0	3.3598297872340424	4.453257947514677	PPP1R3B
Regulation of Lipid Catabolic Process (GO:0050994)	1/26	0.26568562392359507	0.4641409208191627	0	0	3.3598297872340424	4.453257947514677	CIDEC
Negative Regulation of Protein Localization to Nucleus (GO:1900181)	1/26	0.26568562392359507	0.4641409208191627	0	0	3.3598297872340424	4.453257947514677	CHORDC1
Actin Filament Polymerization (GO:0030041)	1/26	0.26568562392359507	0.4641409208191627	0	0	3.3598297872340424	4.453257947514677	MSRB1
Acylglycerol Homeostasis (GO:0055090)	1/26	0.26568562392359507	0.4641409208191627	0	0	3.3598297872340424	4.453257947514677	APOA1
Amyloid Fibril Formation (GO:1990000)	1/26	0.26568562392359507	0.4641409208191627	0	0	3.3598297872340424	4.453257947514677	B2M
Regulation of Vascular Endothelial Growth Factor Receptor Signaling Pathway (GO:0030947)	1/26	0.26568562392359507	0.4641409208191627	0	0	3.3598297872340424	4.453257947514677	MT3
Cellular Response to Topologically Incorrect Protein (GO:0035967)	1/26	0.26568562392359507	0.4641409208191627	0	0	3.3598297872340424	4.453257947514677	DNAJC18
Positive Regulation of Rho Protein Signal Transduction (GO:0035025)	1/26	0.26568562392359507	0.4641409208191627	0	0	3.3598297872340424	4.453257947514677	APOA1
Diterpenoid Metabolic Process (GO:0016101)	1/26	0.26568562392359507	0.4641409208191627	0	0	3.3598297872340424	4.453257947514677	RDH5
Sterol Transport (GO:0015918)	1/26	0.26568562392359507	0.4641409208191627	0	0	3.3598297872340424	4.453257947514677	APOA1
Fat-Soluble Vitamin Metabolic Process (GO:0006775)	1/26	0.26568562392359507	0.4641409208191627	0	0	3.3598297872340424	4.453257947514677	CYP3A4
Fatty Acid Derivative Biosynthetic Process (GO:1901570)	1/26	0.26568562392359507	0.4641409208191627	0	0	3.3598297872340424	4.453257947514677	ALOX5
fatty-acyl-CoA Biosynthetic Process (GO:0046949)	1/26	0.26568562392359507	0.4641409208191627	0	0	3.3598297872340424	4.453257947514677	ACSL6
Protein Exit From Endoplasmic Reticulum (GO:0032527)	1/26	0.26568562392359507	0.4641409208191627	0	0	3.3598297872340424	4.453257947514677	HSP90B1
Macromolecule Methylation (GO:0043414)	1/26	0.26568562392359507	0.4641409208191627	0	0	3.3598297872340424	4.453257947514677	PRMT2
Myeloid Cell Development (GO:0061515)	1/26	0.26568562392359507	0.4641409208191627	0	0	3.3598297872340424	4.453257947514677	GATA1
Integrin-Mediated Signaling Pathway (GO:0007229)	2/86	0.2697148583136167	0.46728375103305	0	0	2.0024420024420024	2.6239798921771653	APOA1;ISG15
Adenylate Cyclase-Activating G Protein-Coupled Receptor Signaling Pathway (GO:0007189)	3/153	0.27029540888509695	0.46728375103305	0	0	1.6836051502145923	2.2025592836849865	CXCR3;TAAR5;RXFP2
Negative Regulation of Response to External Stimulus (GO:0032102)	3/154	0.27348820140615665	0.46728375103305	0	0	1.6723701787795242	2.1682225807435684	MMP26;ALOX5;APOA1
Defense Response to Gram-negative Bacterium (GO:0050829)	2/87	0.2740903096101345	0.46728375103305	0	0	1.978783308195073	2.5611345456490384	DAO;B2M
DNA Synthesis Involved in DNA Repair (GO:0000731)	1/27	0.2743617995995754	0.46728375103305	0	0	3.2304418985270047	4.177955081688218	POLN
ER-nucleus Signaling Pathway (GO:0006984)	1/27	0.2743617995995754	0.46728375103305	0	0	3.2304418985270047	4.177955081688218	MANF
Negative Regulation of Lymphocyte Activation (GO:0051250)	1/27	0.2743617995995754	0.46728375103305	0	0	3.2304418985270047	4.177955081688218	TIGIT
Negative Regulation of Neurogenesis (GO:0050768)	1/27	0.2743617995995754	0.46728375103305	0	0	3.2304418985270047	4.177955081688218	B2M
Regulation of Microtubule Polymerization or Depolymerization (GO:0031110)	1/27	0.2743617995995754	0.46728375103305	0	0	3.2304418985270047	4.177955081688218	FKBP4
Regulation of Myelination (GO:0031641)	1/27	0.2743617995995754	0.46728375103305	0	0	3.2304418985270047	4.177955081688218	HES5
Regulation of Reactive Oxygen Species Biosynthetic Process (GO:1903426)	1/27	0.2743617995995754	0.46728375103305	0	0	3.2304418985270047	4.177955081688218	ALOX5
Calcium Ion Import Into Cytosol (GO:1902656)	1/27	0.2743617995995754	0.46728375103305	0	0	3.2304418985270047	4.177955081688218	MS4A1
Cardiac Muscle Cell Differentiation (GO:0055007)	1/27	0.2743617995995754	0.46728375103305	0	0	3.2304418985270047	4.177955081688218	TCAP
Positive Regulation of DNA Binding (GO:0043388)	1/27	0.2743617995995754	0.46728375103305	0	0	3.2304418985270047	4.177955081688218	MMP9
Positive Regulation of Erythrocyte Differentiation (GO:0045648)	1/27	0.2743617995995754	0.46728375103305	0	0	3.2304418985270047	4.177955081688218	GATA1
Wound Healing, Spreading of Cells (GO:0044319)	1/27	0.2743617995995754	0.46728375103305	0	0	3.2304418985270047	4.177955081688218	MMP12
mRNA 3'-End Processing (GO:0031124)	1/27	0.2743617995995754	0.46728375103305	0	0	3.2304418985270047	4.177955081688218	SSU72
miRNA-mediated Post-Transcriptional Gene Silencing (GO:0035195)	1/27	0.2743617995995754	0.46728375103305	0	0	3.2304418985270047	4.177955081688218	CNOT7
Regulation of Cation Channel Activity (GO:2001257)	1/27	0.2743617995995754	0.46728375103305	0	0	3.2304418985270047	4.177955081688218	MMP9
Positive Regulation of Endothelial Cell Migration (GO:0010595)	2/88	0.2784646239479264	0.47364667920523457	0	0	1.9556748161399324	2.5002603394251577	P2RX4;HSPB1
Regulation of Extrinsic Apoptotic Signaling Pathway in Absence of Ligand (GO:2001239)	1/28	0.28293589245138157	0.4737616564912238	0	0	3.1106382978723404	3.927289522583592	GATA1
Negative Regulation of Protein Transport (GO:0051224)	1/28	0.28293589245138157	0.4737616564912238	0	0	3.1106382978723404	3.927289522583592	DPH3
Regulation of Monoatomic Ion Transport (GO:0043269)	1/28	0.28293589245138157	0.4737616564912238	0	0	3.1106382978723404	3.927289522583592	KCNJ1
Amino Acid Import Across Plasma Membrane (GO:0089718)	1/28	0.28293589245138157	0.4737616564912238	0	0	3.1106382978723404	3.927289522583592	SLC47A1
Regulation of Protein Modification by Small Protein Conjugation or Removal (GO:1903320)	1/28	0.28293589245138157	0.4737616564912238	0	0	3.1106382978723404	3.927289522583592	HSP90AA1
Regulation of Striated Muscle Contraction (GO:0006942)	1/28	0.28293589245138157	0.4737616564912238	0	0	3.1106382978723404	3.927289522583592	P2RX4
Positive Regulation of Cholesterol Transport (GO:0032376)	1/28	0.28293589245138157	0.4737616564912238	0	0	3.1106382978723404	3.927289522583592	APOA1
Telomere Maintenance via Telomere Lengthening (GO:0010833)	1/28	0.28293589245138157	0.4737616564912238	0	0	3.1106382978723404	3.927289522583592	HSP90AA1
Ventricular Septum Morphogenesis (GO:0060412)	1/28	0.28293589245138157	0.4737616564912238	0	0	3.1106382978723404	3.927289522583592	HEYL
Glial Cell Differentiation (GO:0010001)	1/28	0.28293589245138157	0.4737616564912238	0	0	3.1106382978723404	3.927289522583592	HES5
Membrane Fusion (GO:0061025)	1/28	0.28293589245138157	0.4737616564912238	0	0	3.1106382978723404	3.927289522583592	CHORDC1
Regulation of Calcium Ion Transmembrane Transport (GO:1903169)	1/28	0.28293589245138157	0.4737616564912238	0	0	3.1106382978723404	3.927289522583592	NPPA
DNA Metabolic Process (GO:0006259)	5/302	0.28545855857090974	0.4773665791645654	0	0	1.418732782369146	1.77860629024491	CHEK1;NABP1;MCM5;SMC1A;DCTPP1
Protein Maturation (GO:0051604)	3/158	0.2862970246169551	0.4781493645284464	0	0	1.628879966772809	2.03728164486019	MMP12;DNAJB11;KLK10
Chloride Transport (GO:0006821)	2/90	0.2872075351461623	0.4790502944104594	0	0	1.911033411033411	2.384110124787582	CLIC4;ANO9
Negative Regulation of Cytoskeleton Organization (GO:0051494)	1/29	0.2914090984569289	0.4795201802804443	0	0	2.9993920972644377	3.698331926770984	FKBP4
Regulation of Long-Term Synaptic Potentiation (GO:1900271)	1/29	0.2914090984569289	0.4795201802804443	0	0	2.9993920972644377	3.698331926770984	CYP46A1
Regulation of Monoatomic Ion Transmembrane Transport (GO:0034765)	1/29	0.2914090984569289	0.4795201802804443	0	0	2.9993920972644377	3.698331926770984	KCNJ1
Negative Regulation of Wound Healing (GO:0061045)	1/29	0.2914090984569289	0.4795201802804443	0	0	2.9993920972644377	3.698331926770984	ALOX5
Camera-Type Eye Development (GO:0043010)	1/29	0.2914090984569289	0.4795201802804443	0	0	2.9993920972644377	3.698331926770984	HES5
Positive Regulation of Defense Response to Virus by Host (GO:0002230)	1/29	0.2914090984569289	0.4795201802804443	0	0	2.9993920972644377	3.698331926770984	HSP90AA1
Vascular Endothelial Growth Factor Receptor Signaling Pathway (GO:0048010)	1/29	0.2914090984569289	0.4795201802804443	0	0	2.9993920972644377	3.698331926770984	HSPB1
Protein Methylation (GO:0006479)	1/29	0.2914090984569289	0.4795201802804443	0	0	2.9993920972644377	3.698331926770984	PRMT2
Regulation of Blood Coagulation (GO:0030193)	1/29	0.2914090984569289	0.4795201802804443	0	0	2.9993920972644377	3.698331926770984	PLAU
Regulation of Epithelial to Mesenchymal Transition (GO:0010717)	2/91	0.2915750127963972	0.4795201802804443	0	0	1.8894650917122828	2.3286863160750104	GLIPR2;ZNF750
Calcium-Mediated Signaling (GO:0019722)	2/91	0.2915750127963972	0.4795201802804443	0	0	1.8894650917122828	2.3286863160750104	P2RX4;CXCR3
Skeletal System Development (GO:0001501)	3/160	0.29272033156109106	0.4807912825004689	0	0	1.6079658839288156	1.975446589058083	DLX4;BMP7;HES5
Response to Lipopolysaccharide (GO:0032496)	3/161	0.29593580280747095	0.4831702075504531	0	0	1.5977073939262236	1.945388862598603	MMP3;B2M;MMP9
Glucose Homeostasis (GO:0042593)	2/92	0.295939114542748	0.4831702075504531	0	0	1.8683760683760684	2.2749375780199768	ALOX5;NUCKS1
Positive Regulation of Response to Stimulus (GO:0048584)	2/92	0.295939114542748	0.4831702075504531	0	0	1.8683760683760684	2.2749375780199768	REG3A;B2M
GPI Anchored Protein Biosynthesis (GO:0180046)	1/30	0.2997825997272757	0.4831702075504531	0	0	2.8958180484225973	3.4885854427489353	PIGP
L-amino Acid Transport (GO:0015807)	1/30	0.2997825997272757	0.4831702075504531	0	0	2.8958180484225973	3.4885854427489353	SLC47A1
Regulation of Mitochondrion Organization (GO:0010821)	1/30	0.2997825997272757	0.4831702075504531	0	0	2.8958180484225973	3.4885854427489353	PLSCR3
Regulation of Muscle Contraction (GO:0006937)	1/30	0.2997825997272757	0.4831702075504531	0	0	2.8958180484225973	3.4885854427489353	MYL9
Cardiac Muscle Tissue Morphogenesis (GO:0055008)	1/30	0.2997825997272757	0.4831702075504531	0	0	2.8958180484225973	3.4885854427489353	TCAP
Regulation of Transmembrane Transport (GO:0034762)	1/30	0.2997825997272757	0.4831702075504531	0	0	2.8958180484225973	3.4885854427489353	KCNJ1
Positive Regulation of Calcium Ion Transport (GO:0051928)	1/30	0.2997825997272757	0.4831702075504531	0	0	2.8958180484225973	3.4885854427489353	P2RX4
Positive Regulation of Calcium-Mediated Signaling (GO:0050850)	1/30	0.2997825997272757	0.4831702075504531	0	0	2.8958180484225973	3.4885854427489353	P2RX4
Positive Regulation of Catalytic Activity (GO:0043085)	1/30	0.2997825997272757	0.4831702075504531	0	0	2.8958180484225973	3.4885854427489353	APOA1
Very Long-Chain Fatty Acid Metabolic Process (GO:0000038)	1/30	0.2997825997272757	0.4831702075504531	0	0	2.8958180484225973	3.4885854427489353	ACSL6
Mitotic G2 DNA Damage Checkpoint Signaling (GO:0007095)	1/30	0.2997825997272757	0.4831702075504531	0	0	2.8958180484225973	3.4885854427489353	CHEK1
Negative Regulation of Cell-Matrix Adhesion (GO:0001953)	1/30	0.2997825997272757	0.4831702075504531	0	0	2.8958180484225973	3.4885854427489353	MMP12
Positive Regulation of Cellular Component Biogenesis (GO:0044089)	2/93	0.30029931384556335	0.48339951892097544	0	0	1.8477505400582324	2.2227987940521032	MMP3;BMP7
Positive Regulation of Phosphorylation (GO:0042327)	2/94	0.30465509692345155	0.48917874033002734	0	0	1.827573392790784	2.1722079941721244	MMP9;MT3
Lipid Biosynthetic Process (GO:0008610)	2/94	0.30465509692345155	0.48917874033002734	0	0	1.827573392790784	2.1722079941721244	HSD3B2;HSD3B1
Negative Regulation of Intracellular Steroid Hormone Receptor Signaling Pathway (GO:0033144)	1/31	0.30805756459203115	0.48917874033002734	0	0	2.7991489361702127	3.2959100222987776	HEYL
Regulation of Immunoglobulin Production (GO:0002637)	1/31	0.30805756459203115	0.48917874033002734	0	0	2.7991489361702127	3.2959100222987776	DNAJB9
acyl-CoA Metabolic Process (GO:0006637)	1/31	0.30805756459203115	0.48917874033002734	0	0	2.7991489361702127	3.2959100222987776	ACSL6
Regulation of Protein Modification Process (GO:0031399)	1/31	0.30805756459203115	0.48917874033002734	0	0	2.7991489361702127	3.2959100222987776	HSPB1
Nuclear-Transcribed mRNA Catabolic Process, Deadenylation-Dependent Decay (GO:0000288)	1/31	0.30805756459203115	0.48917874033002734	0	0	2.7991489361702127	3.2959100222987776	CNOT7
Chromosome Condensation (GO:0030261)	1/31	0.30805756459203115	0.48917874033002734	0	0	2.7991489361702127	3.2959100222987776	H1-6
Transition Metal Ion Transport (GO:0000041)	1/31	0.30805756459203115	0.48917874033002734	0	0	2.7991489361702127	3.2959100222987776	MT3
Vacuolar Acidification (GO:0007035)	1/31	0.30805756459203115	0.48917874033002734	0	0	2.7991489361702127	3.2959100222987776	ATP6V0E1
Intracellular pH Reduction (GO:0051452)	1/31	0.30805756459203115	0.48917874033002734	0	0	2.7991489361702127	3.2959100222987776	ATP6V0E1
Positive Regulation of Apoptotic Process (GO:0043065)	5/313	0.31065777539408973	0.49270170520119144	0	0	1.3672907179400686	1.5984494990655986	DNAJA1;PRMT2;CXCR3;CIDEB;IFIT2
B Cell Activation (GO:0042113)	2/96	0.31335142161400137	0.49546065003483	0	0	1.7885070012729587	2.075437117778506	DNAJB9;MS4A1
Apoptotic Mitochondrial Changes (GO:0008637)	1/32	0.31623514765972105	0.49546065003483	0	0	2.708716540837337	3.1184619357368386	IFIT2
Bile Acid Metabolic Process (GO:0008206)	1/32	0.31623514765972105	0.49546065003483	0	0	2.708716540837337	3.1184619357368386	CYP46A1
Chondrocyte Differentiation (GO:0002062)	1/32	0.31623514765972105	0.49546065003483	0	0	2.708716540837337	3.1184619357368386	HES5
Sperm-Egg Recognition (GO:0035036)	1/32	0.31623514765972105	0.49546065003483	0	0	2.708716540837337	3.1184619357368386	PRSS55
Endodermal Cell Differentiation (GO:0035987)	1/32	0.31623514765972105	0.49546065003483	0	0	2.708716540837337	3.1184619357368386	MMP9
Positive Regulation of Locomotion (GO:0040017)	1/32	0.31623514765972105	0.49546065003483	0	0	2.708716540837337	3.1184619357368386	CXCR3
Membrane Depolarization (GO:0051899)	1/32	0.31623514765972105	0.49546065003483	0	0	2.708716540837337	3.1184619357368386	P2RX4
Mitochondrial Membrane Organization (GO:0007006)	1/32	0.31623514765972105	0.49546065003483	0	0	2.708716540837337	3.1184619357368386	PLSCR3
Regulation of Cholesterol Efflux (GO:0010874)	1/32	0.31623514765972105	0.49546065003483	0	0	2.708716540837337	3.1184619357368386	APOA1
Regulation of TORC1 Signaling (GO:1903432)	2/97	0.31769099760758657	0.49713827625623547	0	0	1.7695906432748538	2.0291472518607514	MAT2A;PRKACB
Negative Regulation of Multicellular Organismal Process (GO:0051241)	4/243	0.3227080642535832	0.5002300940741916	0	0	1.40852690809407	1.5930540607806796	REG3A;APOA1;REG3G;ZNF750
Negative Regulation of Developmental Growth (GO:0048640)	1/33	0.32431649011626523	0.5002300940741916	0	0	2.623936170212766	2.9546450638650943	MT3
B Cell Receptor Signaling Pathway (GO:0050853)	1/33	0.32431649011626523	0.5002300940741916	0	0	2.623936170212766	2.9546450638650943	MS4A1
Negative Regulation of Lipid Metabolic Process (GO:0045833)	1/33	0.32431649011626523	0.5002300940741916	0	0	2.623936170212766	2.9546450638650943	CIDEC
Actin Filament Bundle Assembly (GO:0051017)	1/33	0.32431649011626523	0.5002300940741916	0	0	2.623936170212766	2.9546450638650943	HSP90B1
Positive Regulation of G1/S Transition of Mitotic Cell Cycle (GO:1900087)	1/33	0.32431649011626523	0.5002300940741916	0	0	2.623936170212766	2.9546450638650943	CCNE1
Positive Regulation of Cell Development (GO:0010720)	1/33	0.32431649011626523	0.5002300940741916	0	0	2.623936170212766	2.9546450638650943	MMP12
Transcription by RNA Polymerase III (GO:0006383)	1/33	0.32431649011626523	0.5002300940741916	0	0	2.623936170212766	2.9546450638650943	GTF3A
Protein Localization to Chromatin (GO:0071168)	1/33	0.32431649011626523	0.5002300940741916	0	0	2.623936170212766	2.9546450638650943	H4C15
Regulation of G0 to G1 Transition (GO:0070316)	1/33	0.32431649011626523	0.5002300940741916	0	0	2.623936170212766	2.9546450638650943	CHEK1
Regulation of calcineurin-NFAT Signaling Cascade (GO:0070884)	1/33	0.32431649011626523	0.5002300940741916	0	0	2.623936170212766	2.9546450638650943	CHORDC1
Regulation of Cell Adhesion Mediated by Integrin (GO:0033628)	1/33	0.32431649011626523	0.5002300940741916	0	0	2.623936170212766	2.9546450638650943	PLAU
Regulation of Protein Secretion (GO:0050708)	2/99	0.3263506523280786	0.5027669357464791	0	0	1.7329280112785268	1.9405030760526736	ALOX5;DPH3
Cell-Cell Adhesion via Plasma-Membrane Adhesion Molecules (GO:0098742)	3/171	0.32817144983883606	0.5043682639784969	0	0	1.5018393623543838	1.6733780940187704	REG3A;PVR;NECTIN2
Heart Development (GO:0007507)	3/171	0.32817144983883606	0.5043682639784969	0	0	1.5018393623543838	1.6733780940187704	TCAP;CACYBP;BMP7
Nitrogen Compound Transport (GO:0071705)	3/172	0.331397860813144	0.5047091898401557	0	0	1.4928765523021053	1.6487860540761656	AQP9;HBB;HSP90B1
Regulation of Developmental Growth (GO:0048638)	1/34	0.3323027198792659	0.5047091898401557	0	0	2.544294003868472	2.803071395713718	AGR2
Negative Regulation of Microtubule Polymerization or Depolymerization (GO:0031111)	1/34	0.3323027198792659	0.5047091898401557	0	0	2.544294003868472	2.803071395713718	FKBP4
Regulation of Protein Polymerization (GO:0032271)	1/34	0.3323027198792659	0.5047091898401557	0	0	2.544294003868472	2.803071395713718	HSP90AA1
Organophosphate Biosynthetic Process (GO:0090407)	1/34	0.3323027198792659	0.5047091898401557	0	0	2.544294003868472	2.803071395713718	DCK
Cardiac Muscle Contraction (GO:0060048)	1/34	0.3323027198792659	0.5047091898401557	0	0	2.544294003868472	2.803071395713718	TCAP
Response to Exogenous dsRNA (GO:0043330)	1/34	0.3323027198792659	0.5047091898401557	0	0	2.544294003868472	2.803071395713718	IFIT1
Sarcomere Organization (GO:0045214)	1/34	0.3323027198792659	0.5047091898401557	0	0	2.544294003868472	2.803071395713718	TCAP
Positive Regulation of Establishment of Protein Localization (GO:1904951)	1/34	0.3323027198792659	0.5047091898401557	0	0	2.544294003868472	2.803071395713718	CHORDC1
Triglyceride Homeostasis (GO:0070328)	1/34	0.3323027198792659	0.5047091898401557	0	0	2.544294003868472	2.803071395713718	APOA1
Positive Regulation of Programmed Cell Death (GO:0043068)	4/248	0.33605864970027505	0.5098140032468332	0	0	1.3793103448275863	1.5040959745821922	DNAJA1;PRMT2;CIDEB;IFIT2
Cellular Response to cAMP (GO:0071320)	1/35	0.340194951588071	0.5130743954441584	0	0	2.469336670838548	2.662528777846438	AQP9
Smoothened Signaling Pathway (GO:0007224)	1/35	0.340194951588071	0.5130743954441584	0	0	2.469336670838548	2.662528777846438	HES5
Toll-Like Receptor Signaling Pathway (GO:0002224)	1/35	0.340194951588071	0.5130743954441584	0	0	2.469336670838548	2.662528777846438	REG3G
Positive Regulation of Substrate Adhesion-Dependent Cell Spreading (GO:1900026)	1/35	0.340194951588071	0.5130743954441584	0	0	2.469336670838548	2.662528777846438	APOA1
Regulation of Cellular Senescence (GO:2000772)	1/35	0.340194951588071	0.5130743954441584	0	0	2.469336670838548	2.662528777846438	B2M
Double-Strand Break Repair (GO:0006302)	3/176	0.3442972856893067	0.5186555377186639	0	0	1.458061475104815	1.5546577448914043	POLN;NABP1;NUCKS1
Negative Regulation of Epithelial to Mesenchymal Transition (GO:0010719)	1/36	0.34799428702434465	0.5205800979703695	0	0	2.398662613981763	2.531954414743227	ZNF750
Negative Regulation of Hydrolase Activity (GO:0051346)	1/36	0.34799428702434465	0.5205800979703695	0	0	2.398662613981763	2.531954414743227	CHORDC1
Peptidyl-Threonine Phosphorylation (GO:0018107)	1/36	0.34799428702434465	0.5205800979703695	0	0	2.398662613981763	2.531954414743227	CHEK1
Sister Chromatid Segregation (GO:0000819)	1/36	0.34799428702434465	0.5205800979703695	0	0	2.398662613981763	2.531954414743227	SMC1A
Endoderm Formation (GO:0001706)	1/36	0.34799428702434465	0.5205800979703695	0	0	2.398662613981763	2.531954414743227	MMP9
Positive Regulation of Release of Sequestered Calcium Ion Into Cytosol (GO:0051281)	1/36	0.34799428702434465	0.5205800979703695	0	0	2.398662613981763	2.531954414743227	CXCR3
Regulation of mRNA Processing (GO:0050684)	1/37	0.3557018149781777	0.5272227820170234	0	0	2.331914893617021	2.410412972864545	SAFB
Anterograde Axonal Transport (GO:0008089)	1/37	0.3557018149781777	0.5272227820170234	0	0	2.331914893617021	2.410412972864545	HSPB1
Nucleobase-Containing Compound Metabolic Process (GO:0006139)	1/37	0.3557018149781777	0.5272227820170234	0	0	2.331914893617021	2.410412972864545	NUDT5
Regulation of Sodium Ion Transport (GO:0002028)	1/37	0.3557018149781777	0.5272227820170234	0	0	2.331914893617021	2.410412972864545	P2RX4
Regulatory ncRNA-mediated Gene Silencing (GO:0031047)	1/37	0.3557018149781777	0.5272227820170234	0	0	2.331914893617021	2.410412972864545	CNOT7
Superoxide Metabolic Process (GO:0006801)	1/37	0.3557018149781777	0.5272227820170234	0	0	2.331914893617021	2.410412972864545	MT3
Positive Regulation of Myeloid Cell Differentiation (GO:0045639)	1/37	0.3557018149781777	0.5272227820170234	0	0	2.331914893617021	2.410412972864545	GATA1
Regulation of Cellular Component Biogenesis (GO:0044087)	1/37	0.3557018149781777	0.5272227820170234	0	0	2.331914893617021	2.410412972864545	HSP90AA1
Regulation of Defense Response to Virus by Host (GO:0050691)	1/38	0.3633186116267136	0.5317962898073552	0	0	2.2687751581368603	2.297078381671638	HSP90AA1
DNA Damage Checkpoint Signaling (GO:0000077)	1/38	0.3633186116267136	0.5317962898073552	0	0	2.2687751581368603	2.297078381671638	CHEK1
Regulation of Erythrocyte Differentiation (GO:0045646)	1/38	0.3633186116267136	0.5317962898073552	0	0	2.2687751581368603	2.297078381671638	GATA1
L-alpha-amino Acid Transmembrane Transport (GO:1902475)	1/38	0.3633186116267136	0.5317962898073552	0	0	2.2687751581368603	2.297078381671638	SLC47A1
Regulation of Microtubule Cytoskeleton Organization (GO:0070507)	1/38	0.3633186116267136	0.5317962898073552	0	0	2.2687751581368603	2.297078381671638	CDK2AP2
Regulation of Sprouting Angiogenesis (GO:1903670)	1/38	0.3633186116267136	0.5317962898073552	0	0	2.2687751581368603	2.297078381671638	ALOX5
Regulation of Vascular Associated Smooth Muscle Cell Proliferation (GO:1904705)	1/38	0.3633186116267136	0.5317962898073552	0	0	2.2687751581368603	2.297078381671638	MMP9
Striated Muscle Tissue Development (GO:0014706)	1/38	0.3633186116267136	0.5317962898073552	0	0	2.2687751581368603	2.297078381671638	BMP7
Positive Regulation of Immunoglobulin Production (GO:0002639)	1/38	0.3633186116267136	0.5317962898073552	0	0	2.2687751581368603	2.297078381671638	DNAJB9
Ventricular Septum Development (GO:0003281)	1/38	0.3633186116267136	0.5317962898073552	0	0	2.2687751581368603	2.297078381671638	HEYL
Purine Nucleotide Metabolic Process (GO:0006163)	1/38	0.3633186116267136	0.5317962898073552	0	0	2.2687751581368603	2.297078381671638	PRPS1L1
Lipid Metabolic Process (GO:0006629)	4/259	0.3654907001227723	0.5343697552191383	0	0	1.3190669371196757	1.3276599253104946	CYP3A43;RDH5;CYP3A4;CYP3A5
Positive Regulation of Vasculature Development (GO:1904018)	2/109	0.36914910987709937	0.5379346640003642	0	0	1.570173336528477	1.5647635001873612	CXCR3;HSPB1
Base-Excision Repair (GO:0006284)	1/39	0.37084574048049895	0.5379346640003642	0	0	2.208958566629339	2.191218633973862	UNG
Positive Regulation of SMAD Protein Signal Transduction (GO:0060391)	1/39	0.37084574048049895	0.5379346640003642	0	0	2.208958566629339	2.191218633973862	BMP7
Fatty Acid Transport (GO:0015908)	1/39	0.37084574048049895	0.5379346640003642	0	0	2.208958566629339	2.191218633973862	FABP2
Positive Regulation of Transferase Activity (GO:0051347)	1/39	0.37084574048049895	0.5379346640003642	0	0	2.208958566629339	2.191218633973862	APOA1
Negative Regulation of G Protein-Coupled Receptor Signaling Pathway (GO:0045744)	1/39	0.37084574048049895	0.5379346640003642	0	0	2.208958566629339	2.191218633973862	RGS2
Regulation of Axon Extension (GO:0030516)	1/39	0.37084574048049895	0.5379346640003642	0	0	2.208958566629339	2.191218633973862	MT3
Positive Regulation of Cellular Component Organization (GO:0051130)	2/111	0.377587402174973	0.5420254942156386	0	0	1.541205990747275	1.5010625191104972	MMP3;BMP7
Negative Regulation of Protein Secretion (GO:0050709)	1/40	0.3782842527407362	0.5420254942156386	0	0	2.1522094926350244	2.0921830238694867	DPH3
Cellular Response to Amino Acid Stimulus (GO:0071230)	1/40	0.3782842527407362	0.5420254942156386	0	0	2.1522094926350244	2.0921830238694867	MAT2A
Embryonic Skeletal System Development (GO:0048706)	1/40	0.3782842527407362	0.5420254942156386	0	0	2.1522094926350244	2.0921830238694867	DLX4
Energy Derivation by Oxidation of Organic Compounds (GO:0015980)	1/40	0.3782842527407362	0.5420254942156386	0	0	2.1522094926350244	2.0921830238694867	MT3
Establishment of Protein Localization to Extracellular Region (GO:0035592)	1/40	0.3782842527407362	0.5420254942156386	0	0	2.1522094926350244	2.0921830238694867	PDIA4
Positive Regulation of Lipid Biosynthetic Process (GO:0046889)	1/40	0.3782842527407362	0.5420254942156386	0	0	2.1522094926350244	2.0921830238694867	CHORDC1
Fibroblast Growth Factor Receptor Signaling Pathway (GO:0008543)	1/40	0.3782842527407362	0.5420254942156386	0	0	2.1522094926350244	2.0921830238694867	FIBP
Regulation of DNA Binding (GO:0051101)	1/40	0.3782842527407362	0.5420254942156386	0	0	2.1522094926350244	2.0921830238694867	MMP9
Regulation of T Cell Receptor Signaling Pathway (GO:0050856)	1/40	0.3782842527407362	0.5420254942156386	0	0	2.1522094926350244	2.0921830238694867	NECTIN2
Negative Regulation of Cell-Cell Adhesion (GO:0022408)	1/40	0.3782842527407362	0.5420254942156386	0	0	2.1522094926350244	2.0921830238694867	APOA1
Endoplasmic Reticulum to Golgi Vesicle-Mediated Transport (GO:0006888)	2/112	0.3817891292515048	0.546440982110524	0	0	1.527117327117327	1.4704411781191518	HYOU1;ERGIC1
Negative Regulation of Secretion by Cell (GO:1903531)	1/41	0.38563518733521823	0.5476952990646499	0	0	2.0982978723404258	1.9993913853245264	DPH3
Regulation of Protein Import Into Nucleus (GO:0042306)	1/41	0.38563518733521823	0.5476952990646499	0	0	2.0982978723404258	1.9993913853245264	CHORDC1
Positive Regulation of DNA Biosynthetic Process (GO:2000573)	1/41	0.38563518733521823	0.5476952990646499	0	0	2.0982978723404258	1.9993913853245264	HSP90AA1
Connective Tissue Development (GO:0061448)	1/41	0.38563518733521823	0.5476952990646499	0	0	2.0982978723404258	1.9993913853245264	HES5
Positive Regulation of Immune System Process (GO:0002684)	1/41	0.38563518733521823	0.5476952990646499	0	0	2.0982978723404258	1.9993913853245264	B2M
Vitamin Transport (GO:0051180)	1/41	0.38563518733521823	0.5476952990646499	0	0	2.0982978723404258	1.9993913853245264	APOA1
Heart Contraction (GO:0060047)	1/41	0.38563518733521823	0.5476952990646499	0	0	2.0982978723404258	1.9993913853245264	TCAP
Transforming Growth Factor Beta Receptor Superfamily Signaling Pathway (GO:0141091)	2/114	0.3901561952067681	0.5519405289198475	0	0	1.4996947496947497	1.4115248751950171	APOA1;BMP7
Regulation of Receptor-Mediated Endocytosis (GO:0048259)	1/42	0.3928995709351974	0.5519405289198475	0	0	2.0470160871821483	1.9123249760836756	B2M
Cardiac Ventricle Morphogenesis (GO:0003208)	1/42	0.3928995709351974	0.5519405289198475	0	0	2.0470160871821483	1.9123249760836756	HEYL
Response to cAMP (GO:0051591)	1/42	0.3928995709351974	0.5519405289198475	0	0	2.0470160871821483	1.9123249760836756	AQP9
Response to Hydrogen Peroxide (GO:0042542)	1/42	0.3928995709351974	0.5519405289198475	0	0	2.0470160871821483	1.9123249760836756	HBB
Positive Regulation of Neuron Differentiation (GO:0045666)	1/42	0.3928995709351974	0.5519405289198475	0	0	2.0470160871821483	1.9123249760836756	HEYL
Keratinocyte Differentiation (GO:0030216)	1/42	0.3928995709351974	0.5519405289198475	0	0	2.0470160871821483	1.9123249760836756	CLIC4
Potassium Ion Import Across Plasma Membrane (GO:1990573)	1/42	0.3928995709351974	0.5519405289198475	0	0	2.0470160871821483	1.9123249760836756	KCNJ1
Lipid Catabolic Process (GO:0016042)	1/42	0.3928995709351974	0.5519405289198475	0	0	2.0470160871821483	1.9123249760836756	CYP3A4
Negative Regulation of DNA Recombination (GO:0045910)	1/42	0.3928995709351974	0.5519405289198475	0	0	2.0470160871821483	1.9123249760836756	H1-6
Protein Complex Oligomerization (GO:0051259)	2/116	0.39847277954658306	0.5547811365521756	0	0	1.47323436797121	1.3555466468575377	MAT2A;MS4A1
Regulation of Dendrite Development (GO:0050773)	1/43	0.4000784183811585	0.5547811365521756	0	0	1.998176291793313	1.8305187208396525	BMP7
Regulation of Epithelial Cell Migration (GO:0010632)	1/43	0.4000784183811585	0.5547811365521756	0	0	1.998176291793313	1.8305187208396525	GLIPR2
Regulation of Peptidyl-Tyrosine Phosphorylation (GO:0050730)	1/43	0.4000784183811585	0.5547811365521756	0	0	1.998176291793313	1.8305187208396525	CNOT7
Cellular Response to Glucose Starvation (GO:0042149)	1/43	0.4000784183811585	0.5547811365521756	0	0	1.998176291793313	1.8305187208396525	HSPA5
Cellular Response to Type I Interferon (GO:0071357)	1/43	0.4000784183811585	0.5547811365521756	0	0	1.998176291793313	1.8305187208396525	IFIT1
Skeletal System Morphogenesis (GO:0048705)	1/43	0.4000784183811585	0.5547811365521756	0	0	1.998176291793313	1.8305187208396525	MMP13
Ephrin Receptor Signaling Pathway (GO:0048013)	1/43	0.4000784183811585	0.5547811365521756	0	0	1.998176291793313	1.8305187208396525	MMP9
Positive Regulation of Monoatomic Ion Transport (GO:0043270)	1/43	0.4000784183811585	0.5547811365521756	0	0	1.998176291793313	1.8305187208396525	P2RX4
Positive Regulation of Production of Molecular Mediator of Immune Response (GO:0002702)	1/43	0.4000784183811585	0.5547811365521756	0	0	1.998176291793313	1.8305187208396525	DNAJB9
Positive Regulation of Receptor-Mediated Endocytosis (GO:0048260)	1/43	0.4000784183811585	0.5547811365521756	0	0	1.998176291793313	1.8305187208396525	B2M
Positive Regulation of Stress Fiber Assembly (GO:0051496)	1/43	0.4000784183811585	0.5547811365521756	0	0	1.998176291793313	1.8305187208396525	APOA1
Negative Regulation of Protein Modification Process (GO:0031400)	1/44	0.4071727325851287	0.5610031993248679	0	0	1.951608114794656	1.7535545891496855	CHORDC1
Regulation of Microtubule-Based Process (GO:0032886)	1/44	0.4071727325851287	0.5610031993248679	0	0	1.951608114794656	1.7535545891496855	CDK2AP2
Bone Development (GO:0060348)	1/44	0.4071727325851287	0.5610031993248679	0	0	1.951608114794656	1.7535545891496855	MMP13
Peptidyl-Threonine Modification (GO:0018210)	1/44	0.4071727325851287	0.5610031993248679	0	0	1.951608114794656	1.7535545891496855	CHEK1
Regulation of Telomere Maintenance via Telomerase (GO:0032210)	1/44	0.4071727325851287	0.5610031993248679	0	0	1.951608114794656	1.7535545891496855	HSP90AA1
Positive Regulation of Cell Cycle G1/S Phase Transition (GO:1902808)	1/44	0.4071727325851287	0.5610031993248679	0	0	1.951608114794656	1.7535545891496855	CCNE1
Collagen Fibril Organization (GO:0030199)	1/45	0.41418350478696137	0.5694471828327659	0	0	1.90715667311412	1.6810559166604495	SERPINH1
Purine Ribonucleotide Biosynthetic Process (GO:0009152)	1/45	0.41418350478696137	0.5694471828327659	0	0	1.90715667311412	1.6810559166604495	NPPA
Negative Regulation of Catabolic Process (GO:0009895)	2/120	0.4149456852442817	0.5698881698408167	0	0	1.423004490801101	1.2516856307514357	PPP1R3B;CIDEC
Cellular Response to Oxidative Stress (GO:0034599)	2/121	0.41902902296927313	0.5740815454578696	0	0	1.410974646268764	1.227287044899128	MMP3;MT3
Regulation of Intrinsic Apoptotic Signaling Pathway (GO:2001242)	1/46	0.4211117146000019	0.5740815454578696	0	0	1.8646808510638295	1.6126825201842003	MMP9
Negative Regulation of Protein Serine/Threonine Kinase Activity (GO:0071901)	1/46	0.4211117146000019	0.5740815454578696	0	0	1.8646808510638295	1.6126825201842003	RGS2
Regulation of Transport (GO:0051049)	1/46	0.4211117146000019	0.5740815454578696	0	0	1.8646808510638295	1.6126825201842003	DNAJA1
Positive Regulation of Transcription Elongation by RNA Polymerase II (GO:0032968)	1/46	0.4211117146000019	0.5740815454578696	0	0	1.8646808510638295	1.6126825201842003	MED11
Regulation of Calcium-Mediated Signaling (GO:0050848)	1/46	0.4211117146000019	0.5740815454578696	0	0	1.8646808510638295	1.6126825201842003	P2RX4
Regulation of Cell-Substrate Adhesion (GO:0010810)	1/46	0.4211117146000019	0.5740815454578696	0	0	1.8646808510638295	1.6126825201842003	AGR2
Response to Cytokine (GO:0034097)	2/123	0.42715215439924176	0.5743182996904451	0	0	1.387511478420569	1.1802380703024815	MMP12;ISG15
Protein-Containing Complex Organization (GO:0043933)	2/123	0.42715215439924176	0.5743182996904451	0	0	1.387511478420569	1.1802380703024815	TCAP;HES5
BMP Signaling Pathway (GO:0030509)	1/47	0.4279583302108506	0.5743182996904451	0	0	1.824051803885291	1.548126479650908	BMP7
Regulation of mRNA Catabolic Process (GO:0061013)	1/47	0.4279583302108506	0.5743182996904451	0	0	1.824051803885291	1.548126479650908	CNOT7
Cellular Response to Type II Interferon (GO:0071346)	1/47	0.4279583302108506	0.5743182996904451	0	0	1.824051803885291	1.548126479650908	GBP6
Positive Regulation of T Cell Mediated Immunity (GO:0002711)	1/47	0.4279583302108506	0.5743182996904451	0	0	1.824051803885291	1.548126479650908	B2M
Retrograde Vesicle-Mediated Transport, Golgi to Endoplasmic Reticulum (GO:0006890)	1/47	0.4279583302108506	0.5743182996904451	0	0	1.824051803885291	1.548126479650908	ERGIC1
Ribosomal Large Subunit Biogenesis (GO:0042273)	1/47	0.4279583302108506	0.5743182996904451	0	0	1.824051803885291	1.548126479650908	GTF3A
Positive Regulation of mRNA Catabolic Process (GO:0061014)	1/47	0.4279583302108506	0.5743182996904451	0	0	1.824051803885291	1.548126479650908	CNOT7
Positive Regulation of miRNA Transcription (GO:1902895)	1/47	0.4279583302108506	0.5743182996904451	0	0	1.824051803885291	1.548126479650908	PRL
Positive Regulation of Pattern Recognition Receptor Signaling Pathway (GO:0062208)	1/47	0.4279583302108506	0.5743182996904451	0	0	1.824051803885291	1.548126479650908	HSP90B1
Intracellular Glucose Homeostasis (GO:0001678)	1/47	0.4279583302108506	0.5743182996904451	0	0	1.824051803885291	1.548126479650908	NUCKS1
Mitotic Nuclear Division (GO:0140014)	1/47	0.4279583302108506	0.5743182996904451	0	0	1.824051803885291	1.548126479650908	SMC1A
Mitotic Spindle Assembly (GO:0090307)	1/47	0.4279583302108506	0.5743182996904451	0	0	1.824051803885291	1.548126479650908	SMC1A
Monoatomic Anion Transport (GO:0006820)	1/47	0.4279583302108506	0.5743182996904451	0	0	1.824051803885291	1.548126479650908	CLIC4
Nuclear Receptor-Mediated Steroid Hormone Signaling Pathway (GO:0030518)	1/48	0.4347243085566592	0.5791837795115037	0	0	1.7851516523313715	1.4871084846553588	SAFB
Replication Fork Processing (GO:0031297)	1/48	0.4347243085566592	0.5791837795115037	0	0	1.7851516523313715	1.4871084846553588	NUCKS1
Secondary Alcohol Metabolic Process (GO:1902652)	1/48	0.4347243085566592	0.5791837795115037	0	0	1.7851516523313715	1.4871084846553588	APOA1
Erythrocyte Differentiation (GO:0030218)	1/48	0.4347243085566592	0.5791837795115037	0	0	1.7851516523313715	1.4871084846553588	GATA1
Positive Regulation of Osteoblast Differentiation (GO:0045669)	1/48	0.4347243085566592	0.5791837795115037	0	0	1.7851516523313715	1.4871084846553588	BMP7
Primary Alcohol Metabolic Process (GO:0034308)	1/48	0.4347243085566592	0.5791837795115037	0	0	1.7851516523313715	1.4871084846553588	CYP3A4
Natural Killer Cell Activation (GO:0030101)	1/48	0.4347243085566592	0.5791837795115037	0	0	1.7851516523313715	1.4871084846553588	NCR3
Negative Regulation of Cellular Process (GO:0048523)	7/531	0.4371021567146835	0.5814908965939948	0	0	1.122370745691523	0.9288609456363672	CNOT7;ALOX5;APOA1;BMP7;MT3;IFIT3;S100A11
Calcium Ion Transport (GO:0006816)	2/126	0.43922467609535537	0.5814908965939948	0	0	1.353735869864902	1.113778343625493	P2RX4;MS4A1
Positive Regulation of Angiogenesis (GO:0045766)	2/126	0.43922467609535537	0.5814908965939948	0	0	1.353735869864902	1.113778343625493	CXCR3;HSPB1
Neuron Projection Development (GO:0031175)	3/206	0.4395466803969193	0.5814908965939948	0	0	1.2406816211759233	1.019854380533816	PLP1;BMP7;MANF
Regulation of Insulin Receptor Signaling Pathway (GO:0046626)	1/49	0.4414105954005538	0.5814908965939948	0	0	1.747872340425532	1.4293746604130757	NUCKS1
Actin Polymerization or Depolymerization (GO:0008154)	1/49	0.4414105954005538	0.5814908965939948	0	0	1.747872340425532	1.4293746604130757	MSRB1
Arachidonate Metabolic Process (GO:0019369)	1/49	0.4414105954005538	0.5814908965939948	0	0	1.747872340425532	1.4293746604130757	ALOX5
Regulation of Stem Cell Differentiation (GO:2000736)	1/49	0.4414105954005538	0.5814908965939948	0	0	1.747872340425532	1.4293746604130757	HES5
Positive Regulation of Epithelial to Mesenchymal Transition (GO:0010718)	1/49	0.4414105954005538	0.5814908965939948	0	0	1.747872340425532	1.4293746604130757	GLIPR2
Positive Regulation of Transport (GO:0051050)	1/49	0.4414105954005538	0.5814908965939948	0	0	1.747872340425532	1.4293746604130757	CHORDC1
Negative Regulation of TORC1 Signaling (GO:1904262)	1/49	0.4414105954005538	0.5814908965939948	0	0	1.747872340425532	1.4293746604130757	PRKACB
Monocarboxylic Acid Metabolic Process (GO:0032787)	2/127	0.44321810251001503	0.5832768301125683	0	0	1.342837606837607	1.092657962825305	CYP3A4;CYP3A5
Regulation of Interleukin-12 Production (GO:0032655)	1/50	0.44801812534203905	0.5860095236236802	0	0	1.7121146330872774	1.3746938018047516	TIGIT
Nuclear Export (GO:0051168)	1/50	0.44801812534203905	0.5860095236236802	0	0	1.7121146330872774	1.3746938018047516	CHORDC1
Regulation of Tumor Necrosis Factor-Mediated Signaling Pathway (GO:0010803)	1/50	0.44801812534203905	0.5860095236236802	0	0	1.7121146330872774	1.3746938018047516	APOA1
Positive Regulation of Cell-Cell Adhesion (GO:0022409)	1/50	0.44801812534203905	0.5860095236236802	0	0	1.7121146330872774	1.3746938018047516	BMP7
Positive Regulation of Developmental Growth (GO:0048639)	1/50	0.44801812534203905	0.5860095236236802	0	0	1.7121146330872774	1.3746938018047516	AGR2
Positive Regulation of Fat Cell Differentiation (GO:0045600)	1/50	0.44801812534203905	0.5860095236236802	0	0	1.7121146330872774	1.3746938018047516	BMP7
Regulation of Lipid Metabolic Process (GO:0019216)	1/51	0.45454782218005096	0.5903634189481346	0	0	1.6777872340425533	1.3228549545772	CIDEB
Carboxylic Acid Transmembrane Transport (GO:1905039)	1/51	0.45454782218005096	0.5903634189481346	0	0	1.6777872340425533	1.3228549545772	SLC47A1
Positive Regulation of Actin Filament Bundle Assembly (GO:0032233)	1/51	0.45454782218005096	0.5903634189481346	0	0	1.6777872340425533	1.3228549545772	APOA1
Positive Regulation of Nervous System Development (GO:0051962)	1/51	0.45454782218005096	0.5903634189481346	0	0	1.6777872340425533	1.3228549545772	MMP12
Inorganic Anion Transport (GO:0015698)	1/51	0.45454782218005096	0.5903634189481346	0	0	1.6777872340425533	1.3228549545772	CLIC4
Proton Transmembrane Transport (GO:1902600)	1/51	0.45454782218005096	0.5903634189481346	0	0	1.6777872340425533	1.3228549545772	ATP6V0E1
Negative Regulation of T Cell Activation (GO:0050868)	1/51	0.45454782218005096	0.5903634189481346	0	0	1.6777872340425533	1.3228549545772	TIGIT
Fatty Acid Metabolic Process (GO:0006631)	2/130	0.4551034370752855	0.5904909922253202	0	0	1.3111645299145298	1.032188776170566	ALOX5;ACSL6
Regulation of Hydrolase Activity (GO:0051336)	1/52	0.461000598889785	0.5951517731667124	0	0	1.6448060075093869	1.2736652969244833	APOA1
Regulation of Substrate Adhesion-Dependent Cell Spreading (GO:1900024)	1/52	0.461000598889785	0.5951517731667124	0	0	1.6448060075093869	1.2736652969244833	APOA1
Cholesterol Transport (GO:0030301)	1/52	0.461000598889785	0.5951517731667124	0	0	1.6448060075093869	1.2736652969244833	APOA1
Positive Regulation of TORC1 Signaling (GO:1904263)	1/52	0.461000598889785	0.5951517731667124	0	0	1.6448060075093869	1.2736652969244833	MAT2A
Intrinsic Apoptotic Signaling Pathway in Response to DNA Damage (GO:0008630)	1/52	0.461000598889785	0.5951517731667124	0	0	1.6448060075093869	1.2736652969244833	CIDEB
Regulation of Response to External Stimulus (GO:0032101)	2/132	0.4629460908430147	0.5970663369413906	0	0	1.2908612754766602	0.9941499260340624	P2RX4;ALOX5
Antibacterial Humoral Response (GO:0019731)	1/53	0.4673773577352179	0.59741006815462006	0	0	1.6130932896890344	1.2269482774624036	B2M
Regulation of Release of Sequestered Calcium Ion Into Cytosol (GO:0051279)	1/53	0.4673773577352179	0.59741006815462006	0	0	1.6130932896890344	1.2269482774624036	CXCR3
Cellular Response to Ionizing Radiation (GO:0071479)	1/53	0.4673773577352179	0.59741006815462006	0	0	1.6130932896890344	1.2269482774624036	NUCKS1
Cellular Response to Mechanical Stimulus (GO:0071260)	1/53	0.4673773577352179	0.59741006815462006	0	0	1.6130932896890344	1.2269482774624036	CHEK1
Cytoplasmic Microtubule Organization (GO:0031122)	1/53	0.4673773577352179	0.59741006815462006	0	0	1.6130932896890344	1.2269482774624036	CHORDC1
Positive Regulation of miRNA Metabolic Process (GO:2000630)	1/53	0.4673773577352179	0.59741006815462006	0	0	1.6130932896890344	1.2269482774624036	PRL
Unsaturated Fatty Acid Metabolic Process (GO:0033559)	1/53	0.4673773577352179	0.59741006815462006	0	0	1.6130932896890344	1.2269482774624036	ALOX5
Positive Regulation of Small GTPase Mediated Signal Transduction (GO:0051057)	1/53	0.4673773577352179	0.59741006815462006	0	0	1.6130932896890344	1.2269482774624036	APOA1
Microtubule Bundle Formation (GO:0001578)	1/53	0.4673773577352179	0.59741006815462006	0	0	1.6130932896890344	1.2269482774624036	CHORDC1
Regulation of Signal Transduction by P53 Class Mediator (GO:1901796)	1/54	0.4736789905754069	0.6012975190096858	0	0	1.5825772782015255	1.1825419742151382	CHEK1
Regulation of Smooth Muscle Cell Proliferation (GO:0048660)	1/54	0.4736789905754069	0.6012975190096858	0	0	1.5825772782015255	1.1825419742151382	HES5
Cellular Response to BMP Stimulus (GO:0071773)	1/54	0.4736789905754069	0.6012975190096858	0	0	1.5825772782015255	1.1825419742151382	BMP7
Plasma Membrane Bounded Cell Projection Morphogenesis (GO:0120039)	1/54	0.4736789905754069	0.6012975190096858	0	0	1.5825772782015255	1.1825419742151382	BMP7
Positive Regulation of DNA-templated Transcription, Elongation (GO:0032786)	1/54	0.4736789905754069	0.6012975190096858	0	0	1.5825772782015255	1.1825419742151382	MED11
Positive Regulation of Transcription Initiation by RNA Polymerase II (GO:0060261)	1/54	0.4736789905754069	0.6012975190096858	0	0	1.5825772782015255	1.1825419742151382	MED11
mRNA Destabilization (GO:0061157)	1/54	0.4736789905754069	0.6012975190096858	0	0	1.5825772782015255	1.1825419742151382	CNOT7
Mitochondrion Organization (GO:0007005)	2/135	0.4745854364869553	0.6018563835998617	0	0	1.2615513141828931	0.9402513784540116	PLSCR3;IFIT2
Regulation of Cytokine Production Involved in Inflammatory Response (GO:1900015)	1/55	0.4799063786981739	0.6044479364871634	0	0	1.553191489361702	1.140297647004941	ALOX5
DNA-templated DNA Replication (GO:0006261)	1/55	0.4799063786981739	0.6044479364871634	0	0	1.553191489361702	1.140297647004941	MCM5
Regulation of Peptide Hormone Secretion (GO:0090276)	1/55	0.4799063786981739	0.6044479364871634	0	0	1.553191489361702	1.140297647004941	ALOX5
Striated Muscle Contraction (GO:0006941)	1/55	0.4799063786981739	0.6044479364871634	0	0	1.553191489361702	1.140297647004941	TCAP
Glycolipid Biosynthetic Process (GO:0009247)	1/55	0.4799063786981739	0.6044479364871634	0	0	1.553191489361702	1.140297647004941	PIGP
Positive Regulation of Protein Localization to Plasma Membrane (GO:1903078)	1/55	0.4799063786981739	0.6044479364871634	0	0	1.553191489361702	1.140297647004941	AGR2
Icosanoid Metabolic Process (GO:0006690)	1/55	0.4799063786981739	0.6044479364871634	0	0	1.553191489361702	1.140297647004941	ALOX5
Negative Regulation of Cell Differentiation (GO:0045596)	3/220	0.482270291529198	0.6068332810567199	0	0	1.1598069658432388	0.8457898692395905	BMP7;HES5;ZNF750
Cellular Response to Fibroblast Growth Factor Stimulus (GO:0044344)	1/56	0.48606039320743455	0.6092271530396097	0	0	1.5248742746615087	1.1000784542631563	FIBP
Sulfur Compound Biosynthetic Process (GO:0044272)	1/56	0.48606039320743455	0.6092271530396097	0	0	1.5248742746615087	1.1000784542631563	MAT2A
Epidermal Cell Differentiation (GO:0009913)	1/56	0.48606039320743455	0.6092271530396097	0	0	1.5248742746615087	1.1000784542631563	CLIC4
Positive Regulation of Interleukin-1 Beta Production (GO:0032731)	1/56	0.48606039320743455	0.6092271530396097	0	0	1.5248742746615087	1.1000784542631563	HSPB1
Regulation of Cytoskeleton Organization (GO:0051493)	2/139	0.4898657740051081	0.613401274724146	0	0	1.2244681514754507	0.873809683811379	CLIC4;CDK2AP2
Cartilage Development (GO:0051216)	1/57	0.49214189493381166	0.6150582636588101	0	0	1.4975683890577507	1.0617583161356272	HES5
Myeloid Cell Differentiation (GO:0030099)	1/57	0.49214189493381166	0.6150582636588101	0	0	1.4975683890577507	1.0617583161356272	GATA1
Cellular Response to Unfolded Protein (GO:0034620)	1/58	0.49815173471307994	0.6189739071362717	0	0	1.4712206047032474	1.025220902545564	HSPA5
Eye Development (GO:0001654)	1/58	0.49815173471307994	0.6189739071362717	0	0	1.4712206047032474	1.025220902545564	HES5
Intracellular Iron Ion Homeostasis (GO:0006879)	1/58	0.49815173471307994	0.6189739071362717	0	0	1.4712206047032474	1.025220902545564	B2M
Positive Regulation of Type II Interferon Production (GO:0032729)	1/58	0.49815173471307994	0.6189739071362717	0	0	1.4712206047032474	1.025220902545564	ISG15
Protein K63-linked Ubiquitination (GO:0070534)	1/58	0.49815173471307994	0.6189739071362717	0	0	1.4712206047032474	1.025220902545564	ZFP91
Regulation of Calcium Ion Transport (GO:0051924)	1/58	0.49815173471307994	0.6189739071362717	0	0	1.4712206047032474	1.025220902545564	P2RX4
Regulation of Cell Adhesion (GO:0030155)	2/142	0.5011424101512739	0.6220912033704756	0	0	1.198046398046398	0.8276882846400425	PLAU;CXCR3
Negative Regulation of Protein-Containing Complex Assembly (GO:0031333)	1/59	0.5040907534675808	0.6221617234480371	0	0	1.4457813646368305	0.990358732200014	HSPA5
Regulation of Transcription Initiation by RNA Polymerase II (GO:0060260)	1/59	0.5040907534675808	0.6221617234480371	0	0	1.4457813646368305	0.990358732200014	MED11
Cellular Response to Calcium Ion (GO:0071277)	1/59	0.5040907534675808	0.6221617234480371	0	0	1.4457813646368305	0.990358732200014	CLIC4
Renal System Development (GO:0072001)	1/59	0.5040907534675808	0.6221617234480371	0	0	1.4457813646368305	0.990358732200014	MMP12
Positive Regulation of DNA-templated Transcription Initiation (GO:2000144)	1/59	0.5040907534675808	0.6221617234480371	0	0	1.4457813646368305	0.990358732200014	MED11
Protein Polymerization (GO:0051258)	1/59	0.5040907534675808	0.6221617234480371	0	0	1.4457813646368305	0.990358732200014	MSRB1
RNA Polymerase II Preinitiation Complex Assembly (GO:0051123)	1/60	0.5099597822379278	0.6258156643243011	0	0	1.421204471691309	0.9570723683562672	MED11
Phosphatidylcholine Metabolic Process (GO:0046470)	1/60	0.5099597822379278	0.6258156643243011	0	0	1.421204471691309	0.9570723683562672	APOA1
Response to Type II Interferon (GO:0034341)	1/60	0.5099597822379278	0.6258156643243011	0	0	1.421204471691309	0.9570723683562672	GBP6
Positive Regulation of Cell Cycle (GO:0045787)	1/60	0.5099597822379278	0.6258156643243011	0	0	1.421204471691309	0.9570723683562672	CHEK1
Protein Secretion (GO:0009306)	1/60	0.5099597822379278	0.6258156643243011	0	0	1.421204471691309	0.9570723683562672	PDIA4
Regulation of SMAD Protein Signal Transduction (GO:0060390)	1/60	0.5099597822379278	0.6258156643243011	0	0	1.421204471691309	0.9570723683562672	BMP7
Phospholipid Transport (GO:0015914)	1/61	0.5157596423359553	0.6313386644340834	0	0	1.3974468085106384	0.9252696990985412	APOA1
Telomere Organization (GO:0032200)	1/61	0.5157596423359553	0.6313386644340834	0	0	1.3974468085106384	0.9252696990985412	H4C15
Regulation of Cell Cycle Process (GO:0010564)	2/146	0.5159274136157691	0.6313386644340834	0	0	1.1645299145299146	0.7706733143209883	TIPIN;CHEK1
ATP Metabolic Process (GO:0046034)	1/62	0.521491145566409	0.6369395164865033	0	0	1.374468085106383	0.8948652921669354	NUDT5
Regulation of Phagocytosis (GO:0050764)	1/62	0.521491145566409	0.6369395164865033	0	0	1.374468085106383	0.8948652921669354	APOA1
Cellular Response to Lipid (GO:0071396)	3/234	0.5234039293485424	0.6386715243752062	0	0	1.0887352990357282	0.7048491722444112	MMP3;B2M;MMP9
Negative Regulation of Metabolic Process (GO:0009892)	1/63	0.5271550941113914	0.6408260136514183	0	0	1.3522306108442004	0.8657798166039171	MMP3
Positive Regulation of Interleukin-1 Production (GO:0032732)	1/63	0.5271550941113914	0.6408260136514183	0	0	1.3522306108442004	0.8657798166039171	HSPB1
Transcription Preinitiation Complex Assembly (GO:0070897)	1/63	0.5271550941113914	0.6408260136514183	0	0	1.3522306108442004	0.8657798166039171	MED11
Positive Regulation of Peptidyl-Tyrosine Phosphorylation (GO:0050731)	1/63	0.5271550941113914	0.6408260136514183	0	0	1.3522306108442004	0.8657798166039171	HES5
Protein-Containing Complex Assembly (GO:0065003)	4/323	0.5311639363817913	0.6433893308887428	0	0	1.0509674629769754	0.6649309015721605	HSP90AA1;HSPA4;TCAP;HES5
G1/S Transition of Mitotic Cell Cycle (GO:0000082)	1/64	0.5327522809605469	0.6433893308887428	0	0	1.3306990881458969	0.8379395211983436	CCNE1
Epigenetic Regulation of Gene Expression (GO:0040029)	1/64	0.5327522809605469	0.6433893308887428	0	0	1.3306990881458969	0.8379395211983436	CHEK1
Positive Regulation of Mitotic Cell Cycle Phase Transition (GO:1901992)	1/64	0.5327522809605469	0.6433893308887428	0	0	1.3306990881458969	0.8379395211983436	CCNE1
Positive Regulation of Neurogenesis (GO:0050769)	1/64	0.5327522809605469	0.6433893308887428	0	0	1.3306990881458969	0.8379395211983436	MMP12
Positive Regulation of Phagocytosis (GO:0050766)	1/64	0.5327522809605469	0.6433893308887428	0	0	1.3306990881458969	0.8379395211983436	APOA1
Monocarboxylic Acid Biosynthetic Process (GO:0072330)	1/64	0.5327522809605469	0.6433893308887428	0	0	1.3306990881458969	0.8379395211983436	CYP46A1
Cellular Response to Virus (GO:0098586)	1/65	0.5382834896216622	0.647252713550888	0	0	1.309840425531915	0.8112757664094761	HSP90AA1
Chloride Transmembrane Transport (GO:1902476)	1/65	0.5382834896216622	0.647252713550888	0	0	1.309840425531915	0.8112757664094761	ANO9
Protein Targeting to Membrane (GO:0006612)	1/65	0.5382834896216622	0.647252713550888	0	0	1.309840425531915	0.8112757664094761	TRAM1
Regulation of Cell-Matrix Adhesion (GO:0001952)	1/65	0.5382834896216622	0.647252713550888	0	0	1.309840425531915	0.8112757664094761	PLAU
Intracellular Protein Transport (GO:0006886)	4/326	0.5384581056186318	0.647252713550888	0	0	1.041015206682373	0.6444358662677505	MMP12;HSP90AA1;HSPA4;CHORDC1
Positive Regulation of ERK1 and ERK2 Cascade (GO:0070374)	2/153	0.5410962647508202	0.6498188630635431	0	0	1.1101488651157525	0.6818068926534628	GLIPR2;MT3
Positive Regulation of DNA-templated Transcription (GO:0045893)	15/1274	0.5418428322698475	0.650110684442726	0	0	0.9976135624409233	0.6113169374262801	HES6;EGR4;PRMT2;HSPA5;NUCKS1;PRL;KLF14;GATA1;BMP7;MT3;MMP12;HEYL;CXCR3;HES5;ZNF750
Regulation of miRNA Transcription (GO:1902893)	1/66	0.5437494946518893	0.6511879384003608	0	0	1.2896235679214405	0.7857245999802036	PRL
Cell Cycle G1/S Phase Transition (GO:0044843)	1/66	0.5437494946518893	0.6511879384003608	0	0	1.2896235679214405	0.7857245999802036	CCNE1
Regulation of Cellular Localization (GO:0060341)	1/67	0.5491510613565812	0.6570472847185787	0	0	1.270019342359768	0.7612263753466363	HSP90AA1
Positive Regulation of Developmental Process (GO:0051094)	3/245	0.5544429749406874	0.6627647043040995	0	0	1.0386620792395276	0.6125938766545606	AGR2;PRL;BMP7
Skin Development (GO:0043588)	1/69	0.5597638971225493	0.6681186571462583	0	0	1.232540675844806	0.7151696438694627	CLIC4
Cilium Assembly (GO:0060271)	3/247	0.559956922565648	0.6681186571462583	0	0	1.0300429184549356	0.597317173083253	UBXN10;POC1A;DYNLL1
Regulation of Heart Contraction (GO:0008016)	1/70	0.5649766525622744	0.6728642605700149	0	0	1.2146160962072154	0.693510411096418	P2RX4
Negative Regulation of TOR Signaling (GO:0032007)	1/70	0.5649766525622744	0.6728642605700149	0	0	1.2146160962072154	0.693510411096418	PRKACB
Supramolecular Fiber Organization (GO:0097435)	4/339	0.5693893577633062	0.6765029176255223	0	0	0.9999485331960886	0.5631618089473294	CHORDC1;SERPINH1;B2M;MYL9
Response to Ionizing Radiation (GO:0010212)	1/71	0.5701279429717803	0.6765029176255223	0	0	1.1972036474164134	0.6727021232982577	NABP1
Positive Regulation of Proteasomal Ubiquitin-Dependent Protein Catabolic Process (GO:0032436)	1/71	0.5701279429717803	0.6765029176255223	0	0	1.1972036474164134	0.6727021232982577	HSPBP1
Positive Regulation of Protein Polymerization (GO:0032273)	1/71	0.5701279429717803	0.6765029176255223	0	0	1.1972036474164134	0.6727021232982577	HSP90AA1
Negative Regulation of Extrinsic Apoptotic Signaling Pathway (GO:2001237)	1/72	0.5752184900231305	0.6797036811373229	0	0	1.180281690140845	0.6527020628476166	GATA1
Regulation of G Protein-Coupled Receptor Signaling Pathway (GO:0008277)	1/72	0.5752184900231305	0.6797036811373229	0	0	1.180281690140845	0.6527020628476166	RGS2
Monoatomic Anion Transmembrane Transport (GO:0098656)	1/72	0.5752184900231305	0.6797036811373229	0	0	1.180281690140845	0.6527020628476166	ANO9
Monocarboxylic Acid Transport (GO:0015718)	1/72	0.5752184900231305	0.6797036811373229	0	0	1.180281690140845	0.6527020628476166	FABP2
Positive Regulation of Response to External Stimulus (GO:0032103)	2/163	0.5754578803122339	0.6797036811373229	0	0	1.0406646493603016	0.575060089233113	PLAU;CXCR3
Positive Regulation of TOR Signaling (GO:0032008)	1/73	0.5802490069306349	0.6828636900159066	0	0	1.1638297872340426	0.6334701618470575	MAT2A
Spindle Assembly (GO:0051225)	1/73	0.5802490069306349	0.6828636900159066	0	0	1.1638297872340426	0.6334701618470575	SMC1A
Positive Regulation of Protein Transport (GO:0051222)	1/73	0.5802490069306349	0.6828636900159066	0	0	1.1638297872340426	0.6334701618470575	CHORDC1
Regulation of MAP Kinase Activity (GO:0043405)	1/73	0.5802490069306349	0.6828636900159066	0	0	1.1638297872340426	0.6334701618470575	RGS2
Positive Regulation of Cell Migration (GO:0030335)	4/344	0.5809781770268465	0.6830991134259188	0	0	0.9849898580121704	0.5348909451064309	HSPA5;GLIPR2;PLAU;S100A11
Negative Regulation of Apoptotic Signaling Pathway (GO:2001234)	1/74	0.5852201986921745	0.6874606701652386	0	0	1.14782862139318	0.6149688055288253	MMP9
Regulation of Fat Cell Differentiation (GO:0045598)	1/75	0.5901327619564742	0.6894673264124962	0	0	1.132259919493962	0.5971626533063856	ALOX5
Regulation of Plasma Membrane Bounded Cell Projection Assembly (GO:0120032)	1/75	0.5901327619564742	0.6894673264124962	0	0	1.132259919493962	0.5971626533063856	P2RX4
Regulation of Stress Fiber Assembly (GO:0051492)	1/75	0.5901327619564742	0.6894673264124962	0	0	1.132259919493962	0.5971626533063856	APOA1
Gland Development (GO:0048732)	1/75	0.5901327619564742	0.6894673264124962	0	0	1.132259919493962	0.5971626533063856	PRL
Positive Regulation of Secretion by Cell (GO:1903532)	1/75	0.5901327619564742	0.6894673264124962	0	0	1.132259919493962	0.5971626533063856	P2RX4
Import Into Nucleus (GO:0051170)	1/75	0.5901327619564742	0.6894673264124962	0	0	1.132259919493962	0.5971626533063856	MMP12
Transforming Growth Factor Beta Receptor Signaling Pathway (GO:0007179)	1/76	0.5949873853006402	0.6926318434834324	0	0	1.1171063829787231	0.5800184742387972	APOA1
Positive Regulation of Protein Localization to Membrane (GO:1905477)	1/76	0.5949873853006402	0.6926318434834324	0	0	1.1171063829787231	0.5800184742387972	CHORDC1
Positive Regulation of Protein Ubiquitination (GO:0031398)	1/76	0.5949873853006402	0.6926318434834324	0	0	1.1171063829787231	0.5800184742387972	HSPBP1
Regulation of Rho Protein Signal Transduction (GO:0035023)	1/76	0.5949873853006402	0.6926318434834324	0	0	1.1171063829787231	0.5800184742387972	APOA1
Regulation of Non-Canonical NF-kappaB Signal Transduction (GO:1901222)	1/77	0.5997847491790403	0.6965556673201365	0	0	1.1023516237402016	0.5635049969145681	BMP7
Regulation of BMP Signaling Pathway (GO:0030510)	1/77	0.5997847491790403	0.6965556673201365	0	0	1.1023516237402016	0.5635049969145681	HES5
Chromatin Remodeling (GO:0006338)	3/262	0.5999766863361672	0.6965556673201365	0	0	0.9696422357366564	0.4953557771538977	PRMT2;CHEK1;NUDT5
Positive Regulation of Protein Phosphorylation (GO:0001934)	2/171	0.601575496663956	0.6977843362023065	0	0	0.990997825317352	0.5036283031374755	MT3;MMP9
Intracellular Signaling Cassette (GO:0141124)	4/354	0.6036142827892333	0.6995206814011672	0	0	0.9563546798029556	0.48278686396810766	P2RX4;CXCR3;CHORDC1;NPPA
Cell Chemotaxis (GO:0060326)	1/78	0.6045255260606496	0.6995855597888546	0	0	1.0879801050013815	0.5475927714171017	CXCR3
Regulation of Cytokine Production (GO:0001817)	2/172	0.6047540547826195	0.6995855597888546	0	0	0.9851181498240322	0.4954488447500917	ALOX5;ISG15
Membrane Organization (GO:0061024)	2/173	0.6079134698581529	0.7022237513331937	0	0	0.9793072424651372	0.48742347075841624	PLSCR3;CHORDC1
Regulation of Transcription Elongation by RNA Polymerase II (GO:0034243)	1/79	0.6092103807073408	0.7022237513331937	0	0	1.0739770867430445	0.5322540423350217	MED11
Positive Regulation of Growth (GO:0045927)	1/79	0.6092103807073408	0.7022237513331937	0	0	1.0739770867430445	0.5322540423350217	AGR2
Positive Regulation of Protein Modification by Small Protein Conjugation or Removal (GO:1903322)	1/79	0.6092103807073408	0.7022237513331937	0	0	1.0739770867430445	0.5322540423350217	HSPBP1
Regulation of Double-Strand Break Repair via Homologous Recombination (GO:0010569)	1/80	0.6138399699367263	0.7044154677229455	0	0	1.0603285752760572	0.5174626329351832	CHEK1
Cholesterol Homeostasis (GO:0042632)	1/80	0.6138399699367263	0.7044154677229455	0	0	1.0603285752760572	0.5174626329351832	APOA1
Signal Transduction in Response to DNA Damage (GO:0042770)	1/80	0.6138399699367263	0.7044154677229455	0	0	1.0603285752760572	0.5174626329351832	CHEK1
Protein Import Into Nucleus (GO:0006606)	1/80	0.6138399699367263	0.7044154677229455	0	0	1.0603285752760572	0.5174626329351832	MMP12
Proteolysis Involved in Protein Catabolic Process (GO:0051603)	1/80	0.6138399699367263	0.7044154677229455	0	0	1.0603285752760572	0.5174626329351832	ISG15
Positive Regulation of Transcription by RNA Polymerase II (GO:0045944)	11/983	0.6149834715566465	0.7046546260900544	0	0	0.9451851851851852	0.4595111228751411	MMP12;HES6;MED11;HEYL;EGR4;HSPA5;CXCR3;NUCKS1;KLF14;GATA1;ZNF750
Regulation of Neuron Projection Development (GO:0010975)	2/176	0.6172769414395771	0.7046546260900544	0	0	0.9622752726201002	0.4642376808537416	FKBP4;MT3
Negative Regulation of Neuron Apoptotic Process (GO:0043524)	1/81	0.618414942958971	0.7046546260900544	0	0	1.0470212765957447	0.5031938375848545	MT3
Sterol Homeostasis (GO:0055092)	1/81	0.618414942958971	0.7046546260900544	0	0	1.0470212765957447	0.5031938375848545	APOA1
Wound Healing (GO:0042060)	1/81	0.618414942958971	0.7046546260900544	0	0	1.0470212765957447	0.5031938375848545	MMP12
Positive Regulation of Organelle Organization (GO:0010638)	1/81	0.618414942958971	0.7046546260900544	0	0	1.0470212765957447	0.5031938375848545	MMP9
Regulation of Catabolic Process (GO:0009894)	1/81	0.618414942958971	0.7046546260900544	0	0	1.0470212765957447	0.5031938375848545	HSPB1
Negative Regulation of Cell Cycle (GO:0045786)	1/81	0.618414942958971	0.7046546260900544	0	0	1.0470212765957447	0.5031938375848545	BMP7
Regulation of Canonical NF-kappaB Signal Transduction (GO:0043122)	3/270	0.6203264534635646	0.7062093927878853	0	0	0.9402035009885712	0.4489560112059862	IFIT5;HSPB1;PRL
Positive Regulation of Tumor Necrosis Factor Production (GO:0032760)	1/82	0.6229359413950492	0.7085553306969238	0	0	1.0340425531914894	0.4894243232024396	HSPB1
Organophosphate Metabolic Process (GO:0019637)	1/83	0.6274035993425229	0.7130088439711242	0	0	1.021380384016606	0.4761320383053423	NUDT5
Metal Ion Transport (GO:0030001)	2/180	0.629494283836551	0.7147556028434365	0	0	0.940459041582637	0.43528065778005925	SLC13A1;CHORDC1
Monoatomic Cation Homeostasis (GO:0055080)	1/84	0.6318185434748718	0.7167642703216691	0	0	1.009023327351961	0.4632961290074889	MT3
Carbohydrate Metabolic Process (GO:0005975)	1/85	0.6361813931486027	0.7198161074100315	0	0	0.9969604863221884	0.4508968614002723	XYLB
Positive Regulation of Tumor Necrosis Factor Superfamily Cytokine Production (GO:1903557)	1/85	0.6361813931486027	0.7198161074100315	0	0	0.9969604863221884	0.4508968614002723	HSPB1
Regulation of Cell Division (GO:0051302)	1/85	0.6361813931486027	0.7198161074100315	0	0	0.9969604863221884	0.4508968614002723	CDK2AP2
Positive Regulation of Catabolic Process (GO:0009896)	2/183	0.6384575301679454	0.7217589066959873	0	0	0.9247296595362894	0.4149263098755254	HSP90AA1;CNOT7
Epidermis Development (GO:0008544)	1/86	0.6404927604785448	0.7234262062797912	0	0	0.9851814768460576	0.4389155498252452	ZNF750
Proteasomal Protein Catabolic Process (GO:0010498)	4/372	0.6424529251377541	0.7250058796790565	0	0	0.9087331334332832	0.4020796372034425	HSPA5;UBXN10;DNAJB9;HSP90B1
Calcium Ion Transmembrane Transport (GO:0070588)	1/87	0.6447532504758053	0.7269663287024146	0	0	0.97367639782286	0.4273344903890922	P2RX4
Regulation of Type II Interferon Production (GO:0032649)	1/88	0.6489634608722067	0.7304375135013241	0	0	0.9624358033749084	0.4161368998387025	ISG15
Positive Regulation of Ubiquitin-Dependent Protein Catabolic Process (GO:2000060)	1/88	0.6489634608722067	0.7304375135013241	0	0	0.9624358033749084	0.4161368998387025	HSPBP1
Nuclear-Transcribed mRNA Catabolic Process (GO:0000956)	1/89	0.653123982581866	0.7344800187397116	0	0	0.951450676982592	0.405306857943572	CNOT7
Negative Regulation of Cell Population Proliferation (GO:0008285)	4/379	0.656870653264244	0.7365372403280246	0	0	0.891448275862069	0.3746473218784974	CNOT7;B2M;IFIT3;S100A11
Regulation of Protein Localization to Plasma Membrane (GO:1903076)	1/90	0.6572353995800807	0.7365372403280246	0	0	0.9407124073631364	0.3948292548786462	AGR2
Establishment of Protein Localization to Organelle (GO:0072594)	1/90	0.6572353995800807	0.7365372403280246	0	0	0.9407124073631364	0.3948292548786462	MMP12
Mitotic Spindle Organization (GO:0007052)	1/90	0.6572353995800807	0.7365372403280246	0	0	0.9407124073631364	0.3948292548786462	SMC1A
Regulation of Double-Strand Break Repair (GO:2000779)	1/91	0.6612982890357937	0.7387835713032773	0	0	0.9302127659574468	0.38468974198770506	CHEK1
Phosphatidylinositol Biosynthetic Process (GO:0006661)	1/91	0.6612982890357937	0.7387835713032773	0	0	0.9302127659574468	0.38468974198770506	PIGP
Protein O-linked Glycosylation (GO:0006493)	1/91	0.6612982890357937	0.7387835713032773	0	0	0.9302127659574468	0.38468974198770506	B3GLCT
Negative Regulation of Cytokine Production (GO:0001818)	2/191	0.6615288988587052	0.7387835713032773	0	0	0.8852258852258852	0.3657767605642242	APOA1;TIGIT
Regulation of Osteoblast Differentiation (GO:0045667)	1/92	0.6653132211966464	0.7410865992794397	0	0	0.9199438859013328	0.37487468636030313	BMP7
Sensory Perception of Mechanical Stimulus (GO:0050954)	1/92	0.6653132211966464	0.7410865992794397	0	0	0.9199438859013328	0.37487468636030313	P2RX4
Positive Regulation of Cell Adhesion (GO:0045785)	1/92	0.6653132211966464	0.7410865992794397	0	0	0.9199438859013328	0.37487468636030313	AGR2
Regulation of Epithelial Cell Proliferation (GO:0050678)	1/93	0.669280759849793	0.7442217579380558	0	0	0.9098982423681776	0.36537112778432385	B2M
Regulation of Insulin Secretion (GO:0050796)	1/93	0.669280759849793	0.7442217579380558	0	0	0.9098982423681776	0.36537112778432385	ALOX5
Regulation of Immune Response (GO:0050776)	1/94	0.6732014621424913	0.7479372526901517	0	0	0.9000686341798215	0.35616673954065764	B2M
Response to Calcium Ion (GO:0051592)	1/95	0.677075878532917	0.7509492776511991	0	0	0.8904481665912177	0.34724979169297165	CLIC4
Positive Regulation of Immune Response (GO:0050778)	1/95	0.677075878532917	0.7509492776511991	0	0	0.8904481665912177	0.34724979169297165	B2M
Sodium Ion Transport (GO:0006814)	1/96	0.680904553209691	0.7542083949142053	0	0	0.881030235162374	0.33860911624748247	SLC13A1
Cell Surface Receptor Protein Tyrosine Kinase Signaling Pathway (GO:0007169)	3/296	0.6815190217465749	0.7542083949142053	0	0	0.8556299345237224	0.32807514123190346	FIBP;HSPB1;MMP9
Protein Localization to Membrane (GO:0072657)	2/199	0.6834082222704642	0.7542083949142053	0	0	0.8489305392858693	0.32315636773738077	CYP46A1;HSP90B1
Positive Regulation of Cell Differentiation (GO:0045597)	3/297	0.6837202032771659	0.7542083949142053	0	0	0.8526758342822107	0.32419289849531774	HEYL;GLIPR2;BMP7
Regulation of Organelle Organization (GO:0033043)	1/97	0.6846880238880315	0.7542083949142053	0	0	0.8718085106382979	0.3302340754507191	CLIC4
Regulation of Protein Localization (GO:0032880)	1/97	0.6846880238880315	0.7542083949142053	0	0	0.8718085106382979	0.3302340754507191	HSP90AA1
Inorganic Cation Import Across Plasma Membrane (GO:0098659)	1/97	0.6846880238880315	0.7542083949142053	0	0	0.8718085106382979	0.3302340754507191	KCNJ1
Muscle Contraction (GO:0006936)	1/97	0.6846880238880315	0.7542083949142053	0	0	0.8718085106382979	0.3302340754507191	TCAP
Phosphorylation (GO:0016310)	3/298	0.6859101012166624	0.7547579234666847	0	0	0.8497417618389467	0.32036004345259245	CCNE1;CHEK1;PRKACB
Cellular Response to Transforming Growth Factor Beta Stimulus (GO:0071560)	1/98	0.6884268221064794	0.7547579234666847	0	0	0.8627769247642026	0.322114531549657	APOA1
Positive Regulation of Hydrolase Activity (GO:0051345)	1/98	0.6884268221064794	0.7547579234666847	0	0	0.8627769247642026	0.322114531549657	APOA1
Positive Regulation of Proteasomal Protein Catabolic Process (GO:1901800)	1/98	0.6884268221064794	0.7547579234666847	0	0	0.8627769247642026	0.322114531549657	HSPBP1
rRNA Metabolic Process (GO:0016072)	1/98	0.6884268221064794	0.7547579234666847	0	0	0.8627769247642026	0.322114531549657	GTF3A
Regulation of Cell Differentiation (GO:0045595)	2/201	0.6886946815211112	0.7547579234666847	0	0	0.8403126744835288	0.31340069493119344	ALOX5;HES5
Positive Regulation of Neuron Projection Development (GO:0010976)	1/99	0.6921214729686849	0.7572278149174341	0	0	0.8539296569691707	0.3142408192278968	BMP7
Positive Regulation of Protein Catabolic Process (GO:0045732)	1/99	0.6921214729686849	0.7572278149174341	0	0	0.8539296569691707	0.3142408192278968	HSP90AA1
DNA-templated Transcription (GO:0006351)	2/203	0.69390867269199	0.7585403018165614	0	0	0.8318663094782498	0.30397636315764986	GTF3A;POLR2H
Cellular Response to Chemical Stress (GO:0062197)	1/100	0.6957724957219605	0.7592918782561717	0	0	0.8452611218568665	0.3066037188042952	MT3
Sensory Perception of Chemical Stimulus (GO:0007606)	1/100	0.6957724957219605	0.7592918782561717	0	0	0.8452611218568665	0.3066037188042952	TAAR5
Positive Regulation of Canonical NF-kappaB Signal Transduction (GO:0043123)	2/204	0.6964886402231555	0.7594314480811604	0	0	0.8277058475078277	0.29938434676412246	IFIT5;PRL
Regulation of Defense Response (GO:0031347)	1/103	0.7064688950858916	0.7696635810598196	0	0	0.8202753441802253	0.28502608129379375	ALOX5
Regulation of Signal Transduction (GO:0009966)	2/211	0.7140497011064757	0.7772665802094941	0	0	0.7996973786447471	0.26934024404542684	RGS2;NUCKS1
Regulation of Macroautophagy (GO:0016241)	1/106	0.7167907528007811	0.7795929754556095	0	0	0.7967173252279636	0.2652840179128965	ATP6V0E1
Axon Development (GO:0061564)	1/107	0.7201504112242433	0.7819295045336402	0	0	0.7891609795262947	0.25907774922496757	PLP1
Protein Catabolic Process (GO:0030163)	1/107	0.7201504112242433	0.7819295045336402	0	0	0.7891609795262947	0.25907774922496757	HSP90AA1
Regulation of Proteasomal Ubiquitin-Dependent Protein Catabolic Process (GO:0032434)	1/109	0.7267511297541109	0.7884258227041626	0	0	0.774468085106383	0.2471878964798103	HSPBP1
Regulation of Cell Cycle (GO:0051726)	3/318	0.7273548836875738	0.7884258227041626	0	0	0.7949724095646843	0.253072130919924	CHEK1;TTLL12;BMP7
Negative Regulation of Gene Expression, Epigenetic (GO:0045814)	1/110	0.7299931181901003	0.7899590239592786	0	0	0.7673238336911966	0.241492288935095	CHEK1
Glycerophospholipid Biosynthetic Process (GO:0046474)	1/110	0.7299931181901003	0.7899590239592786	0	0	0.7673238336911966	0.241492288935095	APOA1
Positive Regulation of T Cell Activation (GO:0050870)	1/111	0.733196802506431	0.7927613668641562	0	0	0.7603094777562862	0.23595529794325856	B2M
DNA Damage Response (GO:0006974)	4/421	0.7350505235319685	0.7941006074307709	0	0	0.7999255767799553	0.24622992544490557	CHEK1;CIDEB;NABP1;SMC1A
Regulation of Wnt Signaling Pathway (GO:0030111)	1/112	0.7363626334227135	0.7948529763785309	0	0	0.753421506612996	0.2305715223273705	HSP90B1
Lipid Transport (GO:0006869)	1/113	0.7394910561936628	0.7968972901051908	0	0	0.7466565349544073	0.2253357838240509	FABP2
Mitotic Cell Cycle Phase Transition (GO:0044772)	1/113	0.7394910561936628	0.7968972901051908	0	0	0.7466565349544073	0.2253357838240509	CCNE1
Regulation of ERK1 and ERK2 Cascade (GO:0070372)	2/223	0.7421751105698674	0.7982298267047516	0	0	0.7558108055845613	0.2253601574712449	GLIPR2;MT3
Antigen Receptor-Mediated Signaling Pathway (GO:0050851)	1/114	0.7425825111327705	0.7982298267047516	0	0	0.7400112973074751	0.22024311571640184	MS4A1
Positive Regulation of Wnt Signaling Pathway (GO:0030177)	1/114	0.7425825111327705	0.7982298267047516	0	0	0.7400112973074751	0.22024311571640184	HSP90B1
Intrinsic Apoptotic Signaling Pathway (GO:0097193)	1/115	0.745637433100235	0.8008468603430976	0	0	0.7334826427771557	0.21528875313988885	CIDEB
Regulation of DNA Metabolic Process (GO:0051052)	1/116	0.7486562521566826	0.8034207992803635	0	0	0.7270675300647549	0.2104681227893538	NUCKS1
Negative Regulation of Canonical Wnt Signaling Pathway (GO:0090090)	1/117	0.7516393930352631	0.8059522063193726	0	0	0.7207630227439472	0.20577683434468444	NPPA
Cilium Organization (GO:0044782)	2/230	0.7574688176786318	0.8108559234022502	0	0	0.7323436797121008	0.2034252330026487	UBXN10;POC1A
Regulation of Autophagy (GO:0010506)	2/230	0.7574688176786318	0.8108559234022502	0	0	0.7323436797121008	0.2034252330026487	ATP6V0E1;HSPB1
Ribonucleoprotein Complex Biogenesis (GO:0022613)	1/120	0.7603789213303409	0.8126234995343296	0	0	0.7024852494189165	0.19243767770051387	GTF3A
Mitotic Sister Chromatid Segregation (GO:0000070)	1/120	0.7603789213303409	0.8126234995343296	0	0	0.7024852494189165	0.19243767770051387	SMC1A
Enzyme-Linked Receptor Protein Signaling Pathway (GO:0007167)	1/121	0.763223499696881	0.8143153207509697	0	0	0.6965957446808511	0.18822321316216256	NPPA
Negative Regulation of Cell Growth (GO:0030308)	1/121	0.763223499696881	0.8143153207509697	0	0	0.6965957446808511	0.18822321316216256	MT3
Transcription Initiation at RNA Polymerase II Promoter (GO:0006367)	1/123	0.7688121704119305	0.8196007530981027	0	0	0.6851063829787234	0.18012035386885952	MED11
Regulation of Mitotic Cell Cycle (GO:0007346)	1/124	0.7715570498006267	0.8218483096473672	0	0	0.6795018162947587	0.17622516976854652	TTLL12
Potassium Ion Transport (GO:0006813)	1/127	0.7795984901840581	0.8283634986235547	0	0	0.6632218844984803	0.1651264963973875	CHORDC1
Protein Localization to Nucleus (GO:0034504)	1/127	0.7795984901840581	0.8283634986235547	0	0	0.6632218844984803	0.1651264963973875	MMP12
Negative Regulation of MAPK Cascade (GO:0043409)	1/127	0.7795984901840581	0.8283634986235547	0	0	0.6632218844984803	0.1651264963973875	RGS2
Regulation of Neuron Apoptotic Process (GO:0043523)	1/129	0.7848022175701638	0.8325223195423841	0	0	0.6527925531914893	0.15818700569439798	MT3
Regulation of Protein Catabolic Process (GO:0042176)	1/129	0.7848022175701638	0.8325223195423841	0	0	0.6527925531914893	0.15818700569439798	HSP90AA1
Positive Regulation of RNA Biosynthetic Process (GO:1902680)	5/555	0.7873309149528288	0.8345190568178178	0	0	0.7561589925226289	0.1808026379036397	PRMT2;GATA1;BMP7;MT3;HES5
Regulation of Tumor Necrosis Factor Production (GO:0032680)	1/131	0.7898835910856048	0.8365379131185529	0	0	0.642684124386252	0.1515897099651311	HSPB1
Circulatory System Development (GO:0072359)	1/132	0.7923792930379803	0.8373760961661718	0	0	0.6377456553516323	0.14841304169910005	CACYBP
Protein Localization to Plasma Membrane (GO:0072659)	1/132	0.7923792930379803	0.8373760961661718	0	0	0.6377456553516323	0.14841304169910005	HSP90B1
Positive Regulation of Macromolecule Biosynthetic Process (GO:0010557)	3/355	0.7926209058985763	0.8373760961661718	0	0	0.7100565743269606	0.16502440622749937	AGR2;BMP7;MT3
Positive Regulation of Cell Motility (GO:2000147)	2/249	0.7950927203054174	0.839300655694435	0	0	0.6753520883075539	0.15485589835543706	HSPA5;PLAU
Potassium Ion Transmembrane Transport (GO:0071805)	1/134	0.7972824864231947	0.8409245833107388	0	0	0.6280915053591425	0.14229176000969726	KCNJ1
Protein Localization to Cell Periphery (GO:1990778)	1/136	0.8020703634833486	0.84528395041388	0	0	0.6187234042553191	0.13646497816324307	HSP90B1
Cytokine-Mediated Signaling Pathway (GO:0019221)	2/255	0.8058591235808843	0.8484752479918134	0	0	0.6591331373940069	0.14227147290055053	PRL;MT3
protein-RNA Complex Assembly (GO:0022618)	1/138	0.8067456249064466	0.8484752479918134	0	0	0.6096288243516074	0.13091588260712986	HSP90AA1
Positive Regulation of Signal Transduction (GO:0009967)	2/256	0.8076040274380375	0.8484752479918134	0	0	0.6565044754021132	0.1402841121179514	MT3;HSP90B1
Negative Regulation of RNA Biosynthetic Process (GO:1902679)	4/470	0.808471880517533	0.8484752479918134	0	0	0.7140002959893443	0.15180316052666465	HEYL;CNOT7;PRMT2;BMP7
Membraneless Organelle Assembly (GO:0140694)	1/139	0.8090418514933558	0.8484752479918134	0	0	0.6051803885291397	0.12824052684966655	MYL9
Negative Regulation of Cell Motility (GO:2000146)	1/139	0.8090418514933558	0.8484752479918134	0	0	0.6051803885291397	0.12824052684966655	CLIC4
Plasma Membrane Bounded Cell Projection Organization (GO:0120036)	1/141	0.8135531161468164	0.8518224435892457	0	0	0.5964741641337385	0.12307890136647244	MANF
Cellular Response to Starvation (GO:0009267)	1/141	0.8135531161468164	0.8518224435892457	0	0	0.5964741641337385	0.12307890136647244	HSPA5
Protein Phosphorylation (GO:0006468)	3/373	0.8193786762680023	0.8572267998881612	0	0	0.6748869040714535	0.1344435032957824	CCNE1;CHEK1;PRKACB
Synapse Organization (GO:0050808)	1/144	0.8201217875426771	0.8573094961276082	0	0	0.5838714477012349	0.11578312592837108	CBLN3
Nervous System Development (GO:0007399)	4/480	0.8212353728701479	0.8577790181030428	0	0	0.6986380759200231	0.13759363926183352	CYP46A1;PRPS1L1;RBM45;HES5
Negative Regulation of Wnt Signaling Pathway (GO:0030178)	1/146	0.8243723566181987	0.860359508806867	0	0	0.5757593543653705	0.11119810953314814	NPPA
Positive Regulation of Metabolic Process (GO:0009893)	1/147	0.8264599830587664	0.8618415493771142	0	0	0.5717866511221218	0.10898469719749436	MT3
Phosphate-Containing Compound Metabolic Process (GO:0006796)	1/150	0.8325757560354591	0.8675184027778674	0	0	0.5601884906468656	0.10264393263662352	NUDT5
Cellular Component Assembly (GO:0022607)	2/277	0.8411603700071371	0.8750507958736614	0	0	0.6057187257187258	0.10477295335834798	TCAP;HES5
Plasma Membrane Bounded Cell Projection Assembly (GO:0120031)	2/277	0.8411603700071371	0.8750507958736614	0	0	0.6057187257187258	0.10477295335834798	UBXN10;POC1A
Negative Regulation of DNA-templated Transcription (GO:0045892)	9/1006	0.8446555638868675	0.8779793341207294	0	0	0.7463049942779881	0.1259959492343316	HEYL;DNAJB1;CNOT7;PRMT2;DLX4;GATA1;BMP7;HES5;ZNF750
Neuron Projection Morphogenesis (GO:0048812)	1/157	0.8460240759068105	0.8786943539788354	0	0	0.534860883797054	0.0894327305081412	BMP7
Actin Filament Organization (GO:0007015)	1/158	0.8478553470791731	0.8796450873902335	0	0	0.531427022631793	0.087709499969524915	TCAP
Neuron Development (GO:0048666)	1/159	0.8496649294931224	0.8796450873902335	0	0	0.5280366280635604	0.08602414091984553	MANF
Epithelium Development (GO:0060429)	1/159	0.8496649294931224	0.8796450873902335	0	0	0.5280366280635604	0.08602414091984553	HES5
Regulation of Cellular Component Organization (GO:0051128)	1/159	0.8496649294931224	0.8796450873902335	0	0	0.5280366280635604	0.08602414091984553	HSP90AA1
Ribosome Biogenesis (GO:0042254)	1/161	0.8532200477913998	0.8826178539252381	0	0	0.5213829787234042	0.08276318464544245	GTF3A
+ Reg of Phosphatidylinositol 3-Kinase/Prot Kinase B Signal Transduction (GO:0051897)	1/162	0.8549660863871263	0.8837159467780465	0	0	0.5181181445751288	0.0811857329880833	P2RX4
Negative Regulation of Intracellular Signal Transduction (GO:1902532)	2/297	0.868111607185486	0.8952548029631493	0	0	0.5640735911922352	0.0797797443544465	BMP7;MMP9
Regulation of Macromolecule Biosynthetic Process (GO:0010556)	1/170	0.8682099251044638	0.8952548029631493	0	0	0.4933904066473625	0.06972679291981865	GATA1
Brain Development (GO:0007420)	1/170	0.8682099251044638	0.8952548029631493	0	0	0.4933904066473625	0.06972679291981865	HES5
Regulation of Intracellular Signal Transduction (GO:1902531)	2/302	0.8741625452169565	0.9006734603951244	0	0	0.5545299145299145	0.07457814157312041	CHEK1;HSPB1
Monoatomic Cation Transmembrane Transport (GO:0098655)	2/304	0.8765108194177421	0.9023727813941826	0	0	0.550800928284372	0.07259899428333606	ATP6V0E1;P2RX4
Inorganic Cation Transmembrane Transport (GO:0098662)	2/307	0.8799578388469393	0.905199657331792	0	0	0.5452991452991452	0.06973355435173813	ATP6V0E1;P2RX4
Protein Transport (GO:0015031)	2/308	0.8810870346552511	0.9056396192196888	0	0	0.543489190548014	0.06880511584270026	PDIA4;HSP90B1
Neuron Differentiation (GO:0030182)	1/181	0.8844757084738932	0.9083994746537756	0	0	0.46297872340425533	0.05683537425893646	MANF
Protein Modification Process (GO:0036211)	4/545	0.8881011147735328	0.9111381780241316	0	0	0.6126266811141564	0.072700208828166	CCNE1;CHEK1;APOA1;PRKACB
Negative Regulation of Cell Migration (GO:0030336)	1/184	0.8885538080033939	0.9111381780241316	0	0	0.4553191489361702	0.05380054375006599	CLIC4
Positive Regulation of Gene Expression (GO:0010628)	3/436	0.8910995505221861	0.9130234283524938	0	0	0.5748198515199873	0.06627622808076937	AGR2;BMP7;MT3
Small GTPase-mediated Signal Transduction (GO:0007264)	1/188	0.8937691198004994	0.915032461270773	0	0	0.44548867903060646	0.05003185008956889	CHORDC1
Anterograde Trans-Synaptic Signaling (GO:0098916)	1/189	0.8950345168689517	0.9156018710600766	0	0	0.4430964237211408	0.04913628955203288	PLP1
Positive Regulation of Cytokine Production (GO:0001819)	2/325	0.8988444655785564	0.9187713420917784	0	0	0.5144346537535393	0.05486202138088116	ISG15;TIGIT
Regulation of Translation (GO:0006417)	1/201	0.9090977253587208	0.9281548018684016	0	0	0.41625531914893615	0.03967024828578558	HSPB1
Negative Regulation of Macromolecule Biosynthetic Process (GO:0010558)	1/202	0.9101812387028632	0.9281548018684016	0	0	0.4141632264210861	0.03897753734843331	CNOT7
Positive Regulation of Protein Metabolic Process (GO:0051247)	1/202	0.9101812387028632	0.9281548018684016	0	0	0.4141632264210861	0.03897753734843331	HSP90AA1
Regulation of RNA Biosynthetic Process (GO:2001141)	3/465	0.9146148697585326	0.931939855452459	0	0	0.5379298812775207	0.04801143055730075	PRMT2;DLX4;ELAVL2
Modification-Dependent Protein Catabolic Process (GO:0019941)	1/208	0.9164174911903176	0.9330402059358832	0	0	0.40203515263644773	0.035090931413085	ISG15
Organelle Assembly (GO:0070925)	2/346	0.917379583005482	0.9332837207723226	0	0	0.4825084476247267	0.04160861047969923	UBXN10;POC1A
Sensory Perception of Smell (GO:0007608)	1/214	0.9222224470752892	0.9374717946253532	0	0	0.39059035061432423	0.03162563929154685	TAAR5
Regulation of Canonical Wnt Signaling Pathway (GO:0060828)	1/216	0.9240667838243558	0.938039039921276	0	0	0.3869173676397823	0.03055522554973653	NPPA
Regulation of Cell Migration (GO:0030334)	3/479	0.9242336628813812	0.938039039921276	0	0	0.5217297219316911	0.04110727125899312	CLIC4;HSPA5;PLAU
Regulation of Phosphatidylinositol 3-Kinase/Protein Kinase B Signal Transduction (GO:0051896)	1/219	0.92675194417718	0.9398560565064724	0	0	0.3815342572711302	0.02902305879814314	P2RX4
Positive Regulation of MAPK Cascade (GO:0043410)	2/362	0.9293138169814728	0.9410048743560218	0	0	0.46068376068376066	0.03377217200245218	GLIPR2;MT3
Regulation of Cell Growth (GO:0001558)	1/222	0.9293425366413074	0.9410048743560218	0	0	0.3762972946952922	0.02757427278013275	MT3
Negative Regulation of Gene Expression (GO:0010629)	2/364	0.9306860722295798	0.9416267392228744	0	0	0.4580913254946404	0.03290618996034304	CNOT7;CHEK1
Protein Polyubiquitination (GO:0000209)	1/228	0.9342531698377264	0.9444955695070516	0	0	0.36623863529852846	0.02490709034405248	ZFP91
Negative Regulation of Transcription by RNA Polymerase II (GO:0000122)	5/732	0.9361001991565404	0.9456223451573504	0	0	0.5667899271750716	0.03742670201473273	DNAJB1;DLX4;GATA1;HES5;ZNF750
Gene Expression (GO:0010467)	2/381	0.9413771909496172	0.9502095023580578	0	0	0.4371603184268092	0.02640945775468921	DNAJB11;KLK10
Positive Regulation of Intracellular Signal Transduction (GO:1902533)	4/652	0.9515316973878714	0.9597089229122984	0	0	0.5086206896551724	0.02526943537937696	P2RX4;IFIT5;PRL;BMP7
Positive Regulation of Multicellular Organismal Process (GO:0051240)	2/407	0.9547583874388617	0.9609876541997572	0	0	0.40854700854700854	0.01891448776357914	GLIPR2;PRL
Regulation of DNA-templated Transcription (GO:0006355)	18/2139	0.954985883544383	0.9609876541997572	0	0	0.6868276604855768	0.03163440306710665	HES6;EGR4;PRMT2;DLX4;KLF18;ZFP91;KLF14;SAFB;GATA1;BMP7;MT3;ELAVL2;KLF17;HEYL;MYCL;CNOT7;HES3;HES5
Chemical Synaptic Transmission (GO:0007268)	1/260	0.9552419567481868	0.9609876541997572	0	0	0.3204633204633205	0.01467421180457668	PLP1
Inflammatory Response (GO:0006954)	1/261	0.9557770317525084	0.9609876541997572	0	0	0.3192144026186579	0.0144382664662328	NCR3
Regulation of Transcription by RNA Polymerase II (GO:0006357)	19/2250	0.9576661205161892	0.9621377132968096	0	0	0.6880983708820206	0.02976443746586942	HES6;EGR4;DLX4;HSPA5;KLF18;ZFP91;NUCKS1;KLF14;SAFB;GATA1;KLF17;MMP12;HEYL;MYCL;DNAJB1;CXCR3;HES3;HES5;ZNF750
Negative Regulation of Signal Transduction (GO:0009968)	1/277	0.9635211665806156	0.9672673608519242	0	0	0.30046253469010176	0.01116543505195439	RGS2
Central Nervous System Development (GO:0007417)	1/288	0.9680462215032964	0.9710549121684192	0	0	0.2887834531840759	0.00937837067679596	HES5
Protein Modification by Small Protein Conjugation (GO:0032446)	1/316	0.977198253117444	0.9794743360051398	0	0	0.26273556231003037	0.00606018681673159	ISG15
Regulation of Gene Expression (GO:0010468)	7/1127	0.9813977201566352	0.9829204474183212	0	0	0.5088427947598253	0.00955478457801519	CNOT7;PRMT2;DLX4;AGR2;BMP7;MT3;ELAVL2
Protein Ubiquitination (GO:0016567)	1/369	0.9879772132726784	0.9887430870814172	0	0	0.22428307123034227	0.00271284840674067	ISG15
Organelle Organization (GO:0006996)	1/437	0.994723650172856	0.994723650172856	0	0	0.18863946906109705	9.979629521897578e-4	CIDEC
