zfish_symbol	human_symbol	orthology_type	confidence	n_human_partners
aacs	AACS	ortholog_one2one	1	1
aagab	AAGAB	ortholog_one2one	1	1
aamdc	AAMDC	ortholog_one2one	1	1
aamp	AAMP	ortholog_one2one	1	1
aanat1	AANAT	ortholog_one2one	1	1
aar2	AAR2	ortholog_one2one	1	1
aarsd1	AARSD1	ortholog_one2one	1	1
aasdhppt	AASDHPPT	ortholog_one2one	1	1
aass	AASS	ortholog_one2one	1	1
aatf	AATF	ortholog_one2one	1	1
abat	ABAT	ortholog_one2one	1	1
abca1a	ABCA1	ortholog_one2one	1	1
abca4a	ABCA4	ortholog_one2many	1	1
abca5	ABCA10	ortholog_one2many	0	5
abca5	ABCA13	ortholog_one2many	0	5
abca5	ABCA6	ortholog_one2many	0	5
abca5	ABCA8	ortholog_one2many	0	5
abca5	ABCA9	ortholog_one2many	0	5
abcb4	ABCB4	ortholog_one2one	1	1
abcb6a	ABCB6	ortholog_one2many	1	1
abcb8	ABCB8	ortholog_one2one	1	1
abcb9	ABCB9	ortholog_one2one	1	1
abcc2	ABCC6	ortholog_one2many	0	1
abcc4	ABCC4	ortholog_one2one	1	1
abcc5	ABCC5	ortholog_one2one	1	1
abcc8	ABCC8	ortholog_one2many	1	1
abcc9	ABCC9	ortholog_one2one	1	1
abcd1	ABCD1	ortholog_one2one	1	1
abcd3a	ABCD3	ortholog_one2many	1	1
abcd3b	ABCD3	ortholog_one2many	1	1
abcd4	ABCD4	ortholog_one2one	1	1
abce1	ABCE1	ortholog_one2one	1	1
abcf1	ABCF1	ortholog_one2one	1	1
abcf2a	ABCF2	ortholog_one2many	1	1
abcg1	ABCG1	ortholog_one2one	1	1
abcg2b	ABCG2	ortholog_one2one	0	1
abcg4b	ABCG4	ortholog_one2many	1	1
abcg5	ABCG5	ortholog_one2one	1	1
abcg8	ABCG8	ortholog_one2one	1	1
abhd11	ABHD11	ortholog_one2one	1	1
abhd12	ABHD12	ortholog_many2many	1	3
abhd12	ABHD12B	ortholog_many2many	0	3
abhd12	ABHD16B	ortholog_many2many	0	3
abhd13	ABHD13	ortholog_one2one	1	1
abhd14a	ABHD14A	ortholog_one2one	1	1
abhd14b	ABHD14B	ortholog_one2one	1	1
abhd16a	ABHD16A	ortholog_one2one	1	1
abhd17aa	ABHD17A	ortholog_one2many	1	1
abhd17b	ABHD17B	ortholog_one2one	1	1
abhd2a	ABHD2	ortholog_one2many	1	1
abhd2b	ABHD2	ortholog_one2many	1	1
abhd3	ABHD3	ortholog_one2one	1	1
abhd4	ABHD4	ortholog_one2one	1	1
abhd6b	ABHD6	ortholog_one2many	1	1
abi1a	ABI1	ortholog_one2many	1	1
abi1b	ABI1	ortholog_one2many	1	1
abi2a	ABI2	ortholog_one2many	1	1
abi2b	ABI2	ortholog_one2many	1	1
abi3bpb	ABI3BP	ortholog_one2many	0	1
abl2	ABL2	ortholog_one2one	1	1
ablim1a	ABLIM1	ortholog_one2many	1	1
ablim1b	ABLIM1	ortholog_one2many	1	1
ablim3	ABLIM3	ortholog_one2one	1	1
abrab	ABRA	ortholog_one2one	1	1
abracl	ABRACL	ortholog_one2one	1	1
abt1	ABT1	ortholog_one2one	1	1
acaa1	ACAA1	ortholog_one2one	1	1
acaa2	ACAA2	ortholog_one2many	1	1
acaca	ACACA	ortholog_one2one	1	1
acad11	ACAD11	ortholog_one2one	1	1
acad8	ACAD8	ortholog_one2one	1	1
acad9	ACAD9	ortholog_one2one	1	1
acadl	ACADL	ortholog_one2one	1	1
acadm	ACADM	ortholog_one2one	1	1
acads	ACADS	ortholog_one2one	1	1
acadsb	ACADSB	ortholog_one2many	1	1
acadvl	ACADVL	ortholog_one2one	1	1
acap1	ACAP1	ortholog_one2one	1	1
acap3b	ACAP3	ortholog_one2many	1	1
acat1	ACAT1	ortholog_one2one	1	1
acat2	ACAT2	ortholog_one2one	1	1
acbd3	ACBD3	ortholog_one2one	1	1
acbd4	ACBD4	ortholog_one2one	0	1
acbd5a	ACBD5	ortholog_one2many	0	1
acbd5b	ACBD5	ortholog_one2many	0	1
acbd6	ACBD6	ortholog_one2one	1	1
acbd7	ACBD7	ortholog_one2one	1	1
accs	ACCS	ortholog_one2one	0	1
acd	ACD	ortholog_one2one	0	1
ace2	ACE2	ortholog_one2one	1	1
acer1	ACER1	ortholog_one2one	1	1
acer3	ACER3	ortholog_one2one	1	1
ache	ACHE	ortholog_one2one	1	1
acin1b	ACIN1	ortholog_one2many	0	1
ackr3b	ACKR3	ortholog_one2many	1	1
aclya	ACLY	ortholog_one2many	1	1
acmsd	ACMSD	ortholog_one2one	1	1
aco1	ACO1	ortholog_one2one	1	1
aco2	ACO2	ortholog_one2one	1	1
acot11a	ACOT11	ortholog_one2many	1	1
acot11b	ACOT11	ortholog_one2many	1	1
acot13	ACOT13	ortholog_one2one	1	1
acot7	ACOT7	ortholog_one2one	1	1
acot8	ACOT8	ortholog_one2one	1	1
acot9.1	ACOT9	ortholog_one2many	1	1
acot9.2	ACOT9	ortholog_one2many	1	1
acox1	ACOX1	ortholog_one2one	1	1
acox3	ACOX3	ortholog_one2one	1	1
acp2	ACP2	ortholog_one2one	1	1
acp5a	ACP5	ortholog_one2one	1	1
acp6	ACP6	ortholog_one2one	1	1
acsbg2	ACSBG2	ortholog_one2one	1	1
acsf2	ACSF2	ortholog_one2one	1	1
acsl1a	ACSL1	ortholog_one2many	1	1
acsl1b	ACSL1	ortholog_one2many	0	1
acsl3b	ACSL3	ortholog_one2one	1	1
acsl4a	ACSL4	ortholog_one2many	1	1
acsl4b	ACSL4	ortholog_one2many	1	1
acsl5	ACSL5	ortholog_one2one	1	1
acsm3	ACSM3	ortholog_one2one	1	1
acss1	ACSS1	ortholog_one2one	1	1
acss2	ACSS2	ortholog_one2one	1	1
acss2l	ACSM1	ortholog_one2many	0	6
acss2l	ACSM2A	ortholog_one2many	0	6
acss2l	ACSM2B	ortholog_one2many	0	6
acss2l	ACSM4	ortholog_one2many	0	6
acss2l	ACSM5	ortholog_one2many	0	6
acss2l	ACSM6	ortholog_one2many	0	6
acta1a	ACTA1	ortholog_one2many	1	1
acta1b	ACTA1	ortholog_one2many	1	1
actb1	ACTB	ortholog_one2many	1	1
actb2	ACTB	ortholog_one2many	1	1
actc1a	ACTA1	ortholog_one2many	0	1
actl6a	ACTL6A	ortholog_one2one	1	1
actl6b	ACTL6B	ortholog_one2one	1	1
actn1	ACTN1	ortholog_one2one	1	1
actn2b	ACTN2	ortholog_one2one	0	1
actn3a	ACTN3	ortholog_one2many	1	1
actn3b	ACTN3	ortholog_one2many	1	1
actr10	ACTR10	ortholog_one2one	1	1
actr2a	ACTR2	ortholog_one2many	1	1
actr2b	ACTR2	ortholog_one2many	0	1
actr3	ACTR3	ortholog_one2one	0	1
actr3b	ACTR3B	ortholog_one2many	1	2
actr3b	ACTR3C	ortholog_one2many	1	2
actr5	ACTR5	ortholog_one2one	1	1
actr6	ACTR6	ortholog_one2one	1	1
actr8	ACTR8	ortholog_one2one	1	1
acvr1ba	ACVR1B	ortholog_one2many	1	1
acvr1l	ACVRL1	ortholog_one2many	1	1
acvr2aa	ACVR2A	ortholog_one2many	1	1
acvrl1	ACVRL1	ortholog_one2many	1	1
acy1	ACY1	ortholog_one2many	1	1
acy3.1	ACY3	ortholog_one2many	0	1
acy3.2	ACY3	ortholog_one2many	0	1
ada	ADA	ortholog_one2one	1	1
adad1	ADAD1	ortholog_one2one	1	1
adam10a	ADAM10	ortholog_many2many	1	10
adam10a	ADAM18	ortholog_many2many	0	10
adam10a	ADAM2	ortholog_many2many	0	10
adam10a	ADAM20	ortholog_many2many	0	10
adam10a	ADAM21	ortholog_many2many	0	10
adam10a	ADAM29	ortholog_many2many	0	10
adam10a	ADAM30	ortholog_many2many	0	10
adam10a	ADAM32	ortholog_many2many	0	10
adam10a	ADAM7	ortholog_many2many	0	10
adam10a	ADAMDEC1	ortholog_many2many	0	10
adam10b	ADAM10	ortholog_many2many	1	10
adam10b	ADAM18	ortholog_many2many	0	10
adam10b	ADAM2	ortholog_many2many	0	10
adam10b	ADAM20	ortholog_many2many	0	10
adam10b	ADAM21	ortholog_many2many	0	10
adam10b	ADAM29	ortholog_many2many	0	10
adam10b	ADAM30	ortholog_many2many	0	10
adam10b	ADAM32	ortholog_many2many	0	10
adam10b	ADAM7	ortholog_many2many	0	10
adam10b	ADAMDEC1	ortholog_many2many	0	10
adam17a	ADAM17	ortholog_one2many	1	1
adam28	ADAM28	ortholog_one2one	0	1
adam8a	ADAM8	ortholog_one2many	0	1
adamts10	ADAMTS10	ortholog_one2one	1	1
adamts15a	ADAMTS15	ortholog_one2many	1	1
adamts3	ADAMTS3	ortholog_one2one	1	1
adamts5	ADAMTS5	ortholog_one2one	1	1
adamts9	ADAMTS9	ortholog_one2one	1	1
adar	ADAR	ortholog_one2one	0	1
adarb1a	ADARB1	ortholog_one2many	1	1
adat1	ADAT1	ortholog_one2one	1	1
adat2	ADAT2	ortholog_one2one	1	1
adat3	ADAT3	ortholog_one2one	1	1
adck1	ADCK1	ortholog_one2one	1	1
adck5	ADCK5	ortholog_one2one	1	1
adcy1a	ADCY1	ortholog_one2many	1	1
adcy1b	ADCY1	ortholog_one2many	1	1
adcy2b	ADCY2	ortholog_one2many	1	1
adcy5	ADCY5	ortholog_one2one	1	1
adcy7	ADCY7	ortholog_one2one	1	1
adcy8	ADCY8	ortholog_one2one	1	1
adcyap1b	ADCYAP1	ortholog_one2one	0	1
adcyap1r1a	ADCYAP1R1	ortholog_one2many	1	1
add1	ADD1	ortholog_one2one	1	1
add3a	ADD3	ortholog_one2many	1	1
add3b	ADD3	ortholog_one2many	1	1
adgrg1	ADGRG3	ortholog_one2many	0	1
adgrl4	ADGRL4	ortholog_one2one	1	1
adgrv1	ADGRV1	ortholog_one2one	1	1
adh8a	ADH1A	ortholog_many2many	0	7
adh8a	ADH1B	ortholog_many2many	0	7
adh8a	ADH1C	ortholog_many2many	0	7
adh8a	ADH4	ortholog_many2many	0	7
adh8a	ADH5	ortholog_many2many	0	7
adh8a	ADH6	ortholog_many2many	0	7
adh8a	ADH7	ortholog_many2many	0	7
adh8b	ADH1A	ortholog_many2many	0	7
adh8b	ADH1B	ortholog_many2many	0	7
adh8b	ADH1C	ortholog_many2many	0	7
adh8b	ADH4	ortholog_many2many	0	7
adh8b	ADH5	ortholog_many2many	0	7
adh8b	ADH6	ortholog_many2many	0	7
adh8b	ADH7	ortholog_many2many	0	7
adhfe1	ADHFE1	ortholog_one2one	1	1
adi1	ADI1	ortholog_one2one	1	1
adipoqb	ADIPOQ	ortholog_one2many	1	1
adipor1a	ADIPOR1	ortholog_one2many	1	1
adipor1b	ADIPOR1	ortholog_one2many	1	1
adipor2	ADIPOR2	ortholog_one2one	1	1
adka	ADK	ortholog_one2many	1	1
adkb	ADK	ortholog_one2many	1	1
adm2a	ADM2	ortholog_one2many	0	1
adnp2a	ADNP2	ortholog_one2many	1	1
adnp2b	ADNP2	ortholog_one2many	1	1
adnpa	ADNP	ortholog_one2many	1	1
adoa	ADO	ortholog_one2one	1	1
adora2aa	ADORA2A	ortholog_one2one	1	1
adora2b	ADORA2B	ortholog_one2one	1	1
adpgk	ADPGK	ortholog_one2one	1	1
adprh	ADPRH	ortholog_one2one	0	1
adprhl1	ADPRHL1	ortholog_one2one	0	1
adprm	ADPRM	ortholog_one2one	1	1
adra1bb	ADRA1B	ortholog_one2many	1	1
adra2a	ADRA2A	ortholog_one2one	1	1
adra2b	ADRA2B	ortholog_one2one	1	1
adra2c	ADRA2C	ortholog_one2one	1	1
adra2da	OR13F1	ortholog_many2many	0	5
adra2da	OR56A1	ortholog_many2many	0	5
adra2da	OR56A3	ortholog_many2many	0	5
adra2da	OR56A4	ortholog_many2many	0	5
adra2da	OR56A5	ortholog_many2many	0	5
adra2db	OR13F1	ortholog_many2many	0	5
adra2db	OR56A1	ortholog_many2many	0	5
adra2db	OR56A3	ortholog_many2many	0	5
adra2db	OR56A4	ortholog_many2many	0	5
adra2db	OR56A5	ortholog_many2many	0	5
adrb1	ADRB1	ortholog_one2one	1	1
adrb2a	ADRB2	ortholog_one2many	1	1
adrb2b	ADRB2	ortholog_one2many	1	1
adrb3a	ADRB3	ortholog_one2many	1	1
adrm1	ADRM1	ortholog_one2one	1	1
adsl	ADSL	ortholog_one2one	1	1
aebp2	AEBP2	ortholog_one2one	1	1
afap1l1a	AFAP1L1	ortholog_one2many	1	1
afap1l1b	AFAP1L1	ortholog_one2many	1	1
afg3l2	AFG3L2	ortholog_one2one	1	1
afmid	AFMID	ortholog_one2one	1	1
aftpha	AFTPH	ortholog_one2many	0	1
aga	AGA	ortholog_one2one	1	1
agap2	AGAP2	ortholog_one2one	1	1
agbl2	AGBL2	ortholog_one2one	0	1
agbl4	AGBL4	ortholog_one2one	1	1
agbl5	AGBL5	ortholog_one2one	1	1
agfg1a	AGFG1	ortholog_one2many	1	1
agfg1b	AGFG1	ortholog_one2many	0	1
aggf1	AGGF1	ortholog_one2one	1	1
agk	AGK	ortholog_one2one	1	1
agla	AGL	ortholog_one2many	1	1
agmat	AGMAT	ortholog_one2one	1	1
agmo	AGMO	ortholog_one2one	1	1
ago2	AGO2	ortholog_one2one	1	1
ago3b	AGO3	ortholog_one2many	1	1
ago4	AGO4	ortholog_one2one	1	1
agpat2	AGPAT2	ortholog_one2one	1	1
agpat3	AGPAT3	ortholog_one2one	1	1
agpat4	AGPAT4	ortholog_one2one	1	1
agpat5	AGPAT5	ortholog_one2one	1	1
agps	AGPS	ortholog_one2one	1	1
agr2	AGR2	ortholog_one2one	1	1
agrn	AGRN	ortholog_one2one	1	1
agt	AGT	ortholog_one2one	0	1
agtpbp1	AGTPBP1	ortholog_one2one	1	1
agtr2	AGTR2	ortholog_one2one	1	1
agtrap	AGTRAP	ortholog_one2one	1	1
agxt2	AGXT2	ortholog_one2one	1	1
agxta	AGXT	ortholog_one2many	1	1
agxtb	AGXT	ortholog_one2many	1	1
ahcy	AHCY	ortholog_one2one	1	1
ahcyl1	AHCYL1	ortholog_one2one	1	1
ahi1	AHI1	ortholog_one2one	0	1
ahr1a	AHR	ortholog_one2one	0	1
ahrra	AHRR	ortholog_one2many	0	1
ahrrb	AHRR	ortholog_one2many	0	1
ahsa1a	AHSA1	ortholog_one2many	1	1
ahsa1b	AHSA1	ortholog_one2many	1	1
aida	AIDA	ortholog_one2one	1	1
aif1l	AIF1L	ortholog_one2one	1	1
aifm1	AIFM1	ortholog_one2one	1	1
aifm2	AIFM2	ortholog_one2one	1	1
aifm3	AIFM3	ortholog_one2one	1	1
aimp2	AIMP2	ortholog_one2one	1	1
aip	AIP	ortholog_one2one	1	1
aire	AIRE	ortholog_one2one	0	1
ak1	AK1	ortholog_one2one	1	1
ak2	AK2	ortholog_one2one	1	1
ak3	AK3	ortholog_one2one	1	1
ak4	AK4	ortholog_one2many	1	2
ak4	AK4P3	ortholog_one2many	1	2
ak5	AK5	ortholog_one2one	1	1
ak7a	AK7	ortholog_one2many	0	1
ak7b	AK7	ortholog_one2many	1	1
akap12b	AKAP12	ortholog_one2many	0	1
akap17a	AKAP17A	ortholog_one2one	1	1
akap1b	AKAP1	ortholog_one2one	1	1
akap8l	AKAP8L	ortholog_one2one	0	1
akip1	AKIP1	ortholog_one2one	0	1
akirin1	AKIRIN1	ortholog_one2one	1	1
akirin2	AKIRIN2	ortholog_one2one	1	1
akr1a1a	AKR1B10	ortholog_many2many	0	9
akr1a1a	AKR1B15	ortholog_many2many	0	9
akr1a1a	AKR1C1	ortholog_many2many	0	9
akr1a1a	AKR1C2	ortholog_many2many	0	9
akr1a1a	AKR1C3	ortholog_many2many	0	9
akr1a1a	AKR1C4	ortholog_many2many	0	9
akr1a1a	AKR1C8	ortholog_many2many	0	9
akr1a1a	AKR7A2	ortholog_many2many	0	9
akr1a1a	AKR7A3	ortholog_many2many	0	9
akr1a1b	AKR1A1	ortholog_one2one	1	1
akr7a3	AKR7L	ortholog_one2one	1	1
akt1	AKT1	ortholog_one2many	1	1
akt2	AKT2	ortholog_one2many	0	1
akt2l	AKT2	ortholog_one2many	1	1
akt3a	AKT3	ortholog_one2one	1	1
aktip	AKTIP	ortholog_one2one	1	1
alad	ALAD	ortholog_one2one	1	1
alas1	ALAS1	ortholog_one2one	1	1
alas2	ALAS2	ortholog_one2one	0	1
alcama	ALCAM	ortholog_one2many	1	1
alcamb	ALCAM	ortholog_one2many	0	1
aldh16a1	ALDH16A1	ortholog_one2one	0	1
aldh1a2	ALDH1A2	ortholog_one2one	1	1
aldh1a3	ALDH1A3	ortholog_one2one	1	1
aldh1l1	ALDH1L1	ortholog_one2one	1	1
aldh2.1	ALDH2	ortholog_one2many	1	1
aldh2.2	ALDH2	ortholog_one2many	0	1
aldh3a2a	ALDH1B1	ortholog_many2many	0	3
aldh3a2a	ALDH3A1	ortholog_many2many	1	3
aldh3a2a	ALDH3B1	ortholog_many2many	0	3
aldh3a2b	ALDH1B1	ortholog_many2many	0	3
aldh3a2b	ALDH3A1	ortholog_many2many	0	3
aldh3a2b	ALDH3B1	ortholog_many2many	0	3
aldh3b1	ALDH3B2	ortholog_one2one	0	1
aldh4a1	ALDH4A1	ortholog_one2one	1	1
aldh5a1	ALDH5A1	ortholog_one2one	1	1
aldh6a1	ALDH6A1	ortholog_one2one	1	1
aldh7a1	ALDH7A1	ortholog_one2one	1	1
aldh8a1	ALDH8A1	ortholog_one2one	1	1
aldh9a1a.1	ALDH9A1	ortholog_one2many	1	1
aldh9a1a.2	ALDH9A1	ortholog_one2many	1	1
aldh9a1b	ALDH1B1	ortholog_many2many	0	3
aldh9a1b	ALDH3A1	ortholog_many2many	0	3
aldh9a1b	ALDH3B1	ortholog_many2many	0	3
aldoaa	ALDOA	ortholog_one2many	1	1
aldoab	ALDOA	ortholog_one2many	1	1
aldob	ALDOB	ortholog_one2one	1	1
aldoca	ALDOC	ortholog_one2one	1	1
alg1	ALG1	ortholog_one2many	1	2
alg1	ALG1L2	ortholog_one2many	1	2
alg11	ALG11	ortholog_one2one	1	1
alg12	ALG12	ortholog_one2one	1	1
alg13	ALG13	ortholog_one2one	0	1
alg14	ALG14	ortholog_one2one	1	1
alg2	ALG2	ortholog_one2one	1	1
alg3	ALG3	ortholog_one2one	1	1
alg5	ALG5	ortholog_one2one	1	1
alg6	ALG6	ortholog_one2one	1	1
alg8	ALG8	ortholog_one2one	1	1
alg9	ALG9	ortholog_one2one	1	1
alkbh1	ALKBH1	ortholog_one2one	1	1
alkbh2	ALKBH2	ortholog_one2one	1	1
alkbh3	ALKBH3	ortholog_one2one	1	1
alkbh5	ALKBH5	ortholog_one2one	1	1
alkbh6	ALKBH6	ortholog_one2one	0	1
alkbh7	ALKBH7	ortholog_one2one	1	1
allc	ALLC	ortholog_one2one	1	1
alox12	ALOX12	ortholog_one2one	0	1
alox5a	ALOX5	ortholog_one2many	1	1
alox5ap	ALOX5AP	ortholog_one2one	1	1
alox5b.2	ALOX5	ortholog_one2many	0	1
alox5b.3	ALOX5	ortholog_one2many	0	1
alpi.2	ALPG	ortholog_one2many	1	3
alpi.2	ALPI	ortholog_one2many	1	3
alpi.2	ALPP	ortholog_one2many	1	3
alpl	ALPL	ortholog_one2one	1	1
alx1	ALX1	ortholog_one2one	1	1
alx4b	ALX4	ortholog_one2many	1	1
amacr	AMACR	ortholog_one2one	1	1
ambp	AMBP	ortholog_one2one	0	1
ambra1a	AMBRA1	ortholog_one2many	1	1
ambra1b	AMBRA1	ortholog_one2many	1	1
amd1	AMD1	ortholog_one2one	1	1
amdhd1	AMDHD1	ortholog_one2one	1	1
amdhd2	AMDHD2	ortholog_one2one	1	1
amer2	AMER2	ortholog_one2one	1	1
amh	AMH	ortholog_one2one	0	1
ammecr1	AMMECR1	ortholog_one2one	1	1
amn1	AMN1	ortholog_one2one	0	1
amotl2a	AMOTL2	ortholog_one2many	1	1
amotl2b	AMOTL2	ortholog_one2many	0	1
ampd1	AMPD1	ortholog_one2one	1	1
ampd3b	AMPD3	ortholog_one2many	1	1
amph	AMPH	ortholog_one2one	1	1
amt	AMT	ortholog_one2one	1	1
anapc10	ANAPC10	ortholog_one2one	1	1
anapc11	ANAPC11	ortholog_one2one	1	1
anapc13	ANAPC13	ortholog_one2one	1	1
anapc15	ANAPC15	ortholog_one2one	1	1
anapc16	ANAPC16	ortholog_one2one	1	1
anapc2	ANAPC2	ortholog_one2one	1	1
anapc4	ANAPC4	ortholog_one2one	1	1
anapc5	ANAPC5	ortholog_one2one	1	1
anapc7	ANAPC7	ortholog_one2one	1	1
angel2	ANGEL2	ortholog_one2one	1	1
angpt1	ANGPT1	ortholog_one2one	1	1
angpt2a	ANGPT2	ortholog_one2one	1	1
angptl1a	ANGPTL1	ortholog_one2many	1	1
angptl2a	ANGPTL2	ortholog_one2many	1	1
angptl2b	ANGPTL2	ortholog_one2many	1	1
angptl3	ANGPTL3	ortholog_one2one	1	1
angptl4	ANGPTL4	ortholog_one2one	1	1
angptl6	ANGPTL6	ortholog_one2one	1	1
angptl7	ANGPTL7	ortholog_one2many	1	1
ank1a	ANK1	ortholog_one2many	1	1
ank2b	ANK2	ortholog_one2one	0	1
ankar	ANKAR	ortholog_one2one	1	1
ankdd1a	ANKDD1A	ortholog_one2one	1	1
ankef1a	ANKEF1	ortholog_one2many	1	1
ankfy1	ANKFY1	ortholog_one2one	1	1
ankha	ANKH	ortholog_one2many	1	1
ankhb	ANKH	ortholog_one2many	1	1
ankhd1	ANKHD1	ortholog_one2one	1	1
ankk1	ANKK1	ortholog_one2one	1	1
ankle2	ANKLE2	ortholog_one2one	1	1
ankmy2a	ANKMY2	ortholog_one2many	1	1
ankra2	ANKRA2	ortholog_one2one	1	1
ankrd10a	ANKRD10	ortholog_one2many	1	1
ankrd10b	ANKRD10	ortholog_one2many	0	1
ankrd12	ANKRD12	ortholog_one2one	1	1
ankrd13a	ANKRD13A	ortholog_one2one	1	1
ankrd13b	ANKRD13B	ortholog_one2one	1	1
ankrd13c	ANKRD13C	ortholog_one2one	1	1
ankrd16	ANKRD16	ortholog_one2one	1	1
ankrd1b	ANKRD1	ortholog_one2many	1	1
ankrd22	ANKRD22	ortholog_one2one	1	1
ankrd29	ANKRD29	ortholog_one2one	1	1
ankrd34bb	ANKRD34B	ortholog_one2many	1	1
ankrd37	ANKRD37	ortholog_one2one	1	1
ankrd39	ANKRD39	ortholog_one2one	0	1
ankrd45	ANKRD45	ortholog_one2one	0	1
ankrd46b	ANKRD46	ortholog_one2many	1	1
ankrd49	ANKRD49	ortholog_one2one	1	1
ankrd52a	ANKRD52	ortholog_one2one	1	1
ankrd54	ANKRD54	ortholog_one2one	1	1
ankrd6b	ANKRD6	ortholog_one2one	1	1
ankrd9	ANKRD9	ortholog_one2one	1	1
anks1b	ANKS1B	ortholog_one2one	1	1
anks3	ANKS3	ortholog_one2one	1	1
anks4b	ANKS4B	ortholog_one2one	1	1
anln	ANLN	ortholog_one2one	0	1
ano10a	ANO10	ortholog_one2one	1	1
ano5b	ANO5	ortholog_one2many	1	1
ano9a	ANO9	ortholog_one2many	0	1
anos1a	ANOS1	ortholog_one2many	1	1
anp32a	ANP32A	ortholog_one2many	1	2
anp32a	ANP32D	ortholog_one2many	1	2
anp32b	ANP32B	ortholog_one2one	1	1
anp32e	ANP32E	ortholog_one2one	1	1
anpepa	ANPEP	ortholog_one2many	1	1
antxr2a	ANTXR2	ortholog_one2many	1	1
antxr2b	ANTXR2	ortholog_one2many	1	1
anxa11a	ANXA11	ortholog_one2many	1	1
anxa11b	ANXA11	ortholog_one2many	1	1
anxa13	ANXA8	ortholog_many2many	0	3
anxa13	ANXA8L1	ortholog_many2many	0	3
anxa13	ANXA9	ortholog_many2many	0	3
anxa13l	ANXA13	ortholog_many2many	1	4
anxa13l	ANXA8	ortholog_many2many	0	4
anxa13l	ANXA8L1	ortholog_many2many	0	4
anxa13l	ANXA9	ortholog_many2many	0	4
anxa1a	ANXA1	ortholog_one2many	1	1
anxa1b	ANXA1	ortholog_one2many	0	1
anxa1c	ANXA1	ortholog_one2many	0	1
anxa2a	ANXA2	ortholog_one2many	1	1
anxa2b	ANXA2	ortholog_one2many	0	1
anxa3a	ANXA3	ortholog_one2many	1	1
anxa3b	ANXA3	ortholog_one2many	0	1
anxa4	ANXA4	ortholog_one2one	1	1
anxa5a	ANXA5	ortholog_one2many	0	1
anxa5b	ANXA5	ortholog_one2many	0	1
anxa6	ANXA6	ortholog_one2one	1	1
aoc1	AOC1	ortholog_one2one	1	1
aoc2	AOC2	ortholog_one2many	1	2
aoc2	AOC3	ortholog_one2many	1	2
aox6	AOX1	ortholog_one2one	0	1
ap1b1	AP1B1	ortholog_one2one	1	1
ap1g1	AP1G1	ortholog_one2one	1	1
ap1g2	AP1G2	ortholog_one2one	1	1
ap1m2	AP1M2	ortholog_one2many	1	1
ap1s2	AP1S2	ortholog_one2one	0	1
ap1s3a	AP1S3	ortholog_one2many	1	1
ap1s3b	AP1S3	ortholog_one2many	0	1
ap2b1	AP2B1	ortholog_one2one	1	1
ap2m1a	AP2M1	ortholog_one2many	1	1
ap2m1b	AP2M1	ortholog_one2many	1	1
ap2s1	AP2S1	ortholog_one2one	1	1
ap3d1	AP3D1	ortholog_one2one	1	1
ap3m1	AP3M1	ortholog_one2one	1	1
ap3m2	AP3M2	ortholog_one2one	1	1
ap3s2	AP3S2	ortholog_one2one	1	1
ap4b1	AP4B1	ortholog_one2one	1	1
ap4m1	AP4M1	ortholog_one2one	1	1
ap4s1	AP4S1	ortholog_one2one	1	1
ap5m1	AP5M1	ortholog_one2one	1	1
ap5s1	AP5S1	ortholog_one2one	0	1
apaf1	APAF1	ortholog_one2one	1	1
apbb1ip	APBB1IP	ortholog_one2one	1	1
apc	APC	ortholog_one2one	1	1
apeh	APEH	ortholog_one2one	1	1
apex1	APEX1	ortholog_one2one	1	1
apex2	APEX2	ortholog_one2one	1	1
aph1b	APH1B	ortholog_one2one	1	1
api5	API5	ortholog_one2one	1	1
apip	APIP	ortholog_one2one	1	1
apln	APLN	ortholog_one2one	1	1
aplp2	APLP2	ortholog_one2one	1	1
apmap	APMAP	ortholog_one2one	1	1
apoa1a	APOA1	ortholog_one2many	0	1
apoa1b	APOA1	ortholog_one2many	0	1
apobb.1	APOB	ortholog_one2many	0	1
apobec2a	APOBEC2	ortholog_one2many	1	1
apobec2b	APOBEC2	ortholog_one2many	1	1
apoda.1	APOD	ortholog_one2many	0	1
apoda.2	APOD	ortholog_one2many	1	1
apodb	APOD	ortholog_one2many	1	1
apoea	APOE	ortholog_one2many	0	1
apoeb	APOE	ortholog_one2many	0	1
apol1	APOLD1	ortholog_one2many	0	1
apom	ORM1	ortholog_one2many	0	2
apom	ORM2	ortholog_one2many	0	2
apoob	APOO	ortholog_one2many	1	1
apool	APOOL	ortholog_one2one	0	1
appa	APP	ortholog_one2many	0	1
appb	APP	ortholog_one2many	1	1
appbp2	APPBP2	ortholog_one2one	1	1
appl1	APPL1	ortholog_one2one	1	1
appl2	TUBGCP6	ortholog_one2one	0	1
aprt	APRT	ortholog_one2one	1	1
aptx	APTX	ortholog_one2one	1	1
aqp10a	AQP10	ortholog_many2many	0	4
aqp10a	AQP5	ortholog_many2many	0	4
aqp10a	AQP6	ortholog_many2many	0	4
aqp10a	AQP9	ortholog_many2many	0	4
aqp10b	AQP10	ortholog_many2many	1	4
aqp10b	AQP5	ortholog_many2many	0	4
aqp10b	AQP6	ortholog_many2many	0	4
aqp10b	AQP9	ortholog_many2many	0	4
aqp12	AQP12A	ortholog_one2many	0	2
aqp12	AQP12B	ortholog_one2many	0	2
aqp1a.1	AQP1	ortholog_one2many	1	1
aqp3a	AQP3	ortholog_one2many	1	1
aqp3b	AQP3	ortholog_one2many	1	1
aqp4	AQP4	ortholog_one2one	1	1
aqp7	AQP7	ortholog_one2many	0	2
aqp7	AQP7B	ortholog_one2many	0	2
aqp8a.1	AQP8	ortholog_one2one	1	1
aqp8a.2	AQP10	ortholog_many2many	0	3
aqp8a.2	AQP5	ortholog_many2many	0	3
aqp8a.2	AQP6	ortholog_many2many	0	3
aqp8b	AQP10	ortholog_many2many	0	3
aqp8b	AQP5	ortholog_many2many	0	3
aqp8b	AQP6	ortholog_many2many	0	3
aqp9b	AQP6	ortholog_many2many	0	1
aqr	AQR	ortholog_one2one	1	1
ar	AR	ortholog_one2one	1	1
araf	ARAF	ortholog_one2one	1	1
arcn1a	ARCN1	ortholog_one2many	1	1
arcn1b	ARCN1	ortholog_one2many	1	1
arf3a	ARF3	ortholog_one2many	1	1
arf3b	ARF3	ortholog_one2many	1	1
arf5	ARF5	ortholog_one2many	1	1
arf6a	ARF6	ortholog_one2one	1	1
arfgap2	ARFGAP2	ortholog_one2one	1	1
arfgap3	ARFGAP3	ortholog_one2one	1	1
arfip1	ARFIP1	ortholog_one2one	1	1
arfip2a	ARFIP2	ortholog_one2many	1	1
arfip2b	ARFIP2	ortholog_one2many	1	1
arfrp1	ARFRP1	ortholog_one2one	1	1
arg1	ARG1	ortholog_one2one	1	1
arg2	ARG2	ortholog_one2one	1	1
arglu1a	ARGLU1	ortholog_one2many	1	1
arglu1b	ARGLU1	ortholog_one2many	1	1
arhgap1	ARHGAP1	ortholog_one2one	1	1
arhgap10	ARHGAP10	ortholog_one2one	1	1
arhgap11a	ARHGAP11A	ortholog_one2many	1	2
arhgap11a	ARHGAP11B	ortholog_one2many	0	2
arhgap12b	ARHGAP12	ortholog_one2one	1	1
arhgap15	ARHGAP15	ortholog_one2one	1	1
arhgap17a	ARHGAP17	ortholog_one2many	1	1
arhgap17b	ARHGAP17	ortholog_one2many	0	1
arhgap25	ARHGAP25	ortholog_one2one	0	1
arhgap28	ARHGAP28	ortholog_one2one	0	1
arhgap29b	ARHGAP29	ortholog_one2many	0	1
arhgap42a	ARHGAP42	ortholog_one2many	1	1
arhgap4a	ARHGAP4	ortholog_one2many	0	1
arhgdia	ARHGDIA	ortholog_one2one	1	1
arhgdig	ARHGDIG	ortholog_one2one	0	1
arhgef11	ARHGEF11	ortholog_one2one	0	1
arhgef18a	ARHGEF18	ortholog_one2many	0	1
arhgef3	ARHGEF3	ortholog_one2one	1	1
arhgef39	ARHGEF39	ortholog_one2one	0	1
arhgef7a	ARHGEF7	ortholog_one2many	1	1
arhgef7b	ARHGEF7	ortholog_one2many	1	1
arhgef9b	ARHGEF9	ortholog_one2one	1	1
arid1aa	ARID1A	ortholog_one2many	1	1
arid2	ARID2	ortholog_one2one	1	1
arid3b	ARID3B	ortholog_one2one	0	1
arid3c	ARID3C	ortholog_one2one	0	1
arid4a	ARID4A	ortholog_one2one	1	1
arid4b	ARID4B	ortholog_one2one	1	1
arih1	ARIH1	ortholog_one2many	1	1
arih1l	ARIH1	ortholog_one2many	1	1
arih2	ARIH2	ortholog_one2one	1	1
arl1	ARL1	ortholog_one2one	1	1
arl13a	ARL13A	ortholog_one2one	0	1
arl13b	ARL13B	ortholog_one2one	1	1
arl14ep	ARL14EP	ortholog_one2one	0	1
arl15a	ARL15	ortholog_one2many	1	1
arl2	ARL2	ortholog_one2one	1	1
arl2bp	ARL2BP	ortholog_one2one	1	1
arl4ab	ARL4A	ortholog_one2one	1	1
arl4ca	ARL4C	ortholog_one2one	1	1
arl4d	ARL4D	ortholog_one2one	1	1
arl5a	ARL5A	ortholog_one2one	1	1
arl6	ARL6	ortholog_one2one	1	1
arl6ip1	ARL6IP1	ortholog_one2one	1	1
arl6ip4	ARL6IP4	ortholog_one2one	0	1
arl6ip5a	ARL6IP5	ortholog_one2many	1	1
arl6ip5b	ARL6IP5	ortholog_one2many	1	1
arl6ip6	ARL6IP6	ortholog_one2one	1	1
arl8	ARL5B	ortholog_one2one	1	1
arl8a	ARL8A	ortholog_one2one	1	1
arl8ba	ARL8B	ortholog_one2many	1	1
arl9	ARL9	ortholog_one2one	0	1
armc1	ARMC1	ortholog_one2one	1	1
armc8	ARMC8	ortholog_one2one	1	1
arnt	ARNT	ortholog_one2one	0	1
arnt2	ARNT2	ortholog_one2one	1	1
arpc1a	ARPC1A	ortholog_one2one	1	1
arpc1b	ARPC1B	ortholog_one2one	1	1
arpc2	ARPC2	ortholog_one2one	1	1
arpc3	ARPC3	ortholog_one2one	1	1
arpc4	ARPC4	ortholog_one2one	1	1
arpc5a	ARPC5	ortholog_one2many	1	1
arpc5b	ARPC5	ortholog_one2many	1	1
arpc5la	ARPC5L	ortholog_one2many	1	1
arpc5lb	ARPC5L	ortholog_one2many	1	1
arpin	ARPIN	ortholog_one2one	1	1
arpp19a	ARPP19	ortholog_one2many	1	1
arpp19b	ARPP19	ortholog_one2many	1	1
arr3a	ARR3	ortholog_one2many	1	1
arr3b	ARR3	ortholog_one2many	1	1
arrb1	ARRB1	ortholog_one2one	1	1
arrb2a	ARRB2	ortholog_one2many	1	1
arrb2b	ARRB2	ortholog_one2many	1	1
arrdc1a	ARRDC5	ortholog_one2many	0	1
arrdc2	ARRDC2	ortholog_one2one	1	1
arrdc3a	ARRDC3	ortholog_one2many	1	1
arrdc3b	ARRDC3	ortholog_one2many	1	1
arsa	ARSA	ortholog_one2one	1	1
arsg	ARSG	ortholog_one2many	1	1
arsk	ARSK	ortholog_one2one	1	1
arv1	ARV1	ortholog_one2one	1	1
arvcfb	ARVCF	ortholog_one2many	1	1
arxa	ARX	ortholog_one2many	1	1
as3mt	AS3MT	ortholog_one2one	1	1
asah1a	ASAH1	ortholog_one2many	1	1
asah1b	ASAH1	ortholog_one2many	1	1
asah2	ASAH2	ortholog_one2many	1	2
asah2	ASAH2B	ortholog_one2many	0	2
asap1a	ASAP1	ortholog_one2many	1	1
asap2a	ASAP2	ortholog_one2one	1	1
asb1	ASB1	ortholog_one2one	1	1
asb10	ASB10	ortholog_one2one	1	1
asb12a	ASB12	ortholog_one2many	1	1
asb12b	ASB12	ortholog_one2many	1	1
asb13a.1	ASB13	ortholog_one2many	1	1
asb13a.2	ASB13	ortholog_one2many	1	1
asb15b	ASB15	ortholog_one2many	1	1
asb16	ASB16	ortholog_one2one	1	1
asb2b	ASB2	ortholog_one2one	0	1
asb3	ASB3	ortholog_one2one	1	1
asb4	ASB4	ortholog_one2one	1	1
asb6	ASB6	ortholog_one2one	1	1
asb7	ASB7	ortholog_one2one	1	1
asb8	ASB8	ortholog_one2one	1	1
ascc1	ASCC1	ortholog_one2one	1	1
ascc2	ASCC2	ortholog_one2one	1	1
ascl1a	ASCL1	ortholog_many2many	1	3
ascl1a	ASCL2	ortholog_many2many	0	3
ascl1a	ASCL3	ortholog_many2many	0	3
ascl1b	ASCL2	ortholog_many2many	1	1
asf1ba	ASF1B	ortholog_one2many	1	1
asf1bb	ASF1B	ortholog_one2many	1	1
ash2l	ASH2L	ortholog_one2one	1	1
asic1a	ASIC1	ortholog_one2one	1	1
asic2	ASIC2	ortholog_one2one	1	1
asic4a	ASIC4	ortholog_one2many	1	1
asic4b	ASIC4	ortholog_one2many	1	1
asip1	ASIP	ortholog_one2one	1	1
asl	ASL	ortholog_one2one	1	1
asmt	ASMT	ortholog_one2one	1	1
asmtl	ASMTL	ortholog_one2one	1	1
asns	ASNS	ortholog_one2one	1	1
asnsd1	ASNSD1	ortholog_one2one	1	1
aspa	ASPA	ortholog_one2one	1	1
aspdh	ASPDH	ortholog_one2one	0	1
asphd2	ASPHD2	ortholog_one2one	1	1
aspm	ASPM	ortholog_one2one	1	1
aspn	ASPN	ortholog_one2one	1	1
aspscr1	ASPSCR1	ortholog_one2one	0	1
asrgl1	ASRGL1	ortholog_one2one	1	1
asz1	ASZ1	ortholog_one2one	1	1
atad1a	ATAD1	ortholog_one2many	0	1
atad1b	ATAD1	ortholog_one2many	1	1
atad5b	ATAD5	ortholog_one2many	0	1
atat1	ATAT1	ortholog_one2one	0	1
atf3	ATF3	ortholog_one2one	1	1
atf4a	ATF4	ortholog_one2many	0	1
atf4b	ATF4	ortholog_one2many	0	1
atf5a	ATF5	ortholog_one2many	0	1
atf6	ATF6	ortholog_one2one	0	1
atf7a	ATF7	ortholog_one2many	1	1
atf7b	ATF7	ortholog_one2many	1	1
atf7ip	ATF7IP	ortholog_one2one	0	1
atg10	ATG10	ortholog_one2one	1	1
atg101	ATG101	ortholog_one2one	1	1
atg12	ATG12	ortholog_one2one	1	1
atg13	ATG13	ortholog_one2one	1	1
atg16l1	ATG16L1	ortholog_one2one	1	1
atg3	ATG3	ortholog_one2one	1	1
atg4a	ATG4A	ortholog_one2one	1	1
atg4b	ATG4B	ortholog_one2one	1	1
atg4c	ATG4C	ortholog_one2one	1	1
atg5	ATG5	ortholog_one2one	1	1
atg9a	ATG9A	ortholog_one2one	1	1
atg9b	ATG9B	ortholog_one2one	0	1
atic	ATIC	ortholog_one2one	1	1
atl1	ATL1	ortholog_one2one	1	1
atl2	ATL2	ortholog_one2one	1	1
atl3	ATL3	ortholog_one2one	1	1
atmin	ATMIN	ortholog_one2one	1	1
atoh1a	ATOH1	ortholog_one2one	1	1
atoh7	ATOH7	ortholog_one2one	0	1
atoh8	ATOH8	ortholog_one2one	0	1
atp10d	ATP10D	ortholog_one2one	1	1
atp13a1	ATP13A1	ortholog_one2one	1	1
atp13a2	ATP13A2	ortholog_one2one	1	1
atp1a1a.1	ATP1A1	ortholog_one2many	1	1
atp1a1a.2	ATP1A1	ortholog_one2many	0	1
atp1a1a.3	ATP1A1	ortholog_one2many	0	1
atp1a1a.4	ATP1A1	ortholog_one2many	0	1
atp1a1a.5	ATP1A1	ortholog_one2many	0	1
atp1a1b	ATP1A1	ortholog_one2many	1	1
atp1a2a	ATP1A2	ortholog_one2one	1	1
atp1a3a	ATP13A4	ortholog_many2many	0	5
atp1a3a	ATP13A5	ortholog_many2many	0	5
atp1a3a	ATP1A4	ortholog_many2many	0	5
atp1a3a	ATP2B2	ortholog_many2many	0	5
atp1a3a	ATP2C2	ortholog_many2many	0	5
atp1a3b	ATP13A4	ortholog_many2many	0	5
atp1a3b	ATP13A5	ortholog_many2many	0	5
atp1a3b	ATP1A4	ortholog_many2many	0	5
atp1a3b	ATP2B2	ortholog_many2many	0	5
atp1a3b	ATP2C2	ortholog_many2many	0	5
atp1b1a	ATP1B1	ortholog_one2many	1	1
atp1b1b	ATP1B1	ortholog_one2many	1	1
atp1b2a	ATP1B2	ortholog_one2many	1	1
atp1b2b	ATP1B2	ortholog_one2many	1	1
atp1b3a	ATP1B3	ortholog_one2many	0	1
atp1b3b	ATP1B3	ortholog_one2many	0	1
atp2a1	ATP1A4	ortholog_many2many	0	1
atp2a1l	ATP1A4	ortholog_many2many	0	1
atp2a2a	ATP1A4	ortholog_many2many	0	1
atp2a2b	ATP2A2	ortholog_one2one	1	1
atp2b1a	ATP2B1	ortholog_one2many	1	1
atp2b1b	ATP2B1	ortholog_one2many	0	1
atp2b2	ATP13A4	ortholog_many2many	0	4
atp2b2	ATP13A5	ortholog_many2many	0	4
atp2b2	ATP1A4	ortholog_many2many	0	4
atp2b2	ATP2B2	ortholog_many2many	1	4
atp2b4	ATP2B4	ortholog_one2one	0	1
atp5l	ATP5MG	ortholog_one2many	1	2
atp5l	ATP5MGL	ortholog_one2many	1	2
atp6ap1b	ATP6AP1	ortholog_one2many	0	1
atp6ap2	ATP6AP2	ortholog_one2one	1	1
atp6v0a1a	ATP6V0A1	ortholog_one2many	1	1
atp6v0a1b	ATP6V0A1	ortholog_one2many	1	1
atp6v0a2b	ATP6V0A2	ortholog_one2many	1	1
atp6v0b	ATP6V0B	ortholog_one2one	1	1
atp6v0ca	ATP6V0C	ortholog_one2many	1	1
atp6v0cb	ATP6V0C	ortholog_one2many	1	1
atp6v0d1	ATP6V0D1	ortholog_one2one	1	1
atp6v0e1	ATP6V0E1	ortholog_one2one	0	1
atp6v1aa	ATP6V1A	ortholog_one2many	1	1
atp6v1ba	ATP6V1B2	ortholog_one2one	1	1
atp6v1c1a	ATP6V1C1	ortholog_one2many	1	1
atp6v1c1b	ATP6V1C1	ortholog_one2many	1	1
atp6v1d	ATP6V1D	ortholog_one2one	1	1
atp6v1e1b	ATP6V1E1	ortholog_many2many	1	2
atp6v1e1b	ATP6V1E2	ortholog_many2many	1	2
atp6v1f	ATP6V1F	ortholog_one2one	1	1
atp6v1g1	ATP6V1G1	ortholog_one2one	1	1
atp6v1h	ATP6V1H	ortholog_one2one	1	1
atp7a	ATP7A	ortholog_one2one	1	1
atp8a1	ATP8A1	ortholog_one2many	0	1
atp9b	ATP9B	ortholog_one2one	1	1
atpaf1	ATPAF1	ortholog_one2one	0	1
atpaf2	ATPAF2	ortholog_one2one	1	1
atpv0e2	ATP6V0E2	ortholog_one2one	0	1
atraid	ATRAID	ortholog_one2one	0	1
atrn	ATRN	ortholog_one2one	1	1
atrx	ATRX	ortholog_one2many	1	1
atxn10	ATXN10	ortholog_one2one	0	1
atxn1a	ATXN1	ortholog_one2many	1	1
atxn2	ATXN2	ortholog_one2one	1	1
atxn2l	ATXN2L	ortholog_one2one	0	1
atxn3	ATXN3	ortholog_one2many	1	2
atxn3	ATXN3L	ortholog_one2many	1	2
atxn7l2a	ATXN7L2	ortholog_one2many	1	1
atxn7l2b	ATXN7L2	ortholog_one2many	1	1
auh	AUH	ortholog_one2one	1	1
aup1	AUP1	ortholog_one2one	1	1
aurka	AURKA	ortholog_one2one	0	1
aurkaip1	AURKAIP1	ortholog_one2one	1	1
aurkb	AURKB	ortholog_one2one	1	1
aven	AVEN	ortholog_one2one	1	1
avil	AVIL	ortholog_one2one	1	1
avl9	AVL9	ortholog_one2one	1	1
avp	AVP	ortholog_many2many	1	2
avp	OXT	ortholog_many2many	0	2
axdnd1	AXDND1	ortholog_one2one	1	1
axin1	AXIN1	ortholog_one2one	1	1
axin2	AXIN2	ortholog_one2one	1	1
azi2	AZI2	ortholog_one2one	0	1
azin1a	AZIN1	ortholog_one2many	1	1
azin1b	AZIN1	ortholog_one2many	1	1
b3galnt2	B3GALNT2	ortholog_one2one	1	1
b3galt2	B3GALT2	ortholog_one2one	1	1
b3galt6	B3GALT6	ortholog_one2one	1	1
b3gat1a	B3GAT1	ortholog_one2many	1	1
b3gat2	B3GAT2	ortholog_one2one	1	1
b3gat3	B3GAT3	ortholog_one2one	1	1
b3glcta	B3GLCT	ortholog_one2many	1	1
b3glctb	B3GLCT	ortholog_one2many	1	1
b3gnt2a	B3GNT2	ortholog_one2many	1	1
b3gnt2b	B3GNT2	ortholog_one2many	1	1
b3gnt5a	B3GNT5	ortholog_one2many	1	1
b3gnt5b	B3GNT5	ortholog_one2many	1	1
b3gnt7	B3GNT7	ortholog_one2one	1	1
b3gnt7l	B3GNT6	ortholog_many2many	0	1
b4galnt1a	B4GALNT1	ortholog_one2many	0	1
b4galt1l	B4GALT1	ortholog_one2one	1	1
b4galt2	B4GALT2	ortholog_one2one	1	1
b4galt4	B4GALT4	ortholog_one2one	1	1
b4galt5	B4GALT6	ortholog_one2one	0	1
b4galt6	B4GALT5	ortholog_one2one	1	1
b4galt7	B4GALT7	ortholog_one2one	1	1
b4gat1	B4GAT1	ortholog_one2one	1	1
b9d1	B9D1	ortholog_one2one	1	1
b9d2	B9D2	ortholog_one2one	1	1
ba1l	HBE1	ortholog_one2many	1	1
babam1	BABAM1	ortholog_one2one	1	1
bace1	BACE1	ortholog_one2one	1	1
bach1a	BACH1	ortholog_one2many	0	1
bach1b	BACH1	ortholog_one2many	1	1
bag1	BAG1	ortholog_one2one	0	1
bag2	BAG2	ortholog_one2one	1	1
bag3	BAG3	ortholog_one2one	1	1
bag4	BAG4	ortholog_one2one	1	1
bag5	BAG5	ortholog_one2one	1	1
bag6	BAG6	ortholog_one2many	0	1
baiap2a	BAIAP2	ortholog_one2many	1	1
baiap2l1a	BAIAP2L1	ortholog_one2many	1	1
baiap2l1b	BAIAP2L1	ortholog_one2many	1	1
baiap2l2b	BAIAP2L2	ortholog_one2many	0	1
bambia	BAMBI	ortholog_one2many	1	1
bambib	BAMBI	ortholog_one2many	1	1
banf1	BANF1	ortholog_one2one	1	1
banp	BANP	ortholog_one2one	1	1
bap1	BAP1	ortholog_one2one	1	1
barhl1a	BARHL1	ortholog_one2many	1	1
barhl1b	BARHL1	ortholog_one2many	1	1
barhl2	BARHL2	ortholog_one2one	1	1
barx1	BARX1	ortholog_one2one	1	1
batf3	BATF3	ortholog_one2one	1	1
baxa	BAX	ortholog_one2one	1	1
baz2a	BAZ2A	ortholog_one2one	0	1
bbip1	BBIP1	ortholog_one2one	1	1
bbox1	BBOX1	ortholog_one2one	1	1
bbs1	BBS1	ortholog_one2one	1	1
bbs10	BBS10	ortholog_one2one	0	1
bbs2	BBS2	ortholog_one2one	1	1
bbs4	BBS4	ortholog_one2one	1	1
bbs5	BBS5	ortholog_one2one	1	1
bbs7	BBS7	ortholog_one2one	1	1
bcam	BCAM	ortholog_one2many	0	1
bcan	BCAN	ortholog_one2one	0	1
bcap29	BCAP29	ortholog_one2one	1	1
bcap31	BCAP31	ortholog_one2one	1	1
bcar1	BCAR1	ortholog_one2one	1	1
bcar3	BCAR3	ortholog_one2one	1	1
bcas2	BCAS2	ortholog_one2one	1	1
bcas3	BCAS3	ortholog_one2one	1	1
bcat1	BCAT1	ortholog_one2one	1	1
bcat2	BCAT2	ortholog_one2one	1	1
bccip	BCCIP	ortholog_one2one	1	1
bckdha	BCKDHA	ortholog_one2one	1	1
bckdhb	BCKDHB	ortholog_one2one	1	1
bckdk	BCKDK	ortholog_one2one	1	1
bcl11aa	BCL11A	ortholog_one2one	1	1
bcl11ba	BCL11B	ortholog_one2one	0	1
bcl2a	BCL2	ortholog_one2many	0	1
bcl2l1	BCL2L1	ortholog_one2one	1	1
bcl2l10	BCL2L10	ortholog_one2one	0	1
bcl2l11	BCL2L11	ortholog_one2one	0	1
bcl2l13	BCL2L13	ortholog_one2many	0	1
bcl6ab	BCL6	ortholog_one2many	0	1
bcl7a	BCL7A	ortholog_one2one	1	1
bcl7ba	BCL7B	ortholog_one2many	1	1
bcl7bb	BCL7B	ortholog_one2many	1	1
bcl9	BCL9	ortholog_one2one	1	1
bcl9l	BCL9L	ortholog_one2one	1	1
bco1	BCO1	ortholog_one2one	1	1
bco2a	BCO2	ortholog_one2many	1	1
bco2l	BCO2	ortholog_one2many	1	1
bcor	BCOR	ortholog_one2one	1	1
bcs1l	BCS1L	ortholog_one2one	1	1
bdh1	BDH1	ortholog_one2one	1	1
bdh2	BDH2	ortholog_one2one	1	1
bdkrb1	BDKRB1	ortholog_one2one	0	1
bdnf	BDNF	ortholog_one2one	1	1
becn1	BECN1	ortholog_one2one	1	1
bend3	BEND3	ortholog_one2one	1	1
bfb	CFB	ortholog_one2many	0	1
bfsp2	BFSP2	ortholog_one2one	1	1
bglap	BGLAP	ortholog_one2one	0	1
bgna	BGN	ortholog_one2many	1	1
bgnb	BGN	ortholog_one2many	1	1
bhlha15	BHLHA15	ortholog_one2one	1	1
bhlha9	BHLHA9	ortholog_one2one	0	1
bhlhe22	BHLHE22	ortholog_one2one	1	1
bhlhe23	BHLHE23	ortholog_one2many	1	1
bhlhe40	BHLHE40	ortholog_one2one	1	1
bhlhe41	BHLHE41	ortholog_one2one	1	1
bhmt	BHMT	ortholog_one2many	1	2
bhmt	BHMT2	ortholog_one2many	1	2
bin1b	BIN1	ortholog_one2many	1	1
bin2a	BIN2	ortholog_one2many	1	1
bin2b	BIN2	ortholog_one2many	0	1
bin3	BIN3	ortholog_one2one	1	1
birc2	BIRC2	ortholog_one2many	1	2
birc2	BIRC3	ortholog_one2many	1	2
birc5a	BIRC5	ortholog_one2one	1	1
birc5b	NLRC4	ortholog_one2one	0	1
birc7	BIRC7	ortholog_one2one	1	1
blcap	BLCAP	ortholog_one2one	1	1
blmh	BLMH	ortholog_one2one	1	1
blnk	BLNK	ortholog_one2one	0	1
bloc1s1	BLOC1S1	ortholog_one2one	1	1
bloc1s2	BLOC1S2	ortholog_one2one	1	1
bloc1s3	BLOC1S3	ortholog_one2many	0	1
bloc1s4	BLOC1S4	ortholog_one2one	0	1
bloc1s5	BLOC1S5	ortholog_one2one	1	1
bloc1s6	BLOC1S6	ortholog_one2one	1	1
blvra	BLVRA	ortholog_one2one	1	1
blvrb	BLVRB	ortholog_one2one	0	1
blzf1	BLZF1	ortholog_one2one	1	1
bmf2	BMF	ortholog_one2one	0	1
bmi1a	BMI1	ortholog_one2many	1	1
bmi1b	BMI1	ortholog_one2many	1	1
bmp10	BMP10	ortholog_one2many	1	1
bmp15	BMP15	ortholog_one2one	0	1
bmp1a	BMP1	ortholog_one2many	1	1
bmp1b	BMP1	ortholog_one2many	1	1
bmp2a	BMP2	ortholog_one2many	1	1
bmp2b	BMP2	ortholog_one2many	1	1
bmp2k	BMP2K	ortholog_one2one	1	1
bmp3	BMP3	ortholog_one2one	1	1
bmp4	BMP4	ortholog_one2one	1	1
bmp5	BMP5	ortholog_one2one	1	1
bmp6	BMP6	ortholog_one2one	1	1
bmp7a	BMP7	ortholog_one2many	0	1
bmp7b	BMP7	ortholog_one2many	1	1
bmp8a	BMP8A	ortholog_one2many	1	2
bmp8a	BMP8B	ortholog_one2many	0	2
bmper	BMPER	ortholog_one2one	1	1
bmpr1aa	BMPR1A	ortholog_one2many	1	1
bmpr1ab	BMPR1A	ortholog_one2many	1	1
bmpr1ba	BMPR1B	ortholog_one2many	0	1
bmpr1bb	BMPR1B	ortholog_one2many	0	1
bmpr2a	BMPR2	ortholog_one2many	1	1
bmpr2b	BMPR2	ortholog_one2many	1	1
bms1	BMS1	ortholog_one2one	1	1
bnip2	BNIP2	ortholog_one2one	1	1
bnip3la	BNIP3L	ortholog_one2many	1	1
bnip3lb	BNIP3L	ortholog_one2many	1	1
bnip4	BNIP3	ortholog_one2one	0	1
bnipl	BNIPL	ortholog_one2one	1	1
boc	BOC	ortholog_one2one	1	1
boka	BOK	ortholog_one2one	1	1
bola1	BOLA1	ortholog_one2one	1	1
bop1	BOP1	ortholog_one2one	1	1
bora	BORA	ortholog_one2one	0	1
bpgm	BPGM	ortholog_one2one	1	1
bpnt1	BPNT1	ortholog_one2one	1	1
braf	BRAF	ortholog_one2one	1	1
brap	BRAP	ortholog_one2one	1	1
brat1	BRAT1	ortholog_one2one	0	1
brca2	BRCA2	ortholog_one2one	0	1
brd1b	BRD1	ortholog_one2many	1	1
brd2a	BRD2	ortholog_one2many	1	1
brd2b	BRD2	ortholog_one2many	0	1
brd7	BRD7	ortholog_one2one	1	1
brd9	BRD9	ortholog_one2one	1	1
brf1b	BRF1	ortholog_one2one	1	1
brf2	BRF2	ortholog_one2many	0	1
bri3	BRI3	ortholog_one2one	1	1
bri3bp	BRI3BP	ortholog_one2one	1	1
brinp2	BRINP2	ortholog_one2many	1	1
brip1	BRIP1	ortholog_one2one	1	1
brms1	BRMS1	ortholog_one2many	0	2
brms1	BRMS1L	ortholog_one2many	0	2
brox	BROX	ortholog_one2one	1	1
brpf1	BRPF1	ortholog_one2one	1	1
bscl2	BSCL2	ortholog_one2many	1	1
bscl2l	BSCL2	ortholog_one2many	1	1
bsdc1	BSDC1	ortholog_one2one	1	1
bsg	BSG	ortholog_one2one	1	1
bsnd	BSND	ortholog_one2one	0	1
bsx	DLX4	ortholog_many2many	0	2
bsx	VENTX	ortholog_many2many	0	2
btbd10a	BTBD10	ortholog_one2many	0	1
btbd11a	ABTB3	ortholog_one2many	1	1
btbd2a	BTBD2	ortholog_one2many	1	1
btbd6b	BTBD6	ortholog_one2one	1	1
btbd7	BTBD7	ortholog_one2one	1	1
btbd9	BTBD9	ortholog_one2one	1	1
btc	BTC	ortholog_one2one	0	1
btd	BTD	ortholog_one2one	1	1
btf3	BTF3	ortholog_one2one	1	1
btf3l4	BTF3L4	ortholog_one2one	1	1
btg1	BTG1	ortholog_one2one	1	1
btg2	BTG2	ortholog_one2one	1	1
btg3	BTG3	ortholog_one2one	0	1
bub3	BUB3	ortholog_one2one	1	1
bud31	BUD31	ortholog_one2one	1	1
bxdc2	BRIX1	ortholog_one2one	0	1
bysl	BYSL	ortholog_one2one	1	1
bzw1a	BZW1	ortholog_one2many	1	1
bzw1b	BZW1	ortholog_one2many	1	1
bzw2	BZW2	ortholog_one2one	1	1
c1d	C1D	ortholog_one2one	1	1
c1galt1c1	C1GALT1C1	ortholog_one2many	1	2
c1galt1c1	C1GALT1C1L	ortholog_one2many	1	2
c1qa	C1QA	ortholog_one2one	0	1
c1qbp	C1QBP	ortholog_one2one	1	1
c1qc	C1QC	ortholog_one2one	0	1
c1ql3b	C1QL3	ortholog_one2many	1	1
c1qtnf1	C1QTNF1	ortholog_one2one	1	1
c1qtnf4	C1QTNF4	ortholog_one2one	1	1
c1qtnf5	C1QTNF5	ortholog_one2one	1	1
c1qtnf9	C1QTNF9	ortholog_one2many	1	2
c1qtnf9	C1QTNF9B	ortholog_one2many	1	2
c2cd2l	C2CD2L	ortholog_one2one	1	1
c3a.1	C3	ortholog_one2many	0	1
c3a.2	C3	ortholog_one2many	0	1
c3a.3	C3	ortholog_one2many	0	1
c3a.6	C3	ortholog_one2many	0	1
c3b.1	C3	ortholog_one2many	0	1
c3b.2	C3	ortholog_one2many	0	1
c8b	C8B	ortholog_one2one	0	1
c8g	C8G	ortholog_one2one	0	1
c9	C9	ortholog_one2one	0	1
ca10a	CA10	ortholog_one2many	1	1
ca14	CA14	ortholog_one2one	1	1
ca2	CA1	ortholog_many2many	0	7
ca2	CA11	ortholog_many2many	0	7
ca2	CA13	ortholog_many2many	0	7
ca2	CA2	ortholog_many2many	0	7
ca2	CA3	ortholog_many2many	0	7
ca2	CA5A	ortholog_many2many	0	7
ca2	CA9	ortholog_many2many	0	7
ca5a	CA5B	ortholog_one2one	1	1
ca7	CA7	ortholog_one2one	1	1
ca8	CA8	ortholog_one2one	1	1
cab39	CAB39	ortholog_one2one	1	1
cab39l	CAB39L	ortholog_one2one	1	1
cabin1	CABIN1	ortholog_one2many	1	1
cables1	CABLES1	ortholog_one2one	1	1
cabp1a	CABP1	ortholog_one2many	1	1
cabp1b	CABP1	ortholog_one2many	1	1
cabp2a	CALML5	ortholog_many2many	0	2
cabp2a	CETN2	ortholog_many2many	0	2
cabp5a	CABP5	ortholog_one2many	0	1
cabp5b	CABP5	ortholog_one2many	0	1
cacna1ba	CACNA1B	ortholog_one2many	1	1
cacna1c	CACNA1C	ortholog_one2one	1	1
cacna1da	CACNA1D	ortholog_one2many	0	1
cacna1sa	CACNA1S	ortholog_one2many	1	1
cacna1sb	CACNA1S	ortholog_one2many	1	1
cacna2d1a	CACNA2D1	ortholog_one2many	0	1
cacna2d2a	CACNA2D2	ortholog_one2many	0	1
cacna2d2b	CACNA2D2	ortholog_one2many	1	1
cacnb1	CACNB1	ortholog_one2one	1	1
cacnb2a	CACNB2	ortholog_one2one	0	1
cacnb3a	CACNB3	ortholog_one2many	1	1
cacnb4a	CACNB4	ortholog_one2one	1	1
cacng1a	CACNG1	ortholog_one2many	1	1
cacng2a	CACNG2	ortholog_one2many	1	1
cacng6a	CACNG6	ortholog_one2many	0	1
cacng7a	CACNG7	ortholog_one2many	1	1
cacng8a	CACNG8	ortholog_one2many	1	1
cacybp	CACYBP	ortholog_one2one	1	1
cad	CAD	ortholog_one2one	1	1
cadm1a	CADM1	ortholog_one2many	1	1
cadm1b	CADM1	ortholog_one2many	1	1
cadm2a	CADM2	ortholog_one2many	1	1
cadm2b	CADM2	ortholog_one2many	1	1
cadm3	CADM3	ortholog_one2one	0	1
cadm4	CADM4	ortholog_one2one	1	1
cahz	CA1	ortholog_many2many	1	6
cahz	CA11	ortholog_many2many	0	6
cahz	CA13	ortholog_many2many	1	6
cahz	CA2	ortholog_many2many	1	6
cahz	CA3	ortholog_many2many	1	6
cahz	CA9	ortholog_many2many	0	6
calb2a	CALB2	ortholog_one2many	1	1
calb2b	CALB2	ortholog_one2many	0	1
calca	CALCB	ortholog_one2one	1	1
calcoco1a	CALCOCO1	ortholog_one2many	1	1
calcoco2	CALCOCO2	ortholog_one2one	0	1
calm1a	CALML3	ortholog_one2many	0	1
calm1b	CALML3	ortholog_one2many	0	1
calm2b	CALM2	ortholog_one2one	1	1
calml4a	CALML4	ortholog_one2many	1	1
calr3b	CALR3	ortholog_one2one	0	1
calua	CALU	ortholog_one2many	1	1
calub	CALU	ortholog_one2many	1	1
camk1da	CAMK1D	ortholog_one2many	1	1
camk1db	CAMK1D	ortholog_one2many	0	1
camk1ga	CAMK1G	ortholog_one2many	0	1
camk1gb	CAMK1G	ortholog_one2many	1	1
camk2a	CAMK2A	ortholog_one2one	1	1
camk2b1	CAMK2B	ortholog_one2many	1	1
camk2d1	CAMK2D	ortholog_one2one	0	1
camk2g1	CAMK2G	ortholog_one2many	0	1
camk2n1a	CAMK2N1	ortholog_one2one	1	1
camk4	CAMK4	ortholog_one2one	1	1
camkk1a	CAMKK1	ortholog_one2many	1	1
camkk1b	CAMKK1	ortholog_one2many	0	1
camkvb	CAMKV	ortholog_one2many	1	1
camlg	CAMLG	ortholog_one2one	1	1
camsap1a	CAMSAP1	ortholog_one2many	1	1
camsap1b	CAMSAP1	ortholog_one2many	1	1
camsap2a	CAMSAP2	ortholog_one2one	1	1
cand1	CAND1	ortholog_one2one	1	1
cand2	CAND2	ortholog_one2one	0	1
cant1a	CANT1	ortholog_one2many	1	1
cant1b	CANT1	ortholog_one2many	1	1
canx	CANX	ortholog_one2one	1	1
cap1	CAP1	ortholog_one2one	1	1
cap2	CAP2	ortholog_one2one	1	1
capga	CAPG	ortholog_one2many	1	1
capgb	CAPG	ortholog_one2many	1	1
capn12	CAPNS2	ortholog_one2many	0	1
capn1a	CAPN11	ortholog_one2many	0	1
capn1b	CAPN11	ortholog_one2many	1	1
capn2a	CAPN2	ortholog_one2many	0	1
capn2b	CAPN2	ortholog_one2many	0	1
capn2l	CAPN2	ortholog_one2many	0	1
capn3a	CAPN3	ortholog_one2many	1	1
capn3b	CAPN3	ortholog_one2many	1	1
capn5a	CAPN5	ortholog_one2many	1	1
capn7	CAPN7	ortholog_one2one	1	1
capn8	CAPN2	ortholog_one2many	0	1
capn9	CAPN9	ortholog_one2one	1	1
capns1a	CAPNS1	ortholog_one2many	1	1
capns1b	CAPNS1	ortholog_one2many	0	1
caprin1a	CAPRIN1	ortholog_one2many	1	1
caprin1b	CAPRIN1	ortholog_one2many	1	1
caprin2	CAPRIN2	ortholog_one2one	0	1
capslb	CAPSL	ortholog_one2one	1	1
capzb	CAPZB	ortholog_one2one	1	1
card9	CARD9	ortholog_one2one	1	1
carhsp1	CARHSP1	ortholog_one2one	1	1
carm1	CARM1	ortholog_one2one	1	1
casc3	CASC3	ortholog_one2one	1	1
casd1	CASD1	ortholog_one2one	1	1
caska	CASK	ortholog_one2many	1	1
caskb	CASK	ortholog_one2many	0	1
casp2	CASP2	ortholog_one2one	1	1
casp3a	CASP3	ortholog_one2many	1	1
casp3b	CASP3	ortholog_one2many	1	1
casp7	CASP7	ortholog_one2one	1	1
casp8	CARD16	ortholog_many2many	0	8
casp8	CARD18	ortholog_many2many	0	8
casp8	CASP1	ortholog_many2many	0	8
casp8	CASP12	ortholog_many2many	0	8
casp8	CASP14	ortholog_many2many	0	8
casp8	CASP4	ortholog_many2many	0	8
casp8	CASP5	ortholog_many2many	0	8
casp8	PYDC1	ortholog_many2many	0	8
casp8ap2	CASP8AP2	ortholog_one2one	0	1
casp9	CASP9	ortholog_one2one	1	1
casq2	CASQ2	ortholog_one2one	1	1
cast	CAST	ortholog_one2one	0	1
cat	CAT	ortholog_one2one	1	1
catip	CATIP	ortholog_one2one	0	1
cav1	CAV1	ortholog_one2one	1	1
cav2	CAV2	ortholog_one2one	1	1
cav3	CAV3	ortholog_one2one	1	1
cbfb	CBFB	ortholog_one2one	1	1
cbl	CBL	ortholog_one2one	1	1
cbll1	CBLL1	ortholog_one2many	1	2
cbll1	CBLL2	ortholog_one2many	1	2
cbln1	CBLN1	ortholog_one2one	1	1
cbln11	CBLN3	ortholog_one2many	0	1
cbln12	CBLN3	ortholog_one2many	0	1
cbln13	CBLN3	ortholog_one2many	0	1
cbln14	CBLN3	ortholog_one2many	0	1
cbln2a	CBLN2	ortholog_one2many	0	1
cbln2b	CBLN2	ortholog_one2many	1	1
cbln4	CBLN4	ortholog_one2one	1	1
cbr1	CBR1	ortholog_one2one	1	1
cbr1l	CBR3	ortholog_many2many	0	4
cbr1l	DHRS2	ortholog_many2many	0	4
cbr1l	DHRS4	ortholog_many2many	0	4
cbr1l	DHRS4L2	ortholog_many2many	0	4
cbr4	CBR4	ortholog_one2one	1	1
cbsa	CBS	ortholog_one2many	1	1
cbsb	CBS	ortholog_one2many	0	1
cbwd	ZNG1C	ortholog_one2many	1	3
cbwd	ZNG1E	ortholog_one2many	1	3
cbwd	ZNG1F	ortholog_one2many	1	3
cbx1a	CBX1	ortholog_one2many	1	1
cbx1b	CBX1	ortholog_one2many	1	1
cbx2	CBX2	ortholog_one2one	0	1
cbx3a	CBX3	ortholog_one2one	1	1
cbx4	CBX4	ortholog_one2one	1	1
cbx5	CBX5	ortholog_one2one	1	1
cbx6a	CBX6	ortholog_one2many	0	1
cbx7a	CBX7	ortholog_one2many	0	1
cbx8a	CBX8	ortholog_one2many	1	1
cbx8b	CBX8	ortholog_one2many	1	1
cby1	CBY1	ortholog_one2one	1	1
ccar1	CCAR1	ortholog_one2one	1	1
ccbe1	CCBE1	ortholog_one2one	1	1
ccdc102a	CCDC102A	ortholog_one2one	1	1
ccdc106a	CCDC106	ortholog_one2many	0	1
ccdc106b	CCDC106	ortholog_one2many	0	1
ccdc12	CCDC12	ortholog_one2one	1	1
ccdc124	CCDC124	ortholog_one2one	1	1
ccdc126	CCDC126	ortholog_one2one	0	1
ccdc127a	CCDC127	ortholog_one2many	1	1
ccdc127b	CCDC127	ortholog_one2many	1	1
ccdc137	CCDC137	ortholog_one2one	0	1
ccdc146	CCDC146	ortholog_one2one	1	1
ccdc149a	CCDC149	ortholog_one2many	1	1
ccdc149b	CCDC149	ortholog_one2many	1	1
ccdc167	CCDC167	ortholog_one2one	0	1
ccdc174	CCDC174	ortholog_one2one	1	1
ccdc22	CCDC22	ortholog_one2one	1	1
ccdc24	CCDC24	ortholog_one2one	1	1
ccdc25	CCDC25	ortholog_one2one	1	1
ccdc28a	CCDC28A	ortholog_one2one	1	1
ccdc28b	CCDC28B	ortholog_one2one	1	1
ccdc32	CCDC32	ortholog_one2one	1	1
ccdc40	CCDC40	ortholog_one2one	0	1
ccdc43	CCDC43	ortholog_one2one	1	1
ccdc47	CCDC47	ortholog_one2one	1	1
ccdc59	CCDC59	ortholog_one2one	0	1
ccdc61	CCDC61	ortholog_one2one	0	1
ccdc6a	CCDC6	ortholog_one2many	1	1
ccdc6b	CCDC6	ortholog_one2many	1	1
ccdc77	CCDC77	ortholog_one2one	1	1
ccdc82	CCDC82	ortholog_one2one	0	1
ccdc83	CCDC83	ortholog_one2one	0	1
ccdc85a	CCDC85A	ortholog_one2many	1	1
ccdc85al	CCDC85A	ortholog_one2many	1	1
ccdc85b	CCDC85B	ortholog_one2one	1	1
ccdc85ca	CCDC85C	ortholog_one2many	1	1
ccdc85cb	CCDC85C	ortholog_one2many	1	1
ccdc87	CCDC87	ortholog_one2one	0	1
ccdc9	CCDC9	ortholog_one2one	0	1
ccdc90b	CCDC90B	ortholog_one2one	1	1
ccdc92	CCDC92	ortholog_one2one	1	1
ccdc93	CCDC93	ortholog_one2one	1	1
ccl27b	CCL27	ortholog_many2many	0	2
ccl27b	CCL28	ortholog_many2many	0	2
ccl38.1	CCL1	ortholog_one2many	0	1
ccm2	CCM2	ortholog_one2one	1	1
ccna1	CCNA1	ortholog_one2one	1	1
ccna2	CCNA2	ortholog_one2one	1	1
ccnb1	CCNB1	ortholog_one2one	1	1
ccnb2	CCNB2	ortholog_one2one	1	1
ccnb3	CCNB3	ortholog_one2one	0	1
ccnc	CCNC	ortholog_one2one	1	1
ccnd1	CCND1	ortholog_one2one	1	1
ccnd2a	CCND2	ortholog_one2many	1	1
ccnd2b	CCND2	ortholog_one2many	1	1
ccne1	CCNE1	ortholog_one2one	1	1
ccne2	CCNE2	ortholog_one2one	1	1
ccnf	CCNF	ortholog_one2one	1	1
ccng1	CCNG1	ortholog_one2one	1	1
ccng2	CCNG2	ortholog_one2one	1	1
ccnh	CCNH	ortholog_one2one	1	1
ccni	CCNI	ortholog_one2one	1	1
ccnjl	CCNJL	ortholog_one2one	1	1
ccnl1a	CCNL1	ortholog_one2one	1	1
ccnt1	CCNT1	ortholog_one2one	1	1
ccnt2a	CCNT2	ortholog_one2one	1	1
ccnyl1	CCNYL1	ortholog_one2many	1	2
ccnyl1	CCNYL1B	ortholog_one2many	0	2
ccr6a	CCR6	ortholog_one2many	1	1
ccr7	CCR7	ortholog_one2one	1	1
ccr9a	CCR9	ortholog_one2many	1	1
ccs	CCS	ortholog_one2many	1	1
ccsapb	CCSAP	ortholog_one2many	1	1
cct3	CCT3	ortholog_one2one	1	1
cct4	CCT4	ortholog_one2one	1	1
cct5	CCT5	ortholog_one2one	1	1
cct6a	CCT6B	ortholog_one2one	1	1
cct7	CCT7	ortholog_one2one	1	1
cct8	CCT8	ortholog_one2one	1	1
ccz1	CCZ1	ortholog_one2many	1	2
ccz1	CCZ1B	ortholog_one2many	1	2
cd151	CD151	ortholog_one2many	1	1
cd151l	CD151	ortholog_one2many	1	1
cd226	CD226	ortholog_one2one	0	1
cd247l	FCER1G	ortholog_one2one	0	1
cd248a	CD93	ortholog_one2many	0	1
cd276	CD276	ortholog_one2one	1	1
cd2ap	CD2AP	ortholog_one2one	1	1
cd2bp2	CD2BP2	ortholog_one2one	0	1
cd36	CD36	ortholog_one2one	1	1
cd40	CD27	ortholog_many2many	0	13
cd40	LTBR	ortholog_many2many	0	13
cd40	TNFRSF10A	ortholog_many2many	0	13
cd40	TNFRSF10B	ortholog_many2many	0	13
cd40	TNFRSF10C	ortholog_many2many	0	13
cd40	TNFRSF10D	ortholog_many2many	0	13
cd40	TNFRSF11A	ortholog_many2many	0	13
cd40	TNFRSF14	ortholog_many2many	0	13
cd40	TNFRSF18	ortholog_many2many	0	13
cd40	TNFRSF1B	ortholog_many2many	0	13
cd40	TNFRSF25	ortholog_many2many	0	13
cd40	TNFRSF4	ortholog_many2many	0	13
cd40	TNFRSF8	ortholog_many2many	0	13
cd63	CD63	ortholog_one2one	1	1
cd74a	CD74	ortholog_one2many	0	1
cd74b	CD74	ortholog_one2many	0	1
cd81a	CD81	ortholog_one2many	1	1
cd81b	CD81	ortholog_one2many	1	1
cd82a	CD82	ortholog_one2many	1	1
cd82b	CD82	ortholog_one2many	1	1
cd99	CD99	ortholog_one2one	0	1
cd99l2	CD99L2	ortholog_one2one	1	1
cdadc1	CDADC1	ortholog_one2one	1	1
cdc123	CDC123	ortholog_one2one	1	1
cdc14ab	CDC14A	ortholog_one2one	1	1
cdc14b	CDC14B	ortholog_one2many	1	2
cdc14b	CDC14C	ortholog_one2many	1	2
cdc16	CDC16	ortholog_one2one	1	1
cdc20	CDC20	ortholog_one2one	1	1
cdc23	CDC23	ortholog_one2one	1	1
cdc25b	CDC25A	ortholog_one2many	0	1
cdc25d	CDC25A	ortholog_one2many	0	1
cdc26	CDC26	ortholog_one2one	1	1
cdc27	CDC27	ortholog_one2one	1	1
cdc37l1	CDC37L1	ortholog_one2one	0	1
cdc40	CDC40	ortholog_one2one	1	1
cdc42	CDC42	ortholog_one2many	1	1
cdc42bpb	CDC42BPB	ortholog_one2one	1	1
cdc42ep1b	CDC42EP1	ortholog_one2many	0	1
cdc42ep2	CDC42EP2	ortholog_one2one	1	1
cdc42ep3	CDC42EP3	ortholog_one2one	1	1
cdc42ep4a	CDC42EP4	ortholog_one2many	1	1
cdc42l	CDC42	ortholog_one2many	0	1
cdc42se1	CDC42SE1	ortholog_one2one	1	1
cdc42se2	CDC42SE2	ortholog_one2one	1	1
cdc45	CDC45	ortholog_one2one	1	1
cdc5l	CDC5L	ortholog_one2one	1	1
cdc6	CDC6	ortholog_one2one	1	1
cdc7	CDC7	ortholog_one2one	1	1
cdc73	CDC73	ortholog_one2one	1	1
cdca4	CDCA4	ortholog_one2one	1	1
cdca5	CDCA5	ortholog_one2one	0	1
cdca7a	CDCA7	ortholog_one2one	1	1
cdca8	CDCA8	ortholog_one2one	0	1
cdcp1a	CDCP1	ortholog_one2many	0	1
cdh1	CDH3	ortholog_one2many	0	1
cdh10a	CDH10	ortholog_one2many	0	1
cdh11	CDH11	ortholog_one2one	1	1
cdh15	CDH15	ortholog_one2one	1	1
cdh17	CDH17	ortholog_one2one	1	1
cdh18a	CDH18	ortholog_one2many	0	1
cdh2	CDH2	ortholog_one2one	1	1
cdh23	CDH23	ortholog_one2one	1	1
cdh4	CDH4	ortholog_one2one	0	1
cdh6	CDH6	ortholog_one2one	0	1
cdhr1a	CDHR1	ortholog_one2many	1	1
cdip1	CDIP1	ortholog_one2one	1	1
cdipt	CDIPT	ortholog_one2one	1	1
cdk1	CDK1	ortholog_one2one	1	1
cdk10	CDK10	ortholog_one2one	1	1
cdk11b	CDK11A	ortholog_one2many	1	2
cdk11b	CDK11B	ortholog_one2many	1	2
cdk14	CDK14	ortholog_one2one	1	1
cdk15	CDK15	ortholog_one2one	1	1
cdk17	CDK17	ortholog_one2one	1	1
cdk2	CDK2	ortholog_one2one	1	1
cdk20	CDK20	ortholog_one2one	1	1
cdk2ap2	CDK2AP2	ortholog_one2one	1	1
cdk4	CDK4	ortholog_one2one	1	1
cdk5	CDK5	ortholog_one2one	1	1
cdk5r1a	CDK5R1	ortholog_one2many	1	1
cdk5r1b	CDK5R1	ortholog_one2many	1	1
cdk5r2a	CDK5R2	ortholog_one2many	1	1
cdk5r2b	CDK5R2	ortholog_one2many	1	1
cdk5rap3	CDK5RAP3	ortholog_one2one	1	1
cdk6	CDK6	ortholog_one2one	1	1
cdk7	CDK7	ortholog_one2one	1	1
cdk8	CDK8	ortholog_one2one	1	1
cdk9	CDK9	ortholog_one2one	1	1
cdkal1	CDKAL1	ortholog_one2many	1	1
cdkl1	CDKL1	ortholog_one2one	1	1
cdkl5	CDKL5	ortholog_one2one	1	1
cdkn1a	CDKN1A	ortholog_one2one	0	1
cdkn1ba	CDKN1B	ortholog_one2many	1	1
cdkn1bb	CDKN1B	ortholog_one2many	1	1
cdkn1ca	CDKN1C	ortholog_one2many	0	1
cdkn2aip	CDKN2AIP	ortholog_one2one	0	1
cdkn2aipnl	CDKN2AIPNL	ortholog_one2one	1	1
cdkn2c	CDKN2C	ortholog_one2one	1	1
cdkn3	CDKN3	ortholog_one2one	1	1
cdnf	CDNF	ortholog_one2one	1	1
cdon	CDON	ortholog_one2one	1	1
cdr2l	CDR2L	ortholog_one2one	1	1
cds2	CDS2	ortholog_one2one	1	1
cdv3	CDV3	ortholog_one2one	0	1
cebp1	CEBPE	ortholog_one2one	0	1
cebpa	CEBPA	ortholog_one2one	1	1
cebpb	CEBPB	ortholog_one2one	1	1
cebpd	CEBPD	ortholog_one2one	1	1
cebpz	CEBPZ	ortholog_one2many	1	1
cel.1	CEL	ortholog_one2many	1	1
celf1	CELF1	ortholog_one2one	1	1
celf3a	CELF3	ortholog_one2many	1	1
celf4	CELF4	ortholog_one2one	1	1
celf5a	CELF5	ortholog_one2many	0	1
celsr2	CELSR2	ortholog_one2one	1	1
cenpe	CENPE	ortholog_one2one	0	1
cenph	CENPH	ortholog_one2one	0	1
cenpk	CENPK	ortholog_one2one	0	1
cenpl	CENPL	ortholog_one2one	1	1
cenpn	CENPN	ortholog_one2one	0	1
cenpo	CENPO	ortholog_one2one	0	1
cenpp	CENPP	ortholog_one2one	1	1
cep135	CEP250	ortholog_one2many	0	1
cep19	CEP19	ortholog_one2one	1	1
cep290	CEP290	ortholog_one2one	1	1
cep41	CEP41	ortholog_one2one	1	1
cep44	CEP44	ortholog_one2one	1	1
cep55l	CEP55	ortholog_one2one	1	1
cep57l1	CEP57L1	ortholog_one2one	1	1
cep63	CEP63	ortholog_one2one	0	1
cep68	CEP68	ortholog_one2one	0	1
cep70	CEP70	ortholog_one2one	0	1
cep76	CEP76	ortholog_one2one	1	1
cep97	CEP97	ortholog_one2one	1	1
cept1a	CEPT1	ortholog_one2many	1	1
cept1b	CEPT1	ortholog_one2many	1	1
cerk	CERK	ortholog_one2one	1	1
cerkl	CERKL	ortholog_one2one	1	1
cers2a	CERS2	ortholog_one2many	1	1
cers3b	CERS3	ortholog_one2many	0	1
cers4a	CERS4	ortholog_one2many	0	1
cers5	CERS5	ortholog_one2one	1	1
ces3	CES1	ortholog_many2many	0	4
ces3	CES2	ortholog_many2many	0	4
ces3	CES4A	ortholog_many2many	0	4
ces3	CES5A	ortholog_many2many	0	4
cetn3	CETN3	ortholog_one2one	1	1
cetp	BPIFC	ortholog_one2many	0	2
cetp	CETP	ortholog_one2many	1	2
cfap126	CFAP126	ortholog_one2one	0	1
cfap20	CFAP20	ortholog_one2one	1	1
cfap36	CFAP36	ortholog_one2one	0	1
cfap45	CFAP45	ortholog_one2one	1	1
cfap52	CFAP52	ortholog_one2one	1	1
cfap58	CFAP58	ortholog_one2one	1	1
cfap97	CFAP97	ortholog_one2one	1	1
cfb	CFB	ortholog_one2many	0	1
cfd	CFD	ortholog_one2one	0	1
cfdp1	CFDP1	ortholog_one2one	0	1
cfh	F13B	ortholog_one2many	0	1
cfhl1	F13B	ortholog_one2many	0	1
cfhl2	F13B	ortholog_one2many	0	1
cfhl3	F13B	ortholog_one2many	0	1
cfhl4	F13B	ortholog_one2many	0	1
cfl1	CFL1	ortholog_one2one	1	1
cfl2	CFL2	ortholog_one2one	1	1
cflara	CFLAR	ortholog_one2many	0	1
cfp	CFP	ortholog_one2many	0	1
cftr	CFTR	ortholog_one2one	1	1
cga	CGA	ortholog_one2many	1	1
cgnb	CGN	ortholog_one2many	0	1
cgrrf1	CGRRF1	ortholog_one2one	1	1
ch25h	CH25H	ortholog_one2one	1	1
chac1	CHAC1	ortholog_one2one	1	1
chac2	CHAC2	ortholog_one2one	1	1
chaf1a	CHAF1A	ortholog_one2one	1	1
chaf1b	CHAF1B	ortholog_one2one	1	1
chata	CHAT	ortholog_one2one	1	1
chchd1	CHCHD1	ortholog_one2one	0	1
chchd10	CHCHD10	ortholog_one2one	1	1
chchd2	CHCHD2	ortholog_one2one	1	1
chchd3a	CHCHD3	ortholog_one2many	1	1
chchd3b	CHCHD3	ortholog_one2many	0	1
chchd6a	CHCHD6	ortholog_one2many	0	1
chchd6b	CHCHD6	ortholog_one2many	0	1
chchd7	CHCHD7	ortholog_one2one	1	1
chd1	CHD1	ortholog_one2one	1	1
chd1l	CHD1L	ortholog_one2one	1	1
chd2	CHD2	ortholog_one2one	1	1
chd4a	CHD4	ortholog_one2one	1	1
chd8	CHD8	ortholog_one2one	1	1
chek1	CHEK1	ortholog_one2one	1	1
chek2	CHEK2	ortholog_one2one	0	1
cherp	CHERP	ortholog_one2one	1	1
ches1	FOXN3	ortholog_one2one	1	1
chfr	CHFR	ortholog_one2one	1	1
chga	CHGA	ortholog_one2one	0	1
chia.1	CHIT1	ortholog_one2one	0	1
chic1	CHIC1	ortholog_one2one	1	1
chic2	CHIC2	ortholog_one2one	1	1
chico	TLE5	ortholog_one2many	1	1
chid1	CHID1	ortholog_one2one	0	1
chka	CHKA	ortholog_one2one	1	1
chkb	CHKB	ortholog_one2one	1	1
chl1a	CHL1	ortholog_one2one	0	1
chm	CHM	ortholog_one2many	1	2
chm	CHML	ortholog_one2many	0	2
chmp1a	CHMP1A	ortholog_one2one	1	1
chmp1b	CHMP1B	ortholog_one2one	1	1
chmp2ba	CHMP2B	ortholog_one2many	1	1
chmp2bb	CHMP2B	ortholog_one2many	1	1
chmp3	CHMP3	ortholog_one2one	1	1
chmp4ba	CHMP4B	ortholog_many2many	0	2
chmp4ba	CHMP4BP1	ortholog_many2many	1	2
chmp4bb	CHMP4B	ortholog_many2many	1	2
chmp4bb	CHMP4BP1	ortholog_many2many	1	2
chmp4c	CHMP4C	ortholog_one2one	0	1
chmp5b	CHMP5	ortholog_one2many	0	1
chmp6b	CHMP6	ortholog_one2many	1	1
chmp7	CHMP7	ortholog_one2one	1	1
chodl	CHODL	ortholog_one2one	1	1
chordc1a	CHORDC1	ortholog_one2many	1	1
chordc1b	CHORDC1	ortholog_one2many	1	1
chp1	CHP1	ortholog_one2one	1	1
chpt1	CHPT1	ortholog_one2one	1	1
chrm2a	CHRM2	ortholog_one2many	1	1
chrm5a	CHRM5	ortholog_one2many	1	1
chrm5b	CHRM5	ortholog_one2many	1	1
chrna1	CHRNA1	ortholog_one2one	1	1
chrna10a	CHRNA10	ortholog_one2one	0	1
chrna2a	CHRNA2	ortholog_one2many	1	1
chrna4b	CHRNA4	ortholog_one2many	1	1
chrna5	CHRNA5	ortholog_one2one	1	1
chrna6	CHRNA6	ortholog_one2one	1	1
chrnb1	CHRNB1	ortholog_one2many	1	1
chrnb1l	CHRNB1	ortholog_one2many	1	1
chrnb3a	CHRNB3	ortholog_one2many	1	1
chrnb3b	CHRNB3	ortholog_one2many	1	1
chrnd	CHRND	ortholog_one2one	1	1
chrne	CHRNE	ortholog_one2one	1	1
chrng	CHRNG	ortholog_one2one	1	1
chst1	CHST1	ortholog_one2one	1	1
chst10	CHST10	ortholog_one2one	1	1
chst11	CHST11	ortholog_one2one	1	1
chst12a	CHST12	ortholog_one2one	1	1
chst14	CHST14	ortholog_one2one	1	1
chst2a	CHST2	ortholog_one2many	1	1
chst3a	CHST3	ortholog_one2many	1	1
chst3b	CHST3	ortholog_one2many	1	1
chsy1	CHSY1	ortholog_one2one	1	1
chsy3	CHSY3	ortholog_one2one	1	1
chtf18	CHTF18	ortholog_one2one	1	1
chtf8	CHTF8	ortholog_one2one	1	1
chtopa	CHTOP	ortholog_one2many	1	1
chtopb	CHTOP	ortholog_one2many	0	1
chuk	CHUK	ortholog_one2one	1	1
churc1	CHURC1	ortholog_one2one	1	1
ciao1	CIAO1	ortholog_one2one	1	1
ciapin1	CIAPIN1	ortholog_one2one	1	1
cib1	CIB1	ortholog_one2one	1	1
cib2	CIB2	ortholog_one2one	1	1
cideb	CIDEB	ortholog_one2one	0	1
cidec	CIDEC	ortholog_one2one	1	1
cilp	CILP	ortholog_one2one	1	1
cinp	CINP	ortholog_one2one	0	1
cisd1	CISD1	ortholog_one2one	1	1
cisd2	CISD2	ortholog_one2one	1	1
cishb	CISH	ortholog_one2many	0	1
cited1	CITED1	ortholog_one2one	1	1
cited2	CITED2	ortholog_one2one	1	1
cited4a	CITED4	ortholog_one2many	0	1
cited4b	CITED4	ortholog_one2many	0	1
ciz1b	CIZ1	ortholog_one2many	0	1
ckap5	CKAP5	ortholog_one2one	1	1
ckba	CKB	ortholog_one2many	1	1
ckbb	CKB	ortholog_one2many	1	1
ckmt1	CKMT1A	ortholog_one2many	0	2
ckmt1	CKMT1B	ortholog_one2many	1	2
ckmt2a	CKMT2	ortholog_one2many	1	1
ckmt2b	CKMT2	ortholog_one2many	1	1
cks1b	CKS1B	ortholog_one2one	1	1
clasp1a	CLASP1	ortholog_one2many	1	1
clasp2	CLASP2	ortholog_one2one	1	1
clasrp	CLASRP	ortholog_one2one	1	1
clca1	CLCA1	ortholog_one2many	0	1
clcn1a	CLCN1	ortholog_one2many	1	1
clcn4	CLCN4	ortholog_one2one	1	1
clcn7	CLCN7	ortholog_one2one	1	1
cldn1	CLDN1	ortholog_one2many	0	1
cldn10a	CLDN10	ortholog_one2many	1	1
cldn10b	CLDN10	ortholog_one2many	1	1
cldn11a	CLDN11	ortholog_one2many	1	1
cldn11b	CLDN11	ortholog_one2many	1	1
cldn12	CLDN12	ortholog_one2one	1	1
cldn15lb	CLDN15	ortholog_one2one	0	1
cldn19	CLDN19	ortholog_one2one	1	1
cldn2	CLDN2	ortholog_one2one	1	1
cldn5a	CLDN5	ortholog_one2many	1	1
cldn5b	CLDN5	ortholog_one2many	1	1
cldn7b	CLDN7	ortholog_one2one	0	1
cldnd1a	CLDND1	ortholog_one2many	0	1
cldne	CLDN3	ortholog_one2one	0	1
clgn	CLGN	ortholog_one2one	1	1
clic1	CLIC1	ortholog_one2one	1	1
clic2	CLIC2	ortholog_one2one	1	1
clic3	CLIC3	ortholog_one2one	1	1
clic4	CLIC4	ortholog_one2one	1	1
clic5b	CLIC5	ortholog_one2one	0	1
clk2a	CLK2	ortholog_one2many	1	1
clk2b	CLK2	ortholog_one2many	1	1
clk4b	CLK1	ortholog_one2one	1	1
cln3	CLN3	ortholog_one2one	0	1
cln6a	CLN6	ortholog_one2many	1	1
cln8	CLN8	ortholog_one2one	1	1
clns1a	CLNS1A	ortholog_one2one	1	1
clocka	CLOCK	ortholog_one2many	1	1
clockb	CLOCK	ortholog_one2many	1	1
clpp	CLPP	ortholog_one2one	1	1
clptm1	CLPTM1	ortholog_one2one	1	1
clptm1l	CLPTM1L	ortholog_one2one	1	1
clpxa	CLPX	ortholog_one2many	1	1
clrn1	CLRN1	ortholog_one2one	1	1
clrn2	CLRN2	ortholog_one2one	1	1
clstn1	CLSTN1	ortholog_one2one	1	1
clta	CLTA	ortholog_one2one	1	1
cltcb	CLHC1	ortholog_one2one	0	1
clu	CLU	ortholog_one2one	1	1
cluap1	CLUAP1	ortholog_one2one	1	1
cluha	CLUH	ortholog_one2many	1	1
clul1	CLUL1	ortholog_one2one	1	1
clvs2	CLVS2	ortholog_one2one	1	1
clybl	CLYBL	ortholog_one2one	1	1
cmasa	CMAS	ortholog_one2many	1	1
cmbl	CMBL	ortholog_one2one	1	1
cmc2	CMC2	ortholog_one2one	1	1
cmklr1	CMKLR1	ortholog_one2many	1	1
cmss1	CMSS1	ortholog_one2one	0	1
cmtm3	CMTM3	ortholog_one2one	1	1
cmtm4	CMTM4	ortholog_one2one	1	1
cmtm6	CMTM6	ortholog_one2one	0	1
cmtm7	CMTM7	ortholog_one2one	0	1
cmtm8b	CMTM8	ortholog_one2many	0	1
cmtr1	CMTR1	ortholog_one2one	1	1
cmtr2	CMTR2	ortholog_one2one	1	1
cmya5	CMYA5	ortholog_one2many	0	1
cnbpa	CNBP	ortholog_many2many	1	2
cnbpa	ZCCHC13	ortholog_many2many	0	2
cndp2	CNDP2	ortholog_one2one	1	1
cnep1r1	CNEP1R1	ortholog_one2one	1	1
cnfn	CNFN	ortholog_one2one	0	1
cnih1	CNIH1	ortholog_one2one	1	1
cnih2	CNIH2	ortholog_one2one	1	1
cnksr1	CNKSR1	ortholog_one2one	0	1
cnn1a	CNN1	ortholog_one2many	1	1
cnn2	CNN2	ortholog_one2one	1	1
cnn3a	CNN3	ortholog_one2many	1	1
cnn3b	CNN3	ortholog_one2many	1	1
cnnm2a	CNNM2	ortholog_one2many	1	1
cnot1	CNOT1	ortholog_one2one	1	1
cnot10	CNOT10	ortholog_one2one	1	1
cnot11	CNOT11	ortholog_one2one	1	1
cnot2	CNOT2	ortholog_one2one	1	1
cnot3a	CNOT3	ortholog_one2many	1	1
cnot3b	CNOT3	ortholog_one2many	0	1
cnot4b	CNOT4	ortholog_one2many	1	1
cnot6a	CNOT6	ortholog_one2many	1	1
cnot6b	CNOT6	ortholog_one2many	0	1
cnot6l	CNOT6L	ortholog_one2one	1	1
cnot7	CNOT7	ortholog_one2one	1	1
cnot8	CNOT8	ortholog_one2one	1	1
cnppd1	CNPPD1	ortholog_one2one	0	1
cnpy1	CNPY1	ortholog_one2many	0	1
cnpy4	CNPY4	ortholog_one2one	1	1
cnr1	CNR1	ortholog_one2one	1	1
cnr2	CNR2	ortholog_one2one	1	1
cnrip1a	CNRIP1	ortholog_one2many	1	1
cnstb	CNST	ortholog_one2many	0	1
cntfr	CNTFR	ortholog_one2one	0	1
cntn1b	CNTN1	ortholog_one2one	1	1
cntn5	CNTN5	ortholog_one2one	1	1
cntnap2b	CNTNAP2	ortholog_one2one	1	1
coa5	COA5	ortholog_one2one	0	1
coa7	COA7	ortholog_one2one	1	1
coasy	COASY	ortholog_one2one	1	1
cobl	COBL	ortholog_one2one	1	1
coch	COCH	ortholog_one2one	1	1
cog2	COG2	ortholog_one2one	1	1
cog3	COG3	ortholog_one2one	1	1
cog4	COG4	ortholog_one2one	1	1
cog5	COG5	ortholog_one2one	0	1
cog6	COG6	ortholog_one2one	1	1
cog7	COG7	ortholog_one2one	1	1
cog8	COG8	ortholog_one2one	1	1
coil	COIL	ortholog_one2one	0	1
col10a1a	COL10A1	ortholog_one2many	1	1
col11a1a	COL11A1	ortholog_one2many	1	1
col11a1b	COL11A1	ortholog_one2many	1	1
col11a2	COL11A2	ortholog_one2one	1	1
col1a1a	COL1A1	ortholog_one2many	1	1
col1a1b	COL1A1	ortholog_one2many	1	1
col1a2	COL1A2	ortholog_one2one	1	1
col2a1a	COL2A1	ortholog_one2many	1	1
col2a1b	COL2A1	ortholog_one2many	1	1
col5a2a	COL5A2	ortholog_one2one	1	1
col8a2	COL8A2	ortholog_one2one	1	1
col9a1a	COL9A1	ortholog_one2many	1	1
col9a1b	COL9A1	ortholog_one2many	0	1
col9a2	COL9A2	ortholog_one2one	1	1
colec11	COLEC11	ortholog_one2one	1	1
colec12	COLEC12	ortholog_one2one	1	1
commd1	COMMD1	ortholog_one2one	1	1
commd2	COMMD2	ortholog_one2one	1	1
commd3	COMMD3	ortholog_one2one	1	1
commd4	COMMD4	ortholog_one2one	1	1
commd5	COMMD5	ortholog_one2one	0	1
commd7	COMMD7	ortholog_one2one	1	1
commd8	COMMD8	ortholog_one2one	0	1
commd9	COMMD9	ortholog_one2one	0	1
comta	COMT	ortholog_one2many	1	1
comtb	COMT	ortholog_one2many	1	1
copa	COPA	ortholog_one2one	1	1
copb1	COPB1	ortholog_one2one	1	1
copb2	COPB2	ortholog_one2one	1	1
cope	COPE	ortholog_one2one	1	1
copg2	COPG2	ortholog_one2one	1	1
cops2	COPS2	ortholog_one2one	1	1
cops3	COPS3	ortholog_one2one	1	1
cops4	COPS4	ortholog_one2one	1	1
cops5	COPS5	ortholog_one2one	1	1
cops7a	COPS7A	ortholog_one2one	1	1
copz1	COPZ1	ortholog_one2one	1	1
copz2	COPZ2	ortholog_one2one	1	1
coq10b	COQ10B	ortholog_one2one	1	1
coq2	COQ2	ortholog_one2one	1	1
coq3	COQ3	ortholog_one2one	1	1
coq4	COQ4	ortholog_one2one	1	1
coq5	COQ5	ortholog_one2one	1	1
coq6	COQ6	ortholog_one2one	1	1
coq7	COQ7	ortholog_one2one	1	1
coq9	COQ9	ortholog_one2one	1	1
coro1a	CORO1A	ortholog_one2one	1	1
coro1b	CORO1B	ortholog_one2one	0	1
coro1ca	CORO1C	ortholog_one2many	1	1
coro6	CORO6	ortholog_one2one	1	1
coro7	CORO7	ortholog_one2many	0	1
cotl1	COTL1	ortholog_one2one	1	1
cox10	COX10	ortholog_one2one	1	1
cox11	COX11	ortholog_one2one	1	1
cox15	COX15	ortholog_one2one	1	1
cox16	COX16	ortholog_one2one	0	1
cox19	COX19	ortholog_one2one	1	1
cox4i1	COX4I1	ortholog_one2one	1	1
cox4i2	COX4I2	ortholog_one2one	1	1
cox5aa	COX5A	ortholog_one2many	0	1
cox5ab	COX5A	ortholog_one2many	1	1
cox5b2	COX5B	ortholog_one2many	1	1
cox6a1	COX6A2	ortholog_one2one	1	1
cox6a2	COX6A1	ortholog_one2one	1	1
cox6b1	COX6B2	ortholog_one2many	0	1
cox6b2	COX6B2	ortholog_one2many	0	1
cox7a2a	COX7A2	ortholog_one2many	1	1
cox7c	COX7C	ortholog_one2one	1	1
cox8a	COX8A	ortholog_one2many	0	2
cox8a	COX8C	ortholog_one2many	0	2
cp	CP	ortholog_one2one	1	1
cpa1	CPA1	ortholog_one2many	1	1
cpa2	CPA2	ortholog_one2many	0	1
cpa4	CPA2	ortholog_one2many	1	1
cpa5	CPA1	ortholog_one2many	1	1
cpb1	CPB1	ortholog_one2one	1	1
cpb2	CPB2	ortholog_one2one	1	1
cpdb	CPD	ortholog_one2many	1	1
cpe	CPE	ortholog_one2one	1	1
cpeb1a	CPEB1	ortholog_one2many	0	1
cpeb1b	CPEB1	ortholog_one2many	1	1
cpeb3	CPEB3	ortholog_one2one	1	1
cplx3b	CPLX3	ortholog_one2many	1	1
cplx4a	CPLX4	ortholog_one2many	1	1
cpm	CPM	ortholog_one2one	1	1
cpn1	CPN1	ortholog_one2one	1	1
cpne1	CPNE1	ortholog_one2one	1	1
cpne2	CPNE2	ortholog_one2one	1	1
cpne3	CPNE3	ortholog_one2one	1	1
cpne5a	CPNE5	ortholog_one2many	1	1
cpne5b	CPNE5	ortholog_one2many	1	1
cpox	CPOX	ortholog_one2one	1	1
cpsf1	CPSF1	ortholog_one2one	1	1
cpsf2	CPSF2	ortholog_one2one	1	1
cpsf3	CPSF3	ortholog_one2one	1	1
cpsf4	CPSF4	ortholog_one2one	1	1
cpsf6	CPSF6	ortholog_one2one	1	1
cpt1aa	CPT1A	ortholog_one2many	1	1
cpt1b	CPT1B	ortholog_one2one	1	1
cpt2	CPT2	ortholog_one2one	1	1
cptp	CPTP	ortholog_many2many	1	2
cptp	GLTPD2	ortholog_many2many	0	2
cpvl	CPVL	ortholog_one2one	1	1
crabp1a	CRABP1	ortholog_one2many	1	1
crabp1b	CRABP1	ortholog_one2many	1	1
crabp2a	CRABP2	ortholog_one2many	1	1
crabp2b	CRABP2	ortholog_one2many	1	1
cracr2b	CRACR2B	ortholog_one2one	0	1
cradd	CRADD	ortholog_one2one	1	1
crata	CRAT	ortholog_one2many	1	1
crb1	CRB1	ortholog_one2one	1	1
crb2b	CRB2	ortholog_one2one	0	1
crbn	CRBN	ortholog_one2one	1	1
crcp	CRCP	ortholog_one2one	1	1
creb1b	CREB1	ortholog_one2one	1	1
creb3l1	CREB3L1	ortholog_one2one	1	1
creb3l2	CREB3L2	ortholog_one2one	1	1
creb3l3a	CREB3L3	ortholog_one2many	0	1
creb3l3l	CREB3	ortholog_one2one	0	1
crebl2	CREBL2	ortholog_one2one	1	1
creg2	CREG2	ortholog_one2one	0	1
creld2	CRELD2	ortholog_one2one	1	1
crfb15	IFNAR2	ortholog_many2many	0	4
crfb15	IFNGR1	ortholog_many2many	0	4
crfb15	IL10RA	ortholog_many2many	0	4
crfb15	IL22RA1	ortholog_many2many	0	4
crfb16	IFNAR2	ortholog_many2many	0	4
crfb16	IFNGR1	ortholog_many2many	0	4
crfb16	IL10RA	ortholog_many2many	0	4
crfb16	IL22RA1	ortholog_many2many	0	4
crfb2	IFNLR1	ortholog_one2one	0	1
crfb4	IL10RB	ortholog_one2one	0	1
crhbp	CRHBP	ortholog_one2one	1	1
crim1	CRIM1	ortholog_one2one	1	1
crip2	CRIP2	ortholog_one2many	1	1
cript	CRIPT	ortholog_one2one	1	1
crk	CRK	ortholog_one2one	1	1
crkl	CRKL	ortholog_one2one	1	1
crlf3	CRLF3	ortholog_one2one	1	1
crls1	CRLS1	ortholog_one2one	1	1
crmp1	CRMP1	ortholog_one2one	1	1
crnkl1	CRNKL1	ortholog_one2one	1	1
crot	CROT	ortholog_one2one	1	1
crtac1a	CRTAC1	ortholog_one2many	1	1
crtap	CRTAP	ortholog_one2one	1	1
crtc1a	CRTC1	ortholog_one2many	1	1
cry1a	CRY1	ortholog_one2many	1	1
cry1b	CRY1	ortholog_one2many	1	1
cryaa	CRYAA	ortholog_one2one	1	1
cryabb	CRYAB	ortholog_one2many	1	1
cryba1a	CRYBA1	ortholog_one2one	1	1
cryba2a	CRYBA2	ortholog_one2many	1	1
cryba2b	CRYBA2	ortholog_one2many	1	1
cryba4	CRYBA4	ortholog_one2one	1	1
crybb1	CRYBB1	ortholog_one2one	1	1
crybb2	CRYBB2	ortholog_one2one	1	1
crybb3	CRYBB3	ortholog_one2one	1	1
crygn1	CRYGN	ortholog_one2many	1	1
crygn2	CRYGN	ortholog_one2many	1	1
crygs1	CRYGS	ortholog_one2many	1	1
crygs2	CRYGS	ortholog_one2many	1	1
cryl1	CRYL1	ortholog_one2one	1	1
crym	CRYM	ortholog_one2one	1	1
cryz	CRYZ	ortholog_one2one	1	1
cryzl1	CRYZL1	ortholog_one2one	0	1
cs	CS	ortholog_one2one	1	1
csad	CSAD	ortholog_one2one	1	1
csdc2a	CSDC2	ortholog_one2many	1	1
csde1	CSDE1	ortholog_one2many	1	1
cse1l	CSE1L	ortholog_one2one	1	1
csf1a	CSF1	ortholog_one2many	0	1
csf1b	CSF1	ortholog_one2many	0	1
csf1ra	CSF1R	ortholog_one2many	0	1
csf2rb	IL2RB	ortholog_one2many	0	1
csf3a	CSF3	ortholog_one2many	0	1
csf3b	CSF3	ortholog_one2many	0	1
csf3r	CSF3R	ortholog_one2one	0	1
csgalnact2	CSGALNACT2	ortholog_one2one	1	1
csk	CSK	ortholog_one2one	1	1
csnk1a1	CSNK1A1	ortholog_one2one	1	1
csnk1da	CSNK1D	ortholog_one2many	0	1
csnk1db	CSNK1D	ortholog_one2many	1	1
csnk1e	CSNK1E	ortholog_one2one	1	1
csnk1g1	CSNK1G1	ortholog_one2one	1	1
csnk1g2a	CSNK1G2	ortholog_one2many	1	1
csnk1g2b	CSNK1G2	ortholog_one2many	1	1
csnk2a2a	CSNK2A2	ortholog_one2many	0	1
csnk2b	CSNK2B	ortholog_one2one	1	1
cspg5b	CSPG5	ortholog_one2many	0	1
csrnp1b	CSRNP1	ortholog_one2many	1	1
csrp1a	CSRP1	ortholog_one2many	1	1
csrp1b	CSRP1	ortholog_one2many	1	1
csrp2	CSRP2	ortholog_one2one	1	1
csrp3	CSRP3	ortholog_one2one	1	1
cst14b.1	CSTA	ortholog_one2one	0	1
cst3	CST3	ortholog_one2many	0	1
cstf1	CSTF1	ortholog_one2one	1	1
cstf2	CSTF2	ortholog_one2one	1	1
cstf3	CSTF3	ortholog_one2one	1	1
ctbp1	CTBP1	ortholog_one2one	1	1
ctbp2a	CTBP2	ortholog_one2one	0	1
ctbs	CTBS	ortholog_one2one	1	1
ctc1	CTC1	ortholog_one2one	0	1
ctcf	CTCF	ortholog_one2one	1	1
ctdnep1a	CTDNEP1	ortholog_one2many	1	1
ctdnep1b	CTDNEP1	ortholog_one2many	1	1
ctdp1	CTDP1	ortholog_one2one	1	1
ctdsp2	CTDSP2	ortholog_one2one	1	1
ctdspl2a	CTDSPL2	ortholog_one2many	0	1
ctdspl2b	CTDSPL2	ortholog_one2many	1	1
ctdspla	CTDSPL	ortholog_one2many	1	1
ctdsplb	CTDSPL	ortholog_one2many	1	1
cth	CTH	ortholog_one2many	1	1
cth1	ZFP36	ortholog_one2one	0	1
cthl	CTH	ortholog_one2many	1	1
cthrc1a	CTHRC1	ortholog_one2many	1	1
ctnna2	CTNNA2	ortholog_one2one	1	1
ctnnal1	CTNNAL1	ortholog_one2one	1	1
ctnnb1	CTNNB1	ortholog_one2many	1	1
ctnnb2	CTNNB1	ortholog_one2many	1	1
ctnnbip1	CTNNBIP1	ortholog_one2one	1	1
ctnnbl1	CTNNBL1	ortholog_one2one	1	1
ctns	CTNS	ortholog_one2one	1	1
ctps1a	CTPS1	ortholog_one2many	1	1
ctps1b	CTPS1	ortholog_one2many	1	1
ctr9	CTR9	ortholog_one2one	1	1
ctrl	CTRL	ortholog_many2many	1	2
ctrl	PRSS38	ortholog_many2many	0	2
ctsa	CTSA	ortholog_one2one	1	1
ctsba	CTSB	ortholog_one2one	1	1
ctsc	CTSC	ortholog_one2one	1	1
ctsd	CTSD	ortholog_one2one	1	1
ctsf	CTSF	ortholog_many2many	0	3
ctsf	CTSL	ortholog_many2many	0	3
ctsf	CTSV	ortholog_many2many	0	3
ctsh	CTSH	ortholog_one2one	1	1
ctsk	CTSK	ortholog_one2one	1	1
ctsl.1	CTSF	ortholog_many2many	0	4
ctsl.1	CTSL	ortholog_many2many	0	4
ctsl.1	CTSV	ortholog_many2many	1	4
ctsl.1	CTSW	ortholog_many2many	0	4
ctsz	CTSZ	ortholog_one2one	1	1
cttn	CTTN	ortholog_one2one	1	1
cttnbp2nlb	CTTNBP2NL	ortholog_one2many	1	1
ctu1	CTU1	ortholog_one2one	1	1
ctu2	CTU2	ortholog_one2one	1	1
ctxn1	CTXN1	ortholog_one2many	1	1
cuedc1a	CUEDC1	ortholog_one2many	1	1
cuedc1b	CUEDC1	ortholog_one2many	1	1
cuedc2	CUEDC2	ortholog_one2one	0	1
cul1a	CUL1	ortholog_one2many	0	1
cul1b	CUL1	ortholog_one2many	1	1
cul3a	CUL3	ortholog_one2many	1	1
cul3b	CUL3	ortholog_one2many	1	1
cul4a	CUL4A	ortholog_one2one	1	1
cul4b	CUL4B	ortholog_one2one	1	1
cul5a	CUL5	ortholog_one2one	1	1
cutc	CUTC	ortholog_one2one	1	1
cwc15	CWC15	ortholog_one2one	1	1
cwc22	CWC22	ortholog_one2one	1	1
cwc25	CWC25	ortholog_one2one	1	1
cwc27	CWC27	ortholog_one2one	1	1
cwf19l1	CWF19L1	ortholog_one2one	1	1
cwf19l2	CWF19L2	ortholog_one2many	1	2
cwf19l2	CWF19L2	ortholog_one2many	0	2
cxadr	CXADR	ortholog_one2many	1	1
cxcl12a	CXCL12	ortholog_one2many	1	1
cxcl12b	CXCL12	ortholog_one2many	0	1
cxcl14	CXCL14	ortholog_one2one	1	1
cxcl18b	PPBP	ortholog_one2many	0	1
cxcl20	PPBP	ortholog_one2many	0	1
cxcr3.1	CXCR3	ortholog_one2many	1	1
cxcr3.3	CXCR3	ortholog_one2many	0	1
cxcr4a	CXCR4	ortholog_one2many	1	1
cxcr4b	CXCR4	ortholog_one2many	1	1
cxxc1a	CXXC1	ortholog_one2one	1	1
cyb561	CYB561	ortholog_one2one	1	1
cyb561a3a	CYB561A3	ortholog_one2many	1	1
cyb561d1	CYB561D1	ortholog_one2one	1	1
cyb561d2	CYB561D2	ortholog_one2one	1	1
cyb5a	CYB5A	ortholog_one2one	1	1
cyb5b	CYB5B	ortholog_one2one	0	1
cyb5d1	CYB5D1	ortholog_one2one	1	1
cyb5d2	CYB5D2	ortholog_one2one	1	1
cyb5r2	CYB5R2	ortholog_one2one	1	1
cyb5r3	CYB5R3	ortholog_one2one	1	1
cyb5r4	CYB5R4	ortholog_one2one	0	1
cyba	CYBA	ortholog_one2one	0	1
cybb	CYBB	ortholog_one2one	1	1
cybrd1	CYBRD1	ortholog_one2one	1	1
cyc1	CYC1	ortholog_one2one	1	1
cyfip1	CYFIP1	ortholog_one2one	1	1
cyfip2	CYFIP2	ortholog_one2one	1	1
cygb1	CYGB	ortholog_one2many	1	1
cygb2	CYGB	ortholog_one2many	0	1
cyp17a1	CYP17A1	ortholog_one2one	1	1
cyp1a	CYP1A1	ortholog_one2many	1	2
cyp1a	CYP1A2	ortholog_one2many	1	2
cyp1b1	CYP1B1	ortholog_one2one	1	1
cyp20a1	CYP20A1	ortholog_one2one	1	1
cyp24a1	CYP24A1	ortholog_one2one	1	1
cyp26a1	CYP26A1	ortholog_one2one	1	1
cyp26b1	CYP26B1	ortholog_one2one	1	1
cyp26c1	CYP26C1	ortholog_one2one	1	1
cyp27c1	CYP27C1	ortholog_one2one	1	1
cyp2u1	CYP2U1	ortholog_one2one	1	1
cyp39a1	CYP39A1	ortholog_one2one	0	1
cyp3a65	CYP3A4	ortholog_many2many	1	4
cyp3a65	CYP3A43	ortholog_many2many	1	4
cyp3a65	CYP3A5	ortholog_many2many	0	4
cyp3a65	CYP3A7	ortholog_many2many	0	4
cyp3c1	CYP3A4	ortholog_many2many	0	4
cyp3c1	CYP3A43	ortholog_many2many	0	4
cyp3c1	CYP3A5	ortholog_many2many	0	4
cyp3c1	CYP3A7	ortholog_many2many	0	4
cyp3c3	CYP3A4	ortholog_many2many	0	4
cyp3c3	CYP3A43	ortholog_many2many	0	4
cyp3c3	CYP3A5	ortholog_many2many	0	4
cyp3c3	CYP3A7	ortholog_many2many	0	4
cyp3c4	CYP3A4	ortholog_many2many	0	4
cyp3c4	CYP3A43	ortholog_many2many	0	4
cyp3c4	CYP3A5	ortholog_many2many	0	4
cyp3c4	CYP3A7	ortholog_many2many	0	4
cyp46a1.1	CYP46A1	ortholog_one2many	0	1
cyp46a1.2	CYP46A1	ortholog_one2many	0	1
cyp46a1.3	CYP46A1	ortholog_one2many	0	1
cyp46a1.4	CYP46A1	ortholog_one2many	0	1
cyp4f3	CYP4A11	ortholog_many2many	0	9
cyp4f3	CYP4A22	ortholog_many2many	0	9
cyp4f3	CYP4B1	ortholog_many2many	0	9
cyp4f3	CYP4F11	ortholog_many2many	1	9
cyp4f3	CYP4F12	ortholog_many2many	0	9
cyp4f3	CYP4F2	ortholog_many2many	0	9
cyp4f3	CYP4F3	ortholog_many2many	1	9
cyp4f3	CYP4X1	ortholog_many2many	0	9
cyp4f3	CYP4Z1	ortholog_many2many	0	9
cyp4t8	CYP4A11	ortholog_many2many	1	8
cyp4t8	CYP4A22	ortholog_many2many	1	8
cyp4t8	CYP4F11	ortholog_many2many	0	8
cyp4t8	CYP4F12	ortholog_many2many	0	8
cyp4t8	CYP4F2	ortholog_many2many	0	8
cyp4t8	CYP4F3	ortholog_many2many	0	8
cyp4t8	CYP4X1	ortholog_many2many	1	8
cyp4t8	CYP4Z1	ortholog_many2many	0	8
cyp51	CYP51A1	ortholog_one2one	1	1
cysltr1	CYSLTR1	ortholog_one2one	1	1
cyth1a	CYTH1	ortholog_one2many	1	1
cyth1b	CYTH1	ortholog_one2many	1	1
cyth4b	CYTH4	ortholog_one2many	0	1
d2hgdh	D2HGDH	ortholog_one2one	1	1
daam1b	DAAM1	ortholog_one2many	1	1
dab1a	DAB1	ortholog_one2many	1	1
dab1b	DAB1	ortholog_one2many	1	1
dab2ipb	DAB2IP	ortholog_one2many	1	1
dacha	DACH2	ortholog_one2many	1	1
dachb	DACH2	ortholog_one2many	1	1
dachd	DACH1	ortholog_one2one	1	1
dact1	DACT1	ortholog_one2one	1	1
dact2	DACT2	ortholog_one2one	0	1
dad1	DAD1	ortholog_one2one	1	1
dag1	DAG1	ortholog_one2one	1	1
dalrd3	DALRD3	ortholog_one2one	0	1
dand5	DAND5	ortholog_one2one	0	1
dao.1	DAO	ortholog_one2many	1	1
dao.2	DAO	ortholog_one2many	1	1
dao.3	DAO	ortholog_one2many	1	1
dap	DAP	ortholog_one2one	1	1
dap1b	DAPL1	ortholog_one2many	0	1
dap3	DAP3	ortholog_one2one	1	1
dapk1	DAPK1	ortholog_one2one	1	1
dapk2a	DAPK2	ortholog_one2many	1	1
dapp1	DAPP1	ortholog_one2one	1	1
daw1	DAW1	ortholog_one2one	1	1
daxx	DAXX	ortholog_one2one	1	1
dazap1	DAZAP1	ortholog_one2one	1	1
dazap2	DAZAP2	ortholog_one2one	1	1
dazl	DAZ1	ortholog_one2many	0	5
dazl	DAZ2	ortholog_one2many	0	5
dazl	DAZ3	ortholog_one2many	0	5
dazl	DAZ4	ortholog_one2many	0	5
dazl	DAZL	ortholog_one2many	1	5
dbf4	DBF4	ortholog_one2one	0	1
dbh	DBH	ortholog_one2one	1	1
dbi	DBI	ortholog_one2one	1	1
dbnla	DBNL	ortholog_one2many	0	1
dbnlb	DBNL	ortholog_one2many	1	1
dbpa	DBP	ortholog_one2many	0	1
dbpb	DBP	ortholog_one2many	0	1
dbr1	DBR1	ortholog_one2one	1	1
dbt	DBT	ortholog_one2one	1	1
dbx1a	DBX1	ortholog_one2many	1	1
dbx1b	DBX1	ortholog_one2many	1	1
dcaf11	DCAF11	ortholog_one2one	1	1
dcaf12	DCAF12	ortholog_one2one	1	1
dcaf13	DCAF13	ortholog_one2one	1	1
dcaf17	DCAF17	ortholog_one2one	1	1
dcaf5	DCAF5	ortholog_one2one	1	1
dcaf6	DCAF6	ortholog_one2one	1	1
dcaf7	DCAF7	ortholog_one2one	1	1
dcakd	DCAKD	ortholog_one2one	1	1
dcbld1	DCBLD1	ortholog_one2one	1	1
dcbld2	DCBLD2	ortholog_one2one	0	1
dcc	DCC	ortholog_one2one	1	1
dck	DCK	ortholog_one2one	1	1
dclk1a	DCLK1	ortholog_one2many	1	1
dclk1b	DCLK1	ortholog_one2many	1	1
dclk2a	DCLK2	ortholog_one2many	1	1
dclre1a	DCLRE1A	ortholog_one2one	1	1
dclre1b	DCLRE1B	ortholog_one2one	1	1
dclre1c	DCLRE1C	ortholog_one2one	1	1
dcn	DCN	ortholog_one2one	1	1
dcp1a	DCP1A	ortholog_one2one	0	1
dcp1b	DCP1B	ortholog_one2one	1	1
dcp2	DCP2	ortholog_one2one	1	1
dcps	DCPS	ortholog_one2one	1	1
dct	DCT	ortholog_one2one	1	1
dctd	DCTD	ortholog_one2one	1	1
dctn1a	DCTN1	ortholog_one2many	1	1
dctn2	DCTN2	ortholog_one2one	1	1
dctn3	DCTN3	ortholog_one2one	1	1
dctn4	DCTN4	ortholog_one2one	1	1
dctn5	DCTN5	ortholog_one2one	1	1
dctpp1	DCTPP1	ortholog_one2one	1	1
dcun1d1	DCUN1D1	ortholog_one2one	1	1
dcun1d2a	DCUN1D2	ortholog_one2many	1	1
dcun1d2b	DCUN1D2	ortholog_one2many	1	1
dcun1d4	DCUN1D4	ortholog_one2one	1	1
dcun1d5	DCUN1D5	ortholog_one2one	1	1
dcxr	DCXR	ortholog_one2one	1	1
dda1	DDA1	ortholog_one2one	1	1
ddah2	DDAH2	ortholog_one2one	1	1
ddb1	DDB1	ortholog_one2one	1	1
ddb2	DDB2	ortholog_one2one	1	1
ddc	DDC	ortholog_one2one	1	1
ddhd1b	DDHD1	ortholog_one2many	1	1
ddi2	DDI1	ortholog_one2many	1	2
ddi2	DDI2	ortholog_one2many	1	2
ddit3	DDIT3	ortholog_one2one	1	1
ddit4	DDIT4	ortholog_one2one	1	1
ddost	DDOST	ortholog_one2one	1	1
ddt	DDT	ortholog_one2many	0	2
ddt	DDTL	ortholog_one2many	0	2
ddx1	DDX1	ortholog_one2one	1	1
ddx11	DDX11	ortholog_one2one	1	1
ddx18	DDX18	ortholog_one2one	1	1
ddx20	DDX20	ortholog_one2one	1	1
ddx21	DDX21	ortholog_one2one	1	1
ddx23	DDX23	ortholog_one2one	1	1
ddx27	DDX27	ortholog_one2one	1	1
ddx28	DDX28	ortholog_one2one	1	1
ddx39aa	DDX39A	ortholog_one2many	1	1
ddx39ab	DDX39A	ortholog_one2many	1	1
ddx39b	DDX39B	ortholog_one2one	0	1
ddx4	DDX4	ortholog_one2one	1	1
ddx42	DDX42	ortholog_one2one	1	1
ddx46	DDX46	ortholog_one2one	1	1
ddx47	DDX47	ortholog_one2one	1	1
ddx49	DDX49	ortholog_one2one	1	1
ddx5	DDX5	ortholog_one2one	1	1
ddx51	DDX51	ortholog_one2one	1	1
ddx52	DDX52	ortholog_one2one	1	1
ddx54	DDX54	ortholog_one2one	1	1
ddx55	DDX55	ortholog_one2one	1	1
ddx56	DDX56	ortholog_one2one	1	1
ddx59	DDX59	ortholog_one2one	1	1
deaf1	DEAF1	ortholog_one2one	1	1
decr1	DECR1	ortholog_one2one	1	1
decr2	DECR2	ortholog_one2one	1	1
dedd	DEDD	ortholog_one2one	1	1
dedd1	DEDD2	ortholog_one2one	1	1
def6a	DEF6	ortholog_one2many	1	1
def8	DEF8	ortholog_one2one	1	1
degs1	DEGS1	ortholog_one2one	0	1
degs2	DEGS2	ortholog_one2one	1	1
dek	DEK	ortholog_one2one	0	1
dennd2da	DENND2D	ortholog_one2many	1	1
dennd2db	DENND2D	ortholog_one2many	0	1
dennd5b	DENND5B	ortholog_one2one	1	1
dennd6b	DENND6B	ortholog_one2one	1	1
denr	DENR	ortholog_one2one	1	1
depdc1a	DEPDC1	ortholog_one2one	1	1
deptor	DEPTOR	ortholog_one2one	1	1
dera	DERA	ortholog_one2one	1	1
derl1	DERL1	ortholog_one2one	1	1
derl3	DERL3	ortholog_one2one	1	1
desi1a	DESI1	ortholog_one2many	1	1
desi1b	DESI1	ortholog_one2many	1	1
desi2	DESI2	ortholog_one2one	1	1
desma	DES	ortholog_one2many	1	1
desmb	DES	ortholog_one2many	1	1
det1	DET1	ortholog_one2one	1	1
dexi	DEXI	ortholog_one2one	1	1
dffa	DFFA	ortholog_one2one	1	1
dffb	DFFB	ortholog_one2one	1	1
dgat1a	DGAT1	ortholog_one2many	1	1
dgat1b	DGAT1	ortholog_one2many	1	1
dgat2	DGAT2	ortholog_one2one	1	1
dgcr2	DGCR2	ortholog_one2one	1	1
dgcr6	DGCR6	ortholog_one2many	1	2
dgcr6	DGCR6L	ortholog_one2many	1	2
dgcr8	DGCR8	ortholog_one2one	1	1
dgkaa	DGKA	ortholog_one2many	1	1
dgke	DGKE	ortholog_one2one	1	1
dguok	DGUOK	ortholog_one2one	1	1
dhcr24	DHCR24	ortholog_one2one	1	1
dhcr7	DHCR7	ortholog_one2one	1	1
dhdds	DHDDS	ortholog_one2one	1	1
dhfr	DHFR	ortholog_many2many	1	2
dhfr	DHFR2	ortholog_many2many	1	2
dhh	IHH	ortholog_one2one	1	1
dhodh	DHODH	ortholog_one2many	1	1
dhps	DHPS	ortholog_one2one	1	1
dhrs1	DHRS1	ortholog_one2one	1	1
dhrs11a	DHRS11	ortholog_one2one	1	1
dhrs13a.1	DHRS13	ortholog_one2many	1	1
dhrs13a.2	DHRS13	ortholog_one2many	1	1
dhrs13a.3	DHRS13	ortholog_one2many	0	1
dhrs13l1	DHRS13	ortholog_one2many	1	1
dhrs3a	DHRS3	ortholog_one2many	1	1
dhrs3b	DHRS3	ortholog_one2many	1	1
dhrs7	DHRS7	ortholog_one2one	1	1
dhrs7b	DHRS7B	ortholog_one2one	1	1
dhrs7ca	DHRS7C	ortholog_one2many	1	1
dhrs7cb	DHRS7C	ortholog_one2many	1	1
dhrs9	DHRS9	ortholog_one2one	1	1
dhtkd1	DHTKD1	ortholog_one2one	1	1
dhx15	DHX15	ortholog_one2one	1	1
dhx16	DHX16	ortholog_one2one	1	1
dhx32a	DHX32	ortholog_one2many	1	1
dhx33	DHX33	ortholog_one2one	1	1
dhx34	DHX34	ortholog_one2one	1	1
dhx36	DHX36	ortholog_one2one	1	1
dhx37	DHX37	ortholog_one2one	1	1
dhx38	DHX38	ortholog_one2one	1	1
dhx58	DHX58	ortholog_one2one	1	1
dhx9	DHX9	ortholog_one2one	1	1
diabloa	DIABLO	ortholog_one2many	0	1
diablob	DIABLO	ortholog_one2many	0	1
diaph3	DIAPH3	ortholog_one2one	1	1
dicer1	DICER1	ortholog_one2one	1	1
dimt1l	DIMT1	ortholog_one2one	1	1
dio1	DIO1	ortholog_one2one	1	1
dio2	DIO2	ortholog_one2one	1	1
dip2ba	DIP2B	ortholog_one2many	1	1
diras1a	DIRAS1	ortholog_one2many	1	1
diras1b	DIRAS1	ortholog_one2many	1	1
dis3l	DIS3L	ortholog_one2one	1	1
disc1	DISC1	ortholog_one2one	0	1
disp1	DISP1	ortholog_one2one	1	1
disp2	DISP2	ortholog_one2one	1	1
dixdc1a	DIXDC1	ortholog_one2many	1	1
dkc1	DKC1	ortholog_one2one	1	1
dkk3a	DKK3	ortholog_one2many	1	1
dkk3b	DKK3	ortholog_one2many	1	1
dla	DLL1	ortholog_one2many	1	1
dlat	DLAT	ortholog_one2one	1	1
dld	DLL1	ortholog_one2many	1	1
dldh	DLD	ortholog_one2one	1	1
dlg2	DLG2	ortholog_one2one	1	1
dlg5a	DLG5	ortholog_one2many	1	1
dlgap1a	DLGAP1	ortholog_one2many	1	1
dlgap3	DLGAP3	ortholog_one2one	0	1
dlgap5	DLGAP5	ortholog_one2one	0	1
dll4	JAG2	ortholog_many2many	0	2
dll4	NOTCH4	ortholog_many2many	0	2
dlst	DLST	ortholog_one2one	1	1
dlx1a	DLX1	ortholog_one2one	1	1
dlx2a	DLX2	ortholog_one2many	1	1
dlx2b	DLX2	ortholog_one2many	1	1
dlx3b	DLX3	ortholog_one2one	1	1
dlx4a	DLX4	ortholog_many2many	0	1
dlx4b	DLX4	ortholog_many2many	1	1
dlx5a	DLX5	ortholog_one2one	1	1
dlx6a	DLX6	ortholog_one2one	1	1
dmap1	DMAP1	ortholog_one2one	1	1
dmbx1a	DMBX1	ortholog_one2many	1	1
dmbx1b	DMBX1	ortholog_one2many	1	1
dmd	DMD	ortholog_one2one	0	1
dmrt1	DMRT1	ortholog_one2one	1	1
dmrt2a	DMRT2	ortholog_one2one	1	1
dmrt3a	DMRT3	ortholog_one2one	1	1
dmrta2	DMRTA2	ortholog_one2one	1	1
dmtf1	DMTF1	ortholog_one2one	1	1
dmtn	DMTN	ortholog_one2one	1	1
dmxl2	DMXL2	ortholog_one2one	1	1
dnaaf1	DNAAF1	ortholog_one2one	0	1
dnah9	DNAH9	ortholog_one2one	0	1
dnai2a	DNAI2	ortholog_one2one	1	1
dnaja1	DNAJA1	ortholog_one2one	0	1
dnaja3a	DNAJA3	ortholog_one2many	1	1
dnaja3b	DNAJA3	ortholog_one2many	0	1
dnajb11	DNAJB11	ortholog_one2one	1	1
dnajb12a	DNAJB12	ortholog_one2many	1	1
dnajb12b	DNAJB12	ortholog_one2many	1	1
dnajb13	DNAJB13	ortholog_one2one	1	1
dnajb14	DNAJB14	ortholog_one2one	1	1
dnajb1a	DNAJB1	ortholog_many2many	1	3
dnajb1a	DNAJB7	ortholog_many2many	0	3
dnajb1a	DNAJB8	ortholog_many2many	0	3
dnajb1b	DNAJB1	ortholog_many2many	1	3
dnajb1b	DNAJB7	ortholog_many2many	0	3
dnajb1b	DNAJB8	ortholog_many2many	0	3
dnajb4	DNAJB4	ortholog_one2one	1	1
dnajb5	DNAJB5	ortholog_one2one	1	1
dnajb6b	DNAJB1	ortholog_many2many	0	3
dnajb6b	DNAJB7	ortholog_many2many	0	3
dnajb6b	DNAJB8	ortholog_many2many	0	3
dnajb9a	DNAJB9	ortholog_one2many	1	1
dnajb9b	DNAJB9	ortholog_one2many	1	1
dnajc1	DNAJC1	ortholog_one2one	1	1
dnajc10	DNAJC10	ortholog_one2one	1	1
dnajc15	DNAJC15	ortholog_one2one	1	1
dnajc17	DNAJC17	ortholog_one2one	1	1
dnajc18	DNAJB1	ortholog_many2many	0	3
dnajc18	DNAJB7	ortholog_many2many	0	3
dnajc18	DNAJB8	ortholog_many2many	0	3
dnajc19	DNAJC19	ortholog_one2one	1	1
dnajc2	DNAJC2	ortholog_one2one	1	1
dnajc21	DNAJC21	ortholog_one2one	1	1
dnajc24	DNAJC24	ortholog_one2one	1	1
dnajc25	DNAJC25	ortholog_one2one	1	1
dnajc27	DNAJC27	ortholog_one2one	1	1
dnajc28	DNAJC28	ortholog_one2one	1	1
dnajc3a	DNAJC18	ortholog_many2many	0	3
dnajc3a	DNAJC3	ortholog_many2many	1	3
dnajc3a	DNAJC5G	ortholog_many2many	0	3
dnajc3b	DNAJC5G	ortholog_many2many	0	1
dnajc4	DNAJC4	ortholog_one2one	0	1
dnajc5aa	DNAJC5	ortholog_one2many	1	1
dnajc5ga	DNAJC5G	ortholog_many2many	1	1
dnajc5gb	DNAJC5G	ortholog_many2many	0	1
dnajc7	DNAJC7	ortholog_one2one	1	1
dnajc8	DNAJC8	ortholog_one2one	0	1
dnajc9	DNAJC9	ortholog_one2one	1	1
dnal1	DNAL1	ortholog_one2many	1	1
dnal4a	DNAL4	ortholog_one2many	1	1
dnal4b	DNAL4	ortholog_one2many	1	1
dnali1	DNALI1	ortholog_one2one	1	1
dnase2	DNASE2	ortholog_one2one	0	1
dnd1	DND1	ortholog_one2one	1	1
dner	DNER	ortholog_one2one	1	1
dnlz	DNLZ	ortholog_one2one	0	1
dnm1a	DNM1	ortholog_one2many	1	1
dnm1b	DNM1	ortholog_one2many	1	1
dnm1l	DNM1L	ortholog_one2one	1	1
dnm2a	DNM2	ortholog_one2many	0	1
dnm2b	DNM2	ortholog_one2many	0	1
dnm3a	DNM2	ortholog_one2many	0	1
dnmt1	DNMT1	ortholog_one2one	1	1
dnmt3aa	DNMT3A	ortholog_one2many	1	1
dnmt3ab	DNMT3A	ortholog_one2many	1	1
dnmt3ba	DNMT3L	ortholog_one2many	0	1
dnmt3bb.1	DNMT3B	ortholog_one2one	1	1
dnmt3bb.2	DNMT3L	ortholog_one2many	0	1
dnmt3bb.3	DNMT3L	ortholog_one2many	0	1
dnpep	DNPEP	ortholog_one2one	1	1
dnph1	DNPH1	ortholog_one2one	1	1
dnttip2	DNTTIP2	ortholog_one2one	0	1
dock1	DOCK1	ortholog_one2one	1	1
dock11	DOCK11	ortholog_one2one	1	1
dock4b	DOCK4	ortholog_one2many	1	1
dock5	DOCK5	ortholog_one2one	1	1
dok6	DOK6	ortholog_one2one	1	1
dolk	DOLK	ortholog_one2one	1	1
dolpp1	DOLPP1	ortholog_one2one	1	1
dpagt1	DPAGT1	ortholog_one2one	1	1
dpcd	DPCD	ortholog_one2one	1	1
dpep1	DPEP1	ortholog_one2one	1	1
dpf1	DPF1	ortholog_one2one	1	1
dpf2	DPF2	ortholog_one2many	1	1
dpf2l	DPF2	ortholog_one2many	1	1
dpf3	DPF3	ortholog_one2one	1	1
dph1	DPH1	ortholog_one2one	1	1
dph2	DPH2	ortholog_one2one	1	1
dph3	DPH3	ortholog_one2one	1	1
dph5	DPH5	ortholog_one2one	1	1
dph6	DPH6	ortholog_one2one	1	1
dph7	DPH7	ortholog_one2one	1	1
dpm1	DPM1	ortholog_one2one	1	1
dpm2	DPM2	ortholog_one2one	1	1
dpm3	DPM3	ortholog_one2one	1	1
dpp3	DPP3	ortholog_one2one	1	1
dpp4	DPP4	ortholog_one2many	0	1
dpp7	DPP7	ortholog_one2one	1	1
dpp9	DPP9	ortholog_one2one	1	1
dpt	DPT	ortholog_one2one	1	1
dpy19l1l	DPY19L1	ortholog_one2one	1	1
dpy30	DPY30	ortholog_one2one	1	1
dpydb	DPYD	ortholog_one2many	1	1
dpysl2b	DPYSL2	ortholog_one2many	1	1
dpysl3	DPYSL3	ortholog_one2one	1	1
dpysl4	DPYSL4	ortholog_one2one	1	1
dpysl5a	DPYSL5	ortholog_one2many	1	1
dpysl5b	DPYSL5	ortholog_one2many	1	1
dr1	DR1	ortholog_one2one	1	1
dram1	DRAM1	ortholog_one2one	1	1
dram2b	DRAM2	ortholog_one2many	1	1
drap1	DRAP1	ortholog_one2one	1	1
drc1	DRC1	ortholog_one2one	1	1
drd1b	DRD1	ortholog_one2one	1	1
drd2a	DRD2	ortholog_one2many	1	1
drd2b	DRD2	ortholog_one2many	1	1
drd3	DRD3	ortholog_one2one	1	1
drd4a	DRD4	ortholog_one2many	0	1
drd4b	DRD4	ortholog_one2many	0	1
drg1	DRG1	ortholog_one2one	1	1
drg2	DRG2	ortholog_one2one	1	1
drgx	DRGX	ortholog_one2one	1	1
drp2	DRP2	ortholog_one2one	1	1
dsc2l	DSC1	ortholog_one2many	0	3
dsc2l	DSC2	ortholog_one2many	0	3
dsc2l	DSC3	ortholog_one2many	0	3
dscama	DSCAM	ortholog_one2many	1	1
dscc1	DSCC1	ortholog_one2one	1	1
dse	DSE	ortholog_one2one	1	1
dstyk	DSTYK	ortholog_one2one	1	1
dtd1	DTD1	ortholog_one2one	1	1
dtd2	DTD2	ortholog_one2one	1	1
dtl	DTL	ortholog_one2one	1	1
dtna	DTNA	ortholog_one2one	1	1
dtnbp1a	DTNBP1	ortholog_one2one	1	1
dtwd1	DTWD1	ortholog_one2one	1	1
dtx2	DTX2	ortholog_one2one	0	1
dtymk	DTYMK	ortholog_one2one	1	1
dub	RCSD1	ortholog_one2many	0	1
dus1l	DUS1L	ortholog_one2one	1	1
dus3l	DUS3L	ortholog_one2one	1	1
dus4l	DUS4L	ortholog_one2one	1	1
dusp1	DUSP1	ortholog_one2one	1	1
dusp11	DUSP11	ortholog_one2one	0	1
dusp12	DUSP12	ortholog_one2one	1	1
dusp13a	DUSP13B	ortholog_one2many	1	1
dusp16	DUSP16	ortholog_one2one	1	1
dusp19a	DUSP19	ortholog_one2many	1	1
dusp19b	DUSP19	ortholog_one2many	1	1
dusp2	DUSP2	ortholog_one2one	1	1
dusp22b	DUSP22	ortholog_one2one	1	1
dusp23a	DUSP23	ortholog_one2many	1	1
dusp23b	DUSP23	ortholog_one2many	1	1
dusp4	DUSP4	ortholog_one2one	1	1
dusp5	DUSP5	ortholog_one2one	1	1
dusp6	DUSP6	ortholog_one2one	1	1
dusp7	DUSP7	ortholog_one2one	1	1
dusp8a	DUSP8	ortholog_one2one	1	1
dvl1b	DVL1	ortholog_one2many	1	1
dvl2	DVL2	ortholog_one2one	1	1
dync1h1	DYNC1H1	ortholog_one2one	1	1
dync1i2a	DYNC1I2	ortholog_one2many	0	1
dync1li1	DYNC1LI1	ortholog_one2one	0	1
dync1li2	DYNC1LI2	ortholog_one2one	1	1
dync2li1	DYNC2LI1	ortholog_one2one	1	1
dynll1	DYNLL1	ortholog_one2one	0	1
dynll2a	DYNLL2	ortholog_one2many	1	1
dynll2b	DYNLL2	ortholog_one2many	1	1
dynlrb1	DYNLRB1	ortholog_one2one	1	1
dynlt3	DYNLT3	ortholog_one2one	1	1
dyrk1aa	DYRK1A	ortholog_one2many	1	1
dyrk1b	DYRK1B	ortholog_one2one	1	1
dyrk2	DYRK2	ortholog_one2one	1	1
dysf	DYSF	ortholog_one2one	1	1
dytn	DYTN	ortholog_one2one	1	1
dzank1	DZANK1	ortholog_one2one	0	1
dzip1	DZIP1	ortholog_one2one	1	1
dzip1l	DZIP1L	ortholog_one2one	0	1
e2f4	E2F4	ortholog_one2one	1	1
e2f5	E2F5	ortholog_one2one	1	1
e2f7	E2F7	ortholog_one2one	1	1
e4f1	E4F1	ortholog_one2one	1	1
eaf1	EAF1	ortholog_one2one	1	1
eaf2	EAF2	ortholog_one2one	1	1
eapp	EAPP	ortholog_one2one	1	1
ebag9	EBAG9	ortholog_one2one	1	1
ebf2	EBF2	ortholog_one2one	1	1
ebf3a	EBF3	ortholog_one2one	1	1
ebi3	EBI3	ortholog_one2one	0	1
ebna1bp2	EBNA1BP2	ortholog_one2one	1	1
ebp	EBP	ortholog_one2one	1	1
ebpl	EBPL	ortholog_one2one	1	1
ecd	ECD	ortholog_one2one	1	1
ece1	ECE1	ortholog_one2one	1	1
ece2b	ECE2	ortholog_one2one	1	1
ech1	ECH1	ortholog_one2one	1	1
echdc2	ECHDC2	ortholog_one2one	1	1
echs1	ECHS1	ortholog_one2one	1	1
eci1	ECI1	ortholog_one2one	1	1
ecrg4a	ECRG4	ortholog_one2many	1	1
ecsit	ECSIT	ortholog_one2one	1	1
ect2	ECT2	ortholog_one2one	1	1
eda	EDA	ortholog_one2one	1	1
edar	EDAR	ortholog_one2one	1	1
edc3	EDC3	ortholog_one2one	1	1
edc4	EDC4	ortholog_one2one	1	1
edem1	EDEM1	ortholog_one2one	1	1
edem2	EDEM2	ortholog_one2one	1	1
edf1	EDF1	ortholog_one2one	1	1
edn2	EDN2	ortholog_one2one	0	1
ednraa	EDNRA	ortholog_one2many	1	1
ednrab	EDNRA	ortholog_one2many	0	1
ednrba	EDNRB	ortholog_one2many	1	1
eed	EED	ortholog_one2one	1	1
eef1a1a	EEF1A1	ortholog_one2many	1	1
eef1a1b	EEF1A1	ortholog_one2many	1	1
eef1a2	EEF1A2	ortholog_one2one	0	1
eef1b2	EEF1B2	ortholog_one2one	1	1
eef1da	EFCC1	ortholog_one2many	0	1
eef1db	EFCC1	ortholog_one2many	0	1
eef1g	EEF1G	ortholog_one2one	1	1
eef2a.1	EIF5B	ortholog_many2many	0	2
eef2a.1	GSPT2	ortholog_many2many	0	2
eef2a.2	EIF5B	ortholog_many2many	0	2
eef2a.2	GSPT2	ortholog_many2many	0	2
eef2k	EEF2K	ortholog_one2one	1	1
eef2kmt	EEF2KMT	ortholog_one2many	1	3
eef2kmt	FAM86B1	ortholog_one2many	1	3
eef2kmt	FAM86B2	ortholog_one2many	1	3
eefsec	EEFSEC	ortholog_one2one	1	1
eepd1	EEPD1	ortholog_one2one	1	1
efcab11	EFCAB11	ortholog_one2one	1	1
efcab7	EFCAB7	ortholog_one2one	1	1
efemp2a	EFEMP2	ortholog_one2many	1	1
efemp2b	EFEMP2	ortholog_one2many	1	1
efhb	EFHB	ortholog_one2one	1	1
efhc1	EFHC1	ortholog_one2one	1	1
efhc2	EFHC2	ortholog_one2one	1	1
efhd2	EFHD2	ortholog_one2one	1	1
efna1a	EFNA1	ortholog_one2many	1	1
efna1b	EFNA1	ortholog_one2many	1	1
efna2a	EFNA2	ortholog_one2many	1	1
efna3b	EFNA3	ortholog_one2one	1	1
efna5b	EFNA5	ortholog_one2many	0	1
efnb1	EFNB1	ortholog_one2one	1	1
efnb2a	EFNB2	ortholog_one2many	1	1
efnb2b	EFNB2	ortholog_one2many	1	1
efnb3b	EFNB3	ortholog_one2many	1	1
efr3a	EFR3A	ortholog_one2one	1	1
eftud2	EFTUD2	ortholog_one2one	1	1
egf	EGF	ortholog_one2one	0	1
egfl6	EGFL6	ortholog_one2one	1	1
egfl7	EGFL7	ortholog_one2one	1	1
egfra	EGFR	ortholog_one2many	1	1
egln1b	EGLN1	ortholog_one2many	1	1
egln3	EGLN3	ortholog_one2one	1	1
egr1	EGR4	ortholog_one2many	0	1
egr2a	EGR4	ortholog_one2many	0	1
egr2b	EGR2	ortholog_one2one	1	1
egr3	EGR3	ortholog_one2one	1	1
ehd1a	EHD1	ortholog_one2many	1	1
ehd1b	EHD1	ortholog_one2many	1	1
ehd2b	EHD2	ortholog_one2many	1	1
ehd3	EHD3	ortholog_one2one	1	1
ehf	EHF	ortholog_one2one	1	1
ehhadh	EHHADH	ortholog_one2one	1	1
ehmt1a	EHMT1	ortholog_one2many	0	1
ehmt1b	EHMT1	ortholog_one2many	1	1
ehmt2	EHMT2	ortholog_one2one	1	1
ei24	EI24	ortholog_one2one	1	1
eif1ad	EIF1AD	ortholog_one2one	1	1
eif1axb	EIF1AX	ortholog_one2one	1	1
eif1b	EIF1B	ortholog_one2one	1	1
eif2a	EIF2A	ortholog_one2one	1	1
eif2ak1	EIF2AK1	ortholog_one2one	0	1
eif2b1	EIF2B1	ortholog_one2one	1	1
eif2b2	EIF2B2	ortholog_one2one	1	1
eif2b3	EIF2B3	ortholog_one2one	1	1
eif2b4	EIF2B4	ortholog_one2one	1	1
eif2b5	EIF2B5	ortholog_one2one	1	1
eif2d	EIF2D	ortholog_one2one	1	1
eif2s1a	EIF2S1	ortholog_one2many	1	1
eif2s1b	EIF2S1	ortholog_one2many	1	1
eif2s2	EIF2S2	ortholog_one2one	1	1
eif2s3	EIF2S3	ortholog_one2many	1	2
eif2s3	EIF2S3B	ortholog_one2many	1	2
eif3ba	EIF3B	ortholog_one2many	1	1
eif3c	EIF3C	ortholog_one2many	1	2
eif3c	EIF3CL	ortholog_one2many	1	2
eif3d	EIF3D	ortholog_one2one	1	1
eif3ea	EIF3E	ortholog_one2many	1	1
eif3eb	EIF3E	ortholog_one2many	1	1
eif3f	EIF3F	ortholog_one2one	1	1
eif3g	EIF3G	ortholog_one2one	1	1
eif3i	EIF3I	ortholog_one2one	1	1
eif3ja	EIF3J	ortholog_one2many	1	1
eif3jb	EIF3J	ortholog_one2many	1	1
eif3k	EIF3K	ortholog_one2one	1	1
eif3m	EIF3M	ortholog_one2one	1	1
eif3s10	EIF3A	ortholog_one2one	1	1
eif3s6ip	EIF3L	ortholog_one2one	1	1
eif4a2	EIF4A2	ortholog_one2one	1	1
eif4a3	EIF4A3	ortholog_one2one	1	1
eif4ba	EIF4B	ortholog_one2many	0	1
eif4bb	EIF4B	ortholog_one2many	1	1
eif4e1b	EIF4E1B	ortholog_one2one	1	1
eif4e2	EIF4E2	ortholog_one2one	1	1
eif4e3	EIF4E3	ortholog_one2one	1	1
eif4ea	EIF4E	ortholog_one2many	1	1
eif4eb	EIF4E	ortholog_one2many	0	1
eif4ebp1	EIF4EBP1	ortholog_one2one	0	1
eif4ebp2	EIF4EBP2	ortholog_one2many	1	1
eif4ebp3	EIF4EBP3	ortholog_one2many	0	1
eif4ebp3l	EIF4EBP3	ortholog_one2many	1	1
eif4g1a	EIF4G1	ortholog_one2many	1	1
eif4g2a	EIF4G2	ortholog_one2many	1	1
eif4g2b	EIF4G2	ortholog_one2many	1	1
eif4h	EIF4H	ortholog_one2one	1	1
eif5	EIF5	ortholog_one2one	1	1
eif5a	EIF5A2	ortholog_one2many	1	1
eif5a2	EIF5A2	ortholog_one2many	1	1
eif6	EIF6	ortholog_one2one	1	1
ela2	CELA2A	ortholog_many2many	1	2
ela2	CELA2B	ortholog_many2many	0	2
elac1	ELAC1	ortholog_one2one	1	1
elac2	ELAC2	ortholog_one2one	1	1
elavl2	ELAVL2	ortholog_one2one	1	1
elavl3	ELAVL3	ortholog_one2one	1	1
elavl4	ELAVL4	ortholog_one2one	1	1
elf2a	ELF2	ortholog_one2many	1	1
elf2b	ELF2	ortholog_one2many	1	1
elk4	ELK4	ortholog_one2one	1	1
ell	ELL	ortholog_one2one	1	1
ell2	ELL2	ortholog_one2one	1	1
elmo1	ELMO1	ortholog_one2many	1	1
elmo2	ELMO2	ortholog_one2one	1	1
elmod1	ELMOD1	ortholog_one2one	1	1
elmod2	ELMOD2	ortholog_one2one	1	1
elof1	ELOF1	ortholog_one2one	1	1
elovl1a	ELOVL1	ortholog_one2many	1	1
elovl1b	ELOVL1	ortholog_one2many	1	1
elovl2	ELOVL2	ortholog_one2one	1	1
elovl4a	ELOVL4	ortholog_one2many	1	1
elovl4b	ELOVL4	ortholog_one2many	1	1
elovl5	ELOVL5	ortholog_one2one	1	1
elovl6	ELOVL6	ortholog_one2one	1	1
elovl6l	ELOVL3	ortholog_one2many	1	1
elovl7a	ELOVL7	ortholog_one2many	1	1
elp2	ELP2	ortholog_one2one	1	1
elp3	ELP3	ortholog_one2one	1	1
elp4	ELP4	ortholog_one2one	1	1
elp5	ELP5	ortholog_one2one	0	1
elp6	ELP6	ortholog_one2one	0	1
emc10	EMC10	ortholog_one2one	1	1
emc2	EMC2	ortholog_one2one	1	1
emc3	EMC3	ortholog_one2one	1	1
emc4	EMC4	ortholog_one2many	1	1
emc6	EMC6	ortholog_one2one	1	1
emc8	EMC8	ortholog_one2one	1	1
emc9	EMC9	ortholog_one2one	0	1
emg1	EMG1	ortholog_one2one	1	1
emilin1a	EMILIN1	ortholog_one2many	0	1
emilin1b	EMILIN1	ortholog_one2many	0	1
eml1	EML1	ortholog_one2one	1	1
eml2	EML2	ortholog_one2one	1	1
emp2	EMP2	ortholog_one2one	1	1
emp3b	EMP3	ortholog_one2many	1	1
emx1	EMX1	ortholog_one2one	1	1
emx2	EMX2	ortholog_one2one	1	1
enah	ENAH	ortholog_one2one	1	1
endog	ENDOG	ortholog_one2one	1	1
endou	ENDOU	ortholog_one2one	1	1
engase	ENGASE	ortholog_one2one	1	1
enkur	ENKUR	ortholog_one2one	1	1
eno1a	ENO1	ortholog_one2many	1	1
eno1b	ENO1	ortholog_one2many	1	1
eno2	ENO2	ortholog_one2one	0	1
eno3	ENO3	ortholog_one2one	1	1
eno4	ENO4	ortholog_one2one	1	1
enoph1	ENOPH1	ortholog_one2one	1	1
enosf1	ENOSF1	ortholog_one2one	1	1
enpep	ENPEP	ortholog_one2one	1	1
enpp1	ENPP1	ortholog_one2one	0	1
enpp2	ENPP2	ortholog_one2one	1	1
enpp4	ENPP4	ortholog_one2one	1	1
enpp5	ENPP5	ortholog_one2one	1	1
enpp6	ENPP6	ortholog_one2one	1	1
ensaa	ENSA	ortholog_one2many	0	1
ensab	ENSA	ortholog_one2many	1	1
entpd1	ENTPD1	ortholog_one2one	1	1
entpd2a.1	ENTPD2	ortholog_one2many	1	1
entpd3	ENTPD3	ortholog_one2one	1	1
entpd4	ENTPD4	ortholog_one2one	1	1
entpd6	ENTPD6	ortholog_one2one	1	1
entpd8	ENTPD8	ortholog_one2one	0	1
eny2	ENY2	ortholog_one2one	1	1
eomesa	EOMES	ortholog_one2many	1	1
eomesb	EOMES	ortholog_one2many	1	1
epas1b	EPAS1	ortholog_one2many	1	1
epb41l3a	EPB41L3	ortholog_one2many	1	1
epb41l3b	EPB41L3	ortholog_one2many	0	1
epb41l4a	EPB41L4A	ortholog_one2one	1	1
epb41l5	EPB41L5	ortholog_one2one	1	1
epc2	EPC2	ortholog_one2one	1	1
epcam	EPCAM	ortholog_one2many	0	2
epcam	TACSTD2	ortholog_one2many	0	2
epd	EPDR1	ortholog_one2many	0	1
epdl1	EPDR1	ortholog_one2many	0	1
epdr1	EPDR1	ortholog_one2many	1	1
epg5	EPG5	ortholog_one2one	1	1
epha4a	EPHA4	ortholog_one2many	1	1
ephb2b	EPHB2	ortholog_one2many	1	1
ephb4b	EPHB4	ortholog_one2one	0	1
ephx1	EPHX1	ortholog_one2one	1	1
ephx2	EPHX2	ortholog_one2one	1	1
epor	EPOR	ortholog_one2many	1	1
epyc	EPYC	ortholog_one2one	0	1
eral1	ERAL1	ortholog_one2one	1	1
erap1b	ERAP1	ortholog_one2many	1	1
erap2	ERAP2	ortholog_one2one	0	1
erbb2	ERBB2	ortholog_one2one	1	1
erbb3a	ERBB3	ortholog_one2many	1	1
erbb3b	ERBB3	ortholog_one2many	0	1
erc1a	ERC1	ortholog_one2many	1	1
ercc1	ERCC1	ortholog_one2one	1	1
ercc2	ERCC2	ortholog_one2one	1	1
ercc3	ERCC3	ortholog_one2one	1	1
ercc4	ERCC4	ortholog_one2one	1	1
ercc6l	ERCC6L	ortholog_one2one	1	1
ercc8	ERCC8	ortholog_one2one	1	1
erf	ERF	ortholog_one2many	1	1
erg	ERG	ortholog_one2one	1	1
ergic1	ERGIC1	ortholog_one2one	1	1
ergic2	ERGIC2	ortholog_one2one	1	1
ergic3	ERGIC3	ortholog_one2one	1	1
erh	ERH	ortholog_one2one	1	1
eri1	ERI1	ortholog_one2one	1	1
eri2	ERI2	ortholog_one2one	0	1
erich3	ERICH3	ortholog_one2one	0	1
erlec1	ERLEC1	ortholog_one2one	1	1
erlin1	ERLIN1	ortholog_one2one	1	1
erlin2	ERLIN2	ortholog_one2one	1	1
ern1	ERN2	ortholog_one2many	0	1
ero1a	ERO1A	ortholog_one2one	1	1
ero1b	ERO1B	ortholog_one2one	1	1
erp44	ERP44	ortholog_one2one	1	1
esama	ESAM	ortholog_one2many	1	1
esco2	ESCO2	ortholog_one2one	1	1
esd	ESD	ortholog_one2one	1	1
esf1	ESF1	ortholog_one2one	1	1
esm1	ESM1	ortholog_one2one	1	1
espn	ESPN	ortholog_one2one	1	1
esr1	ESR1	ortholog_one2one	1	1
esr2a	ESR2	ortholog_one2many	1	1
esr2b	ESR2	ortholog_one2many	1	1
esrp1	ESRP1	ortholog_one2one	1	1
esrp2	ESRP2	ortholog_one2one	1	1
esrra	ESRRA	ortholog_one2one	1	1
esrrga	ESRRG	ortholog_one2one	1	1
esyt3	ESYT3	ortholog_one2one	0	1
etf1b	ETF1	ortholog_one2many	1	1
etfa	ETFA	ortholog_one2one	1	1
etfb	ETFB	ortholog_one2one	1	1
etfdh	ETFDH	ortholog_one2one	1	1
ethe1	ETHE1	ortholog_one2one	1	1
etnk2	ETNK2	ortholog_one2one	1	1
etnppl	ETNPPL	ortholog_one2one	1	1
ets1	ETS1	ortholog_one2one	1	1
etv1	ETV1	ortholog_one2one	1	1
etv4	ETV4	ortholog_one2one	1	1
etv7	ETV7	ortholog_one2one	0	1
eva1ba	EVA1B	ortholog_one2many	1	1
eva1bb	EVA1B	ortholog_one2many	1	1
evla	EVL	ortholog_one2many	1	1
evlb	EVL	ortholog_one2many	0	1
evpla	EVPL	ortholog_many2many	1	2
evpla	EVPLL	ortholog_many2many	0	2
evx2	EVX2	ortholog_one2one	1	1
ewsr1a	EWSR1	ortholog_one2many	1	1
ewsr1b	EWSR1	ortholog_one2many	0	1
exd1	EXD1	ortholog_one2one	0	1
exd2	EXD2	ortholog_one2one	1	1
exo1	EXO1	ortholog_one2one	0	1
exo5	EXO5	ortholog_one2one	1	1
exoc1	EXOC1	ortholog_one2one	1	1
exoc2	EXOC2	ortholog_one2one	1	1
exoc3	EXOC3	ortholog_one2one	1	1
exoc3l1	EXOC3L1	ortholog_one2one	0	1
exoc3l4	EXOC3L4	ortholog_one2many	0	1
exoc4	EXOC4	ortholog_one2one	1	1
exoc5	EXOC5	ortholog_one2one	1	1
exoc6	EXOC6	ortholog_one2one	1	1
exoc6b	EXOC6B	ortholog_one2one	1	1
exoc7	EXOC7	ortholog_one2one	1	1
exoc8	EXOC8	ortholog_one2one	1	1
exorh	RHO	ortholog_one2many	1	1
exosc1	EXOSC1	ortholog_one2one	1	1
exosc10	EXOSC10	ortholog_one2one	1	1
exosc2	EXOSC2	ortholog_one2one	1	1
exosc3	EXOSC3	ortholog_one2many	0	1
exosc4	EXOSC4	ortholog_one2one	1	1
exosc5	EXOSC5	ortholog_one2one	1	1
exosc6	EXOSC6	ortholog_one2one	1	1
exosc7	EXOSC7	ortholog_one2one	1	1
exosc8	EXOSC8	ortholog_one2one	1	1
exosc9	EXOSC9	ortholog_one2one	1	1
ext1a	EXT1	ortholog_one2many	1	1
ext1b	EXT1	ortholog_one2many	1	1
ext1c	EXTL1	ortholog_one2one	0	1
ext2	EXT2	ortholog_one2one	1	1
extl2	EXTL2	ortholog_one2one	1	1
extl3	EXTL3	ortholog_one2one	1	1
eya1	EYA1	ortholog_one2one	1	1
eya2	EYA2	ortholog_one2one	0	1
eya3	EYA3	ortholog_one2one	0	1
eya4	EYA4	ortholog_one2one	1	1
ezh1	EZH1	ortholog_one2one	0	1
ezh2	EZH2	ortholog_one2one	1	1
ezra	EZR	ortholog_one2many	1	1
ezrb	EZR	ortholog_one2many	1	1
f10	F10	ortholog_one2one	1	1
f11r.1	F11R	ortholog_one2many	0	1
f11r.2	F11R	ortholog_one2many	0	1
f13a1b	F13A1	ortholog_one2many	0	1
f2r	F2R	ortholog_one2many	1	1
f2rl1.1	F2RL1	ortholog_one2many	1	1
f2rl1.2	F2RL1	ortholog_one2many	1	1
f3a	F3	ortholog_one2one	0	1
f5	F5	ortholog_one2one	0	1
f7	F7	ortholog_one2many	1	1
f7i	F7	ortholog_one2many	1	1
f9a	C1RL	ortholog_many2many	0	6
f9a	F12	ortholog_many2many	0	6
f9a	KLK10	ortholog_many2many	0	6
f9a	KLKB1	ortholog_many2many	0	6
f9a	PRSS51	ortholog_many2many	0	6
f9a	PRSS55	ortholog_many2many	0	6
f9b	F9	ortholog_one2one	1	1
fa2h	FA2H	ortholog_one2one	1	1
faah2a	FAAH2	ortholog_one2many	1	1
faah2b	FAAH2	ortholog_one2many	1	1
faap24	FAAP24	ortholog_one2one	1	1
fabp1b.1	FABP1	ortholog_one2many	1	1
fabp2	FABP2	ortholog_one2one	1	1
fabp3	FABP3	ortholog_one2one	1	1
fabp7a	FABP7	ortholog_one2many	1	1
fabp7b	FABP7	ortholog_one2many	1	1
fads2	FADS2	ortholog_one2many	1	2
fads2	FADS3	ortholog_one2many	1	2
faf1	FAF1	ortholog_one2one	1	1
faf2	FAF2	ortholog_one2one	1	1
fah	FAH	ortholog_one2one	1	1
fahd1	FAHD1	ortholog_one2one	1	1
fahd2a	FAHD2B	ortholog_one2one	1	1
faima	FAIM	ortholog_one2many	1	1
faimb	FAIM	ortholog_one2many	1	1
fam102bb	EEIG2	ortholog_one2many	1	1
fam107b	FAM107B	ortholog_one2one	1	1
fam110b	FAM110B	ortholog_one2one	1	1
fam113	PCED1A	ortholog_one2many	1	2
fam113	PCED1B	ortholog_one2many	1	2
fam114a1	FAM114A1	ortholog_one2one	1	1
fam117ab	FAM117A	ortholog_one2many	0	1
fam117bb	FAM117B	ortholog_one2many	0	1
fam120b	FAM120B	ortholog_one2one	0	1
fam131c	FAM131C	ortholog_one2one	1	1
fam133b	FAM133A	ortholog_one2many	0	2
fam133b	FAM133B	ortholog_one2many	0	2
fam135a	FAM135A	ortholog_one2one	1	1
fam136a	FAM136A	ortholog_one2one	0	1
fam13b	FAM13B	ortholog_one2one	1	1
fam149b1	FAM149B1	ortholog_one2one	0	1
fam151a	FAM151A	ortholog_one2one	1	1
fam151b	FAM151B	ortholog_one2one	1	1
fam162a	FAM162A	ortholog_one2one	0	1
fam167aa	FAM167A	ortholog_one2many	0	1
fam167ab	FAM167A	ortholog_one2many	1	1
fam168b	FAM168B	ortholog_one2one	1	1
fam169aa	FAM169A	ortholog_one2many	0	1
fam174b	FAM174B	ortholog_one2one	1	1
fam177a1	FAM177A1	ortholog_one2many	1	1
fam184b	FAM184B	ortholog_one2one	1	1
fam199x	FAM199X	ortholog_one2one	1	1
fam204a	FAM204A	ortholog_one2one	1	1
fam20a	FAM20A	ortholog_one2many	1	1
fam20b	FAM20B	ortholog_one2one	1	1
fam210b	FAM210B	ortholog_one2one	0	1
fam219aa	FAM219A	ortholog_one2many	1	1
fam219ab	FAM219A	ortholog_one2many	1	1
fam219b	FAM219B	ortholog_one2one	1	1
fam221a	FAM221A	ortholog_one2one	1	1
fam222ba	FAM222B	ortholog_one2many	1	1
fam228a	FAM228A	ortholog_one2many	0	2
fam228a	FAM228B	ortholog_one2many	0	2
fam32a	FAM32A	ortholog_one2one	0	1
fam3a	FAM3A	ortholog_one2one	1	1
fam3c	FAM3C	ortholog_one2one	1	1
fam43a	FAM43A	ortholog_one2one	1	1
fam43b	FAM43B	ortholog_one2one	1	1
fam49a	CYRIA	ortholog_one2one	1	1
fam49ba	CYRIB	ortholog_one2many	1	1
fam49bb	CYRIB	ortholog_one2many	1	1
fam50a	FAM50A	ortholog_one2many	1	2
fam50a	FAM50B	ortholog_one2many	1	2
fam53b	FAM53B	ortholog_one2one	1	1
fam53c	FAM53C	ortholog_one2one	1	1
fam76b	FAM76B	ortholog_one2one	1	1
fam78aa	FAM78A	ortholog_one2many	1	1
fam78ab	FAM78A	ortholog_one2many	1	1
fam78bb	FAM78B	ortholog_one2many	1	1
fam83d	FAM83D	ortholog_one2one	0	1
fam83fb	FAM83E	ortholog_many2many	0	2
fam83fb	FAM83F	ortholog_many2many	0	2
fam91a1	FAM91A1	ortholog_one2one	1	1
fam98b	FAM98B	ortholog_one2one	1	1
fan1	FAN1	ortholog_one2one	1	1
fancb	FANCB	ortholog_one2one	0	1
fancc	FANCC	ortholog_one2one	1	1
fancd2	FANCD2	ortholog_one2one	1	1
fance	FANCE	ortholog_one2one	0	1
fancf	FANCF	ortholog_one2one	0	1
fancg	FANCG	ortholog_one2one	1	1
fanci	FANCI	ortholog_one2one	1	1
fancl	FANCL	ortholog_one2one	1	1
far1	FAR1	ortholog_one2one	1	1
fars2	FARS2	ortholog_one2one	1	1
farsa	FARSA	ortholog_one2one	1	1
farsb	FARSB	ortholog_one2one	1	1
fastk	FASTK	ortholog_one2one	0	1
fastkd1	FASTKD1	ortholog_one2one	1	1
fat1a	FAT1	ortholog_one2many	1	1
fat3a	FAT3	ortholog_one2many	1	1
faua	FAU	ortholog_one2one	1	1
faxdc2	FAXDC2	ortholog_one2one	1	1
fbl	FBL	ortholog_one2many	1	2
fbl	FBLL1	ortholog_one2many	1	2
fblim1	FBLIM1	ortholog_one2one	1	1
fbln5	FBLN5	ortholog_one2one	0	1
fbp2	FBP2	ortholog_one2one	1	1
fbxl14a	FBXL14	ortholog_one2many	1	1
fbxl14b	FBXL14	ortholog_one2many	1	1
fbxl15	FBXL15	ortholog_one2one	1	1
fbxl16	FBXL16	ortholog_one2one	1	1
fbxl18	FBXL18	ortholog_one2one	1	1
fbxl2	FBXL2	ortholog_one2one	1	1
fbxl22	FBXL22	ortholog_one2one	1	1
fbxl3a	FBXL3	ortholog_one2one	1	1
fbxl4	FBXL4	ortholog_one2one	1	1
fbxl5	FBXL5	ortholog_one2one	1	1
fbxl6	FBXL19	ortholog_one2many	0	1
fbxl7	FBXL7	ortholog_one2one	1	1
fbxl8	FBXL8	ortholog_one2one	0	1
fbxo16	FBXO16	ortholog_one2one	0	1
fbxo18	FBH1	ortholog_one2one	1	1
fbxo22	FBXO22	ortholog_one2one	1	1
fbxo25	FBXO25	ortholog_one2one	1	1
fbxo3	FBXO3	ortholog_one2one	1	1
fbxo30a	FBXO30	ortholog_one2one	1	1
fbxo32	FBXO32	ortholog_one2one	1	1
fbxo34	FBXO34	ortholog_one2one	1	1
fbxo36a	FBXO36	ortholog_one2many	0	1
fbxo36b	FBXO36	ortholog_one2many	0	1
fbxo40.1	FBXO40	ortholog_one2many	1	1
fbxo42	FBXO42	ortholog_one2one	1	1
fbxo43	FBXO43	ortholog_one2one	0	1
fbxo45	FBXO45	ortholog_one2one	1	1
fbxo5	FBXO5	ortholog_one2one	0	1
fbxo7	FBXO7	ortholog_one2one	0	1
fbxo8	FBXO8	ortholog_one2one	1	1
fbxo9	FBXO9	ortholog_one2one	1	1
fbxw11b	FBXW11	ortholog_one2many	1	1
fbxw2	FBXW2	ortholog_one2one	1	1
fbxw4	FBXW4	ortholog_one2one	1	1
fbxw5	FBXW5	ortholog_one2one	1	1
fbxw8	FBXW8	ortholog_one2one	1	1
fcf1	FCF1	ortholog_one2one	1	1
fcho2	FCHO2	ortholog_one2one	1	1
fdft1	FDFT1	ortholog_one2one	1	1
fdps	FDPS	ortholog_one2one	1	1
fdxacb1	FDXACB1	ortholog_one2one	1	1
fech	FECH	ortholog_one2one	1	1
fem1c	FEM1C	ortholog_one2one	1	1
fen1	FEN1	ortholog_one2one	1	1
fermt2	FERMT2	ortholog_one2one	1	1
fermt3b	FERMT3	ortholog_one2many	1	1
fes	FES	ortholog_one2one	1	1
fev	FEV	ortholog_one2one	1	1
fez1	FEZ1	ortholog_one2one	1	1
fezf1	FEZF1	ortholog_one2one	1	1
fezf2	FEZF2	ortholog_one2one	1	1
fgb	FGB	ortholog_one2one	1	1
fgd4a	FGD4	ortholog_one2many	1	1
fgd6	FGD6	ortholog_one2one	1	1
fgf10a	FGF10	ortholog_one2many	1	1
fgf10b	FGF10	ortholog_one2many	1	1
fgf11a	FGF11	ortholog_one2many	1	1
fgf12a	FGF12	ortholog_one2many	1	1
fgf12b	FGF12	ortholog_one2many	1	1
fgf13a	FGF13	ortholog_one2many	1	1
fgf13b	FGF13	ortholog_one2many	1	1
fgf14	FGF14	ortholog_one2one	1	1
fgf16	FGF16	ortholog_one2one	1	1
fgf18a	FGF18	ortholog_one2many	1	1
fgf18b	FGF18	ortholog_one2many	1	1
fgf19	FGF19	ortholog_one2one	1	1
fgf20a	FGF20	ortholog_one2many	1	1
fgf20b	FGF20	ortholog_one2many	1	1
fgf22	FGF22	ortholog_one2one	1	1
fgf23	FGF23	ortholog_one2one	0	1
fgf3	FGF3	ortholog_one2one	1	1
fgf4	FGF4	ortholog_one2one	1	1
fgf5	FGF5	ortholog_one2one	1	1
fgf6a	FGF6	ortholog_one2many	1	1
fgf6b	FGF6	ortholog_one2many	1	1
fgf7	FGF7	ortholog_one2one	0	1
fgf8a	FGF8	ortholog_one2one	1	1
fgfbp2b	FGFBP2	ortholog_one2many	0	1
fgfr1a	FGFR1	ortholog_one2many	1	1
fgfr1b	FGFR1	ortholog_one2many	1	1
fgfr1op2	FGFR1OP2	ortholog_one2one	1	1
fgfr2	FGFR2	ortholog_one2one	1	1
fgfr3	FGFR3	ortholog_one2one	1	1
fgfrl1a	FGFRL1	ortholog_one2one	1	1
fgg	FGG	ortholog_one2one	1	1
fggy	FGGY	ortholog_one2one	0	1
fgl2a	FGL2	ortholog_one2many	1	1
fhad1	FHAD1	ortholog_one2many	0	1
fhit	FHIT	ortholog_one2one	1	1
fhl1a	FHL1	ortholog_one2many	1	1
fhl1b	FHL1	ortholog_one2many	1	1
fhl2a	FHL2	ortholog_one2many	1	1
fhl2b	FHL2	ortholog_one2many	1	1
fhl3b	FHL3	ortholog_one2many	1	1
fhl5	FHL5	ortholog_one2one	1	1
fibinb	FIBIN	ortholog_one2many	1	1
fibpa	FIBP	ortholog_one2many	1	1
fibpb	FIBP	ortholog_one2many	1	1
ficd	FICD	ortholog_one2one	1	1
fign	FIGN	ortholog_one2one	1	1
fignl1	FIGNL1	ortholog_one2one	1	1
fitm1	FITM1	ortholog_one2many	0	1
fitm2	FITM2	ortholog_one2one	1	1
fkbp10b	FKBP10	ortholog_one2many	1	1
fkbp11	FKBP11	ortholog_one2one	0	1
fkbp14	FKBP14	ortholog_one2one	1	1
fkbp1b	FKBP1B	ortholog_one2one	1	1
fkbp2	FKBP2	ortholog_one2one	1	1
fkbp3	FKBP3	ortholog_one2one	1	1
fkbp4	FKBP4	ortholog_one2one	1	1
fkbp5	FKBP5	ortholog_one2one	1	1
fkbp6	FKBP6	ortholog_one2many	1	1
fkbp7	FKBP7	ortholog_one2one	1	1
fkbp8	FKBP8	ortholog_one2one	1	1
fkbp9	FKBP9	ortholog_one2one	1	1
fkrp	FKRP	ortholog_one2one	1	1
fktn	FKTN	ortholog_one2one	1	1
flad1	FLAD1	ortholog_one2one	1	1
flcn	FLCN	ortholog_one2one	1	1
flii	FLII	ortholog_one2one	1	1
flot1a	FLOT1	ortholog_one2many	1	1
flot1b	FLOT1	ortholog_one2many	0	1
flot2a	FLOT2	ortholog_one2many	1	1
flot2b	FLOT2	ortholog_one2many	1	1
flrt2	FLRT2	ortholog_one2many	1	1
flrt3	FLRT3	ortholog_one2one	1	1
flt1	FLT1	ortholog_one2one	0	1
flt4	FLT4	ortholog_one2one	1	1
flvcr1	FLVCR1	ortholog_one2one	1	1
fmoda	FMOD	ortholog_one2many	1	1
fmr1	FMR1	ortholog_one2one	1	1
fn1a	FN1	ortholog_one2many	1	1
fn1b	FN1	ortholog_one2many	1	1
fn3krp	FN3KRP	ortholog_one2one	1	1
fnbp1a	FNBP1	ortholog_one2many	1	1
fnbp1l	FNBP1L	ortholog_one2one	1	1
fnbp4	FNBP4	ortholog_one2one	1	1
fndc3ba	FNDC3B	ortholog_one2many	1	1
fndc5b	FNDC5	ortholog_one2many	1	1
fnip1	FNIP1	ortholog_one2one	1	1
fnta	FNTA	ortholog_one2one	1	1
fntb	FNTB	ortholog_one2one	1	1
fosab	FOS	ortholog_one2one	1	1
fosb	FOSB	ortholog_one2one	1	1
fosl1a	FOSL1	ortholog_one2many	1	1
fosl2	FOSL2	ortholog_one2one	1	1
foxa1	FOXA1	ortholog_one2one	1	1
foxa2	FOXA2	ortholog_one2one	1	1
foxb1a	FOXB1	ortholog_one2many	1	1
foxb1b	FOXB1	ortholog_one2many	1	1
foxc1a	FOXC1	ortholog_one2many	1	1
foxc1b	FOXC1	ortholog_one2many	1	1
foxd3	FOXD3	ortholog_one2one	1	1
foxe3	FOXE1	ortholog_one2one	0	1
foxf1	FOXF1	ortholog_one2one	1	1
foxg1a	FOXG1	ortholog_one2one	1	1
foxh1	FOXH1	ortholog_one2one	0	1
foxj1a	FOXJ1	ortholog_one2one	1	1
foxk1	FOXK1	ortholog_one2one	1	1
foxl1	FOXL1	ortholog_one2one	0	1
foxm1	FOXM1	ortholog_one2one	1	1
foxn1	FOXN1	ortholog_one2one	0	1
foxn2b	FOXN2	ortholog_one2many	1	1
foxn4	FOXN4	ortholog_one2one	1	1
foxo1a	FOXO1	ortholog_one2many	1	1
foxo1b	FOXO1	ortholog_one2many	1	1
foxo3a	FOXO6	ortholog_one2many	0	1
foxo3b	FOXO6	ortholog_one2many	0	1
foxp1a	FOXF2	ortholog_many2many	0	2
foxp1a	FOXI1	ortholog_many2many	0	2
foxp1b	FOXF2	ortholog_many2many	0	2
foxp1b	FOXI1	ortholog_many2many	0	2
foxp2	FOXP2	ortholog_one2one	1	1
foxp4	FOXP4	ortholog_one2one	1	1
foxq1a	FOXQ1	ortholog_one2many	1	1
foxq1b	FOXQ1	ortholog_one2many	1	1
foxred1	FOXRED1	ortholog_one2one	1	1
foxred2	FOXRED2	ortholog_one2one	1	1
fpgs	FPGS	ortholog_one2one	1	1
fpgt	FPGT	ortholog_one2one	1	1
fra10ac1	FRA10AC1	ortholog_one2one	1	1
frem1a	FREM1	ortholog_one2one	1	1
frem2a	FREM2	ortholog_one2many	1	1
frem2b	FREM2	ortholog_one2many	1	1
frem3	FREM3	ortholog_one2one	1	1
frmd6	FRMD6	ortholog_one2one	1	1
frmd7	FRMD7	ortholog_one2many	0	1
frs2a	FRS2	ortholog_one2many	1	1
frs2b	FRS2	ortholog_one2many	1	1
fryl	FRYL	ortholog_one2one	1	1
frzb	FRZB	ortholog_one2one	1	1
fscn1a	FSCN1	ortholog_one2many	1	1
fscn2a	FSCN2	ortholog_one2many	1	1
fscn2b	FSCN2	ortholog_one2many	1	1
fsd1	FSD1	ortholog_one2one	1	1
fsta	FST	ortholog_one2one	1	1
fstl1a	FSTL1	ortholog_one2many	1	1
fstl1b	FSTL1	ortholog_one2many	1	1
fstl3	FSTL3	ortholog_one2one	1	1
fstl4	FSTL4	ortholog_one2one	1	1
fstl5	FSTL5	ortholog_one2one	1	1
ft1	FUT9	ortholog_one2many	1	1
ft2	FUT9	ortholog_one2many	1	1
ftcd	FTCD	ortholog_one2one	1	1
fth1a	FTH1	ortholog_one2many	0	1
fth1b	FTH1	ortholog_one2many	1	1
ftsj1	FTSJ1	ortholog_one2one	1	1
ftsj3	FTSJ3	ortholog_one2one	1	1
fubp1	FUBP1	ortholog_one2one	1	1
fubp3	FUBP3	ortholog_one2one	1	1
fuca1.1	FUCA1	ortholog_one2many	1	1
fuca1.2	FUCA1	ortholog_one2many	1	1
fuca2	FUCA2	ortholog_one2one	1	1
fundc1	FUNDC1	ortholog_one2one	1	1
fundc2	FUNDC2	ortholog_one2one	1	1
fuom	FUOM	ortholog_one2one	1	1
furina	FURIN	ortholog_one2many	1	1
furinb	FURIN	ortholog_one2many	1	1
fus	FUS	ortholog_one2one	1	1
fut7	FUT3	ortholog_many2many	0	3
fut7	FUT5	ortholog_many2many	0	3
fut7	FUT6	ortholog_many2many	0	3
fut9a	FUT9	ortholog_one2many	1	1
fut9d	FUT3	ortholog_many2many	0	3
fut9d	FUT5	ortholog_many2many	0	3
fut9d	FUT6	ortholog_many2many	0	3
fxn	FXN	ortholog_one2one	1	1
fxr1	FXR1	ortholog_one2one	1	1
fxr2	FXR2	ortholog_one2one	1	1
fxyd6	FXYD6	ortholog_one2one	1	1
fyna	FYN	ortholog_one2one	1	1
fzd1	FZD1	ortholog_one2one	1	1
fzd10	FZD10	ortholog_one2one	1	1
fzd2	FZD2	ortholog_one2one	1	1
fzd3a	FZD3	ortholog_one2one	1	1
fzd5	FZD5	ortholog_one2one	1	1
fzd6	FZD6	ortholog_one2one	0	1
fzd7a	FZD7	ortholog_one2many	1	1
fzd7b	FZD7	ortholog_one2many	1	1
fzd8a	FZD8	ortholog_one2many	1	1
fzd8b	FZD8	ortholog_one2many	1	1
fzd9b	FZD9	ortholog_one2many	1	1
fzr1a	FZR1	ortholog_one2one	1	1
g0s2	G0S2	ortholog_one2one	0	1
g3bp1	G3BP1	ortholog_one2one	1	1
g6pc3	G6PC3	ortholog_one2one	1	1
gab1	GAB1	ortholog_one2one	1	1
gabarapl2	GABARAPL2	ortholog_one2one	1	1
gabbr2	GABBR2	ortholog_one2many	1	1
gabpa	GABPA	ortholog_one2one	1	1
gabpb1	GABPB1	ortholog_one2one	1	1
gabpb2b	GABPB2	ortholog_one2one	1	1
gabra1	GABRA1	ortholog_one2one	1	1
gabra6a	GABRA6	ortholog_one2many	1	1
gabrg2	GABRG2	ortholog_one2one	1	1
gabrr1	GABRR1	ortholog_one2many	1	1
gabrr2a	GABRR2	ortholog_one2many	1	1
gabrr3a	GABRR3	ortholog_one2many	0	1
gad1b	GAD1	ortholog_one2many	1	1
gad2	GAD2	ortholog_one2one	1	1
gadd45aa	GADD45A	ortholog_one2many	1	1
gadd45ab	GADD45A	ortholog_one2many	1	1
gadd45ba	GADD45B	ortholog_one2many	1	1
gadd45bb	GADD45B	ortholog_one2many	1	1
gadd45ga	GADD45G	ortholog_one2many	1	1
gadd45gb.1	GADD45G	ortholog_one2many	1	1
gal3st1a	GAL3ST1	ortholog_one2many	1	1
galca	GALC	ortholog_one2many	1	1
galcb	GALC	ortholog_one2many	1	1
gale	GALE	ortholog_one2one	1	1
galk1	GALK1	ortholog_one2one	1	1
galk2	GALK2	ortholog_one2one	1	1
galm	GALM	ortholog_one2one	1	1
galns	GALNS	ortholog_one2one	1	1
galnt11	GALNTL5	ortholog_one2many	1	1
galnt14	GALNT14	ortholog_one2one	0	1
galnt18a	GALNT18	ortholog_one2many	1	1
galnt2	GALNT2	ortholog_one2one	1	1
galnt6	GALNTL5	ortholog_one2many	0	1
galnt7	GALNT7	ortholog_one2one	1	1
galt	GALT	ortholog_one2one	1	1
gamt	GAMT	ortholog_one2one	1	1
gapdh	GAPDH	ortholog_one2one	1	1
gapdhs	GAPDHS	ortholog_one2one	1	1
gapvd1	GAPVD1	ortholog_one2one	1	1
gar1	GAR1	ortholog_one2one	1	1
garem	GAREM1	ortholog_one2one	1	1
garnl3	GARNL3	ortholog_one2one	1	1
gart	GART	ortholog_one2one	1	1
gas1a	GAS1	ortholog_one2many	1	1
gas1b	GAS1	ortholog_one2many	1	1
gas2l3	GAS2L3	ortholog_one2one	0	1
gas6	GAS6	ortholog_one2one	1	1
gas7a	GAS7	ortholog_one2many	1	1
gata1a	GATA1	ortholog_one2one	0	1
gata2a	GATA2	ortholog_one2one	1	1
gata3	GATA3	ortholog_one2one	1	1
gata4	GATA4	ortholog_one2one	0	1
gata5	GATA5	ortholog_one2one	1	1
gata6	GATA6	ortholog_one2one	1	1
gatad1	GATAD1	ortholog_one2one	1	1
gatad2ab	GATAD2A	ortholog_one2one	1	1
gatad2b	GATAD2B	ortholog_one2one	1	1
gatb	GATB	ortholog_one2one	1	1
gatm	GATM	ortholog_one2one	1	1
gba3	GBA3	ortholog_one2one	1	1
gbgt1l1	GBGT1	ortholog_one2many	0	1
gbgt1l2	GBGT1	ortholog_one2many	0	1
gbgt1l3	GBGT1	ortholog_one2many	0	1
gbgt1l4	GBGT1	ortholog_one2many	0	1
gbp1	GBP6	ortholog_one2many	0	1
gbp4	GBP6	ortholog_one2many	0	1
gbx1	GBX1	ortholog_one2one	1	1
gbx2	GBX2	ortholog_one2one	1	1
gc	GC	ortholog_one2one	1	1
gcat	GCAT	ortholog_one2one	1	1
gcc1	GCC1	ortholog_one2one	1	1
gcdha	GCDH	ortholog_one2many	1	1
gcdhb	GCDH	ortholog_one2many	1	1
gcfc2	GCFC2	ortholog_one2one	0	1
gcga	GCG	ortholog_one2many	0	1
gcgb	GCG	ortholog_one2many	1	1
gch1	GCH1	ortholog_one2one	1	1
gchfr	GCHFR	ortholog_one2one	1	1
gck	GCK	ortholog_one2one	1	1
gclc	GCLC	ortholog_one2one	1	1
gclm	GCLM	ortholog_one2one	1	1
gcm2	GCM2	ortholog_one2one	1	1
gcnt4a	GCNT4	ortholog_one2many	1	1
gda	GDA	ortholog_one2one	1	1
gdap1	GDAP1	ortholog_one2one	1	1
gdap2	GDAP2	ortholog_one2one	1	1
gde1	GDE1	ortholog_one2one	1	1
gdf10b	GDF10	ortholog_one2many	1	1
gdf9	GDF9	ortholog_one2one	1	1
gdi1	GDI1	ortholog_one2one	1	1
gdi2	GDI2	ortholog_one2one	1	1
gdnfa	GDNF	ortholog_one2many	1	1
gdpd1	GDPD1	ortholog_one2one	1	1
gdpd3a	GDPD3	ortholog_one2many	0	1
gem	GEM	ortholog_one2one	1	1
gemin2	GEMIN2	ortholog_one2one	1	1
gemin4	GEMIN4	ortholog_one2one	1	1
gemin7	GEMIN7	ortholog_one2one	1	1
gemin8	GEMIN8	ortholog_one2one	1	1
get4	GET4	ortholog_one2one	1	1
gfap	GFAP	ortholog_one2one	1	1
gfer	GFER	ortholog_one2one	1	1
gfi1ab	GFI1	ortholog_one2one	1	1
gfi1b	GFI1B	ortholog_one2one	1	1
gfm1	GFM1	ortholog_one2one	1	1
gfm2	GFM2	ortholog_one2one	1	1
gfod2	GFOD2	ortholog_one2one	1	1
gfpt1	GFPT1	ortholog_one2one	1	1
gfpt2	GFPT2	ortholog_one2one	1	1
gfra1a	GFRA1	ortholog_one2many	0	1
gfra1b	GFRA1	ortholog_one2many	1	1
gfra2a	GFRA2	ortholog_one2many	1	1
gfra3	GFRA3	ortholog_one2one	0	1
gfra4a	GFRA4	ortholog_one2many	0	1
gga1	GGA1	ortholog_one2one	1	1
ggact.1	GGACT	ortholog_one2many	1	1
ggctb	GGCT	ortholog_one2one	1	1
ggh	GGH	ortholog_one2one	1	1
ggnbp2	GGNBP2	ortholog_one2one	1	1
ggps1	GGPS1	ortholog_one2one	1	1
ggt1a	GGT1	ortholog_many2many	1	4
ggt1a	GGTLC1	ortholog_many2many	0	4
ggt1a	GGTLC2	ortholog_many2many	0	4
ggt1a	GGTLC3	ortholog_many2many	0	4
ggt5a	GGT5	ortholog_one2many	0	1
gh1	CSH1	ortholog_one2many	0	5
gh1	CSH2	ortholog_one2many	0	5
gh1	CSHL1	ortholog_one2many	0	5
gh1	GH1	ortholog_one2many	0	5
gh1	GH2	ortholog_one2many	0	5
ghdc	GHDC	ortholog_one2one	0	1
ghra	CRLF2	ortholog_many2many	0	11
ghra	GHR	ortholog_many2many	1	11
ghra	IL11RA	ortholog_many2many	0	11
ghra	IL12RB1	ortholog_many2many	0	11
ghra	IL13RA1	ortholog_many2many	0	11
ghra	IL23R	ortholog_many2many	0	11
ghra	IL27RA	ortholog_many2many	0	11
ghra	IL2RG	ortholog_many2many	0	11
ghra	IL3RA	ortholog_many2many	0	11
ghra	IL6R	ortholog_many2many	0	11
ghra	OSMR	ortholog_many2many	0	11
ghrb	CRLF2	ortholog_many2many	0	11
ghrb	GHR	ortholog_many2many	0	11
ghrb	IL11RA	ortholog_many2many	0	11
ghrb	IL12RB1	ortholog_many2many	0	11
ghrb	IL13RA1	ortholog_many2many	0	11
ghrb	IL23R	ortholog_many2many	0	11
ghrb	IL27RA	ortholog_many2many	0	11
ghrb	IL2RG	ortholog_many2many	0	11
ghrb	IL3RA	ortholog_many2many	0	11
ghrb	IL6R	ortholog_many2many	0	11
ghrb	OSMR	ortholog_many2many	0	11
ghrh	GHRH	ortholog_one2one	0	1
ghrhrl	GHRHR	ortholog_one2one	0	1
ghsra	GHSR	ortholog_one2many	1	1
gid8a	GID8	ortholog_one2many	1	1
gins1	GINS1	ortholog_one2one	1	1
gins2	GINS2	ortholog_one2one	1	1
gins3	GINS3	ortholog_one2one	1	1
gins4	GINS4	ortholog_one2one	1	1
gip	GIP	ortholog_one2one	0	1
gipc1	GIPC1	ortholog_one2one	1	1
gipc2	GIPC2	ortholog_one2one	0	1
gipc3	GIPC3	ortholog_one2one	1	1
git2a	GIT2	ortholog_one2many	1	1
git2b	GIT2	ortholog_one2many	1	1
gja3	GJA3	ortholog_one2one	1	1
gk5	GK5	ortholog_one2one	1	1
gkap1	GKAP1	ortholog_one2one	1	1
gla	GLA	ortholog_one2one	1	1
glb1l	GLB1L	ortholog_one2one	1	1
glcea	GLCE	ortholog_one2many	1	1
glceb	GLCE	ortholog_one2many	1	1
gldc	GLDC	ortholog_one2one	1	1
gldn	GLDN	ortholog_one2one	1	1
gle1	GLE1	ortholog_one2one	1	1
glg1b	GLG1	ortholog_one2many	1	1
gli1	GLI1	ortholog_one2one	1	1
gli2a	GLI2	ortholog_one2many	1	1
gli2b	GLI2	ortholog_one2many	1	1
gli3	GLI3	ortholog_one2one	1	1
glipr1b	CRISP1	ortholog_many2many	0	3
glipr1b	GLIPR1L1	ortholog_many2many	0	3
glipr1b	GLIPR1L2	ortholog_many2many	0	3
glipr2l	GLIPR2	ortholog_one2one	1	1
glis2b	GLIS2	ortholog_one2one	0	1
glis3	GLIS3	ortholog_one2one	0	1
glmna	GLMN	ortholog_one2many	0	1
glmnb	GLMN	ortholog_one2many	1	1
glmp	GLMP	ortholog_one2one	0	1
glo1	GLO1	ortholog_one2one	1	1
glod4	GLOD4	ortholog_one2one	1	1
glod5	GLOD5	ortholog_one2one	1	1
glra1	GLRA1	ortholog_one2one	1	1
glra2	GLRA2	ortholog_one2one	1	1
glra3	GLRA3	ortholog_one2one	1	1
glrba	GLRB	ortholog_one2many	1	1
glrbb	GLRB	ortholog_one2many	1	1
glrx	GLRX	ortholog_one2one	1	1
glrx2	GLRX2	ortholog_one2one	1	1
glrx3	GLRX3	ortholog_one2one	1	1
glrx5	GLRX5	ortholog_one2one	1	1
gls2b	GLS2	ortholog_one2many	1	1
glsa	GLS	ortholog_one2many	1	1
glt8d1	GLT8D1	ortholog_one2one	1	1
glt8d2	GLT8D2	ortholog_one2one	1	1
gltpa	GLTP	ortholog_one2many	1	1
glud1a	GLUD1	ortholog_one2many	1	2
glud1a	GLUD2	ortholog_one2many	1	2
glula	GLUL	ortholog_one2many	1	1
glulb	GLUL	ortholog_one2many	1	1
glyctk	GLYCTK	ortholog_one2one	1	1
glyr1	GLYR1	ortholog_one2one	1	1
gm2a	GM2A	ortholog_one2many	1	1
gmcl1	GMCL1	ortholog_one2many	1	2
gmcl1	GMCL2	ortholog_one2many	1	2
gmds	GMDS	ortholog_one2one	1	1
gmeb1	GMEB1	ortholog_one2one	1	1
gmfb	GMFB	ortholog_one2one	1	1
gmnn	GMNN	ortholog_one2one	1	1
gmppaa	GMPPA	ortholog_one2many	1	1
gmppab	GMPPA	ortholog_one2many	1	1
gmppb	GMPPB	ortholog_one2one	1	1
gmpr	GMPR	ortholog_one2one	1	1
gmpr2	GMPR2	ortholog_one2one	1	1
gmps	GMPS	ortholog_one2one	1	1
gna13a	GNA13	ortholog_one2many	1	1
gna13b	GNA13	ortholog_one2many	1	1
gna14	GNAQ	ortholog_one2many	0	1
gna15.1	GNA11	ortholog_many2many	0	3
gna15.1	GNA15	ortholog_many2many	0	3
gna15.1	GNAT3	ortholog_many2many	0	3
gnai2a	GNAI2	ortholog_one2many	1	1
gnai2b	GNAI2	ortholog_one2many	1	1
gnai3	GNAI1	ortholog_one2many	0	2
gnai3	GNAI3	ortholog_one2many	1	2
gnal	GNAL	ortholog_one2one	0	1
gnao1a	GNAO1	ortholog_one2many	1	1
gnao1b	GNAO1	ortholog_one2many	0	1
gnaq	GNAQ	ortholog_one2many	1	1
gnat1	GNAT1	ortholog_one2one	1	1
gnat2	GNAT2	ortholog_one2one	1	1
gnb1b	GNB1	ortholog_one2one	0	1
gnb1l	GNB1L	ortholog_one2one	0	1
gnb2	GNB2	ortholog_one2one	1	1
gnb3a	GNB3	ortholog_one2many	1	1
gnb3b	GNB3	ortholog_one2many	0	1
gnb4b	GNB4	ortholog_one2many	0	1
gnb5a	GNB5	ortholog_one2many	1	1
gnb5b	GNB5	ortholog_one2many	1	1
gne	GNE	ortholog_one2one	1	1
gng10	GNG10	ortholog_one2one	1	1
gng12a	GNG12	ortholog_one2many	0	1
gng13b	GNG13	ortholog_one2one	1	1
gng2	GNG2	ortholog_one2one	1	1
gng3	GNG3	ortholog_one2one	1	1
gng5	GNG5	ortholog_one2many	1	2
gng5	GNG5B	ortholog_one2many	1	2
gng7	GNG7	ortholog_one2one	1	1
gng8	GNG8	ortholog_one2one	0	1
gngt1	GNG11	ortholog_one2many	1	2
gngt1	GNGT1	ortholog_one2many	1	2
gngt2a	GNGT2	ortholog_one2many	1	1
gngt2b	GNGT2	ortholog_one2many	1	1
gnl1	GNL1	ortholog_one2one	1	1
gnl2	GNL2	ortholog_one2one	1	1
gnl3	GNL3	ortholog_one2one	1	1
gnl3l	GNL3L	ortholog_one2one	1	1
gnmt	GNMT	ortholog_one2one	1	1
gnpda1	GNPDA1	ortholog_one2one	1	1
gnpnat1	GNPNAT1	ortholog_one2one	1	1
gnptab	GNPTAB	ortholog_one2one	1	1
gnptg	GNPTG	ortholog_one2one	0	1
gnrh2	GNRH2	ortholog_many2many	0	1
gnrh3	GNRH1	ortholog_many2many	0	2
gnrh3	GNRH2	ortholog_many2many	0	2
gnrhr4	GNRHR	ortholog_one2many	0	1
gnsa	GNS	ortholog_one2one	1	1
gnsb	ARSF	ortholog_many2many	0	2
gnsb	ARSL	ortholog_many2many	0	2
golga1	GOLGA1	ortholog_one2one	1	1
golga2	GOLGA2	ortholog_one2many	1	19
golga2	GOLGA6A	ortholog_one2many	0	19
golga2	GOLGA6B	ortholog_one2many	0	19
golga2	GOLGA6C	ortholog_one2many	0	19
golga2	GOLGA6D	ortholog_one2many	0	19
golga2	GOLGA8A	ortholog_one2many	0	19
golga2	GOLGA8B	ortholog_one2many	0	19
golga2	GOLGA8F	ortholog_one2many	0	19
golga2	GOLGA8G	ortholog_one2many	0	19
golga2	GOLGA8H	ortholog_one2many	0	19
golga2	GOLGA8J	ortholog_one2many	0	19
golga2	GOLGA8K	ortholog_one2many	0	19
golga2	GOLGA8M	ortholog_one2many	0	19
golga2	GOLGA8N	ortholog_one2many	0	19
golga2	GOLGA8O	ortholog_one2many	0	19
golga2	GOLGA8Q	ortholog_one2many	0	19
golga2	GOLGA8R	ortholog_one2many	0	19
golga2	GOLGA8S	ortholog_one2many	0	19
golga2	GOLGA8T	ortholog_one2many	0	19
golga3	GOLGA3	ortholog_one2one	1	1
golga5	GOLGA5	ortholog_one2one	1	1
golga7	GOLGA7	ortholog_one2one	1	1
golga7ba	GOLGA7B	ortholog_one2many	1	1
golph3l	GOLPH3L	ortholog_one2one	1	1
gopc	GOPC	ortholog_one2one	1	1
gorab	GORAB	ortholog_one2one	1	1
gorasp1a	GORASP1	ortholog_one2many	0	1
gorasp2	GORASP2	ortholog_one2one	1	1
gosr1	GOSR1	ortholog_one2one	1	1
gosr2	GOSR2	ortholog_one2one	1	1
got1	GOT1	ortholog_one2one	1	1
got1l1	GOT1L1	ortholog_one2one	0	1
got2a	GOT2	ortholog_one2many	1	1
got2b	GOT2	ortholog_one2many	0	1
gp1bb	GP1BB	ortholog_one2one	0	1
gpalpp1	GPALPP1	ortholog_one2one	1	1
gpank1	GPANK1	ortholog_one2one	0	1
gpat2	GPAT2	ortholog_one2one	1	1
gpatch1	GPATCH1	ortholog_one2one	1	1
gpatch11	GPATCH11	ortholog_one2one	0	1
gpatch3	GPATCH3	ortholog_one2one	1	1
gpatch4	GPATCH4	ortholog_one2one	0	1
gpc1a	GPC1	ortholog_one2many	1	1
gpc1b	GPC1	ortholog_one2many	0	1
gpc2	GPC2	ortholog_one2one	0	1
gpc3	GPC3	ortholog_one2one	1	1
gpc4	GPC4	ortholog_one2one	1	1
gpc5a	GPC5	ortholog_one2one	1	1
gpc6a	GPC6	ortholog_one2many	1	1
gpcpd1	GPCPD1	ortholog_one2one	1	1
gpd1a	GPD1	ortholog_one2many	1	1
gpd1b	GPD1	ortholog_one2many	1	1
gpd1l	GPD1L	ortholog_one2one	1	1
gpd2	GPD2	ortholog_one2one	1	1
gper1	GPER1	ortholog_one2one	1	1
gphna	GPHN	ortholog_one2many	1	1
gphnb	GPHN	ortholog_one2many	1	1
gpia	GPI	ortholog_one2many	1	1
gpib	GPI	ortholog_one2many	1	1
gpkow	GPKOW	ortholog_one2one	0	1
gpm6aa	GPM6A	ortholog_one2many	1	1
gpm6ab	GPM6A	ortholog_one2many	1	1
gpm6bb	GPM6B	ortholog_one2one	1	1
gpn1	GPN1	ortholog_one2one	1	1
gpn2	GPN2	ortholog_one2one	1	1
gpn3	GPN3	ortholog_one2one	1	1
gpr107	GPR107	ortholog_one2one	1	1
gpr137ba	GPR137B	ortholog_one2many	1	1
gpr137bb	GPR137B	ortholog_one2many	0	1
gpr143	GPR143	ortholog_one2one	1	1
gpr157	GPR157	ortholog_one2one	1	1
gpr160	GPR160	ortholog_one2one	0	1
gpr173	GPR173	ortholog_one2one	1	1
gpr176	GPR176	ortholog_one2one	1	1
gpr183a	GPR183	ortholog_one2many	1	1
gpr183b	GPR183	ortholog_one2many	1	1
gpr19	GPR19	ortholog_one2one	1	1
gpr22a	GPR22	ortholog_one2many	1	1
gpr27	GPR27	ortholog_one2one	1	1
gpr35.1	GPR35	ortholog_one2many	0	1
gpr37b	GPR37	ortholog_one2many	1	1
gpr39	GPR39	ortholog_one2one	1	1
gpr55a	GPR55	ortholog_one2one	1	1
gpr84	GPR84	ortholog_one2one	1	1
gpr85	GPR85	ortholog_one2one	1	1
gprc5bb	GPRC5B	ortholog_one2many	1	1
gprc5c	GPRC5C	ortholog_one2one	1	1
gprc6a	GPRC6A	ortholog_one2one	1	1
gps1	GPS1	ortholog_one2one	1	1
gps2	GPS2	ortholog_one2one	1	1
gpsm1b	GPSM1	ortholog_one2many	1	1
gpsm2	GPSM2	ortholog_one2one	1	1
gpt2	GPT2	ortholog_one2one	1	1
gpx1a	GPX3	ortholog_many2many	0	2
gpx1a	GPX5	ortholog_many2many	0	2
gpx1b	GPX3	ortholog_many2many	0	2
gpx1b	GPX5	ortholog_many2many	0	2
gpx3	GPX3	ortholog_many2many	1	2
gpx3	GPX5	ortholog_many2many	1	2
gpx4a	GPX3	ortholog_many2many	0	3
gpx4a	GPX5	ortholog_many2many	0	3
gpx4a	GPX6	ortholog_many2many	0	3
gpx4b	GPX4	ortholog_one2one	1	1
gpx7	GPX7	ortholog_one2one	1	1
gpx8	GPX8	ortholog_one2one	1	1
gra	EIF4EBP2	ortholog_one2many	0	1
grap2a	GRAP2	ortholog_one2many	1	1
grap2b	GRAP2	ortholog_one2many	0	1
grapa	GRAP	ortholog_many2many	1	2
grapa	GRAPL	ortholog_many2many	0	2
grapb	GRAP	ortholog_many2many	1	2
grapb	GRAPL	ortholog_many2many	0	2
grb10a	GRB10	ortholog_one2many	1	1
grb2a	GRB2	ortholog_one2many	1	1
grb2b	GRB2	ortholog_one2many	1	1
grcc10	C12orf57	ortholog_one2one	1	1
grem1a	GREM1	ortholog_one2many	1	1
grem2b	GREM2	ortholog_one2many	1	1
grhl1	GRHL1	ortholog_one2one	1	1
grhl2a	GRHL2	ortholog_one2many	0	1
grhl2b	GRHL2	ortholog_one2many	1	1
grhpra	GRHPR	ortholog_one2one	1	1
gria1a	GRIA1	ortholog_one2many	1	1
gria1b	GRIA1	ortholog_one2many	1	1
gria2a	GRIA2	ortholog_one2many	1	1
gria2b	GRIA2	ortholog_one2many	1	1
gria3a	GRIA3	ortholog_one2many	1	1
gria3b	GRIA3	ortholog_one2many	1	1
gria4a	GRIA4	ortholog_one2one	1	1
grid2	GRID2	ortholog_one2one	1	1
grid2ipb	GRID2IP	ortholog_one2many	1	1
grifin	GRIFIN	ortholog_one2one	1	1
grik5	GRIK5	ortholog_one2many	1	1
grin1a	GRIN1	ortholog_one2many	1	1
grin1b	GRIN1	ortholog_one2many	1	1
grin2bb	GRIN2B	ortholog_one2many	1	1
grinaa	GRINA	ortholog_one2many	1	1
grinab	GRINA	ortholog_one2many	0	1
grip1	GRIP1	ortholog_one2one	1	1
grip2a	GRIP2	ortholog_one2many	1	1
gripap1	GRIPAP1	ortholog_one2one	1	1
grk1a	GRK1	ortholog_one2one	1	1
grk4	GRK4	ortholog_one2one	1	1
grk7a	GRK7	ortholog_one2many	1	1
grk7b	GRK7	ortholog_one2many	1	1
grm2a	GRM2	ortholog_one2many	1	1
grm3	GRM3	ortholog_one2one	1	1
grm4	GRM4	ortholog_one2one	1	1
grm6a	GRM6	ortholog_one2many	1	1
grm6b	GRM6	ortholog_one2many	1	1
grm8b	GRM8	ortholog_one2many	1	1
grna	GRN	ortholog_one2many	0	1
grnb	GRN	ortholog_one2many	0	1
grpel1	GRPEL1	ortholog_one2one	1	1
grpel2	GRPEL2	ortholog_one2one	1	1
grtp1a	GRTP1	ortholog_one2many	1	1
grtp1b	GRTP1	ortholog_one2many	1	1
grwd1	GRWD1	ortholog_one2one	1	1
gsc	GSC	ortholog_one2one	1	1
gsg1l	GSG1L	ortholog_one2one	1	1
gsk3aa	GSK3A	ortholog_one2many	1	1
gsk3ab	GSK3A	ortholog_one2many	1	1
gskip	GSKIP	ortholog_one2one	1	1
gsna	GSN	ortholog_one2many	1	1
gsnb	GSN	ortholog_one2many	1	1
gspt1	GSPT1	ortholog_one2many	0	1
gspt1l	GSPT1	ortholog_one2many	1	1
gsr	GSR	ortholog_one2one	1	1
gss	GSS	ortholog_one2one	1	1
gstcd	GSTCD	ortholog_one2one	1	1
gstk1	GSTK1	ortholog_one2many	0	1
gstm.1	GSTM3	ortholog_one2many	1	1
gstm.2	GSTM3	ortholog_one2many	1	1
gstm.3	GSTM3	ortholog_one2many	1	1
gsto1	GSTO1	ortholog_one2many	0	1
gsto2	GSTO1	ortholog_one2many	0	1
gstr	GSTO2	ortholog_many2many	0	4
gstr	GSTT2	ortholog_many2many	0	4
gstr	GSTT2B	ortholog_many2many	0	4
gstr	GSTT4	ortholog_many2many	0	4
gstz1	GSTZ1	ortholog_one2one	1	1
gsx1	GSX1	ortholog_one2one	1	1
gsx2	GSX2	ortholog_one2one	1	1
gtdc1	QTMAN	ortholog_one2one	1	1
gtf2a1	GTF2A1	ortholog_one2one	1	1
gtf2a1l	GTF2A1L	ortholog_one2one	1	1
gtf2a2	GTF2A2	ortholog_one2one	1	1
gtf2b	GTF2B	ortholog_one2one	1	1
gtf2e1	GTF2E1	ortholog_one2one	1	1
gtf2e2	GTF2E2	ortholog_one2one	1	1
gtf2f1	GTF2F1	ortholog_one2one	1	1
gtf2f2a	GTF2F2	ortholog_one2many	1	1
gtf2h1	GTF2H1	ortholog_one2one	1	1
gtf2h2	GTF2H2	ortholog_one2many	1	2
gtf2h2	GTF2H2C	ortholog_one2many	1	2
gtf2h3	GTF2H3	ortholog_one2one	1	1
gtf2h4	GTF2H4	ortholog_one2one	1	1
gtf2h5	GTF2H5	ortholog_one2one	1	1
gtf3aa	GTF3A	ortholog_one2many	1	1
gtf3ab	GTF3A	ortholog_one2many	1	1
gtf3c2	GTF3C2	ortholog_one2one	1	1
gtf3c3	GTF3C3	ortholog_one2one	1	1
gtf3c6	GTF3C6	ortholog_one2one	0	1
gtpbp1	GTPBP1	ortholog_one2many	1	1
gtpbp10	GTPBP10	ortholog_one2one	1	1
gtpbp1l	GTPBP1	ortholog_one2many	1	1
gtpbp3	GTPBP3	ortholog_one2one	1	1
gtpbp4	GTPBP4	ortholog_one2one	1	1
gtse1	GTSE1	ortholog_one2one	0	1
guca1b	GUCA1B	ortholog_one2one	1	1
guca1c	GUCA1C	ortholog_many2many	0	2
guca1c	HPCAL4	ortholog_many2many	0	2
guca1g	GUCA1C	ortholog_many2many	0	2
guca1g	HPCAL4	ortholog_many2many	0	2
gucd1	GUCD1	ortholog_one2one	1	1
guk1a	GUK1	ortholog_one2many	1	1
guk1b	GUK1	ortholog_one2many	1	1
gulp1a	GULP1	ortholog_one2many	1	1
gxylt1b	GXYLT1	ortholog_one2many	1	1
gxylt2	GXYLT2	ortholog_one2one	1	1
gyg1a	GYG1	ortholog_one2many	1	1
gyg1b	GYG1	ortholog_one2many	1	1
gyg2	GYG2	ortholog_one2one	0	1
gypc	GYPC	ortholog_one2one	1	1
gys1	GYS1	ortholog_one2one	1	1
gys2	GYS2	ortholog_one2one	1	1
h3f3c	H3-3B	ortholog_one2one	1	1
haao	HAAO	ortholog_one2one	1	1
habp2	C1RL	ortholog_many2many	0	5
habp2	KLK10	ortholog_many2many	0	5
habp2	KLKB1	ortholog_many2many	0	5
habp2	PRSS51	ortholog_many2many	0	5
habp2	PRSS55	ortholog_many2many	0	5
hacd2	HACD2	ortholog_one2one	1	1
hacd3	HACD3	ortholog_one2one	1	1
hacl1	HACL1	ortholog_one2one	1	1
hadh	HADH	ortholog_one2one	1	1
hadhaa	HADHA	ortholog_one2many	0	1
hadhab	HADHA	ortholog_one2many	1	1
hadhb	HADHB	ortholog_one2one	1	1
hagh	HAGH	ortholog_one2one	1	1
hal	HAL	ortholog_one2one	1	1
hamp	HAMP	ortholog_one2one	0	1
hand2	HAND2	ortholog_one2one	1	1
hao1	HAO1	ortholog_one2one	1	1
hao2	HAO2	ortholog_one2one	1	1
hapln2	HAPLN2	ortholog_one2one	1	1
hapln3	HAPLN3	ortholog_one2one	1	1
hapln4	HAPLN4	ortholog_one2one	1	1
harbi1	HARBI1	ortholog_one2one	1	1
hars	HARS1	ortholog_one2many	1	2
hars	HARS2	ortholog_one2many	1	2
has1	HAS1	ortholog_one2one	1	1
has2	HAS2	ortholog_one2one	1	1
has3	HAS3	ortholog_one2one	1	1
hat1	HAT1	ortholog_one2one	1	1
haus1	HAUS1	ortholog_one2one	1	1
haus3	HAUS3	ortholog_one2one	1	1
haus4	HAUS4	ortholog_one2one	0	1
haus6	HAUS6	ortholog_one2one	0	1
hax1	HAX1	ortholog_one2one	0	1
hbaa1	HBB	ortholog_many2many	0	4
hbaa1	HBD	ortholog_many2many	0	4
hbaa1	HBG1	ortholog_many2many	0	4
hbaa1	HBG2	ortholog_many2many	0	4
hbae3	HBB	ortholog_many2many	0	4
hbae3	HBD	ortholog_many2many	0	4
hbae3	HBG1	ortholog_many2many	0	4
hbae3	HBG2	ortholog_many2many	0	4
hbbe1.1	HBE1	ortholog_one2many	1	1
hbbe2	HBE1	ortholog_one2many	1	1
hbbe3	HBE1	ortholog_one2many	0	1
hbegfa	HBEGF	ortholog_one2many	0	1
hbegfb	HBEGF	ortholog_one2many	1	1
hbl4	MBL2	ortholog_one2many	0	1
hbp1	HBP1	ortholog_one2one	1	1
hbs1l	HBS1L	ortholog_one2one	1	1
hccsa.1	HCCS	ortholog_one2many	1	1
hccsb	HCCS	ortholog_one2many	1	1
hcfc1a	KLHDC9	ortholog_one2many	0	1
hcfc1b	KLHDC9	ortholog_one2many	0	1
hcfc2	KLHDC9	ortholog_one2many	0	1
hcls1	HCLS1	ortholog_one2one	0	1
hcrt	HCRT	ortholog_one2one	1	1
hcrtr2	HCRTR2	ortholog_one2one	1	1
hdac1	HDAC1	ortholog_one2one	1	1
hdac10	HDAC10	ortholog_one2one	1	1
hdac11	HDAC11	ortholog_one2one	1	1
hdac4	HDAC4	ortholog_one2one	1	1
hdac8	HDAC8	ortholog_one2one	1	1
hdac9b	HDAC9	ortholog_one2one	1	1
hdc	HDC	ortholog_one2one	1	1
hddc2	HDDC2	ortholog_one2one	1	1
hddc3	HDDC3	ortholog_one2one	1	1
hdhd2	HDHD2	ortholog_one2one	1	1
hdhd3	HDHD3	ortholog_one2one	0	1
hdlbpa	HDLBP	ortholog_one2one	1	1
hdr	CD27	ortholog_many2many	0	12
hdr	LTBR	ortholog_many2many	0	12
hdr	TNFRSF10A	ortholog_many2many	0	12
hdr	TNFRSF10B	ortholog_many2many	0	12
hdr	TNFRSF10C	ortholog_many2many	0	12
hdr	TNFRSF10D	ortholog_many2many	0	12
hdr	TNFRSF11A	ortholog_many2many	0	12
hdr	TNFRSF14	ortholog_many2many	0	12
hdr	TNFRSF18	ortholog_many2many	0	12
hdr	TNFRSF25	ortholog_many2many	0	12
hdr	TNFRSF4	ortholog_many2many	0	12
hdr	TNFRSF8	ortholog_many2many	0	12
hdx	HDX	ortholog_one2one	0	1
heatr1	HEATR1	ortholog_one2one	1	1
heatr3	HEATR3	ortholog_one2one	1	1
heatr5a	HEATR5A	ortholog_one2one	1	1
heatr6	HEATR6	ortholog_one2one	1	1
hebp2	HEBP2	ortholog_one2many	1	1
heca	HECA	ortholog_one2one	1	1
hectd1	HECTD1	ortholog_one2one	1	1
hectd3	HECTD3	ortholog_one2one	1	1
hecw1b	HECW1	ortholog_one2many	1	1
hells	HELLS	ortholog_one2one	1	1
helq	HELQ	ortholog_one2one	1	1
helt	HELT	ortholog_one2one	1	1
helz	HELZ	ortholog_one2one	1	1
hemk1	HEMK1	ortholog_one2one	0	1
henmt1	HENMT1	ortholog_one2one	0	1
hepacam2	HEPACAM2	ortholog_one2one	1	1
hepacama	HEPACAM	ortholog_one2many	1	1
her1	HES7	ortholog_one2many	0	1
her11	HES7	ortholog_one2many	0	1
her13	HES6	ortholog_one2many	1	1
her3	HES3	ortholog_one2one	1	1
her4.2	HES5	ortholog_many2many	0	2
her4.2	HEYL	ortholog_many2many	0	2
her4.3	HES5	ortholog_many2many	0	2
her4.3	HEYL	ortholog_many2many	0	2
her6	HES1	ortholog_one2one	1	1
her7	HES5	ortholog_many2many	0	2
her7	HEYL	ortholog_many2many	0	2
her9	HES4	ortholog_one2one	1	1
herc3	HERC3	ortholog_one2one	1	1
herpud1	HERPUD1	ortholog_one2one	1	1
herpud2	HERPUD2	ortholog_one2one	1	1
hes2.2	HES2	ortholog_one2many	1	1
hes6	HES6	ortholog_one2many	1	1
hexa	HEXA	ortholog_one2one	1	1
hexb	HEXB	ortholog_one2one	1	1
hexim1	HEXIM1	ortholog_one2one	1	1
hey1	HEY1	ortholog_one2one	1	1
hey2	HEY2	ortholog_one2one	1	1
heyl	HES5	ortholog_many2many	0	2
heyl	HEYL	ortholog_many2many	0	2
hgd	HGD	ortholog_one2one	1	1
hgfa	HGF	ortholog_one2many	0	1
hgh1	HGH1	ortholog_one2one	1	1
hgs	HGS	ortholog_one2one	1	1
hhat	HHAT	ortholog_one2one	1	1
hhatla	HHATL	ortholog_one2many	1	1
hhatlb	HHATL	ortholog_one2many	1	1
hhip	HHIP	ortholog_one2one	1	1
hibadhb	HIBADH	ortholog_one2one	1	1
hibch	HIBCH	ortholog_one2one	1	1
hic1	HIC1	ortholog_one2many	1	1
hic2	HIC2	ortholog_one2one	1	1
hif1aa	HIF1A	ortholog_one2many	1	1
hif1ab	HIF1A	ortholog_one2many	1	1
hif1al	HIF3A	ortholog_one2one	0	1
hif1an	HIF1AN	ortholog_one2one	1	1
higd1a	HIGD1A	ortholog_one2many	0	3
higd1a	HIGD1B	ortholog_one2many	0	3
higd1a	HIGD1C	ortholog_one2many	0	3
higd2a	HIGD2A	ortholog_one2many	1	2
higd2a	HIGD2B	ortholog_one2many	1	2
hinfp	HINFP	ortholog_one2one	1	1
hint2	HINT2	ortholog_one2one	1	1
hip1	HIP1	ortholog_one2one	1	1
hip1ra	HIP1R	ortholog_one2many	0	1
hip1rb	HIP1R	ortholog_one2many	1	1
hipk2	HIPK2	ortholog_one2one	1	1
hipk3b	HIPK3	ortholog_one2one	1	1
hirip3	HIRIP3	ortholog_one2one	0	1
hist2h2l	H2BC1	ortholog_one2many	0	1
hivep2a	HIVEP2	ortholog_one2one	1	1
hk1	HK1	ortholog_one2one	1	1
hk2	HK2	ortholog_one2one	1	1
hkdc1	HKDC1	ortholog_one2one	1	1
hlfa	HLF	ortholog_one2many	1	1
hlfb	HLF	ortholog_one2many	1	1
hlx1	HLX	ortholog_one2one	1	1
hm13	HM13	ortholog_one2one	1	1
hmbox1a	HMBOX1	ortholog_one2many	1	1
hmbsa	HMBS	ortholog_one2many	1	1
hmbsb	HMBS	ortholog_one2many	1	1
hmces	HMCES	ortholog_one2one	1	1
hmcn1	HMCN1	ortholog_one2one	1	1
hmg20a	HMG20A	ortholog_one2one	1	1
hmg20b	HMG20B	ortholog_one2one	1	1
hmga2	HMGA2	ortholog_one2one	1	1
hmgb1a	HMGB1	ortholog_many2many	1	2
hmgb1a	HMGB1P1	ortholog_many2many	1	2
hmgb1b	HMGB1	ortholog_many2many	0	2
hmgb1b	HMGB1P1	ortholog_many2many	0	2
hmgb2a	HMGB2	ortholog_one2one	1	1
hmgb3a	HMGB3	ortholog_one2many	1	1
hmgb3b	HMGB3	ortholog_one2many	1	1
hmgcl	HMGCL	ortholog_one2one	1	1
hmgcll1	HMGCLL1	ortholog_one2one	1	1
hmgcra	HMGCR	ortholog_one2many	1	1
hmgcrb	HMGCR	ortholog_one2many	1	1
hmgcs1	HMGCS1	ortholog_one2one	1	1
hmgn2	HMGN3	ortholog_one2one	0	1
hmgxb4a	HMGXB4	ortholog_one2one	1	1
hmmr	HMMR	ortholog_one2one	0	1
hmox1a	HMOX1	ortholog_one2one	1	1
hmox2a	HMOX2	ortholog_one2many	1	1
hmx1	HMX1	ortholog_one2one	0	1
hmx2	HMX2	ortholog_one2one	1	1
hmx3a	HMX3	ortholog_one2one	1	1
hmx4	HOXA9	ortholog_one2one	0	1
hnf1ba	HNF1B	ortholog_one2many	1	1
hnf1bb	HNF1B	ortholog_one2many	1	1
hnf4a	HNF4A	ortholog_one2one	1	1
hnf4g	HNF4G	ortholog_one2one	1	1
hnmt	HNMT	ortholog_one2one	1	1
hnrnpa0a	HNRNPA3	ortholog_one2many	0	1
hnrnpa0b	HNRNPA3	ortholog_one2many	0	1
hnrnpa0l	HNRNPA3	ortholog_one2many	0	1
hnrnpa1b	HNRNPA1	ortholog_one2many	1	3
hnrnpa1b	HNRNPA1L2	ortholog_one2many	1	3
hnrnpa1b	HNRNPA1L3	ortholog_one2many	1	3
hnrnpaba	HNRNPAB	ortholog_one2many	1	1
hnrnpabb	HNRNPAB	ortholog_one2many	1	1
hnrnpc	RALYL	ortholog_one2many	0	1
hnrnpd	HNRNPD	ortholog_one2one	1	1
hnrnph3	HNRNPH3	ortholog_one2one	0	1
hnrnpk	HNRNPK	ortholog_one2many	1	1
hnrnpl2	HNRNPL	ortholog_one2many	0	1
hnrnpm	HNRNPM	ortholog_one2one	1	1
hnrnpr	HNRNPR	ortholog_one2one	0	1
hnrnpub	HNRNPU	ortholog_one2many	1	1
hnrpkl	HNRNPK	ortholog_one2many	1	1
hoga1	HOGA1	ortholog_one2one	1	1
homer1b	HOMER1	ortholog_one2one	1	1
homer2	HOMER2	ortholog_one2one	0	1
homeza	HOMEZ	ortholog_one2many	0	1
homezb	HOMEZ	ortholog_one2many	0	1
hook1	HOOK1	ortholog_one2one	1	1
hook2	HOOK2	ortholog_one2many	0	1
hopx	HOPX	ortholog_one2one	1	1
hormad1	HORMAD1	ortholog_one2many	1	2
hormad1	HORMAD2	ortholog_one2many	0	2
hoxa11a	HOXA11	ortholog_one2many	1	1
hoxa11b	HOXA11	ortholog_one2many	1	1
hoxa1a	HOXA1	ortholog_one2one	1	1
hoxa3a	HOXA3	ortholog_one2many	1	1
hoxa5a	HOXA5	ortholog_one2one	1	1
hoxb13a	HOXB13	ortholog_one2one	1	1
hoxb1b	HOXB1	ortholog_one2one	0	1
hoxb2a	HOXB2	ortholog_one2one	1	1
hoxb3a	HOXB3	ortholog_one2one	1	1
hoxb4a	HOXB4	ortholog_one2one	1	1
hoxb5a	HOXB5	ortholog_one2many	1	1
hoxb5b	HOXB5	ortholog_one2many	1	1
hoxb6a	HOXB6	ortholog_one2one	1	1
hoxb7a	HOXB7	ortholog_one2one	1	1
hoxb8a	HOXB8	ortholog_one2many	1	1
hoxb8b	HOXB8	ortholog_one2many	0	1
hoxb9a	HOXB9	ortholog_one2one	1	1
hoxc10a	HOXC10	ortholog_one2one	1	1
hoxc11a	HOXC11	ortholog_one2one	1	1
hoxc12a	HOXC12	ortholog_one2many	1	1
hoxc12b	HOXC12	ortholog_one2many	1	1
hoxc13a	HOXC13	ortholog_one2many	1	1
hoxc13b	HOXC13	ortholog_one2many	1	1
hoxc3a	HOXA3	ortholog_one2many	0	1
hoxc4a	HOXC4	ortholog_one2one	1	1
hoxc5a	HOXC5	ortholog_one2one	1	1
hoxc6a	HOXC6	ortholog_one2many	1	1
hoxc6b	HOXC6	ortholog_one2many	1	1
hoxc8a	HOXC8	ortholog_one2one	1	1
hoxc9a	HOXC9	ortholog_one2one	1	1
hoxd10a	HOXD10	ortholog_one2one	1	1
hoxd11a	HOXD11	ortholog_one2many	1	1
hoxd12a	HOXD12	ortholog_one2one	1	1
hoxd3a	HOXD3	ortholog_one2one	1	1
hoxd4a	HOXD4	ortholog_one2one	1	1
hoxd9a	HOXD9	ortholog_one2one	1	1
hp1bp3	HP1BP3	ortholog_one2many	0	1
hpca	HPCA	ortholog_one2one	0	1
hpcal1	HPCAL1	ortholog_one2one	1	1
hpcal4	HPCAL4	ortholog_many2many	1	1
hpdb	HPD	ortholog_one2one	1	1
hpdl	HPDL	ortholog_one2many	0	1
hprt1	HPRT1	ortholog_one2one	1	1
hprt1l	PRTFDC1	ortholog_one2many	0	1
hps1	HPS1	ortholog_one2one	1	1
hps3	HPS3	ortholog_one2one	1	1
hps4	HPS4	ortholog_one2one	0	1
hps5	HPS5	ortholog_one2many	0	1
hpse	HPSE	ortholog_one2one	1	1
hrasa	HRAS	ortholog_one2many	1	1
hrasb	HRAS	ortholog_one2many	1	1
hrh2a	HRH2	ortholog_one2one	1	1
hs1bp3	HS1BP3	ortholog_one2one	0	1
hs2st1a	HS2ST1	ortholog_one2many	1	1
hs3st1l2	HS3ST3A1	ortholog_many2many	0	2
hs3st1l2	HS3ST3B1	ortholog_many2many	0	2
hs3st2	HS3ST2	ortholog_one2one	1	1
hs3st3b1a	HS3ST3A1	ortholog_many2many	0	3
hs3st3b1a	HS3ST3B1	ortholog_many2many	1	3
hs3st3b1a	NDST3	ortholog_many2many	0	3
hs3st4	HS3ST4	ortholog_one2one	1	1
hs6st1a	HS6ST1	ortholog_one2many	1	1
hs6st1b	HS6ST1	ortholog_one2many	1	1
hs6st2	HS6ST2	ortholog_one2one	1	1
hs6st3b	HS6ST3	ortholog_one2many	1	1
hsbp1a	HSBP1	ortholog_one2many	1	1
hsbp1b	HSBP1	ortholog_one2many	1	1
hsd11b1la	HSD11B1L	ortholog_one2many	0	1
hsd11b2	HSD11B2	ortholog_one2one	1	1
hsd17b1	HSD17B1	ortholog_one2one	0	1
hsd17b10	HSD17B10	ortholog_one2one	1	1
hsd17b12a	HSD17B12	ortholog_one2many	1	1
hsd17b12b	HSD17B12	ortholog_one2many	0	1
hsd17b14	HSD17B14	ortholog_one2one	0	1
hsd17b2	HSD17B2	ortholog_one2one	0	1
hsd17b3	HSD17B3	ortholog_one2one	1	1
hsd17b4	HSD17B4	ortholog_one2one	1	1
hsd17b7	HSD17B7	ortholog_one2one	1	1
hsd17b8	HSD17B8	ortholog_one2one	0	1
hsd3b2	HSD3B1	ortholog_many2many	0	2
hsd3b2	HSD3B2	ortholog_many2many	1	2
hsd3b7	HSD3B7	ortholog_one2one	1	1
hsdl1	HSDL1	ortholog_one2one	1	1
hsdl2	HSDL2	ortholog_one2one	1	1
hsf2	HSF2	ortholog_one2one	1	1
hsf4	HSF4	ortholog_one2one	1	1
hsh2d	HSH2D	ortholog_one2one	0	1
hsp70.1	HSPA2	ortholog_one2many	0	1
hsp70l	HSPA2	ortholog_one2many	0	1
hsp90aa1.1	HSP90AA1	ortholog_one2many	1	1
hsp90aa1.2	HSP90AA1	ortholog_one2many	1	1
hsp90ab1	HSP90AB1	ortholog_one2one	1	1
hsp90b1	HSP90B1	ortholog_one2one	1	1
hspa12a	HSPA12A	ortholog_one2one	1	1
hspa12b	HSPA12B	ortholog_one2one	1	1
hspa13	HSPA13	ortholog_one2one	1	1
hspa14	HSPA14	ortholog_one2one	1	1
hspa4a	HSPA4	ortholog_one2many	1	1
hspa4b	HSPA4	ortholog_one2many	1	1
hspa5	HSPA5	ortholog_one2one	1	1
hspa8	HSPA8	ortholog_one2many	1	1
hspa9	HSPA9	ortholog_one2one	1	1
hspb1	HSPB1	ortholog_one2one	1	1
hspb2	HSPB2	ortholog_one2one	1	1
hspb3	HSPB3	ortholog_one2one	1	1
hspb6	HSPB6	ortholog_one2one	0	1
hspb7	HSPB7	ortholog_one2one	1	1
hspb8	HSPB8	ortholog_one2one	1	1
hspb9	HSPB9	ortholog_one2many	0	1
hspbap1	HSPBAP1	ortholog_one2one	1	1
hspbp1	HSPBP1	ortholog_one2one	1	1
hspd1	HSPD1	ortholog_one2one	1	1
hspe1	HSPE1	ortholog_one2one	1	1
htatip2	HTATIP2	ortholog_one2one	1	1
htatsf1	HTATSF1	ortholog_one2one	1	1
htr1ab	HTR1A	ortholog_one2one	1	1
htr1d	HTR1D	ortholog_one2one	1	1
htr2b	HTR2B	ortholog_one2one	1	1
htr2cl1	HTR2C	ortholog_one2many	0	1
htra1a	HTRA1	ortholog_one2many	1	1
htra1b	HTRA1	ortholog_one2many	1	1
htt	HTT	ortholog_one2one	1	1
hvcn1	HVCN1	ortholog_one2one	1	1
hyal1	HYAL1	ortholog_one2one	1	1
hyal3	HYAL3	ortholog_one2one	1	1
hyi	HYI	ortholog_one2one	1	1
hykk.2	HYKK	ortholog_one2many	1	1
hyou1	HYOU1	ortholog_one2one	1	1
hypk	HYPK	ortholog_one2one	1	1
iah1	IAH1	ortholog_one2one	1	1
iars2	IARS2	ortholog_one2one	1	1
iba57	IBA57	ortholog_one2one	1	1
ica1	ICA1	ortholog_one2one	1	1
ical1	ICA1L	ortholog_one2one	1	1
ice1	ICE1	ortholog_one2one	0	1
icmt	ICMT	ortholog_one2one	1	1
icn	S100A16	ortholog_one2many	0	1
icn2	S100A16	ortholog_one2many	0	1
id1	ID1	ortholog_one2one	1	1
id2a	ID2	ortholog_one2one	1	1
id3	ID3	ortholog_one2one	1	1
id4	ID4	ortholog_one2one	1	1
ide	IDE	ortholog_one2one	1	1
idh1	IDH1	ortholog_one2one	1	1
idh2	IDH2	ortholog_one2one	1	1
idh3a	IDH3A	ortholog_one2one	1	1
idh3b	IDH3B	ortholog_one2one	1	1
idh3g	IDH3G	ortholog_one2one	1	1
idi1	IDI1	ortholog_one2many	1	2
idi1	IDI2	ortholog_one2many	1	2
ids	IDS	ortholog_one2one	1	1
ier3ip1	IER3IP1	ortholog_one2one	1	1
ier5	IER5	ortholog_one2one	1	1
ier5l	IER5L	ortholog_one2one	1	1
ifih1	IFIH1	ortholog_one2one	1	1
ifit11	IFIT1	ortholog_many2many	1	5
ifit11	IFIT1B	ortholog_many2many	1	5
ifit11	IFIT2	ortholog_many2many	1	5
ifit11	IFIT3	ortholog_many2many	1	5
ifit11	IFIT5	ortholog_many2many	1	5
ifit12	IFIT1	ortholog_many2many	1	5
ifit12	IFIT1B	ortholog_many2many	1	5
ifit12	IFIT2	ortholog_many2many	1	5
ifit12	IFIT3	ortholog_many2many	1	5
ifit12	IFIT5	ortholog_many2many	1	5
ifit14	IFIT1	ortholog_many2many	0	5
ifit14	IFIT1B	ortholog_many2many	0	5
ifit14	IFIT2	ortholog_many2many	0	5
ifit14	IFIT3	ortholog_many2many	0	5
ifit14	IFIT5	ortholog_many2many	0	5
ifitm5	IFITM5	ortholog_one2one	1	1
ifngr1	IFNAR2	ortholog_many2many	0	4
ifngr1	IFNGR1	ortholog_many2many	0	4
ifngr1	IL10RA	ortholog_many2many	0	4
ifngr1	IL22RA1	ortholog_many2many	0	4
ifnlr1	IFNAR2	ortholog_many2many	0	4
ifnlr1	IFNGR1	ortholog_many2many	0	4
ifnlr1	IL10RA	ortholog_many2many	0	4
ifnlr1	IL22RA1	ortholog_many2many	0	4
ifnphi3	IFNA1	ortholog_many2many	0	17
ifnphi3	IFNA10	ortholog_many2many	0	17
ifnphi3	IFNA13	ortholog_many2many	0	17
ifnphi3	IFNA14	ortholog_many2many	0	17
ifnphi3	IFNA16	ortholog_many2many	0	17
ifnphi3	IFNA17	ortholog_many2many	0	17
ifnphi3	IFNA2	ortholog_many2many	0	17
ifnphi3	IFNA21	ortholog_many2many	0	17
ifnphi3	IFNA4	ortholog_many2many	0	17
ifnphi3	IFNA5	ortholog_many2many	0	17
ifnphi3	IFNA6	ortholog_many2many	0	17
ifnphi3	IFNA7	ortholog_many2many	0	17
ifnphi3	IFNA8	ortholog_many2many	0	17
ifnphi3	IFNB1	ortholog_many2many	0	17
ifnphi3	IFNE	ortholog_many2many	0	17
ifnphi3	IFNK	ortholog_many2many	0	17
ifnphi3	IFNW1	ortholog_many2many	0	17
ifrd1	IFRD1	ortholog_one2one	1	1
ifrd2	IFRD2	ortholog_one2one	1	1
ift172	IFT172	ortholog_one2one	1	1
ift20	IFT20	ortholog_one2one	1	1
ift22	IFT22	ortholog_one2one	1	1
ift52	IFT52	ortholog_one2one	1	1
ift57	IFT57	ortholog_one2one	1	1
ift74	IFT74	ortholog_one2one	0	1
ift80	IFT80	ortholog_one2one	1	1
ift81	IFT81	ortholog_one2one	1	1
ift88	IFT88	ortholog_one2one	1	1
igbp1	IGBP1	ortholog_one2many	1	2
igbp1	IGBP1C	ortholog_one2many	1	2
igf1	IGF1	ortholog_one2many	1	1
igf1ra	IGF1R	ortholog_one2many	1	1
igf1rb	IGF1R	ortholog_one2many	1	1
igf2a	IGF2	ortholog_one2many	0	1
igf2b	IGF2	ortholog_one2many	0	1
igf2bp2a	IGF2BP2	ortholog_one2many	1	1
igf2bp3	IGF2BP3	ortholog_one2one	1	1
igf2r	IGF2R	ortholog_one2one	1	1
igfbp1a	IGFBP1	ortholog_one2many	1	1
igfbp1b	IGFBP1	ortholog_one2many	0	1
igfbp2a	IGFBP2	ortholog_one2many	1	1
igfbp2b	IGFBP2	ortholog_one2many	1	1
igfbp3	IGFBP3	ortholog_one2one	1	1
igfbp5a	IGFBP5	ortholog_one2many	1	1
igfbp5b	IGFBP5	ortholog_one2many	1	1
igfbp6b	IGFBP6	ortholog_one2many	0	1
igfbp7	IGFBP7	ortholog_one2one	1	1
igfn1.1	IGSF22	ortholog_one2many	0	1
ighmbp2	IGHMBP2	ortholog_one2one	1	1
igsf11	IGSF11	ortholog_one2one	1	1
igsf21a	IGSF21	ortholog_one2many	1	1
igsf21b	IGSF21	ortholog_one2many	1	1
igsf3	IGSF3	ortholog_one2one	1	1
igsf8	IGSF8	ortholog_one2one	0	1
ihha	DHH	ortholog_one2many	0	1
ihhb	DHH	ortholog_one2many	0	1
ik	IK	ortholog_one2one	1	1
ikbkb	IKBKB	ortholog_one2one	1	1
ikbke	IKBKE	ortholog_one2one	1	1
ikbkg	IKBKG	ortholog_one2one	0	1
ikzf1	IKZF1	ortholog_one2one	1	1
ikzf5	IKZF5	ortholog_one2one	1	1
il10ra	IFNAR2	ortholog_many2many	0	2
il10ra	IFNGR1	ortholog_many2many	0	2
il10rb	IFNAR1	ortholog_one2one	0	1
il11ra	CRLF2	ortholog_many2many	0	11
il11ra	GHR	ortholog_many2many	0	11
il11ra	IL11RA	ortholog_many2many	0	11
il11ra	IL12RB1	ortholog_many2many	0	11
il11ra	IL13RA1	ortholog_many2many	0	11
il11ra	IL23R	ortholog_many2many	0	11
il11ra	IL27RA	ortholog_many2many	0	11
il11ra	IL2RG	ortholog_many2many	0	11
il11ra	IL3RA	ortholog_many2many	0	11
il11ra	IL6R	ortholog_many2many	0	11
il11ra	OSMR	ortholog_many2many	0	11
il12a	IL12A	ortholog_one2many	0	1
il12ba	IL12B	ortholog_one2many	0	1
il13ra2	IL13RA2	ortholog_one2one	0	1
il15	IL15	ortholog_one2one	0	1
il17a/f3	IL17F	ortholog_one2many	0	1
il17d	IL17D	ortholog_one2one	1	1
il17rd	IL17RD	ortholog_one2one	1	1
il1b	IL1B	ortholog_many2many	0	8
il1b	IL1F10	ortholog_many2many	0	8
il1b	IL1RN	ortholog_many2many	0	8
il1b	IL36A	ortholog_many2many	0	8
il1b	IL36B	ortholog_many2many	0	8
il1b	IL36G	ortholog_many2many	0	8
il1b	IL36RN	ortholog_many2many	0	8
il1b	IL37	ortholog_many2many	0	8
il1fma	IL1B	ortholog_many2many	0	8
il1fma	IL1F10	ortholog_many2many	0	8
il1fma	IL1RN	ortholog_many2many	0	8
il1fma	IL36A	ortholog_many2many	0	8
il1fma	IL36B	ortholog_many2many	0	8
il1fma	IL36G	ortholog_many2many	0	8
il1fma	IL36RN	ortholog_many2many	0	8
il1fma	IL37	ortholog_many2many	0	8
il1rapl1a	IL1RAPL1	ortholog_one2many	1	1
il1rapl1b	IL1RAPL1	ortholog_one2many	1	1
il1rapl2	IL1RAPL2	ortholog_one2one	1	1
il20ra	IL20RA	ortholog_one2one	0	1
il21r.1	IL2RB	ortholog_one2many	0	1
il23r	IL12RB2	ortholog_one2one	0	1
il2rb	IL2RB	ortholog_one2many	0	1
il2rga	IL27RA	ortholog_many2many	0	3
il2rga	IL2RG	ortholog_many2many	0	3
il2rga	IL3RA	ortholog_many2many	0	3
il2rgb	IL27RA	ortholog_many2many	0	3
il2rgb	IL2RG	ortholog_many2many	0	3
il2rgb	IL3RA	ortholog_many2many	0	3
il4r.1	EPOR	ortholog_one2many	0	1
il6r	CRLF2	ortholog_many2many	0	11
il6r	GHR	ortholog_many2many	0	11
il6r	IL11RA	ortholog_many2many	0	11
il6r	IL12RB1	ortholog_many2many	0	11
il6r	IL13RA1	ortholog_many2many	0	11
il6r	IL23R	ortholog_many2many	0	11
il6r	IL27RA	ortholog_many2many	0	11
il6r	IL2RG	ortholog_many2many	0	11
il6r	IL3RA	ortholog_many2many	0	11
il6r	IL6R	ortholog_many2many	0	11
il6r	OSMR	ortholog_many2many	0	11
ildr1a	ILDR1	ortholog_one2many	0	1
ildr1b	ILDR1	ortholog_one2many	0	1
ildr2	ILDR2	ortholog_one2many	1	1
ilf2	ILF2	ortholog_one2one	1	1
ilf3b	ILF3	ortholog_one2one	1	1
ilk	ILK	ortholog_one2one	1	1
ilkap	ILKAP	ortholog_one2one	1	1
ilvbl	HACL2	ortholog_one2one	1	1
immp2l	IMMP2L	ortholog_one2one	1	1
immt	IMMT	ortholog_one2one	1	1
imp3	IMP3	ortholog_one2one	1	1
imp4	IMP4	ortholog_one2one	1	1
impa1	IMPA1	ortholog_one2one	1	1
impa2	IMPA2	ortholog_one2one	0	1
impact	IMPACT	ortholog_one2one	1	1
impdh1a	IMPDH1	ortholog_one2many	1	1
impdh1b	IMPDH1	ortholog_one2many	1	1
impdh2	IMPDH2	ortholog_one2one	1	1
inaa	INA	ortholog_one2many	1	1
inab	INA	ortholog_one2many	1	1
ing1	ING1	ortholog_one2one	0	1
ing2	ING2	ortholog_one2one	1	1
ing3	ING3	ortholog_one2one	1	1
ing4	ING4	ortholog_one2one	1	1
ing5a	ING5	ortholog_one2many	0	1
ing5b	ING5	ortholog_one2many	0	1
inhbaa	INHBA	ortholog_one2many	1	1
inhbab	INHBA	ortholog_one2many	1	1
inhbb	INHBB	ortholog_one2many	1	1
inip	INIP	ortholog_one2one	1	1
ino80	INO80	ortholog_one2one	1	1
ino80b	INO80B	ortholog_one2one	1	1
ino80c	INO80C	ortholog_one2one	1	1
ino80e	INO80E	ortholog_one2one	0	1
inpp4aa	INPP4A	ortholog_one2many	1	1
inpp4ab	INPP4A	ortholog_one2many	1	1
inpp5e	INPP5E	ortholog_one2one	1	1
inpp5f	INPP5F	ortholog_one2one	1	1
inpp5ka	INPP5K	ortholog_one2many	1	1
inppl1a	INPPL1	ortholog_one2one	1	1
inppl1b	SH2D1B	ortholog_one2one	0	1
ins	INS	ortholog_one2many	1	1
insb	INS	ortholog_one2many	1	1
insig1	INSIG1	ortholog_one2one	1	1
insig2	INSIG2	ortholog_one2one	1	1
insl3	INSL3	ortholog_one2one	0	1
insl5a	INSL5	ortholog_one2many	0	1
insm1a	INSM1	ortholog_one2many	1	1
insm1b	INSM1	ortholog_one2many	1	1
insra	INSR	ortholog_one2many	1	1
insrb	INSR	ortholog_one2many	1	1
ints10	INTS10	ortholog_one2one	1	1
ints12	INTS12	ortholog_one2one	1	1
ints2	INTS2	ortholog_one2one	1	1
ints3	INTS3	ortholog_one2one	1	1
ints6	INTS6	ortholog_one2one	0	1
ints7	INTS7	ortholog_one2one	1	1
ints8	INTS8	ortholog_one2one	1	1
ints9	INTS9	ortholog_one2one	1	1
invs	INVS	ortholog_one2one	1	1
ip6k2a	IP6K2	ortholog_one2many	1	1
ip6k2b	IP6K2	ortholog_one2many	1	1
ipmkb	IPMK	ortholog_one2many	1	1
ipo11	IPO11	ortholog_one2one	1	1
ipo7	IPO7	ortholog_one2one	1	1
ipo8	IPO8	ortholog_one2one	1	1
ipo9	IPO9	ortholog_one2one	1	1
ippk	IPPK	ortholog_one2one	1	1
iqcb1	IQCB1	ortholog_one2many	0	1
iqcc	IQCC	ortholog_one2one	0	1
iqch	IQCH	ortholog_one2one	1	1
iqgap1	IQGAP1	ortholog_one2one	1	1
iqgap2	IQGAP2	ortholog_one2one	1	1
iqgap3	IQGAP3	ortholog_one2one	1	1
irak1bp1	IRAK1BP1	ortholog_one2one	1	1
irf1a	IRF1	ortholog_one2many	0	1
irf1b	IRF1	ortholog_one2many	0	1
irf2a	IRF2	ortholog_one2many	0	1
irf2bp1	IRF2BP1	ortholog_one2one	1	1
irf2bp2a	IRF2BP2	ortholog_one2many	1	1
irf2bp2b	IRF2BP2	ortholog_one2many	1	1
irf2bpl	IRF2BPL	ortholog_one2one	1	1
irf3	IRF3	ortholog_one2one	0	1
irf4a	IRF4	ortholog_one2one	1	1
irf5	IRF5	ortholog_one2one	1	1
irf6	IRF6	ortholog_one2one	1	1
irf7	IRF7	ortholog_one2one	1	1
irf8	IRF8	ortholog_one2one	1	1
irf9	IRF9	ortholog_one2many	0	1
irgf1	IRGC	ortholog_many2many	0	2
irgf1	IRGM	ortholog_many2many	0	2
irs2a	IRS2	ortholog_one2many	1	1
irx1a	IRX1	ortholog_one2many	1	1
irx1b	IRX1	ortholog_one2many	1	1
irx2a	IRX2	ortholog_one2one	1	1
irx3a	IRX3	ortholog_one2many	1	1
irx3b	IRX3	ortholog_one2many	1	1
irx4a	IRX4	ortholog_one2many	1	1
irx4b	IRX4	ortholog_one2many	1	1
irx5a	IRX5	ortholog_one2many	1	1
irx5b	IRX5	ortholog_one2many	1	1
irx6a	IRX6	ortholog_one2one	1	1
isca1	ISCA1	ortholog_one2one	1	1
iscub	ISCU	ortholog_one2many	1	1
isg15	ISG15	ortholog_one2one	0	1
isg20l2	ISG20	ortholog_one2many	0	1
isl2a	ISL2	ortholog_one2many	1	1
isl2b	ISL2	ortholog_one2many	1	1
islr2	ISLR	ortholog_one2one	0	1
ism1	ISM1	ortholog_one2one	1	1
isoc1	ISOC1	ortholog_one2one	1	1
isoc2	ISOC2	ortholog_one2one	1	1
ist1	IST1	ortholog_one2one	1	1
itcha	ITCH	ortholog_one2many	0	1
itchb	ITCH	ortholog_one2many	1	1
itfg2	ITFG2	ortholog_one2one	1	1
itga11a	ITGA11	ortholog_one2many	1	1
itga2b	ITGA2B	ortholog_one2one	0	1
itga3b	ITGA3	ortholog_one2many	1	1
itga5	ITGA5	ortholog_one2one	1	1
itga6b	ITGA6	ortholog_one2many	1	1
itga8	ITGA8	ortholog_one2one	1	1
itgav	ITGAV	ortholog_one2one	1	1
itgb1a	ITGB1	ortholog_one2many	1	1
itgb1b.1	ITGB1	ortholog_one2many	1	1
itgb1b.2	ITGB1	ortholog_one2many	1	1
itgb1bp1	ITGB1BP1	ortholog_one2one	1	1
itgb3a	ITGB3	ortholog_one2many	1	1
itgb3b	ITGB3	ortholog_one2many	1	1
itgb5	ITGB5	ortholog_one2one	1	1
itgbl1	ITGBL1	ortholog_one2one	1	1
itih2	ITIH2	ortholog_one2one	1	1
itln1	ITLN2	ortholog_one2many	0	1
itln3	ITLN2	ortholog_one2many	0	1
itm2ba	ITM2B	ortholog_one2many	1	1
itm2bb	ITM2B	ortholog_one2many	1	1
itm2ca	ITM2C	ortholog_one2many	1	1
itm2cb	ITM2C	ortholog_one2many	1	1
itpa	ITPA	ortholog_one2one	1	1
itpk1a	ITPK1	ortholog_one2many	1	1
itpkcb	ITPKC	ortholog_one2many	1	1
itpr3	ITPR3	ortholog_one2many	1	1
itprip	ITPRIP	ortholog_one2many	1	1
itsn1	ITSN1	ortholog_one2one	1	1
itsn2a	ITSN2	ortholog_one2many	1	1
itsn2b	ITSN2	ortholog_one2many	1	1
ivd	IVD	ortholog_one2one	1	1
ivns1abpa	IVNS1ABP	ortholog_one2many	1	1
ivns1abpb	IVNS1ABP	ortholog_one2many	1	1
jade1	JADE1	ortholog_one2one	1	1
jade3	JADE3	ortholog_one2one	1	1
jag1a	JAG2	ortholog_many2many	0	2
jag1a	NOTCH4	ortholog_many2many	0	2
jag1b	JAG2	ortholog_many2many	0	2
jag1b	NOTCH4	ortholog_many2many	0	2
jag2b	JAG2	ortholog_many2many	1	2
jag2b	NOTCH4	ortholog_many2many	0	2
jagn1a	JAGN1	ortholog_one2many	1	1
jagn1b	JAGN1	ortholog_one2many	1	1
jak1	JAK1	ortholog_one2one	1	1
jak2a	JAK2	ortholog_one2many	0	1
jak2b	JAK2	ortholog_one2many	1	1
jam2a	CLMP	ortholog_many2many	0	4
jam2a	JAM2	ortholog_many2many	1	4
jam2a	MUC15	ortholog_many2many	0	4
jam2a	VSIR	ortholog_many2many	0	4
jam2b	CLMP	ortholog_many2many	0	4
jam2b	JAM2	ortholog_many2many	1	4
jam2b	MUC15	ortholog_many2many	0	4
jam2b	VSIR	ortholog_many2many	0	4
jam3b	JAM3	ortholog_one2many	1	1
jarid2b	JARID2	ortholog_one2many	1	1
jazf1a	JAZF1	ortholog_one2many	1	1
jazf1b	JAZF1	ortholog_one2many	1	1
jdp2b	JDP2	ortholog_one2many	1	1
jkamp	JKAMP	ortholog_one2one	1	1
jmjd4	JMJD4	ortholog_one2one	1	1
jmjd6	JMJD6	ortholog_one2one	1	1
jmjd7	JMJD7	ortholog_one2one	1	1
josd1	JOSD1	ortholog_one2one	1	1
josd2	JOSD2	ortholog_one2one	1	1
jph1a	JPH1	ortholog_one2many	1	1
jph1b	JPH1	ortholog_one2many	1	1
jph2	JPH2	ortholog_one2one	1	1
jtb	JTB	ortholog_one2one	1	1
jun	JUN	ortholog_one2one	1	1
junba	JUNB	ortholog_one2many	1	1
junbb	JUNB	ortholog_one2many	1	1
jund	JUND	ortholog_one2one	1	1
jupa	JUP	ortholog_one2many	1	1
kalrnb	KALRN	ortholog_one2many	0	1
kank2	KANK2	ortholog_one2one	1	1
kansl2	KANSL2	ortholog_one2one	1	1
kansl3	KANSL3	ortholog_one2one	1	1
kat2b	KAT2B	ortholog_one2one	1	1
kat6a	KAT6A	ortholog_one2one	1	1
kat7b	KAT7	ortholog_one2one	1	1
kat8	KAT8	ortholog_one2one	1	1
katna1	KATNA1	ortholog_one2one	1	1
katnal1	KATNAL1	ortholog_one2one	1	1
katnal2	KATNAL2	ortholog_one2one	1	1
katnb1	KATNB1	ortholog_one2one	1	1
katnbl1	KATNBL1	ortholog_one2one	1	1
kazald3	KAZALD1	ortholog_one2one	1	1
kazna	KAZN	ortholog_one2many	1	1
kaznb	KAZN	ortholog_one2many	1	1
kbtbd12	KBTBD12	ortholog_one2one	1	1
kbtbd2	KBTBD2	ortholog_one2one	1	1
kbtbd4	KBTBD4	ortholog_one2one	1	1
kbtbd8	KBTBD8	ortholog_one2one	1	1
kcmf1	KCMF1	ortholog_one2one	1	1
kcna2b	KCNA2	ortholog_one2many	1	1
kcnab1a	KCNAB1	ortholog_one2many	1	1
kcnab2b	KCNAB2	ortholog_one2many	1	1
kcnc1a	KCNC1	ortholog_one2many	1	1
kcnc1b	KCNC1	ortholog_one2many	1	1
kcnc2	KCNC2	ortholog_one2many	1	1
kcnc4	KCNC2	ortholog_one2many	0	1
kcnd2	KCND2	ortholog_one2one	1	1
kcnd3	KCND3	ortholog_one2one	1	1
kcne4	KCNE4	ortholog_one2one	1	1
kcnf1a	KCNF1	ortholog_one2many	1	1
kcng1	KCNG1	ortholog_one2one	1	1
kcng4a	KCNG4	ortholog_one2many	1	1
kcnh1a	KCNH1	ortholog_one2many	1	1
kcnh1b	KCNH1	ortholog_one2many	1	1
kcnh2a	KCNH2	ortholog_one2many	1	1
kcnh5a	KCNH5	ortholog_one2many	1	1
kcnh6a	HCN3	ortholog_many2many	0	2
kcnh6a	KCNH3	ortholog_many2many	0	2
kcnip1b	KCNIP1	ortholog_one2many	0	1
kcnip3b	KCNIP3	ortholog_one2one	0	1
kcnj11	KCNJ11	ortholog_one2one	1	1
kcnj13	KCNJ13	ortholog_one2one	1	1
kcnj1a.1	KCNJ1	ortholog_one2many	1	1
kcnj1a.2	KCNJ1	ortholog_one2many	1	1
kcnj1a.3	KCNJ1	ortholog_one2many	1	1
kcnj1a.4	KCNJ1	ortholog_one2many	1	1
kcnj1a.5	KCNJ1	ortholog_one2many	1	1
kcnj1a.6	KCNJ1	ortholog_one2many	1	1
kcnj1b	KCNJ1	ortholog_one2many	1	1
kcnj2a	KCNJ2	ortholog_one2many	1	1
kcnj8	KCNJ8	ortholog_one2one	1	1
kcnk10b	KCNK10	ortholog_one2many	1	1
kcnk13a	KCNK13	ortholog_one2many	1	1
kcnk13b	KCNK13	ortholog_one2many	1	1
kcnk15	KCNK15	ortholog_one2one	1	1
kcnk18	KCNK18	ortholog_one2one	1	1
kcnk1a	KCNK1	ortholog_one2many	1	1
kcnk1b	KCNK1	ortholog_one2many	1	1
kcnk3a	KCNK3	ortholog_one2many	1	1
kcnk5a	KCNK5	ortholog_one2many	1	1
kcnk5b	KCNK5	ortholog_one2many	1	1
kcnk6	KCNK6	ortholog_one2one	1	1
kcnk9	KCNK9	ortholog_one2one	1	1
kcnma1a	KCNMA1	ortholog_one2many	1	1
kcnn1a	KCNN1	ortholog_one2many	1	1
kcnn1b	KCNN1	ortholog_one2many	1	1
kcnq2a	KCNQ2	ortholog_one2many	1	1
kcns3a	KCNS3	ortholog_one2many	1	1
kcns3b	KCNS3	ortholog_one2many	1	1
kcnv2b	KCNV2	ortholog_one2many	1	1
kctd10	KCTD10	ortholog_one2one	1	1
kctd12.1	KCTD12	ortholog_one2many	1	1
kctd12.2	KCTD12	ortholog_one2many	1	1
kctd13	KCTD13	ortholog_one2one	1	1
kctd15a	KCTD15	ortholog_one2many	1	1
kctd16a	KCTD16	ortholog_one2many	1	1
kctd16b	KCTD16	ortholog_one2many	1	1
kctd2	KCTD2	ortholog_one2one	1	1
kctd4	KCTD4	ortholog_one2one	1	1
kctd5a	KCTD5	ortholog_one2many	1	1
kctd6a	KCTD6	ortholog_one2many	1	1
kctd6b	KCTD6	ortholog_one2many	1	1
kctd7	KCTD7	ortholog_one2one	1	1
kctd8	KCTD8	ortholog_one2one	1	1
kctd9a	KCTD9	ortholog_one2many	1	1
kctd9b	KCTD9	ortholog_one2many	0	1
kdelr2a	KDELR2	ortholog_one2many	0	1
kdelr2b	KDELR2	ortholog_one2many	1	1
kdelr3	KDELR3	ortholog_one2many	1	1
kdm1a	KDM1A	ortholog_one2one	1	1
kdm2aa	KDM2A	ortholog_one2many	0	1
kdm4b	KDM4B	ortholog_one2one	1	1
kdm4c	KDM4D	ortholog_one2many	0	5
kdm4c	KDM4E	ortholog_one2many	0	5
kdm4c	KDM4F	ortholog_one2many	0	5
kdm4c	KDM5C	ortholog_one2many	0	5
kdm4c	KDM5D	ortholog_one2many	0	5
kdm5ba	KDM5B	ortholog_one2many	1	1
kdm5bb	KDM5B	ortholog_one2many	1	1
kdm6bb	KDM6B	ortholog_one2many	0	1
kdm7ab	KDM7A	ortholog_one2many	1	1
kdm8	KDM8	ortholog_one2one	1	1
kdr	KDR	ortholog_one2one	1	1
kdsr	KDSR	ortholog_one2one	1	1
keap1b	KEAP1	ortholog_one2one	1	1
kera	KERA	ortholog_one2one	1	1
khdrbs1a	KHDRBS1	ortholog_one2many	0	1
khdrbs1b	KHDRBS1	ortholog_one2many	1	1
khdrbs2	KHDRBS2	ortholog_one2one	1	1
khk	KHK	ortholog_one2one	1	1
khsrp	KHSRP	ortholog_one2one	1	1
kidins220b	KIDINS220	ortholog_one2many	1	1
kif11	KIF11	ortholog_one2one	0	1
kif14	KIF14	ortholog_one2one	1	1
kif1b	KIF1B	ortholog_one2one	1	1
kif20a	KIF20A	ortholog_one2one	0	1
kif22	KIF22	ortholog_one2one	1	1
kif23	KIF23	ortholog_one2one	1	1
kif3a	KIF3A	ortholog_one2one	1	1
kif3b	KIF3B	ortholog_one2one	1	1
kif3cb	KIF3C	ortholog_one2many	1	1
kif4	KIF4A	ortholog_one2one	1	1
kif5aa	KIF5A	ortholog_one2one	1	1
kif6	KIF6	ortholog_one2one	1	1
kif7	KIF7	ortholog_one2one	1	1
kifap3a	KIFAP3	ortholog_one2many	1	1
kifap3b	KIFAP3	ortholog_one2many	1	1
kifc1	KIFC1	ortholog_one2one	0	1
kin	KIN	ortholog_one2one	1	1
kirrel3l	KIRREL2	ortholog_one2one	0	1
kiss1	KISS1	ortholog_one2one	0	1
kiss1rb	KISS1R	ortholog_one2one	1	1
kita	KIT	ortholog_one2many	1	1
kitb	KIT	ortholog_one2many	0	1
kitlga	KITLG	ortholog_one2many	0	1
kitlgb	KITLG	ortholog_one2many	0	1
kiz	KIZ	ortholog_one2one	0	1
klc1a	KLC1	ortholog_one2one	1	1
klc3	KLC3	ortholog_many2many	1	2
klc3	KLC4	ortholog_many2many	0	2
klc4	KLC3	ortholog_many2many	0	2
klc4	KLC4	ortholog_many2many	0	2
klf1	KLF14	ortholog_many2many	0	3
klf1	KLF17	ortholog_many2many	0	3
klf1	KLF18	ortholog_many2many	0	3
klf11a	KLF11	ortholog_one2many	1	1
klf11b	KLF11	ortholog_one2many	1	1
klf12b	KLF12	ortholog_one2one	1	1
klf13	KLF14	ortholog_many2many	0	4
klf13	KLF16	ortholog_many2many	0	4
klf13	KLF17	ortholog_many2many	0	4
klf13	KLF18	ortholog_many2many	0	4
klf15	KLF15	ortholog_one2one	1	1
klf17	KLF14	ortholog_many2many	0	3
klf17	KLF17	ortholog_many2many	0	3
klf17	KLF18	ortholog_many2many	0	3
klf2a	KLF17	ortholog_many2many	0	2
klf2a	KLF18	ortholog_many2many	0	2
klf2b	KLF17	ortholog_many2many	0	2
klf2b	KLF18	ortholog_many2many	0	2
klf3	KLF3	ortholog_one2one	1	1
klf4	KLF4	ortholog_one2one	1	1
klf6a	KLF6	ortholog_one2one	1	1
klf7a	KLF7	ortholog_one2many	1	1
klf7b	KLF7	ortholog_one2many	1	1
klf8	KLF8	ortholog_one2one	1	1
klf9	KLF9	ortholog_one2one	1	1
klhdc10	KLHDC10	ortholog_one2one	1	1
klhdc2	KLHDC2	ortholog_one2one	0	1
klhdc4	KLHDC4	ortholog_one2one	1	1
klhl11	KLHL11	ortholog_one2one	1	1
klhl13	KLHL13	ortholog_many2many	1	2
klhl13	KLHL9	ortholog_many2many	1	2
klhl15	KLHL15	ortholog_one2one	1	1
klhl18	KLHL18	ortholog_one2one	1	1
klhl20	KLHL20	ortholog_one2one	1	1
klhl21	KLHL21	ortholog_one2one	1	1
klhl24a	KLHL24	ortholog_one2many	1	1
klhl24b	KLHL24	ortholog_one2many	1	1
klhl26	KLHL26	ortholog_one2one	1	1
klhl31	KLHL31	ortholog_one2one	1	1
klhl32	KLHL32	ortholog_one2one	1	1
klhl36	KLHL36	ortholog_one2one	1	1
klhl38a	KLHL38	ortholog_one2many	1	1
klhl4	KLHL4	ortholog_one2one	1	1
klhl40a	KLHL40	ortholog_one2many	1	1
klhl41b	KLHL41	ortholog_one2many	1	1
klhl42	KLHL42	ortholog_one2one	1	1
klhl5	KLHL5	ortholog_one2one	1	1
klhl7	KLHL7	ortholog_one2one	1	1
klhl8	KLHL8	ortholog_one2one	1	1
kmo	KMO	ortholog_one2one	1	1
knstrn	KNSTRN	ortholog_one2one	0	1
kpna2	KPNA2	ortholog_one2one	1	1
kpna3	KPNA3	ortholog_one2one	1	1
kpna4	KPNA4	ortholog_one2one	1	1
kpna5	KPNA5	ortholog_one2one	1	1
kpna7	KPNA7	ortholog_one2one	0	1
kpnb1	KPNB1	ortholog_one2one	1	1
kpnb3	IPO5	ortholog_one2one	1	1
kptn	KPTN	ortholog_one2one	1	1
kras	KRAS	ortholog_one2one	0	1
kremen1	KREMEN1	ortholog_one2one	1	1
kri1	KRI1	ortholog_one2one	1	1
krit1	KRIT1	ortholog_one2one	1	1
krr1	KRR1	ortholog_one2one	1	1
krt94	KRT19	ortholog_one2many	0	1
krtcap2	KRTCAP2	ortholog_one2one	1	1
ksr2	KSR2	ortholog_one2one	1	1
kti12	KTI12	ortholog_one2one	0	1
ktn1	KTN1	ortholog_one2one	1	1
kxd1	KXD1	ortholog_one2one	1	1
l2hgdh	L2HGDH	ortholog_one2one	1	1
l3mbtl2	L3MBTL2	ortholog_one2one	1	1
l3mbtl3	L3MBTL3	ortholog_one2one	1	1
lactb	LACTB	ortholog_one2one	1	1
lama1	LAMA1	ortholog_one2one	1	1
lama2	LAMA2	ortholog_one2many	0	1
lama5	LAMA5	ortholog_one2one	1	1
lamb1a	LAMB1	ortholog_one2many	1	1
lamb1b	LAMB1	ortholog_one2many	1	1
lamb2	LAMB2	ortholog_one2one	1	1
lamb4	LAMB4	ortholog_one2one	0	1
lamp2	LAMP2	ortholog_one2one	1	1
lamtor1	LAMTOR1	ortholog_one2one	1	1
lamtor2	LAMTOR2	ortholog_one2one	1	1
lamtor3	LAMTOR3	ortholog_one2one	1	1
lancl1	LANCL1	ortholog_one2one	1	1
lancl2	LANCL2	ortholog_one2one	1	1
lap3	LAP3	ortholog_one2one	1	1
laptm4a	LAPTM4A	ortholog_one2one	1	1
laptm4b	LAPTM4B	ortholog_one2one	1	1
larp4b	LARP4B	ortholog_one2one	1	1
larp7	LARP7	ortholog_one2one	1	1
lars2	LARS2	ortholog_one2one	1	1
las1l	LAS1L	ortholog_one2one	1	1
lats1	LATS1	ortholog_one2one	1	1
lats2	LATS2	ortholog_one2one	1	1
lbh	LBH	ortholog_one2one	1	1
lbr	LBR	ortholog_one2one	1	1
lbx1a	LBX1	ortholog_many2many	1	2
lbx1a	LBX2	ortholog_many2many	0	2
lbx1b	LBX1	ortholog_many2many	1	2
lbx1b	LBX2	ortholog_many2many	0	2
lbx2	LBX2	ortholog_many2many	0	1
lck	BLK	ortholog_one2one	0	1
lcmt1	LCMT1	ortholog_one2one	1	1
lcmt2	LCMT2	ortholog_one2one	0	1
lcn15	PTGDS	ortholog_one2many	0	1
lcp1	LCP1	ortholog_one2one	1	1
lcp2a	LCP2	ortholog_one2many	0	1
lctla	LCTL	ortholog_one2many	1	1
lctlb	LCTL	ortholog_one2many	1	1
ldah	LDAH	ortholog_one2one	0	1
ldb1a	LDB1	ortholog_one2many	1	1
ldb1b	LDB1	ortholog_one2many	1	1
ldb2a	LDB2	ortholog_one2many	1	1
ldb2b	LDB2	ortholog_one2many	1	1
ldb3a	LDB3	ortholog_one2many	1	1
ldb3b	LDB3	ortholog_one2many	0	1
ldha	LDHA	ortholog_one2one	1	1
ldhba	LDHB	ortholog_one2many	1	1
ldhbb	LDHB	ortholog_one2many	0	1
ldhd	LDHD	ortholog_one2one	1	1
ldlrap1a	LDLRAP1	ortholog_one2many	1	1
ldlrap1b	LDLRAP1	ortholog_one2many	1	1
lef1	LEF1	ortholog_one2one	1	1
lemd3	LEMD3	ortholog_one2one	1	1
lenep	LENEP	ortholog_one2one	0	1
leng1	LENG1	ortholog_one2one	1	1
leng8	LENG8	ortholog_one2one	0	1
leng9	LENG9	ortholog_one2one	0	1
leo1	LEO1	ortholog_one2one	1	1
lepr	LEPR	ortholog_one2one	0	1
letm1	LETM1	ortholog_one2one	1	1
letmd1	LETMD1	ortholog_one2one	0	1
lfng	LFNG	ortholog_one2one	1	1
lft1	LEFTY1	ortholog_many2many	0	2
lft1	LEFTY2	ortholog_many2many	0	2
lft2	LEFTY1	ortholog_many2many	1	2
lft2	LEFTY2	ortholog_many2many	1	2
lgals1l1	LGALS2	ortholog_one2many	0	1
lgals2a	LGALS2	ortholog_one2many	0	1
lgals2b	LGALS2	ortholog_one2many	0	1
lgals9l1	LGALS13	ortholog_many2many	0	3
lgals9l1	LGALS14	ortholog_many2many	0	3
lgals9l1	LGALS16	ortholog_many2many	0	3
lgalslb	LGALSL	ortholog_one2one	1	1
lgi1a	LGI1	ortholog_many2many	1	4
lgi1a	LGI4	ortholog_many2many	0	4
lgi1a	LRG1	ortholog_many2many	0	4
lgi1a	LRRC26	ortholog_many2many	0	4
lgi1b	LGI1	ortholog_many2many	1	4
lgi1b	LGI4	ortholog_many2many	0	4
lgi1b	LRG1	ortholog_many2many	0	4
lgi1b	LRRC26	ortholog_many2many	0	4
lgi2a	LGI2	ortholog_one2many	1	1
lgi2b	LGI2	ortholog_one2many	1	1
lgi3	LGI3	ortholog_one2one	1	1
lgmn	LGMN	ortholog_one2one	1	1
lgsn	LGSN	ortholog_one2one	1	1
lhcgr	LHCGR	ortholog_one2one	0	1
lhfpl2a	LHFPL2	ortholog_one2many	1	1
lhfpl2b	LHFPL2	ortholog_one2many	1	1
lhfpl3	LHFPL3	ortholog_one2one	1	1
lhfpl5b	LHFPL5	ortholog_one2many	0	1
lhpp	LHPP	ortholog_one2one	1	1
lhx2b	LHX2	ortholog_one2one	1	1
lhx4	LHX4	ortholog_one2one	1	1
lhx8a	LHX8	ortholog_one2many	1	1
lhx9	LHX9	ortholog_one2one	1	1
lias	LIAS	ortholog_one2one	1	1
lifra	CRLF2	ortholog_many2many	0	8
lifra	IL12RB1	ortholog_many2many	0	8
lifra	IL23R	ortholog_many2many	0	8
lifra	IL27RA	ortholog_many2many	0	8
lifra	IL2RG	ortholog_many2many	0	8
lifra	IL3RA	ortholog_many2many	0	8
lifra	IL6R	ortholog_many2many	0	8
lifra	OSMR	ortholog_many2many	0	8
lifrb	CRLF2	ortholog_many2many	0	8
lifrb	IL12RB1	ortholog_many2many	0	8
lifrb	IL23R	ortholog_many2many	0	8
lifrb	IL27RA	ortholog_many2many	0	8
lifrb	IL2RG	ortholog_many2many	0	8
lifrb	IL3RA	ortholog_many2many	0	8
lifrb	IL6R	ortholog_many2many	0	8
lifrb	OSMR	ortholog_many2many	0	8
lig1	LIG1	ortholog_one2one	1	1
lig3	LIG3	ortholog_one2one	1	1
lig4	LIG4	ortholog_one2one	1	1
lim2.4	LIM2	ortholog_one2many	1	1
lim2.5	LIM2	ortholog_one2many	1	1
lima1a	LIMA1	ortholog_one2one	1	1
limch1a	LIMCH1	ortholog_one2many	0	1
limch1b	LIMCH1	ortholog_one2many	0	1
limk1a	LIMK1	ortholog_one2many	1	1
limk2	LIMK2	ortholog_one2one	1	1
lims2	LIMS1	ortholog_one2many	0	3
lims2	LIMS3	ortholog_one2many	0	3
lims2	LIMS4	ortholog_one2many	0	3
lin28b	LIN28B	ortholog_one2one	1	1
lin37	LIN37	ortholog_one2one	0	1
lin52	LIN52	ortholog_one2one	1	1
lin54	LIN54	ortholog_one2one	1	1
lin7a	LIN7A	ortholog_one2one	1	1
lin7c	LIN7C	ortholog_one2one	1	1
lin9	LIN9	ortholog_one2one	1	1
lingo1b	LINGO1	ortholog_one2many	1	1
lingo2b	LINGO2	ortholog_one2many	1	1
lingo3a	LINGO3	ortholog_many2many	1	2
lingo3a	LINGO4	ortholog_many2many	0	2
lipca	LIPC	ortholog_one2many	1	1
lipf	LIPA	ortholog_one2one	1	1
lipg	LIPG	ortholog_one2one	1	1
lipia	LIPH	ortholog_one2one	0	1
lipt1	LIPT1	ortholog_one2one	1	1
lipt2	LIPT2	ortholog_one2one	1	1
litaf	LITAF	ortholog_one2one	0	1
llgl1	LLGL1	ortholog_one2one	0	1
llgl2	LLGL2	ortholog_one2one	1	1
lman2	LMAN2	ortholog_one2one	1	1
lman2la	LMAN2L	ortholog_one2many	0	1
lman2lb	LMAN2L	ortholog_one2many	1	1
lmbr1	LMBR1	ortholog_one2one	1	1
lmbr1l	LMBR1L	ortholog_one2one	1	1
lmbrd1	LMBRD1	ortholog_one2one	1	1
lmbrd2a	LMBRD2	ortholog_one2many	1	1
lmbrd2b	LMBRD2	ortholog_one2many	1	1
lmcd1	LMCD1	ortholog_one2one	0	1
lmf2a	LMF2	ortholog_one2many	1	1
lmf2b	LMF2	ortholog_one2many	1	1
lmna	LMNA	ortholog_one2one	1	1
lmnb1	LMNB1	ortholog_one2one	1	1
lmnb2	LMNB2	ortholog_one2one	1	1
lmo1	LMO1	ortholog_one2one	1	1
lmo2	LMO2	ortholog_one2one	1	1
lmo3	LMO3	ortholog_one2one	1	1
lmo4b	LMO4	ortholog_one2one	1	1
lmo7a	LMO7	ortholog_one2many	1	1
lmo7b	LMO7	ortholog_one2many	0	1
lmod2a	LMOD2	ortholog_one2many	1	1
lmx1ba	LMX1B	ortholog_one2many	1	1
lmx1bb	LMX1B	ortholog_one2many	1	1
lnpa	LNPK	ortholog_one2many	1	1
lnpep	LNPEP	ortholog_one2one	1	1
lnx1	LNX1	ortholog_one2one	1	1
lnx2a	LNX2	ortholog_one2one	1	1
lonp2	LONP2	ortholog_one2one	1	1
loxl1	LOXL1	ortholog_one2one	1	1
loxl2b	LOXL2	ortholog_one2one	1	1
loxl3a	LOXL3	ortholog_one2many	1	1
loxl3b	LOXL3	ortholog_one2many	1	1
lpar1	LPAR1	ortholog_one2one	1	1
lpar2a	LPAR2	ortholog_one2many	0	1
lpar2b	LPAR2	ortholog_one2many	1	1
lpar3	LPAR3	ortholog_one2one	1	1
lpar5a	LPAR5	ortholog_one2many	0	1
lpar5b	LPAR5	ortholog_one2many	0	1
lpar6a	LPAR6	ortholog_one2many	1	1
lpcat1	LPCAT1	ortholog_one2one	1	1
lpcat2	LPCAT2	ortholog_one2one	1	1
lpcat4	LPCAT4	ortholog_one2one	0	1
lpgat1	LPGAT1	ortholog_one2one	1	1
lpp	LPP	ortholog_one2one	1	1
lrata	LRAT	ortholog_one2one	1	1
lrfn1	LRFN1	ortholog_one2one	1	1
lrig3	LRIG3	ortholog_one2one	1	1
lrit1a	LRIT1	ortholog_one2many	1	1
lrit1b	LRIT1	ortholog_one2many	1	1
lrit2	LRIT2	ortholog_one2one	1	1
lrit3a	LRIT3	ortholog_one2many	1	1
lrp11	EPPIN	ortholog_many2many	0	6
lrp11	LRP11	ortholog_many2many	1	6
lrp11	SPINT1	ortholog_many2many	0	6
lrp11	SPINT4	ortholog_many2many	0	6
lrp11	WFDC6	ortholog_many2many	0	6
lrp11	WFDC8	ortholog_many2many	0	6
lrp12	LRP12	ortholog_one2one	1	1
lrp2a	LRP2	ortholog_one2one	1	1
lrp2bp	LRP2BP	ortholog_one2one	0	1
lrp3	LRP3	ortholog_one2one	1	1
lrp5	LRP5	ortholog_one2one	1	1
lrp6	LRP6	ortholog_one2one	1	1
lrpap1	LRPAP1	ortholog_one2one	1	1
lrpprc	LRPPRC	ortholog_one2one	1	1
lrrc1	LRRC1	ortholog_one2one	1	1
lrrc10	LRRC10	ortholog_one2one	1	1
lrrc14b	LRRC14B	ortholog_one2one	1	1
lrrc15	TLR3	ortholog_one2one	0	1
lrrc17	LRRC17	ortholog_one2one	1	1
lrrc20	LRRC20	ortholog_one2one	1	1
lrrc23	LRRC23	ortholog_one2one	1	1
lrrc3	LRRC3	ortholog_one2one	1	1
lrrc30a	LRRC30	ortholog_one2one	1	1
lrrc39	LRRC39	ortholog_one2one	1	1
lrrc3b	LRRC3B	ortholog_one2one	1	1
lrrc40	LRRC40	ortholog_one2one	1	1
lrrc42	LRRC42	ortholog_one2one	1	1
lrrc47	LRRC47	ortholog_one2one	1	1
lrrc57	LRRC57	ortholog_one2one	1	1
lrrc58a	LRRC58	ortholog_one2many	1	1
lrrc61	LRRC61	ortholog_one2one	0	1
lrrc8db	LRRC8D	ortholog_one2one	1	1
lrrc9	LRRC9	ortholog_one2one	0	1
lrrfip2	LRRFIP2	ortholog_one2one	1	1
lrrk2	LRRK2	ortholog_one2one	1	1
lrrn1	LRRN1	ortholog_one2one	1	1
lrsam1	LRSAM1	ortholog_one2one	1	1
lrwd1	LRWD1	ortholog_one2one	0	1
lsg1	LSG1	ortholog_one2one	1	1
lsm1	LSM1	ortholog_one2one	1	1
lsm12a	LSM12	ortholog_one2many	1	1
lsm12b	LSM12	ortholog_one2many	0	1
lsm14aa	LSM14A	ortholog_one2many	0	1
lsm14ab	LSM14A	ortholog_one2many	1	1
lsm14b	LSM14B	ortholog_one2one	1	1
lsm4	LSM4	ortholog_one2one	1	1
lsm5	LSM5	ortholog_one2one	1	1
lsm6	LSM6	ortholog_one2one	1	1
lsm7	LSM7	ortholog_one2one	1	1
lsm8	LSM8	ortholog_one2one	1	1
lsr	LSR	ortholog_one2one	0	1
lss	LSS	ortholog_one2one	1	1
lta4h	LTA4H	ortholog_one2one	1	1
ltb4r	LTB4R	ortholog_one2one	1	1
ltb4r2a	LTB4R2	ortholog_one2many	0	1
ltb4r2b	LTB4R2	ortholog_one2many	0	1
ltbp3	LTBP3	ortholog_one2one	0	1
ltv1	LTV1	ortholog_one2one	1	1
luc7l	LUC7L	ortholog_one2one	1	1
luc7l3	LUC7L3	ortholog_one2one	1	1
lum	LUM	ortholog_one2one	1	1
lurap1	LURAP1	ortholog_one2one	0	1
luzp2	LUZP2	ortholog_one2one	0	1
lxn	LXN	ortholog_one2one	1	1
lyar	LYAR	ortholog_one2one	1	1
lygl1	LYG1	ortholog_many2many	0	2
lygl1	LYG2	ortholog_many2many	0	2
lyn	LYN	ortholog_one2one	1	1
lypd6	LYPD6	ortholog_one2one	1	1
lypd6b	LYPD6B	ortholog_one2one	1	1
lypla1	LYPLA1	ortholog_one2one	1	1
lypla2	LYPLA2	ortholog_one2one	1	1
lyrm1	LYRM1	ortholog_one2one	0	1
lyrm5a	ETFRF1	ortholog_one2one	1	1
lyrm7	LYRM7	ortholog_one2one	0	1
lyrm9	LYRM9	ortholog_one2one	1	1
lysmd1	LYSMD1	ortholog_one2one	1	1
lysmd2	LYSMD2	ortholog_one2one	1	1
lysmd3	LYSMD3	ortholog_one2one	1	1
lysmd4	LYSMD4	ortholog_one2one	1	1
lyz	LYZL1	ortholog_one2many	0	2
lyz	LYZL2	ortholog_one2many	0	2
lzic	LZIC	ortholog_one2one	1	1
lztfl1	LZTFL1	ortholog_one2one	0	1
lztr1	LZTR1	ortholog_one2one	1	1
lzts2a	LZTS2	ortholog_one2many	1	1
m17	CNTF	ortholog_one2one	0	1
m1ap	M1AP	ortholog_one2one	0	1
m6pr	M6PR	ortholog_one2one	1	1
mab21l1	MAB21L1	ortholog_one2one	1	1
mab21l3	MAB21L3	ortholog_one2one	1	1
macc1	MACC1	ortholog_one2one	1	1
macrod1	MACROD1	ortholog_one2one	1	1
macrod2	MACROD2	ortholog_one2one	1	1
mad1l1	MAD1L1	ortholog_one2one	0	1
mad2l1	MAD2L1	ortholog_one2one	1	1
maea	MAEA	ortholog_one2one	1	1
mafa	MAF	ortholog_one2many	1	1
mafba	MAFB	ortholog_one2one	1	1
maff	MAFF	ortholog_one2one	1	1
mafga	MAFG	ortholog_one2many	1	1
mafgb	MAFG	ortholog_one2many	1	1
mafk	MAFK	ortholog_one2one	1	1
mag	MAG	ortholog_one2one	0	1
magi1b	MAGI1	ortholog_one2many	1	1
magi2a	MAGI2	ortholog_one2many	1	1
magoh	MAGOH	ortholog_one2many	1	2
magoh	MAGOHB	ortholog_one2many	1	2
magt1	MAGT1	ortholog_one2one	1	1
mak	MAK	ortholog_one2one	1	1
mak16	MAK16	ortholog_one2one	1	1
mal2	MAL2	ortholog_one2one	1	1
mamdc2a	MAMDC2	ortholog_one2one	1	1
man1a2	MAN1A2	ortholog_one2one	1	1
man2a1	MAN2A1	ortholog_one2one	1	1
man2b1	MAN2B1	ortholog_one2one	1	1
manba	MANBA	ortholog_one2one	1	1
manbal	MANBAL	ortholog_one2one	1	1
manea	MANEA	ortholog_one2one	1	1
manf	MANF	ortholog_one2one	1	1
mansc1	MANSC1	ortholog_one2one	0	1
mao	IL4I1	ortholog_many2many	0	2
mao	MAOB	ortholog_many2many	1	2
map1lc3a	MAP1LC3A	ortholog_one2one	1	1
map1lc3b	MAP1LC3B	ortholog_one2many	1	2
map1lc3b	MAP1LC3B2	ortholog_one2many	1	2
map2k1	MAP2K1	ortholog_one2one	1	1
map2k2a	MAP2K2	ortholog_one2many	1	1
map2k2b	MAP2K2	ortholog_one2many	0	1
map2k4a	MAP2K4	ortholog_one2many	1	1
map2k4b	MAP2K4	ortholog_one2many	0	1
map2k5	MAP2K5	ortholog_one2one	1	1
map2k6	MAP2K6	ortholog_one2one	1	1
map2k7	MAP2K7	ortholog_one2one	1	1
map3k12	MAP3K12	ortholog_one2one	1	1
map3k5	MAP3K5	ortholog_one2one	1	1
map3k7	MAP3K7	ortholog_one2one	1	1
map4k5	MAP4K5	ortholog_one2one	1	1
map7d1b	MAP7D1	ortholog_one2many	1	1
map7d2a	MAP7D2	ortholog_one2many	0	1
map9	MAP9	ortholog_one2one	1	1
mapk1	MAPK1	ortholog_one2one	1	1
mapk10	MAPK10	ortholog_one2one	1	1
mapk11	MAPK11	ortholog_one2many	1	1
mapk12a	MAPK12	ortholog_one2many	1	1
mapk12b	MAPK12	ortholog_one2many	1	1
mapk14a	MAPK14	ortholog_one2many	1	1
mapk14b	MAPK14	ortholog_one2many	1	1
mapk15	MAPK15	ortholog_one2one	0	1
mapk3	MAPK3	ortholog_one2one	1	1
mapk4	MAPK4	ortholog_one2one	1	1
mapk6	MAPK6	ortholog_one2one	1	1
mapk7	MAPK7	ortholog_one2one	1	1
mapk8a	MAPK8	ortholog_one2many	1	1
mapk8b	MAPK8	ortholog_one2many	1	1
mapk8ip3	MAPK8IP3	ortholog_one2one	1	1
mapkapk2a	MAPKAPK2	ortholog_one2many	1	1
mapkapk2b	MAPKAPK2	ortholog_one2many	1	1
mapkapk3	MAPKAPK3	ortholog_one2one	1	1
mapkapk5	MAPKAPK5	ortholog_one2one	1	1
mapre1a	MAPRE1	ortholog_one2many	1	1
mapre1b	MAPRE1	ortholog_one2many	0	1
mapre2	MAPRE2	ortholog_one2one	1	1
mapre3a	MAPRE3	ortholog_one2many	1	1
mapre3b	MAPRE3	ortholog_one2many	1	1
marcksa	MARCKS	ortholog_one2many	1	1
marcksb	MARCKS	ortholog_one2many	1	1
marveld1	MARVELD1	ortholog_one2one	1	1
marveld2b	MARVELD2	ortholog_one2many	1	1
marveld3	MARVELD3	ortholog_one2one	1	1
masp2	MASP2	ortholog_one2one	1	1
mastl	MASTL	ortholog_one2one	0	1
mat1a	MAT1A	ortholog_one2one	1	1
mat2aa	MAT2A	ortholog_one2many	1	1
mat2ab	MAT2A	ortholog_one2many	1	1
mat2b	MAT2B	ortholog_one2one	1	1
matn1	MATN1	ortholog_one2one	1	1
matn3a	MATN3	ortholog_one2many	1	1
matn3b	MATN3	ortholog_one2many	1	1
matn4	MATN4	ortholog_one2one	1	1
mavs	MAVS	ortholog_one2one	0	1
mb	MB	ortholog_one2one	0	1
mbd1b	MBD1	ortholog_one2one	0	1
mbd2	MBD2	ortholog_one2one	0	1
mbd3a	MBD3	ortholog_one2one	1	1
mbip	MBIP	ortholog_one2one	1	1
mblac2	MBLAC2	ortholog_one2one	1	1
mbnl1	MBNL1	ortholog_one2one	1	1
mbnl2	MBNL2	ortholog_one2one	1	1
mbnl3	MBNL3	ortholog_one2one	1	1
mboat1	MBOAT1	ortholog_one2one	1	1
mboat2b	MBOAT2	ortholog_one2many	1	1
mboat4	MBOAT4	ortholog_one2one	0	1
mboat7	MBOAT7	ortholog_one2one	1	1
mbtps1	MBTPS1	ortholog_one2one	1	1
mbtps2	MBTPS2	ortholog_one2one	1	1
mc1r	MC1R	ortholog_one2one	1	1
mc3r	MC3R	ortholog_one2one	1	1
mc4r	MC4R	ortholog_one2one	1	1
mc5ra	MC5R	ortholog_one2many	1	1
mc5rb	MC5R	ortholog_one2many	1	1
mcamb	MCAM	ortholog_one2many	1	1
mcat	MCAT	ortholog_one2one	1	1
mccc1	MCCC1	ortholog_one2one	1	1
mccc2	MCCC2	ortholog_one2one	1	1
mcfd2	MCFD2	ortholog_one2one	1	1
mcl1a	MCL1	ortholog_one2many	0	1
mcl1b	MCL1	ortholog_one2many	0	1
mcm10	MCM10	ortholog_one2one	1	1
mcm2	MCM2	ortholog_one2one	1	1
mcm3	MCM3	ortholog_one2one	1	1
mcm4	MCM4	ortholog_one2one	1	1
mcm5	MCM5	ortholog_one2one	1	1
mcm6	MCM6	ortholog_one2one	1	1
mcm7	MCM7	ortholog_one2one	1	1
mcmbp	MCMBP	ortholog_one2one	1	1
mcoln1a	MCOLN1	ortholog_one2many	1	1
mcoln2	MCOLN2	ortholog_one2one	1	1
mcrs1	MCRS1	ortholog_one2one	1	1
mcts1	MCTS1	ortholog_one2many	1	2
mcts1	MCTS2	ortholog_one2many	1	2
mcu	MCU	ortholog_one2one	1	1
mdh1aa	MDH1	ortholog_one2many	1	1
mdh1ab	MDH1	ortholog_one2many	1	1
mdh1b	MDH1B	ortholog_one2one	0	1
mdh2	MDH2	ortholog_one2one	1	1
mdka	MDK	ortholog_one2many	1	1
mdkb	MDK	ortholog_one2many	1	1
mdm1	MDM1	ortholog_one2one	1	1
mdm2	MDM2	ortholog_one2one	0	1
mdm4	MDM4	ortholog_one2one	1	1
me1	ME1	ortholog_one2many	1	1
me2	ME2	ortholog_one2one	1	1
me3	ME3	ortholog_one2one	1	1
mea1	MEA1	ortholog_one2one	0	1
meaf6	MEAF6	ortholog_one2one	1	1
mecp2	MECP2	ortholog_one2one	1	1
mecr	MECR	ortholog_one2one	1	1
med10	MED10	ortholog_one2one	1	1
med11	MED11	ortholog_one2one	1	1
med12	MED12	ortholog_one2one	1	1
med13a	MED13	ortholog_one2many	1	1
med13b	MED13	ortholog_one2many	1	1
med14	MED14	ortholog_one2one	1	1
med15	MED15	ortholog_one2one	0	1
med16	MED16	ortholog_one2one	1	1
med17	MED17	ortholog_one2one	1	1
med18	MED18	ortholog_one2one	1	1
med19a	MED19	ortholog_one2many	1	1
med19b	MED19	ortholog_one2many	1	1
med20	MED20	ortholog_one2one	1	1
med21	MED21	ortholog_one2one	1	1
med22	MED22	ortholog_one2one	1	1
med23	MED23	ortholog_one2one	1	1
med24	MED24	ortholog_one2one	1	1
med25	MED25	ortholog_one2many	1	2
med25	PTOV1	ortholog_one2many	0	2
med27	MED27	ortholog_one2one	1	1
med28	MED28	ortholog_one2one	1	1
med30	MED30	ortholog_one2one	1	1
med31	MED31	ortholog_one2one	1	1
med4	MED4	ortholog_one2one	1	1
med6	MED6	ortholog_one2one	1	1
med7	MED7	ortholog_one2one	1	1
med8	MED8	ortholog_one2one	1	1
mef2aa	MEF2A	ortholog_one2one	1	1
mef2b	MEF2B	ortholog_one2one	1	1
mef2ca	MEF2C	ortholog_one2many	1	1
mef2cb	MEF2C	ortholog_one2many	1	1
mef2d	MEF2D	ortholog_one2one	1	1
mei4	MEI4	ortholog_one2one	1	1
meig1	MEIG1	ortholog_one2one	1	1
meis1b	MEIS1	ortholog_one2one	1	1
meis2a	MEIS2	ortholog_one2one	1	1
meis3	MEIS3	ortholog_one2many	0	2
meis3	MEIS3P2	ortholog_one2many	0	2
melk	MELK	ortholog_one2one	1	1
memo1	MEMO1	ortholog_one2one	1	1
men1	MEN1	ortholog_one2one	1	1
meox1	MEOX1	ortholog_one2one	1	1
mespab	MESP1	ortholog_many2many	0	2
mespab	MESP2	ortholog_many2many	0	2
mest	MEST	ortholog_one2one	1	1
met	MET	ortholog_one2one	1	1
metap1	METAP1	ortholog_one2one	1	1
metap1d	METAP1D	ortholog_one2one	1	1
metap2b	METAP2	ortholog_one2one	0	1
metrn	METRN	ortholog_one2one	1	1
mettl1	METTL1	ortholog_one2one	1	1
mettl13	METTL13	ortholog_one2one	1	1
mettl14	METTL14	ortholog_one2one	1	1
mettl16	METTL16	ortholog_one2one	1	1
mettl18	METTL18	ortholog_one2one	1	1
mettl21a	METTL21A	ortholog_one2one	1	1
mettl22	METTL22	ortholog_one2one	1	1
mettl25	METTL25	ortholog_one2one	0	1
mettl2a	METTL2A	ortholog_one2many	1	2
mettl2a	METTL2B	ortholog_one2many	1	2
mettl3	METTL3	ortholog_one2one	1	1
mettl5	METTL5	ortholog_one2one	1	1
mettl6	METTL6	ortholog_one2one	1	1
mettl8	METTL8	ortholog_one2one	1	1
mettl9	METTL9	ortholog_one2one	1	1
mex3b	MEX3B	ortholog_one2one	1	1
mfap1	MFAP1	ortholog_one2one	1	1
mfge8a	MFGE8	ortholog_one2many	0	1
mfge8b	MFGE8	ortholog_one2many	1	1
mfn1b	MFN1	ortholog_one2many	0	1
mfn2	MFN2	ortholog_one2one	1	1
mfng	MFNG	ortholog_one2one	0	1
mfsd1	MFSD1	ortholog_one2one	1	1
mfsd11	MFSD11	ortholog_one2one	1	1
mfsd12a	MFSD12	ortholog_one2one	1	1
mfsd2aa	MFSD2A	ortholog_one2many	1	1
mfsd2ab	MFSD2A	ortholog_one2many	1	1
mfsd6a	MFSD6	ortholog_one2many	1	1
mfsd6b	MFSD6	ortholog_one2many	1	1
mfsd6l	MFSD6L	ortholog_one2one	1	1
mfsd8	MFSD8	ortholog_one2one	1	1
mgaa	MGA	ortholog_one2one	0	1
mgat1a	MGAT1	ortholog_one2many	1	1
mgat1b	MGAT1	ortholog_one2many	1	1
mgat2	MGAT2	ortholog_one2one	1	1
mgat3a	MGAT3	ortholog_one2many	1	1
mgat4b	MGAT4B	ortholog_one2one	1	1
mgll	MGLL	ortholog_one2one	0	1
mgme1	MGME1	ortholog_one2one	1	1
mgmt	MGMT	ortholog_one2one	0	1
mgp	MGP	ortholog_one2one	0	1
mgrn1a	MGRN1	ortholog_one2many	1	1
mgrn1b	MGRN1	ortholog_one2many	1	1
mgst1.1	MGST1	ortholog_one2many	1	1
mgst1.2	MGST1	ortholog_one2many	1	1
mgst2	MGST2	ortholog_one2one	1	1
mhc1laa	CD1A	ortholog_many2many	0	5
mhc1laa	CD1B	ortholog_many2many	0	5
mhc1laa	CD1C	ortholog_many2many	0	5
mhc1laa	CD1D	ortholog_many2many	0	5
mhc1laa	CD1E	ortholog_many2many	0	5
mhc1uba	MR1	ortholog_one2many	0	1
mia	MIA	ortholog_one2one	1	1
mib1	MIB1	ortholog_one2one	1	1
mibp2	NMRK2	ortholog_one2one	1	1
mical2b	MICAL2	ortholog_one2many	1	1
micall2a	MICALL2	ortholog_one2many	1	1
micall2b	MICALL2	ortholog_one2many	0	1
micu1	MICU1	ortholog_one2one	1	1
micu2	MICU2	ortholog_one2one	1	1
mid1ip1a	MID1IP1	ortholog_one2one	1	1
midn	MIDN	ortholog_one2one	1	1
mief1	MIEF1	ortholog_one2one	1	1
mief2	MIEF2	ortholog_one2one	0	1
mier1a	MIER1	ortholog_one2many	0	1
mier1b	MIER1	ortholog_one2many	1	1
mier3a	MIER3	ortholog_one2many	1	1
mier3b	MIER3	ortholog_one2many	1	1
mif	MIF	ortholog_one2one	1	1
mif4gda	MIF4GD	ortholog_one2many	1	1
mif4gdb	MIF4GD	ortholog_one2many	1	1
mink1	MINK1	ortholog_one2one	1	1
minpp1a	MINPP1	ortholog_one2many	1	1
minpp1b	MINPP1	ortholog_one2many	1	1
mios	MIOS	ortholog_one2one	1	1
miox	MIOX	ortholog_one2one	1	1
mipa	MIP	ortholog_one2many	1	1
mipb	MIP	ortholog_one2many	1	1
mipol1	MIPOL1	ortholog_one2one	1	1
mis12	MIS12	ortholog_one2one	1	1
mis18bp1	MIS18BP1	ortholog_one2one	0	1
mitd1	MITD1	ortholog_one2one	1	1
mitfa	MITF	ortholog_one2many	1	1
mitfb	MITF	ortholog_one2many	1	1
mixl1	MIXL1	ortholog_one2one	0	1
mkks	MKKS	ortholog_one2one	1	1
mkln1	MKLN1	ortholog_one2one	1	1
mknk2a	MKNK2	ortholog_one2many	1	1
mknk2b	MKNK2	ortholog_one2many	1	1
mkrn1	MKRN1	ortholog_one2many	1	2
mkrn1	MKRN3	ortholog_one2many	1	2
mkrn2	MKRN2	ortholog_one2one	1	1
mks1	MKS1	ortholog_one2one	1	1
mkxa	MKX	ortholog_one2many	1	1
mkxb	MKX	ortholog_one2many	1	1
mlc1	MLC1	ortholog_one2one	1	1
mlec	MLEC	ortholog_one2one	1	1
mlf2	MLF2	ortholog_one2one	1	1
mlh1	MLH1	ortholog_one2one	1	1
mllt11	MLLT11	ortholog_one2one	1	1
mllt1b	MLLT1	ortholog_one2many	1	1
mllt3	MLLT3	ortholog_one2one	1	1
mlpha	MLPH	ortholog_one2many	1	1
mlst8	MLST8	ortholog_one2one	1	1
mlx	MLX	ortholog_one2one	1	1
mlycd	MLYCD	ortholog_one2one	1	1
mmaa	MMAA	ortholog_one2one	1	1
mmab	MMAB	ortholog_one2one	1	1
mmachc	MMACHC	ortholog_one2one	1	1
mmd	MMD	ortholog_one2one	1	1
mmd2a	MMD2	ortholog_one2many	1	1
mmgt1	MMGT1	ortholog_one2one	1	1
mmp14a	MMP14	ortholog_one2many	1	1
mmp14b	MMP14	ortholog_one2many	1	1
mmp2	MMP2	ortholog_one2one	1	1
mmp23bb	MMP10	ortholog_many2many	0	4
mmp23bb	MMP12	ortholog_many2many	0	4
mmp23bb	MMP26	ortholog_many2many	0	4
mmp23bb	MMP3	ortholog_many2many	0	4
mmp30	MMP10	ortholog_many2many	0	6
mmp30	MMP12	ortholog_many2many	0	6
mmp30	MMP13	ortholog_many2many	0	6
mmp30	MMP26	ortholog_many2many	0	6
mmp30	MMP27	ortholog_many2many	0	6
mmp30	MMP3	ortholog_many2many	0	6
mmp9	MMP9	ortholog_one2one	1	1
mmrn2a	MMRN2	ortholog_one2many	0	1
mms22l	MMS22L	ortholog_one2one	1	1
mnat1	MNAT1	ortholog_one2one	1	1
mnd1	MND1	ortholog_one2one	1	1
mns1	MNS1	ortholog_one2one	1	1
mntb	MNT	ortholog_one2many	1	1
mnx1	MNX1	ortholog_one2one	1	1
mob1a	MOB1A	ortholog_one2one	0	1
mob1ba	MOB1B	ortholog_one2many	1	1
mob1bb	MOB1B	ortholog_one2many	1	1
mob2a	MOB2	ortholog_one2many	1	1
mob2b	MOB2	ortholog_one2many	1	1
mob3a	MOB3A	ortholog_one2one	1	1
mob3c	MOB3C	ortholog_one2one	1	1
mob4	MOB4	ortholog_one2one	1	1
mocs1	MOCS1	ortholog_one2one	1	1
mocs3	MOCS3	ortholog_one2one	1	1
mogat2	MOGAT2	ortholog_one2one	1	1
mogat3a	MOGAT1	ortholog_one2one	1	1
mogs	MOGS	ortholog_one2one	1	1
mon1a	MON1A	ortholog_one2one	1	1
morc2	MORC2	ortholog_one2one	1	1
morc3a	MORC3	ortholog_many2many	0	2
morc3a	MORC4	ortholog_many2many	0	2
morf4l1	MORF4L1	ortholog_one2many	1	2
morf4l1	MORF4L2	ortholog_one2many	1	2
morn2	MORN2	ortholog_one2one	0	1
morn3	MORN3	ortholog_one2one	1	1
morn4	MORN4	ortholog_one2one	1	1
morn5	MORN5	ortholog_one2one	1	1
mos	MOS	ortholog_one2one	1	1
mospd1	MOSPD1	ortholog_one2one	1	1
mospd2	MOSPD2	ortholog_one2one	1	1
mov10b.1	MOV10	ortholog_one2many	0	1
mov10b.2	MOV10	ortholog_one2many	0	1
moxd1	MOXD1	ortholog_one2one	1	1
mpc1	MPC1	ortholog_one2one	1	1
mpdu1a	MPDU1	ortholog_one2many	0	1
mpdu1b	MPDU1	ortholog_one2many	1	1
mpeg1.1	MPEG1	ortholog_one2many	1	1
mpeg1.2	MPEG1	ortholog_one2many	1	1
mpg	MPG	ortholog_one2one	1	1
mphosph10	MPHOSPH10	ortholog_one2one	1	1
mphosph6	MPHOSPH6	ortholog_one2one	1	1
mphosph8	MPHOSPH8	ortholog_one2one	1	1
mpi	MPI	ortholog_one2one	1	1
mpl	IL9R	ortholog_one2many	0	2
mpl	MPL	ortholog_one2many	0	2
mplkip	MPLKIP	ortholog_one2one	1	1
mpnd	MPND	ortholog_one2one	1	1
mpp1	MPP1	ortholog_one2one	1	1
mpp2a	MPP2	ortholog_one2many	1	1
mpp2b	MPP2	ortholog_one2many	1	1
mpp7a	MPP7	ortholog_one2one	1	1
mppe1	MPPE1	ortholog_one2one	1	1
mpv17	MPV17	ortholog_one2one	1	1
mpv17l2	MPV17L2	ortholog_one2one	1	1
mpx	EPX	ortholog_one2one	1	1
mpz	MPZ	ortholog_one2one	1	1
mpzl1l	MPZL1	ortholog_one2one	0	1
mpzl2b	MPZL2	ortholog_one2one	0	1
mre11a	MRE11	ortholog_one2one	1	1
mrgbp	MRGBP	ortholog_one2one	1	1
mri1	MRI1	ortholog_one2one	1	1
mrpl1	MRPL1	ortholog_one2one	1	1
mrpl10	MRPL10	ortholog_one2one	1	1
mrpl11	MRPL11	ortholog_one2one	1	1
mrpl12	MRPL12	ortholog_one2one	1	1
mrpl13	MRPL13	ortholog_one2one	1	1
mrpl14	MRPL14	ortholog_one2one	1	1
mrpl15	MRPL15	ortholog_one2one	1	1
mrpl16	MRPL16	ortholog_one2one	1	1
mrpl17	MRPL17	ortholog_one2one	1	1
mrpl18	MRPL18	ortholog_one2one	0	1
mrpl19	MRPL19	ortholog_one2one	1	1
mrpl20	MRPL20	ortholog_one2one	0	1
mrpl21	MRPL21	ortholog_one2one	1	1
mrpl22	MRPL22	ortholog_one2one	1	1
mrpl23	MRPL23	ortholog_one2many	1	1
mrpl24	MRPL24	ortholog_one2one	1	1
mrpl27	MRPL27	ortholog_one2one	1	1
mrpl28	MRPL28	ortholog_one2one	1	1
mrpl3	MRPL3	ortholog_one2one	1	1
mrpl32	MRPL32	ortholog_one2one	1	1
mrpl33	MRPL33	ortholog_one2one	1	1
mrpl34	MRPL34	ortholog_one2one	0	1
mrpl35	MRPL35	ortholog_one2one	1	1
mrpl36	MRPL36	ortholog_one2one	1	1
mrpl37	MRPL37	ortholog_one2one	1	1
mrpl38	MRPL38	ortholog_one2one	1	1
mrpl39	MRPL39	ortholog_one2one	0	1
mrpl4	MRPL4	ortholog_one2one	1	1
mrpl40	MRPL40	ortholog_one2one	1	1
mrpl41	MRPL41	ortholog_one2one	1	1
mrpl43	MRPL43	ortholog_one2one	1	1
mrpl44	MRPL44	ortholog_one2one	1	1
mrpl45	MRPL45	ortholog_one2one	1	1
mrpl46	MRPL46	ortholog_one2one	1	1
mrpl48	MRPL48	ortholog_one2one	1	1
mrpl51	MRPL51	ortholog_one2one	1	1
mrpl57	MRPL57	ortholog_one2one	1	1
mrpl9	MRPL9	ortholog_one2one	0	1
mrps10	MRPS10	ortholog_one2one	1	1
mrps11	MRPS11	ortholog_one2one	1	1
mrps14	MRPS14	ortholog_one2one	1	1
mrps15	MRPS15	ortholog_one2one	1	1
mrps16	MRPS16	ortholog_one2one	1	1
mrps17	MRPS17	ortholog_one2one	1	1
mrps18a	MRPS18A	ortholog_one2one	1	1
mrps18b	MRPS18B	ortholog_one2one	0	1
mrps2	MRPS2	ortholog_one2one	1	1
mrps22	MRPS22	ortholog_one2one	1	1
mrps23	MRPS23	ortholog_one2one	1	1
mrps24	MRPS24	ortholog_one2one	1	1
mrps25	MRPS25	ortholog_one2one	1	1
mrps26	MRPS26	ortholog_one2one	0	1
mrps27	MRPS27	ortholog_one2one	0	1
mrps28	MRPS28	ortholog_one2one	0	1
mrps30	MRPS30	ortholog_one2one	1	1
mrps31	MRPS31	ortholog_one2one	0	1
mrps33	MRPS33	ortholog_one2one	1	1
mrps34	MRPS34	ortholog_one2one	1	1
mrps35	MRPS35	ortholog_one2one	1	1
mrps5	MRPS5	ortholog_one2one	1	1
mrps6	MRPS6	ortholog_one2one	0	1
mrps7	MRPS7	ortholog_one2one	1	1
mrps9	MRPS9	ortholog_one2one	1	1
mrrf	MRRF	ortholog_one2one	1	1
mrto4	MRTO4	ortholog_one2one	1	1
ms4a17a.1	MS4A1	ortholog_many2many	0	11
ms4a17a.1	MS4A10	ortholog_many2many	0	11
ms4a17a.1	MS4A13	ortholog_many2many	0	11
ms4a17a.1	MS4A14	ortholog_many2many	0	11
ms4a17a.1	MS4A15	ortholog_many2many	0	11
ms4a17a.1	MS4A18	ortholog_many2many	0	11
ms4a17a.1	MS4A2	ortholog_many2many	0	11
ms4a17a.1	MS4A5	ortholog_many2many	0	11
ms4a17a.1	MS4A6A	ortholog_many2many	0	11
ms4a17a.1	MS4A6E	ortholog_many2many	0	11
ms4a17a.1	MS4A7	ortholog_many2many	0	11
ms4a17a.11	MS4A1	ortholog_many2many	0	11
ms4a17a.11	MS4A10	ortholog_many2many	0	11
ms4a17a.11	MS4A13	ortholog_many2many	0	11
ms4a17a.11	MS4A14	ortholog_many2many	0	11
ms4a17a.11	MS4A15	ortholog_many2many	0	11
ms4a17a.11	MS4A18	ortholog_many2many	0	11
ms4a17a.11	MS4A2	ortholog_many2many	0	11
ms4a17a.11	MS4A5	ortholog_many2many	0	11
ms4a17a.11	MS4A6A	ortholog_many2many	0	11
ms4a17a.11	MS4A6E	ortholog_many2many	0	11
ms4a17a.11	MS4A7	ortholog_many2many	0	11
ms4a17a.17	MS4A1	ortholog_many2many	0	11
ms4a17a.17	MS4A10	ortholog_many2many	0	11
ms4a17a.17	MS4A13	ortholog_many2many	0	11
ms4a17a.17	MS4A14	ortholog_many2many	0	11
ms4a17a.17	MS4A15	ortholog_many2many	0	11
ms4a17a.17	MS4A18	ortholog_many2many	0	11
ms4a17a.17	MS4A2	ortholog_many2many	0	11
ms4a17a.17	MS4A5	ortholog_many2many	0	11
ms4a17a.17	MS4A6A	ortholog_many2many	0	11
ms4a17a.17	MS4A6E	ortholog_many2many	0	11
ms4a17a.17	MS4A7	ortholog_many2many	0	11
ms4a17a.4	MS4A1	ortholog_many2many	0	11
ms4a17a.4	MS4A10	ortholog_many2many	0	11
ms4a17a.4	MS4A13	ortholog_many2many	0	11
ms4a17a.4	MS4A14	ortholog_many2many	0	11
ms4a17a.4	MS4A15	ortholog_many2many	0	11
ms4a17a.4	MS4A18	ortholog_many2many	0	11
ms4a17a.4	MS4A2	ortholog_many2many	0	11
ms4a17a.4	MS4A5	ortholog_many2many	0	11
ms4a17a.4	MS4A6A	ortholog_many2many	0	11
ms4a17a.4	MS4A6E	ortholog_many2many	0	11
ms4a17a.4	MS4A7	ortholog_many2many	0	11
ms4a17a.5	MS4A1	ortholog_many2many	0	11
ms4a17a.5	MS4A10	ortholog_many2many	0	11
ms4a17a.5	MS4A13	ortholog_many2many	0	11
ms4a17a.5	MS4A14	ortholog_many2many	0	11
ms4a17a.5	MS4A15	ortholog_many2many	0	11
ms4a17a.5	MS4A18	ortholog_many2many	0	11
ms4a17a.5	MS4A2	ortholog_many2many	0	11
ms4a17a.5	MS4A5	ortholog_many2many	0	11
ms4a17a.5	MS4A6A	ortholog_many2many	0	11
ms4a17a.5	MS4A6E	ortholog_many2many	0	11
ms4a17a.5	MS4A7	ortholog_many2many	0	11
ms4a17a.6	MS4A1	ortholog_many2many	0	11
ms4a17a.6	MS4A10	ortholog_many2many	0	11
ms4a17a.6	MS4A13	ortholog_many2many	0	11
ms4a17a.6	MS4A14	ortholog_many2many	0	11
ms4a17a.6	MS4A15	ortholog_many2many	0	11
ms4a17a.6	MS4A18	ortholog_many2many	0	11
ms4a17a.6	MS4A2	ortholog_many2many	0	11
ms4a17a.6	MS4A5	ortholog_many2many	0	11
ms4a17a.6	MS4A6A	ortholog_many2many	0	11
ms4a17a.6	MS4A6E	ortholog_many2many	0	11
ms4a17a.6	MS4A7	ortholog_many2many	0	11
ms4a17a.7	MS4A1	ortholog_many2many	0	11
ms4a17a.7	MS4A10	ortholog_many2many	0	11
ms4a17a.7	MS4A13	ortholog_many2many	0	11
ms4a17a.7	MS4A14	ortholog_many2many	0	11
ms4a17a.7	MS4A15	ortholog_many2many	0	11
ms4a17a.7	MS4A18	ortholog_many2many	0	11
ms4a17a.7	MS4A2	ortholog_many2many	0	11
ms4a17a.7	MS4A5	ortholog_many2many	0	11
ms4a17a.7	MS4A6A	ortholog_many2many	0	11
ms4a17a.7	MS4A6E	ortholog_many2many	0	11
ms4a17a.7	MS4A7	ortholog_many2many	0	11
ms4a17a.8	MS4A1	ortholog_many2many	0	11
ms4a17a.8	MS4A10	ortholog_many2many	0	11
ms4a17a.8	MS4A13	ortholog_many2many	0	11
ms4a17a.8	MS4A14	ortholog_many2many	0	11
ms4a17a.8	MS4A15	ortholog_many2many	0	11
ms4a17a.8	MS4A18	ortholog_many2many	0	11
ms4a17a.8	MS4A2	ortholog_many2many	0	11
ms4a17a.8	MS4A5	ortholog_many2many	0	11
ms4a17a.8	MS4A6A	ortholog_many2many	0	11
ms4a17a.8	MS4A6E	ortholog_many2many	0	11
ms4a17a.8	MS4A7	ortholog_many2many	0	11
ms4a17a.9	MS4A1	ortholog_many2many	0	11
ms4a17a.9	MS4A10	ortholog_many2many	0	11
ms4a17a.9	MS4A13	ortholog_many2many	0	11
ms4a17a.9	MS4A14	ortholog_many2many	0	11
ms4a17a.9	MS4A15	ortholog_many2many	0	11
ms4a17a.9	MS4A18	ortholog_many2many	0	11
ms4a17a.9	MS4A2	ortholog_many2many	0	11
ms4a17a.9	MS4A5	ortholog_many2many	0	11
ms4a17a.9	MS4A6A	ortholog_many2many	0	11
ms4a17a.9	MS4A6E	ortholog_many2many	0	11
ms4a17a.9	MS4A7	ortholog_many2many	0	11
msgn1	MSGN1	ortholog_one2one	0	1
msh2	MSH2	ortholog_one2one	1	1
msh3	MSH3	ortholog_one2one	1	1
msh6	MSH6	ortholog_one2one	1	1
msi2a	MSI2	ortholog_one2many	1	1
msi2b	MSI2	ortholog_one2many	1	1
msl1a	MSL1	ortholog_one2many	1	1
msl2a	MSL2	ortholog_one2many	1	1
msl2b	MSL2	ortholog_one2many	1	1
msmo1	MSMO1	ortholog_one2one	1	1
msna	MSN	ortholog_one2many	1	1
msnb	MSN	ortholog_one2many	0	1
msrb1a	MSRB1	ortholog_one2many	1	1
msrb1b	MSRB1	ortholog_one2many	1	1
msrb3	MSRB3	ortholog_one2one	1	1
mst1	MST1	ortholog_one2one	1	1
msto1	MSTO1	ortholog_one2one	0	1
mt2	MT1A	ortholog_one2many	1	12
mt2	MT1B	ortholog_one2many	1	12
mt2	MT1E	ortholog_one2many	0	12
mt2	MT1F	ortholog_one2many	1	12
mt2	MT1G	ortholog_one2many	1	12
mt2	MT1H	ortholog_one2many	1	12
mt2	MT1HL1	ortholog_one2many	0	12
mt2	MT1M	ortholog_one2many	1	12
mt2	MT1X	ortholog_one2many	1	12
mt2	MT2A	ortholog_one2many	1	12
mt2	MT3	ortholog_one2many	1	12
mt2	MT4	ortholog_one2many	1	12
mta2	MTA2	ortholog_one2one	1	1
mta3	MTA3	ortholog_one2one	1	1
mtap	MTAP	ortholog_one2one	1	1
mtch2	MTCH2	ortholog_one2one	1	1
mtdha	MAMSTR	ortholog_many2many	0	2
mtdha	MTDH	ortholog_many2many	1	2
mterf2	MTERF2	ortholog_one2one	1	1
mterf3	MTERF3	ortholog_one2one	0	1
mtf1	MTF1	ortholog_one2one	1	1
mtf2	MTF2	ortholog_one2one	1	1
mtfmt	MTFMT	ortholog_one2one	0	1
mtfr1	MTFR1	ortholog_one2one	1	1
mtfr1l	MTFR1L	ortholog_one2one	1	1
mtfr2	MTFR2	ortholog_one2one	1	1
mtg1	MTG1	ortholog_one2one	1	1
mthfd1b	MTHFD1	ortholog_one2many	1	1
mthfd1l	MTHFD1L	ortholog_one2one	1	1
mthfd2l	MTHFD2L	ortholog_one2one	0	1
mthfr	MTHFR	ortholog_one2one	1	1
mthfsd	MTHFSD	ortholog_one2one	0	1
mtif2	MTIF2	ortholog_one2one	1	1
mtm1	MTM1	ortholog_one2one	1	1
mtmr10	MTMR10	ortholog_one2one	1	1
mtmr12	MTMR12	ortholog_one2one	1	1
mtmr1a	MTMR1	ortholog_one2many	1	1
mtmr1b	MTMR1	ortholog_one2many	0	1
mtmr2	MTMR2	ortholog_one2one	1	1
mtmr3	MTMR3	ortholog_one2many	0	1
mtmr6	MTMR6	ortholog_one2one	1	1
mtmr7a	MTMR7	ortholog_one2many	1	1
mtmr7b	MTMR7	ortholog_one2many	0	1
mtmr8	MTMR8	ortholog_one2one	1	1
mtmr9	MTMR9	ortholog_one2one	1	1
mtnr1aa	MTNR1A	ortholog_one2many	1	1
mtnr1c	GPR50	ortholog_one2one	1	1
mto1	MTO1	ortholog_one2one	0	1
mtor	MTOR	ortholog_one2one	1	1
mtpn	MTPN	ortholog_one2one	1	1
mtr	MTR	ortholog_one2one	1	1
mtrf1	MTRF1	ortholog_one2one	0	1
mtss1la	MTSS2	ortholog_one2many	1	1
mtus1a	MTUS1	ortholog_one2many	0	1
mtx1a	MTX1	ortholog_one2many	0	1
mtx1b	MTX1	ortholog_one2many	1	1
mtx2	MTX2	ortholog_one2one	1	1
mtx3	MTX3	ortholog_one2one	1	1
mus81	MUS81	ortholog_one2one	0	1
mvb12a	MVB12A	ortholog_one2one	0	1
mvb12ba	MVB12B	ortholog_one2many	1	1
mvb12bb	MVB12B	ortholog_one2many	1	1
mvda	MVD	ortholog_one2one	1	1
mvk	MVK	ortholog_one2one	1	1
mvp	MVP	ortholog_one2one	1	1
mxd3	MXD3	ortholog_one2one	1	1
mxi1	MXI1	ortholog_one2one	1	1
mxra8a	MXRA8	ortholog_one2many	1	1
mxra8b	MXRA8	ortholog_one2many	1	1
mxtx1	DUX4	ortholog_many2many	0	2
mxtx1	DUX4L9	ortholog_many2many	0	2
myb	MYB	ortholog_one2one	1	1
mybbp1a	MYBBP1A	ortholog_one2one	0	1
mybl2b	MYBL2	ortholog_one2one	1	1
mybpc1	MYBPC1	ortholog_one2one	1	1
mybpc2b	MYBPC2	ortholog_one2one	0	1
mybpc3	MYBPC3	ortholog_one2one	1	1
mybpha	MYBPH	ortholog_one2many	0	1
mybphb	MYBPH	ortholog_one2many	0	1
myca	MYC	ortholog_one2many	1	1
mycb	MYC	ortholog_one2many	1	1
mycbp	MYCBP	ortholog_one2one	0	1
mycbp2	MYCBP2	ortholog_one2one	1	1
mycla	MYCL	ortholog_one2many	0	1
myclb	MYCL	ortholog_one2many	1	1
mycn	MYCN	ortholog_one2one	1	1
myct1a	MYCT1	ortholog_one2many	1	1
myd88	MYD88	ortholog_one2one	1	1
myef2	MYEF2	ortholog_one2one	1	1
myf5	MYF5	ortholog_one2one	1	1
myf6	MYF6	ortholog_one2one	1	1
myg1	MYG1	ortholog_one2one	1	1
myh11a	MYH11	ortholog_one2many	1	1
myh9a	MYH9	ortholog_one2many	1	1
myl1	MYL1	ortholog_one2many	1	1
myl10	MYL10	ortholog_one2one	0	1
myl12.2	MYL12A	ortholog_one2many	1	2
myl12.2	MYL12B	ortholog_one2many	1	2
myl13	MYL3	ortholog_one2one	0	1
myl2b	MYL2	ortholog_one2many	1	1
myl6	MYL6	ortholog_many2many	1	2
myl6	MYL6B	ortholog_many2many	0	2
myl7	MYL7	ortholog_one2one	1	1
myl9a	MYL9	ortholog_one2many	1	1
myl9b	MYL9	ortholog_one2many	1	1
mylipa	MYLIP	ortholog_one2many	1	1
mylipb	MYLIP	ortholog_one2many	1	1
mylk3	MYLK3	ortholog_one2one	1	1
mylpfa	MYL11	ortholog_one2many	1	1
mylpfb	MYL11	ortholog_one2many	1	1
mylz3	MYL1	ortholog_one2many	0	1
mynn	ZBTB32	ortholog_one2one	0	1
myo1f	MYO1F	ortholog_one2one	1	1
myo3a	MYO3A	ortholog_one2one	1	1
myo5b	MYO5B	ortholog_one2one	1	1
myo6a	MYO6	ortholog_one2many	1	1
myo6b	MYO6	ortholog_one2many	1	1
myo7aa	MYO7A	ortholog_one2many	1	1
myoc	MYOC	ortholog_one2one	1	1
myod1	MYOD1	ortholog_one2one	1	1
myof	MYOF	ortholog_one2many	1	1
myog	MYOG	ortholog_one2one	1	1
myom1a	MYOM1	ortholog_one2many	1	1
myoz1a	MYOZ1	ortholog_one2many	1	1
myoz1b	MYOZ1	ortholog_one2many	0	1
myoz2a	MYOZ2	ortholog_one2many	0	1
myoz2b	MYOZ2	ortholog_one2many	1	1
mysm1	MYSM1	ortholog_one2one	1	1
mzt2b	MZT2A	ortholog_one2many	0	2
mzt2b	MZT2B	ortholog_one2many	0	2
n4bp1	N4BP1	ortholog_one2one	1	1
naa10	NAA10	ortholog_one2one	1	1
naa15a	NAA15	ortholog_one2many	1	1
naa15b	NAA15	ortholog_one2many	1	1
naa20	NAA20	ortholog_one2one	1	1
naa30	NAA30	ortholog_one2one	1	1
naa35	NAA35	ortholog_one2one	1	1
naa38	NAA38	ortholog_one2one	1	1
naa40	NAA40	ortholog_one2many	1	1
naa50	NAA50	ortholog_one2one	1	1
naalad2	FOLH1	ortholog_one2many	1	2
naalad2	NAALAD2	ortholog_one2many	1	2
nab1a	NAB1	ortholog_one2many	1	1
nab2	NAB2	ortholog_one2one	1	1
nabp1a	NABP1	ortholog_one2many	1	1
naca	NACA	ortholog_one2one	0	1
nadk2	NADK2	ortholog_one2one	1	1
nadka	NADK	ortholog_one2many	1	1
nadsyn1	NADSYN1	ortholog_one2one	1	1
nae1	NAE1	ortholog_one2one	1	1
naga	NAGA	ortholog_one2one	1	1
nagk	NAGK	ortholog_one2one	1	1
nagpa	NAGPA	ortholog_one2one	1	1
naif1	NAIF1	ortholog_one2one	1	1
nalcn	NALCN	ortholog_one2one	1	1
nanog	NANOG	ortholog_one2many	0	2
nanog	NANOGP8	ortholog_one2many	0	2
nanos1	NANOS1	ortholog_one2one	0	1
nanos3	NANOS2	ortholog_one2one	0	1
nanp	NANP	ortholog_one2one	1	1
nansa	NANS	ortholog_one2many	1	1
nansb	NANS	ortholog_one2many	1	1
nap1l1	NAP1L1	ortholog_one2one	1	1
nap1l4a	NAP1L2	ortholog_many2many	0	16
nap1l4a	NAP1L3	ortholog_many2many	0	16
nap1l4a	NAP1L5	ortholog_many2many	0	16
nap1l4a	SETSIP	ortholog_many2many	0	16
nap1l4a	TSPY1	ortholog_many2many	0	16
nap1l4a	TSPY10	ortholog_many2many	0	16
nap1l4a	TSPY2	ortholog_many2many	0	16
nap1l4a	TSPY3	ortholog_many2many	0	16
nap1l4a	TSPY4	ortholog_many2many	0	16
nap1l4a	TSPY8	ortholog_many2many	0	16
nap1l4a	TSPY9	ortholog_many2many	0	16
nap1l4a	TSPYL1	ortholog_many2many	0	16
nap1l4a	TSPYL2	ortholog_many2many	0	16
nap1l4a	TSPYL4	ortholog_many2many	0	16
nap1l4a	TSPYL5	ortholog_many2many	0	16
nap1l4a	TSPYL6	ortholog_many2many	0	16
nap1l4b	NAP1L4	ortholog_one2one	1	1
napaa	NAPA	ortholog_one2many	1	1
napab	NAPA	ortholog_one2many	1	1
napba	NAPB	ortholog_one2many	1	1
napepld	NAPEPLD	ortholog_one2one	1	1
napga	NAPG	ortholog_one2many	1	1
naprt	NAPRT	ortholog_one2one	1	1
narf	NARF	ortholog_one2one	1	1
narfl	CIAO3	ortholog_one2one	1	1
nars2	NARS2	ortholog_one2one	1	1
nasp	NASP	ortholog_one2one	1	1
nat10	NAT10	ortholog_one2one	1	1
nat14	NAT14	ortholog_one2one	0	1
nat8l	NAT8L	ortholog_one2one	1	1
natd1	NATD1	ortholog_one2one	1	1
nav3	NAV3	ortholog_one2one	1	1
nbas	NBAS	ortholog_one2one	1	1
nbeaa	NBEA	ortholog_one2many	1	1
nbl1	NBL1	ortholog_one2one	0	1
nbn	NBN	ortholog_one2one	0	1
ncalda	NCALD	ortholog_one2one	1	1
ncam1a	NCAM1	ortholog_one2many	1	1
ncam1b	NCAM1	ortholog_one2many	1	1
ncapd2	NCAPD2	ortholog_one2one	1	1
ncapd3	NCAPD3	ortholog_one2one	1	1
ncapg	NCAPG	ortholog_one2one	1	1
ncapg2	NCAPG2	ortholog_one2one	1	1
ncaph	NCAPH	ortholog_one2one	1	1
ncaph2	NCAPH2	ortholog_one2one	0	1
ncbp2	NCBP2	ortholog_one2many	1	2
ncbp2	NCBP2L	ortholog_one2many	1	2
nccrp1	NCCRP1	ortholog_one2one	0	1
nceh1a	NCEH1	ortholog_one2many	1	1
ncf1	NCF1	ortholog_one2one	1	1
ncf2	NCF2	ortholog_one2one	0	1
ncf4	NCF4	ortholog_one2one	1	1
nck2b	NCK2	ortholog_one2one	1	1
nckap1	NCKAP1	ortholog_one2one	1	1
ncoa2	NCOA2	ortholog_one2one	1	1
ncoa4	NCOA4	ortholog_one2one	0	1
ncoa5	NCOA5	ortholog_one2one	1	1
ncor1	NCOR1	ortholog_one2one	1	1
ncor2	NCOR2	ortholog_one2one	1	1
ncs1a	NCS1	ortholog_one2many	1	1
ncs1b	NCS1	ortholog_one2many	1	1
ncstn	NCSTN	ortholog_one2one	0	1
ndc1	NDC1	ortholog_one2one	1	1
ndc80	NDC80	ortholog_one2one	0	1
nde1	NDE1	ortholog_one2one	1	1
ndel1a	NDEL1	ortholog_one2many	1	1
ndel1b	NDEL1	ortholog_one2many	1	1
ndfip1	NDFIP1	ortholog_one2many	1	1
ndfip1l	NDFIP1	ortholog_one2many	1	1
ndfip2	NDFIP2	ortholog_one2one	1	1
ndnl2	MAGEA1	ortholog_one2many	0	37
ndnl2	MAGEA10	ortholog_one2many	0	37
ndnl2	MAGEA11	ortholog_one2many	0	37
ndnl2	MAGEA12	ortholog_one2many	0	37
ndnl2	MAGEA2	ortholog_one2many	0	37
ndnl2	MAGEA2B	ortholog_one2many	0	37
ndnl2	MAGEA3	ortholog_one2many	0	37
ndnl2	MAGEA4	ortholog_one2many	0	37
ndnl2	MAGEA6	ortholog_one2many	0	37
ndnl2	MAGEA8	ortholog_one2many	0	37
ndnl2	MAGEA9	ortholog_one2many	0	37
ndnl2	MAGEA9B	ortholog_one2many	0	37
ndnl2	MAGEB1	ortholog_one2many	0	37
ndnl2	MAGEB10	ortholog_one2many	0	37
ndnl2	MAGEB16	ortholog_one2many	0	37
ndnl2	MAGEB17	ortholog_one2many	0	37
ndnl2	MAGEB18	ortholog_one2many	0	37
ndnl2	MAGEB2	ortholog_one2many	0	37
ndnl2	MAGEB3	ortholog_one2many	0	37
ndnl2	MAGEB4	ortholog_one2many	0	37
ndnl2	MAGEB5	ortholog_one2many	0	37
ndnl2	MAGEB6	ortholog_one2many	0	37
ndnl2	MAGEB6B	ortholog_one2many	0	37
ndnl2	MAGEC1	ortholog_one2many	0	37
ndnl2	MAGEC2	ortholog_one2many	0	37
ndnl2	MAGEC3	ortholog_one2many	0	37
ndnl2	MAGED1	ortholog_one2many	0	37
ndnl2	MAGED2	ortholog_one2many	0	37
ndnl2	MAGED4	ortholog_one2many	0	37
ndnl2	MAGED4B	ortholog_one2many	0	37
ndnl2	MAGEE1	ortholog_one2many	0	37
ndnl2	MAGEE2	ortholog_one2many	0	37
ndnl2	MAGEF1	ortholog_one2many	0	37
ndnl2	MAGEH1	ortholog_one2many	0	37
ndnl2	MAGEL2	ortholog_one2many	0	37
ndnl2	NDN	ortholog_one2many	0	37
ndnl2	TRO	ortholog_one2many	0	37
ndor1	NDOR1	ortholog_one2one	1	1
ndrg1a	NDRG1	ortholog_one2many	1	1
ndrg1b	NDRG1	ortholog_one2many	1	1
ndrg2	NDRG2	ortholog_one2one	1	1
ndrg3a	NDRG3	ortholog_one2many	0	1
ndrg3b	NDRG3	ortholog_one2many	1	1
ndrg4	NDRG4	ortholog_one2one	1	1
ndufa1	NDUFA1	ortholog_one2one	1	1
ndufa10	NDUFA10	ortholog_one2one	1	1
ndufa11	NDUFA11	ortholog_one2one	0	1
ndufa12	NDUFA12	ortholog_one2one	1	1
ndufa2	NDUFA2	ortholog_one2one	1	1
ndufa3	NDUFA3	ortholog_one2one	1	1
ndufa5	NDUFA5	ortholog_one2one	0	1
ndufa6	NDUFA6	ortholog_one2one	1	1
ndufa7	NDUFA7	ortholog_one2one	0	1
ndufa8	NDUFA8	ortholog_one2one	1	1
ndufa9a	NDUFA9	ortholog_one2many	1	1
ndufab1a	NDUFAB1	ortholog_one2many	1	1
ndufab1b	NDUFAB1	ortholog_one2many	0	1
ndufaf1	NDUFAF1	ortholog_one2one	1	1
ndufaf2	NDUFAF2	ortholog_one2one	1	1
ndufaf5	NDUFAF5	ortholog_one2one	1	1
ndufaf7	NDUFAF7	ortholog_one2one	1	1
ndufb10	NDUFB10	ortholog_one2one	1	1
ndufb11	NDUFB11	ortholog_one2one	1	1
ndufb2	NDUFB2	ortholog_one2one	1	1
ndufb3	NDUFB3	ortholog_one2one	0	1
ndufb4	NDUFB4	ortholog_one2one	1	1
ndufb5	NDUFB5	ortholog_one2one	1	1
ndufb6	NDUFB6	ortholog_one2one	1	1
ndufb7	NDUFB7	ortholog_one2one	1	1
ndufb8	NDUFB8	ortholog_one2one	1	1
ndufb9	NDUFB9	ortholog_one2one	1	1
ndufc2	NDUFC2	ortholog_one2one	0	1
ndufs1	NDUFS1	ortholog_one2one	1	1
ndufs2	NDUFS2	ortholog_one2one	1	1
ndufs3	NDUFS3	ortholog_one2one	1	1
ndufs4	NDUFS4	ortholog_one2one	1	1
ndufs5	NDUFS5	ortholog_one2one	1	1
ndufs6	NDUFS6	ortholog_one2one	1	1
ndufs7	NDUFS7	ortholog_one2one	1	1
ndufs8a	NDUFS8	ortholog_one2one	1	1
ndufv1	NDUFV1	ortholog_one2one	1	1
ndufv2	NDUFV2	ortholog_one2one	1	1
nebl	LASP1	ortholog_one2many	0	1
necab1	NECAB1	ortholog_one2one	1	1
necab2	NECAB2	ortholog_one2one	1	1
necap1	NECAP1	ortholog_one2one	0	1
necap2	NECAP2	ortholog_one2one	1	1
nedd8	NEDD8	ortholog_one2many	0	1
nedd8l	NEDD8	ortholog_one2many	1	1
nedd9	NEDD9	ortholog_one2one	1	1
neflb	NEFL	ortholog_one2one	1	1
negr1	NEGR1	ortholog_one2one	1	1
neil1	NEIL1	ortholog_one2one	1	1
neil3	NEIL3	ortholog_one2one	1	1
nek2	NEK2	ortholog_one2one	1	1
nek4	NEK4	ortholog_one2one	1	1
nek7	NEK7	ortholog_one2one	1	1
nek8	NEK8	ortholog_one2one	1	1
nelfa	NELFA	ortholog_one2one	1	1
nelfb	NELFB	ortholog_one2one	1	1
nelfcd	NELFCD	ortholog_one2one	1	1
nelfe	NELFE	ortholog_one2one	1	1
nell2a	NELL2	ortholog_one2many	1	1
nenf	NENF	ortholog_one2one	1	1
neo1a	NEO1	ortholog_one2many	1	1
net1	NET1	ortholog_one2one	1	1
neu1	NEU1	ortholog_one2one	1	1
neu3.1	NEU3	ortholog_one2many	1	1
neu3.2	NEU3	ortholog_one2many	1	1
neu3.3	NEU3	ortholog_one2many	1	1
neu3.5	NEU3	ortholog_one2many	0	1
neu4	NEU4	ortholog_one2one	1	1
neurl1aa	NEURL1	ortholog_one2one	1	1
neurl1b	NEURL1B	ortholog_one2one	1	1
neurl2	NEURL2	ortholog_one2one	1	1
neurod1	NEUROD1	ortholog_one2one	1	1
neurod2	NEUROD2	ortholog_one2one	1	1
neurod4	NEUROD4	ortholog_one2one	1	1
neurod6a	NEUROD6	ortholog_one2many	1	1
neurod6b	NEUROD6	ortholog_one2many	1	1
neurog3	NEUROG3	ortholog_one2one	0	1
nexn	NEXN	ortholog_one2one	1	1
nf2a	NF2	ortholog_one2one	1	1
nfasca	NFASC	ortholog_one2many	1	1
nfat5a	NFAT5	ortholog_one2many	0	1
nfatc1	NFATC1	ortholog_one2one	1	1
nfe2	NFE2	ortholog_one2one	1	1
nfe2l1a	NFE2L1	ortholog_one2many	1	1
nfe2l1b	NFE2L1	ortholog_one2many	0	1
nfe2l2a	NFE2L2	ortholog_one2one	1	1
nfe2l3	NFE2L3	ortholog_one2one	0	1
nfia	NFIA	ortholog_one2one	1	1
nfil3	NFIL3	ortholog_one2one	1	1
nfixb	NFIX	ortholog_one2many	1	1
nfkbie	NFKBIE	ortholog_one2one	1	1
nfrkb	NFRKB	ortholog_one2one	1	1
nfs1	NFS1	ortholog_one2one	1	1
nfya	NFYA	ortholog_one2many	1	1
nfyal	NFYA	ortholog_one2many	1	1
nfyba	NFYB	ortholog_one2many	1	1
nfybb	NFYB	ortholog_one2many	0	1
nfyc	NFYC	ortholog_one2one	1	1
ngb	NGB	ortholog_one2one	1	1
ngdn	NGDN	ortholog_one2one	1	1
ngfrb	NGFR	ortholog_one2many	1	1
ngly1	NGLY1	ortholog_one2one	1	1
ngrn	NGRN	ortholog_one2one	1	1
nhej1	NHEJ1	ortholog_one2one	0	1
nhp2	NHP2	ortholog_one2one	1	1
nicn1	NICN1	ortholog_one2one	1	1
nid1b	NID1	ortholog_one2many	1	1
nif3l1	NIF3L1	ortholog_one2one	1	1
nifk	NIFK	ortholog_one2one	1	1
ninl	NINL	ortholog_one2one	0	1
nip7	NIP7	ortholog_one2one	1	1
nipa1	NIPA1	ortholog_one2one	1	1
nipa2	NIPA2	ortholog_one2one	1	1
nipal3	NIPAL3	ortholog_one2one	1	1
nipal4	NIPAL4	ortholog_one2one	1	1
nipblb	NIPBL	ortholog_one2one	1	1
nipsnap1	NIPSNAP1	ortholog_one2one	1	1
nipsnap3a	NIPSNAP3A	ortholog_one2many	1	2
nipsnap3a	NIPSNAP3B	ortholog_one2many	0	2
nit1	NIT1	ortholog_one2one	1	1
nit2	NIT2	ortholog_one2one	1	1
nkain1	NKAIN1	ortholog_one2one	1	1
nkain4	NKAIN4	ortholog_one2many	1	1
nkap	NKAPL	ortholog_one2one	1	1
nkd1	NKD1	ortholog_one2one	1	1
nkd2a	NKD2	ortholog_one2many	1	1
nkd3	NKD2	ortholog_one2many	0	1
nkiras1	NKIRAS1	ortholog_one2one	1	1
nkiras2	NKIRAS2	ortholog_one2one	1	1
nkrf	NKRF	ortholog_one2one	1	1
nkx1.2la	NKX1-2	ortholog_one2one	0	1
nkx1.2lb	NKX1-1	ortholog_one2one	1	1
nkx2.1	NKX2-1	ortholog_one2one	1	1
nkx2.2a	NKX2-2	ortholog_one2one	1	1
nkx2.3	NKX2-3	ortholog_one2one	1	1
nkx2.4a	NKX2-4	ortholog_one2many	1	1
nkx2.4b	NKX2-4	ortholog_one2many	1	1
nkx2.5	NKX2-5	ortholog_one2one	1	1
nkx6.1	NKX6-1	ortholog_one2one	1	1
nkx6.2	NKX6-2	ortholog_one2one	1	1
nkx6.3	NKX6-3	ortholog_one2one	1	1
nle1	NLE1	ortholog_one2one	1	1
nlgn1	NLGN1	ortholog_one2one	1	1
nlgn2a	NLGN2	ortholog_one2one	0	1
nlgn2b	CES1	ortholog_many2many	0	4
nlgn2b	CES2	ortholog_many2many	0	4
nlgn2b	CES4A	ortholog_many2many	0	4
nlgn2b	CES5A	ortholog_many2many	0	4
nlgn3a	NLGN3	ortholog_one2one	1	1
nlgn3b	CES1	ortholog_many2many	0	4
nlgn3b	CES2	ortholog_many2many	0	4
nlgn3b	CES4A	ortholog_many2many	0	4
nlgn3b	CES5A	ortholog_many2many	0	4
nlk2	NLK	ortholog_one2one	1	1
nmba	NMB	ortholog_one2many	0	1
nmbb	NMB	ortholog_one2many	0	1
nmd3	NMD3	ortholog_one2one	1	1
nme2b.1	NME1	ortholog_one2many	1	1
nme2b.2	NME1	ortholog_one2many	0	1
nme3	NME3	ortholog_one2one	1	1
nme4	NME4	ortholog_one2one	1	1
nme5	NME5	ortholog_one2one	1	1
nme6	NME6	ortholog_one2one	1	1
nme7	NME7	ortholog_one2one	1	1
nmnat1	NMNAT1	ortholog_one2one	1	1
nmnat2	NMNAT2	ortholog_one2one	1	1
nmrk1	NMRK1	ortholog_one2one	0	1
nmt1a	NMT1	ortholog_one2many	1	1
nmt1b	NMT1	ortholog_one2many	1	1
nmt2	NMT2	ortholog_one2one	1	1
nmu	NMU	ortholog_one2one	1	1
nnt	NNT	ortholog_one2one	1	1
noa1	NOA1	ortholog_one2one	1	1
noc2l	NOC2L	ortholog_one2one	1	1
noc3l	NOC3L	ortholog_one2one	1	1
noc4l	NOC4L	ortholog_one2one	0	1
nog1	NOG	ortholog_one2many	1	1
nog3	NOG	ortholog_one2many	1	1
nol10	NOL10	ortholog_one2one	1	1
nol11	NOL11	ortholog_one2one	0	1
nol12	NOL12	ortholog_one2one	0	1
nol4lb	NOL4L	ortholog_one2one	1	1
nol6	NOL6	ortholog_one2one	1	1
nol8	NOL8	ortholog_one2one	1	1
nolc1	NOLC1	ortholog_one2one	0	1
nom1	NOM1	ortholog_one2one	1	1
nono	NONO	ortholog_one2one	1	1
nop10	NOP10	ortholog_one2one	1	1
nop14	NOP14	ortholog_one2one	0	1
nop16	NOP16	ortholog_one2one	0	1
nop2	NOP2	ortholog_one2one	0	1
nop56	NOP56	ortholog_one2one	1	1
nop58	NOP58	ortholog_one2one	1	1
nos1	NOS1	ortholog_one2one	1	1
nos2b	NOS2	ortholog_one2many	1	1
nosip	NOSIP	ortholog_one2one	1	1
nostrin	NOSTRIN	ortholog_one2one	1	1
notch1a	NOTCH1	ortholog_one2many	1	1
notch1b	NOTCH1	ortholog_one2many	1	1
notch2	NOTCH2	ortholog_one2many	0	1
notch3	NOTCH3	ortholog_one2one	1	1
notum1a	NOTUM	ortholog_one2many	1	1
notum1b	NOTUM	ortholog_one2many	0	1
nova1	NOVA1	ortholog_one2many	0	1
nova2	NOVA1	ortholog_one2many	1	1
noxa1	NOXA1	ortholog_one2one	0	1
noxo1a	NOXO1	ortholog_one2many	0	1
npas2	PASD1	ortholog_one2one	0	1
npas4a	NPAS4	ortholog_one2many	1	1
npb	NPB	ortholog_one2many	1	2
npb	NPW	ortholog_one2many	0	2
npc1	NPC1	ortholog_one2one	1	1
npdc1a	NPDC1	ortholog_one2many	0	1
npepl1	NPEPL1	ortholog_one2one	1	1
npepps	NPEPPS	ortholog_one2one	1	1
npffl	NPFF	ortholog_one2one	0	1
nphp1	NPHP1	ortholog_one2one	0	1
nphp3	NPHP3	ortholog_one2one	1	1
nphs1	NPHS1	ortholog_one2one	1	1
nphs2	NPHS2	ortholog_one2one	0	1
npl	NPL	ortholog_one2one	0	1
nploc4	NPLOC4	ortholog_one2one	1	1
npm1a	NPM1	ortholog_one2one	0	1
npm3	NPM3	ortholog_one2one	0	1
nppa	NPPA	ortholog_one2one	0	1
nppcl	NPPC	ortholog_one2many	0	1
npr1a	NPR2	ortholog_one2many	0	1
npr3	NPR3	ortholog_one2one	1	1
nprl2	NPRL2	ortholog_one2one	1	1
nprl3	NPRL3	ortholog_one2one	1	1
nptna	NPTN	ortholog_one2many	1	1
nptnb	NPTN	ortholog_one2many	1	1
nptx1l	NPTX1	ortholog_one2one	1	1
nptx2a	NPTX2	ortholog_one2many	1	1
nptx2b	NPTX2	ortholog_one2many	1	1
npvf	NPVF	ortholog_one2one	0	1
npy	NPY	ortholog_one2one	1	1
npy1r	NPY1R	ortholog_one2one	1	1
npy4r	NPY5R	ortholog_one2one	1	1
nqo1	NQO1	ortholog_one2one	1	1
nr0b1	NR0B1	ortholog_one2one	1	1
nr0b2a	NR0B2	ortholog_one2many	1	1
nr1d1	NR1D1	ortholog_one2one	1	1
nr1d2a	NR1D2	ortholog_one2many	0	1
nr1d2b	NR1D2	ortholog_one2many	1	1
nr1h3	NR1H3	ortholog_one2one	1	1
nr1h4	NR1H4	ortholog_one2one	1	1
nr1h5	NR1I3	ortholog_many2many	0	1
nr1i2	NR1I2	ortholog_one2one	1	1
nr2c1	NR2C1	ortholog_one2one	1	1
nr2c2	NR2C2	ortholog_one2one	1	1
nr2c2ap	NR2C2AP	ortholog_one2one	1	1
nr2e1	NR2E1	ortholog_one2one	1	1
nr2e3	NR2E3	ortholog_one2one	1	1
nr2f1a	NR2F1	ortholog_one2many	1	1
nr2f1b	NR2F1	ortholog_one2many	1	1
nr2f2	NR2F2	ortholog_one2one	1	1
nr2f6a	NR2F6	ortholog_one2many	1	1
nr2f6b	NR2F6	ortholog_one2many	1	1
nr3c1	NR3C1	ortholog_one2one	1	1
nr3c2	NR3C2	ortholog_one2one	1	1
nr4a1	NR4A1	ortholog_one2one	1	1
nr4a2a	NR4A2	ortholog_one2many	1	1
nr4a2b	NR4A2	ortholog_one2many	1	1
nr4a3	NR4A3	ortholog_one2one	1	1
nr5a1a	NR5A1	ortholog_one2many	1	1
nr5a1b	NR5A1	ortholog_one2many	1	1
nr5a2	NR5A2	ortholog_one2one	1	1
nr6a1a	NR6A1	ortholog_one2one	1	1
nrap	NRAP	ortholog_one2one	1	1
nrarpa	NRARP	ortholog_one2many	1	1
nrarpb	NRARP	ortholog_one2many	1	1
nras	NRAS	ortholog_one2one	1	1
nrbf2b	NRBF2	ortholog_one2one	1	1
nrbp1	NRBP1	ortholog_one2one	1	1
nrbp2b	NRBP2	ortholog_one2many	1	1
nrcama	NRCAM	ortholog_one2one	1	1
nrd1b	NRDC	ortholog_one2many	1	1
nrf1	NRF1	ortholog_one2one	1	1
nrg1	NRG1	ortholog_one2one	1	1
nrg2a	NRG2	ortholog_one2many	1	1
nrg2b	NRG2	ortholog_one2many	1	1
nrgna	NRGN	ortholog_one2many	1	1
nrip2	NRIP2	ortholog_one2one	0	1
nrl	NRL	ortholog_one2one	0	1
nrm	NRM	ortholog_one2one	1	1
nrn1a	NRN1	ortholog_one2many	1	1
nrn1b	NRN1	ortholog_one2many	1	1
nrn1lb	NRN1L	ortholog_one2many	0	1
nrp1a	NRP1	ortholog_one2one	1	1
nrp2a	NRP2	ortholog_one2many	1	1
nrp2b	NRP2	ortholog_one2many	1	1
nrros	NRROS	ortholog_one2one	1	1
nrsn1	NRSN1	ortholog_one2many	1	1
nrxn1b	NRXN1	ortholog_one2one	0	1
nrxn3a	NRXN3	ortholog_one2one	1	1
nsa2	NSA2	ortholog_one2one	1	1
nsdhl	NSDHL	ortholog_one2one	1	1
nsfa	NSF	ortholog_one2many	1	1
nsfb	NSF	ortholog_one2many	0	1
nsfl1c	NSFL1C	ortholog_one2one	1	1
nsl1	NSL1	ortholog_one2one	1	1
nsmce1	NSMCE1	ortholog_one2one	1	1
nsmce4a	EID3	ortholog_one2one	0	1
nsmfb	NSMF	ortholog_one2many	1	1
nsrp1	NSRP1	ortholog_one2one	1	1
nsun2	NSUN2	ortholog_one2one	1	1
nsun3	NSUN3	ortholog_one2one	1	1
nsun4	NSUN4	ortholog_one2one	1	1
nsun5	NSUN5	ortholog_one2one	1	1
nt5c1aa	NT5C1A	ortholog_one2many	1	1
nt5c1ba	NT5C1B	ortholog_one2many	1	1
nt5c2l1	NT5DC4	ortholog_one2one	0	1
nt5c3a	NT5C3A	ortholog_one2one	1	1
nt5dc1	NT5DC1	ortholog_one2one	1	1
nt5e	NT5E	ortholog_one2one	1	1
ntm	IGSF5	ortholog_one2many	0	2
ntm	OPCML	ortholog_one2many	0	2
ntmt1	NTMT1	ortholog_one2one	1	1
ntn1a	NTN1	ortholog_one2many	1	1
ntn1b	NTN1	ortholog_one2many	1	1
ntn2	NTN3	ortholog_one2one	0	1
ntn4	NTN4	ortholog_one2one	1	1
ntpcr	NTPCR	ortholog_one2one	1	1
ntrk1	NTRK1	ortholog_one2one	1	1
ntrk2b	NTRK2	ortholog_one2many	0	1
ntrk3a	NTRK3	ortholog_one2many	1	1
nubp1	NUBP1	ortholog_one2one	1	1
nubp2	NUBP2	ortholog_one2one	1	1
nubpl	NUBPL	ortholog_one2one	1	1
nucb1	NUCB1	ortholog_one2one	1	1
nucb2a	NUCB2	ortholog_one2many	1	1
nucb2b	NUCB2	ortholog_one2many	1	1
nucks1a	NUCKS1	ortholog_one2many	1	1
nucks1b	NUCKS1	ortholog_one2many	0	1
nudc	NUDC	ortholog_one2one	1	1
nudcd1	NUDCD1	ortholog_one2one	1	1
nudcd2	NUDCD2	ortholog_one2one	1	1
nudcd3	NUDCD3	ortholog_one2one	1	1
nudt1	NUDT1	ortholog_one2one	1	1
nudt13	NUDT13	ortholog_one2one	1	1
nudt14	NUDT14	ortholog_one2one	1	1
nudt15	NUDT15	ortholog_one2one	1	1
nudt17	NUDT17	ortholog_one2one	0	1
nudt18	NUDT18	ortholog_one2one	0	1
nudt19	NUDT19	ortholog_one2one	0	1
nudt2	NUDT2	ortholog_one2one	1	1
nudt22	NUDT22	ortholog_one2one	0	1
nudt3a	NUDT3	ortholog_one2many	0	1
nudt3b	NUDT3	ortholog_one2many	1	1
nudt4a	NUDT4	ortholog_many2many	0	2
nudt4a	NUDT4B	ortholog_many2many	0	2
nudt4b	NUDT4	ortholog_many2many	1	2
nudt4b	NUDT4B	ortholog_many2many	1	2
nudt5	NUDT5	ortholog_one2one	1	1
nudt6	NUDT6	ortholog_one2one	1	1
nudt9	NUDT9	ortholog_one2one	1	1
nuf2	NUF2	ortholog_one2one	0	1
nufip1	NUFIP1	ortholog_one2one	0	1
numb	NUMB	ortholog_one2one	1	1
numbl	NUMBL	ortholog_one2one	0	1
nup107	NUP107	ortholog_one2one	1	1
nup133	NUP133	ortholog_one2one	1	1
nup155	NUP155	ortholog_one2one	1	1
nup160	NUP160	ortholog_one2one	1	1
nup205	NUP205	ortholog_one2one	1	1
nup35	NUP35	ortholog_one2one	1	1
nup37	NUP37	ortholog_one2one	1	1
nup43	NUP43	ortholog_one2one	1	1
nup50	NUP50	ortholog_one2one	1	1
nup62l	NUP62	ortholog_one2one	0	1
nup85	NUP85	ortholog_one2many	1	1
nup88	NUP88	ortholog_one2one	1	1
nup93	NUP93	ortholog_one2one	1	1
nup98	NUP98	ortholog_one2one	1	1
nus1	NUS1	ortholog_one2one	1	1
nusap1	NUSAP1	ortholog_one2one	1	1
nutf2	NUTF2	ortholog_one2one	1	1
nvl	NVL	ortholog_one2one	1	1
nxn	NXN	ortholog_one2one	1	1
nxnl1	NXNL1	ortholog_one2one	1	1
nxnl2	NXNL2	ortholog_one2one	1	1
nxpe3	NXPE3	ortholog_one2one	1	1
nxph1	NXPH1	ortholog_one2one	1	1
nxt2	NXT2	ortholog_one2one	1	1
nyx	NYX	ortholog_one2one	1	1
oard1	OARD1	ortholog_one2one	1	1
oat	OAT	ortholog_one2one	1	1
oaz1a	OAZ1	ortholog_one2one	1	1
oaz1b	OAZ3	ortholog_one2one	0	1
oaz2a	OAZ2	ortholog_one2many	1	1
oaz2b	OAZ2	ortholog_one2many	0	1
obsl1a	OBSL1	ortholog_one2many	0	1
oc90	OC90	ortholog_one2one	0	1
ociad1	OCIAD1	ortholog_one2many	1	1
ociad2	OCIAD2	ortholog_one2one	1	1
oclna	OCLN	ortholog_one2many	0	1
oclnb	OCLN	ortholog_one2many	0	1
ocrl	OCRL	ortholog_one2one	1	1
ocstamp	OCSTAMP	ortholog_one2one	0	1
odc1	ODC1	ortholog_one2one	1	1
odf2b	ODF2	ortholog_one2many	0	1
ofd1	OFD1	ortholog_one2one	1	1
ogdha	OGDH	ortholog_one2many	0	1
ogfod1	OGFOD1	ortholog_one2one	1	1
ogfod2	OGFOD2	ortholog_one2one	1	1
ogg1	OGG1	ortholog_one2one	0	1
ogt.1	OGT	ortholog_one2many	1	1
oip5	OIP5	ortholog_one2one	0	1
ola1	OLA1	ortholog_one2many	1	1
olah	OLAH	ortholog_one2one	0	1
olfm1a	OLFM1	ortholog_one2many	1	1
olfm1b	OLFM1	ortholog_one2many	1	1
olfm2a	OLFM2	ortholog_one2many	1	1
olfm2b	OLFM2	ortholog_one2many	1	1
olfml2a	OLFML2A	ortholog_one2many	1	1
olfml2ba	OLFML2B	ortholog_one2many	0	1
olfml3a	OLFML3	ortholog_one2many	1	1
olfml3b	OLFML3	ortholog_one2many	1	1
olig1	OLIG1	ortholog_one2one	0	1
olig2	OLIG2	ortholog_one2one	1	1
olig3	OLIG3	ortholog_one2one	1	1
ompa	OMP	ortholog_one2many	1	1
ompb	OMP	ortholog_one2many	1	1
onecut1	ONECUT1	ortholog_one2one	1	1
opa1	OPA1	ortholog_one2one	1	1
opa3	OPA3	ortholog_one2one	1	1
opcml	NTM	ortholog_one2one	1	1
ophn1	OPHN1	ortholog_one2one	1	1
oplah	OPLAH	ortholog_one2one	1	1
opn1lw1	OPN1LW	ortholog_many2many	1	4
opn1lw1	OPN1MW	ortholog_many2many	0	4
opn1lw1	OPN1MW2	ortholog_many2many	0	4
opn1lw1	OPN1MW3	ortholog_many2many	0	4
opn1lw2	OPN1LW	ortholog_many2many	1	4
opn1lw2	OPN1MW	ortholog_many2many	1	4
opn1lw2	OPN1MW2	ortholog_many2many	1	4
opn1lw2	OPN1MW3	ortholog_many2many	1	4
opn1sw1	OPN1SW	ortholog_one2one	1	1
opn3	OPN3	ortholog_one2one	1	1
opn4a	OPN4	ortholog_one2many	1	1
opn4b	OPN4	ortholog_one2many	1	1
opn5	OPN5	ortholog_one2one	1	1
oprd1a	OPRD1	ortholog_one2many	1	1
oprd1b	OPRD1	ortholog_one2many	1	1
oprk1	OPRK1	ortholog_one2one	1	1
oprl1	OPRL1	ortholog_one2one	1	1
oprm1	OPRM1	ortholog_one2one	1	1
optn	OPTN	ortholog_one2one	1	1
ora1	VN1R5	ortholog_one2one	0	1
orai1b	ORAI1	ortholog_one2many	1	1
orai2	ORAI2	ortholog_one2one	1	1
orc1	ORC1	ortholog_one2one	1	1
orc2	ORC2	ortholog_one2one	0	1
orc3	ORC3	ortholog_one2one	0	1
orc4	ORC4	ortholog_one2one	1	1
orc5	ORC5	ortholog_one2one	1	1
orc6	ORC6	ortholog_one2one	1	1
ormdl1	ORMDL1	ortholog_one2one	1	1
ormdl2	ORMDL2	ortholog_one2one	1	1
ormdl3	ORMDL3	ortholog_one2one	1	1
os9	OS9	ortholog_one2one	0	1
osbp	OSBP	ortholog_one2one	1	1
osbpl2b	OSBPL2	ortholog_one2many	1	1
osbpl3a	OSBPL3	ortholog_one2many	1	1
osbpl6	OSBPL6	ortholog_one2one	1	1
osbpl7	OSBPL7	ortholog_one2one	0	1
osbpl9	OSBPL9	ortholog_one2one	1	1
oscp1a	OSCP1	ortholog_one2many	1	1
oser1	OSER1	ortholog_one2one	1	1
osgep	OSGEP	ortholog_one2one	1	1
osgepl1	OSGEPL1	ortholog_one2one	1	1
osr1	OSR1	ortholog_one2one	1	1
osr2	OSR2	ortholog_one2one	1	1
ost4	OST4	ortholog_one2one	1	1
ostc	OSTC	ortholog_one2one	1	1
ostf1	OSTF1	ortholog_one2one	1	1
otofa	OTOF	ortholog_one2many	1	1
otol1a	OTOL1	ortholog_one2many	1	1
otol1b	OTOL1	ortholog_one2many	1	1
otos	OTOS	ortholog_one2one	1	1
otpa	OTP	ortholog_one2many	1	1
otpb	OTP	ortholog_one2many	1	1
otub1a	OTUB1	ortholog_one2many	1	1
otub1b	OTUB1	ortholog_one2many	1	1
otud3	OTUD3	ortholog_one2one	1	1
otud5a	OTUD5	ortholog_one2many	1	1
otud5b	OTUD5	ortholog_one2many	1	1
otud6b	OTUD6B	ortholog_one2one	1	1
otud7b	OTUD7B	ortholog_one2one	1	1
otulina	YAE1	ortholog_one2one	1	1
otulinb	OTULIN	ortholog_one2many	0	1
otx5	CRX	ortholog_one2one	1	1
ovca2	OVCA2	ortholog_one2one	0	1
oxa1l	OXA1L	ortholog_one2one	1	1
oxct1a	OXCT1	ortholog_many2many	1	2
oxct1a	OXCT2	ortholog_many2many	0	2
oxct1b	OXCT1	ortholog_many2many	0	2
oxct1b	OXCT2	ortholog_many2many	1	2
oxnad1	OXNAD1	ortholog_one2one	1	1
oxr1b	OXR1	ortholog_one2one	1	1
oxt	AVP	ortholog_many2many	0	2
oxt	OXT	ortholog_many2many	1	2
p2rx1	P2RX1	ortholog_one2one	0	1
p2rx2	P2RX2	ortholog_one2one	1	1
p2rx3a	P2RX3	ortholog_one2many	1	1
p2rx3b	P2RX3	ortholog_one2many	1	1
p2rx4a	P2RX4	ortholog_one2many	1	1
p2rx4b	P2RX4	ortholog_one2many	1	1
p2rx5	P2RX5	ortholog_one2many	0	1
p2rx7	P2RX7	ortholog_one2one	0	1
p2rx8	P2RX5	ortholog_one2many	0	1
p2ry10	P2RY10	ortholog_one2one	1	1
p2ry11	P2RY11	ortholog_one2one	1	1
p3h4	P3H4	ortholog_one2one	0	1
p4ha1b	P4HA1	ortholog_one2one	1	1
p4ha2	P4HA2	ortholog_one2one	1	1
p4hb	P4HB	ortholog_one2one	1	1
pa2g4a	PA2G4	ortholog_one2one	1	1
pabpc1a	PABPC1L2A	ortholog_many2many	0	2
pabpc1a	PABPC1L2B	ortholog_many2many	0	2
pabpc1b	PABPC1L2A	ortholog_many2many	0	2
pabpc1b	PABPC1L2B	ortholog_many2many	0	2
pabpc1l	PABPC1L	ortholog_one2one	1	1
pabpc4	PABPC4	ortholog_one2one	1	1
pabpn1	PABPN1	ortholog_one2one	1	1
pacrg	PACRG	ortholog_one2one	1	1
pacs1a	PACS1	ortholog_one2many	1	1
pacs2	PACS2	ortholog_one2one	1	1
pacsin1a	PACSIN1	ortholog_one2many	1	1
pacsin1b	PACSIN1	ortholog_one2many	1	1
pacsin2	PACSIN2	ortholog_one2one	1	1
pacsin3	PACSIN3	ortholog_one2one	1	1
padi2	PADI1	ortholog_one2many	1	5
padi2	PADI2	ortholog_one2many	1	5
padi2	PADI3	ortholog_one2many	1	5
padi2	PADI4	ortholog_one2many	0	5
padi2	PADI6	ortholog_one2many	0	5
paf1	PAF1	ortholog_one2one	1	1
pafah1b1a	PAFAH1B1	ortholog_one2many	1	1
pafah1b1b	PAFAH1B1	ortholog_one2many	0	1
pafah1b2	PAFAH1B2	ortholog_one2one	1	1
pafah1b3	PAFAH1B3	ortholog_one2one	1	1
pah	PAH	ortholog_one2one	1	1
paics	PAICS	ortholog_one2one	1	1
paip1	PAIP1	ortholog_one2one	1	1
paip2b	PAIP2B	ortholog_one2one	1	1
pak1	PAK1	ortholog_one2one	1	1
pak1ip1	PAK1IP1	ortholog_one2one	1	1
pak2a	PAK2	ortholog_one2many	1	1
pak2b	PAK2	ortholog_one2many	0	1
pak4	PAK4	ortholog_one2one	1	1
pak6b	PAK6	ortholog_one2many	1	1
pald1a	PALD1	ortholog_one2many	1	1
pald1b	PALD1	ortholog_one2many	1	1
palm1a	PALM	ortholog_one2many	1	1
palm1b	PALM	ortholog_one2many	1	1
palm3	PALM3	ortholog_one2one	0	1
pam16	PAM16	ortholog_one2one	1	1
pan3	PAN3	ortholog_one2one	1	1
pane1	CENPM	ortholog_one2one	0	1
pank1a	PANK1	ortholog_one2many	1	1
pank1b	PANK1	ortholog_one2many	1	1
pank2	PANK2	ortholog_one2one	0	1
pank4	PANK4	ortholog_one2one	1	1
panx1a	PANX1	ortholog_one2many	1	1
panx1b	PANX1	ortholog_one2many	1	1
panx2	PANX2	ortholog_one2one	1	1
paplnb	PAPLN	ortholog_one2many	0	1
papola	PAPOLA	ortholog_one2one	1	1
papolg	PAPOLG	ortholog_one2one	1	1
pappaa	PAPPA	ortholog_one2many	1	1
pappab	PAPPA	ortholog_one2many	1	1
papss1	PAPSS1	ortholog_one2one	1	1
papss2a	PAPSS2	ortholog_one2many	1	1
papss2b	PAPSS2	ortholog_one2many	1	1
paqr3a	PAQR3	ortholog_one2many	1	1
paqr3b	PAQR3	ortholog_one2many	1	1
paqr5a	PAQR5	ortholog_one2many	1	1
paqr5b	PAQR5	ortholog_one2many	1	1
paqr7b	PAQR7	ortholog_one2one	1	1
paqr8	PAQR8	ortholog_one2one	1	1
pard6a	PARD6A	ortholog_one2one	0	1
pard6b	PARD6B	ortholog_one2one	0	1
pard6ga	PARD6G	ortholog_one2many	0	1
pard6gb	PARD6G	ortholog_one2many	1	1
park7	PARK7	ortholog_one2one	1	1
parla	PARL	ortholog_one2many	0	1
parn	PARN	ortholog_one2one	0	1
parp1	PARP1	ortholog_one2one	1	1
parp12a	PARP12	ortholog_one2one	1	1
parp12b	PARP15	ortholog_one2many	0	1
parp16	PARP16	ortholog_one2one	1	1
parp2	PARP2	ortholog_one2one	1	1
parp3	PARP3	ortholog_one2one	1	1
parp6a	PARP6	ortholog_one2many	1	1
parp8	PARP8	ortholog_one2one	1	1
parpbp	PARPBP	ortholog_one2one	1	1
pars2	PARS2	ortholog_one2one	1	1
parvaa	PARVA	ortholog_one2many	1	1
parvab	PARVA	ortholog_one2many	1	1
parvb	PARVB	ortholog_one2one	1	1
parvg	PARVG	ortholog_one2one	0	1
patl1	PATL1	ortholog_one2one	0	1
pawr	PAWR	ortholog_one2one	1	1
pax1a	PAX1	ortholog_one2many	1	1
pax2a	PAX2	ortholog_one2many	1	1
pax2b	PAX2	ortholog_one2many	1	1
pax3a	PAX3	ortholog_one2many	1	1
pax5	PAX5	ortholog_one2one	1	1
pax6a	PAX6	ortholog_one2many	1	1
pax6b	PAX6	ortholog_one2many	1	1
pax7a	PAX7	ortholog_one2many	1	1
pax7b	PAX7	ortholog_one2many	1	1
pax9	PAX9	ortholog_one2one	1	1
paxip1	PAXIP1	ortholog_one2one	1	1
pbdc1	PBDC1	ortholog_one2one	1	1
pbk	PBK	ortholog_one2one	1	1
pbld2	PBLD	ortholog_one2many	1	1
pbx2	PBX4	ortholog_many2many	0	3
pbx2	TGIF2LX	ortholog_many2many	0	3
pbx2	TGIF2LY	ortholog_many2many	0	3
pbx3b	PBX3	ortholog_one2one	1	1
pbx4	TGIF2LX	ortholog_many2many	0	2
pbx4	TGIF2LY	ortholog_many2many	0	2
pcbd1	PCBD1	ortholog_one2one	1	1
pcbp2	PCBP2	ortholog_one2one	1	1
pcbp4	PCBP4	ortholog_one2one	1	1
pcca	PCCA	ortholog_one2one	1	1
pccb	PCCB	ortholog_one2one	1	1
pcdh10a	PCDH10	ortholog_one2many	1	1
pcdh10b	PCDH10	ortholog_one2many	1	1
pcdh15a	PCDH15	ortholog_one2many	1	1
pcdh15b	PCDH15	ortholog_one2many	1	1
pcdh17	PCDH17	ortholog_one2one	1	1
pcdh18a	PCDH18	ortholog_one2many	1	1
pcdh18b	PCDH18	ortholog_one2many	1	1
pcdh19	PCDH19	ortholog_one2one	1	1
pcdh2ab9	PCDHAC2	ortholog_one2many	0	1
pcdh2ac	PCDHAC2	ortholog_one2many	0	1
pcf11	PCF11	ortholog_one2one	1	1
pcgf1	PCGF1	ortholog_one2one	1	1
pcgf5a	PCGF5	ortholog_one2many	1	1
pcgf5b	PCGF5	ortholog_one2many	1	1
pcgf6	PCGF6	ortholog_one2one	1	1
pcid2	PCID2	ortholog_one2one	1	1
pck1	PCK1	ortholog_one2one	1	1
pck2	PCK2	ortholog_one2one	0	1
pcm1	PCM1	ortholog_one2one	1	1
pcmt	PCMT1	ortholog_one2one	1	1
pcna	PCNA	ortholog_one2one	1	1
pcnp	PCNP	ortholog_one2many	1	1
pcolce2b	PCOLCE2	ortholog_one2many	1	1
pcolcea	PCOLCE	ortholog_one2many	0	1
pcolceb	PCOLCE	ortholog_one2many	0	1
pcp4a	PCP4	ortholog_one2many	1	1
pcsk1	PCSK1	ortholog_one2one	1	1
pcsk2	PCSK2	ortholog_one2one	1	1
pcsk5b	PCSK5	ortholog_one2one	1	1
pcsk7	PCSK7	ortholog_one2one	1	1
pctp	PCTP	ortholog_one2one	1	1
pcxa	PC	ortholog_one2many	1	1
pcxb	PC	ortholog_one2many	1	1
pcyox1	PCYOX1	ortholog_one2one	0	1
pcyt1aa	PCYT1A	ortholog_one2many	1	1
pcyt1ab	PCYT1A	ortholog_one2many	1	1
pcyt1ba	PCYT1B	ortholog_one2one	0	1
pcyt2	PCYT2	ortholog_one2one	1	1
pdap1b	PDAP1	ortholog_one2one	1	1
pdca	PDC	ortholog_one2many	1	1
pdcb	PDC	ortholog_one2many	1	1
pdcd10a	PDCD10	ortholog_one2many	1	1
pdcd10b	PDCD10	ortholog_one2many	1	1
pdcd11	PDCD11	ortholog_one2one	0	1
pdcd2	PDCD2	ortholog_one2one	1	1
pdcd2l	PDCD2L	ortholog_one2one	0	1
pdcd4b	PDCD4	ortholog_one2one	1	1
pdcd5	PDCD5	ortholog_one2one	1	1
pdcd6	PDCD6	ortholog_one2one	1	1
pdcd7	PDCD7	ortholog_one2one	1	1
pdcl	PDCL	ortholog_one2one	1	1
pde10a	PDE10A	ortholog_one2one	1	1
pde12	PDE12	ortholog_one2one	1	1
pde5ab	PDE5A	ortholog_one2one	1	1
pde6c	PDE6C	ortholog_one2one	1	1
pde6d	PDE6D	ortholog_one2one	1	1
pde7a	PDE7A	ortholog_one2one	1	1
pde8a	PDE8A	ortholog_one2one	0	1
pdf	PDF	ortholog_one2one	1	1
pdgfaa	PDGFA	ortholog_one2many	1	1
pdgfab	PDGFA	ortholog_one2many	1	1
pdgfra	PDGFRA	ortholog_one2one	1	1
pdgfrl	PDGFRL	ortholog_one2one	1	1
pdha1a	PDHA1	ortholog_many2many	1	2
pdha1a	PDHA2	ortholog_many2many	0	2
pdha1b	PDHA1	ortholog_many2many	0	2
pdha1b	PDHA2	ortholog_many2many	1	2
pdhb	PDHB	ortholog_one2one	1	1
pdhx	PDHX	ortholog_one2one	1	1
pdia2	PDIA2	ortholog_many2many	0	1
pdia3	PDIA3	ortholog_one2one	1	1
pdia4	PDIA4	ortholog_one2one	1	1
pdia5	PDIA5	ortholog_one2one	1	1
pdia6	PDIA6	ortholog_one2one	1	1
pdik1l	PDIK1L	ortholog_one2one	1	1
pdk2b	PDK2	ortholog_one2many	1	1
pdk3b	PDK3	ortholog_one2many	1	1
pdk4	PDK4	ortholog_one2one	1	1
pdlim1	PDLIM1	ortholog_one2one	1	1
pdlim2	PDLIM2	ortholog_one2one	0	1
pdlim3a	PDLIM3	ortholog_one2many	1	1
pdlim3b	PDLIM3	ortholog_one2many	1	1
pdlim4	PDLIM4	ortholog_one2one	0	1
pdlim5a	PDLIM5	ortholog_one2many	1	1
pdlim5b	PDLIM5	ortholog_one2many	1	1
pdp1	PDP1	ortholog_one2one	1	1
pdp2	PDP2	ortholog_one2one	1	1
pdpk1a	PDPK1	ortholog_one2many	1	1
pdpk1b	PDPK1	ortholog_one2many	1	1
pdrg1	PDRG1	ortholog_one2one	0	1
pds5a	PDS5A	ortholog_one2one	1	1
pdss1	PDSS1	ortholog_one2one	1	1
pdss2	PDSS2	ortholog_one2one	1	1
pdxdc1	PDXDC1	ortholog_one2one	1	1
pdxka	PDXK	ortholog_one2many	1	1
pdxkb	PDXK	ortholog_one2many	1	1
pdxp	PDXP	ortholog_one2one	1	1
pdyn	PDYN	ortholog_one2one	0	1
pdzd11	PDZD11	ortholog_one2one	1	1
pdzd7a	PDZD7	ortholog_one2one	1	1
pdzk1	PDZK1	ortholog_one2one	0	1
pdzk1ip1	PDZK1IP1	ortholog_one2one	0	1
pdzrn3b	PDZRN3	ortholog_one2many	1	1
pdzrn4	PDZRN4	ortholog_one2one	1	1
pecr	PECR	ortholog_one2one	0	1
pef1	PEF1	ortholog_one2one	1	1
peli1b	PELI1	ortholog_one2one	1	1
peli2	PELI2	ortholog_one2one	1	1
pelo	PELO	ortholog_one2one	1	1
pemt	PEMT	ortholog_one2one	0	1
penka	PENK	ortholog_one2many	0	1
penkb	PENK	ortholog_one2many	1	1
pepd	PEPD	ortholog_one2one	1	1
per1a	PER1	ortholog_one2many	1	1
per1b	PER1	ortholog_one2many	1	1
per2	PER2	ortholog_one2one	1	1
per3	PER3	ortholog_one2one	1	1
perp	PERP	ortholog_one2one	1	1
pes	PES1	ortholog_one2one	1	1
pet100	PET100	ortholog_one2one	0	1
pex1	PEX1	ortholog_one2one	1	1
pex10	PEX10	ortholog_one2one	1	1
pex11a	PEX11A	ortholog_one2one	1	1
pex11b	PEX11B	ortholog_one2one	1	1
pex11g	PEX11G	ortholog_one2one	1	1
pex12	PEX12	ortholog_one2one	1	1
pex13	PEX13	ortholog_one2one	1	1
pex16	PEX16	ortholog_one2one	1	1
pex19	PEX19	ortholog_one2one	1	1
pex26	PEX26	ortholog_one2one	0	1
pex5	PEX5	ortholog_one2one	1	1
pex7	PEX7	ortholog_one2one	1	1
pfas	PFAS	ortholog_one2one	1	1
pfdn1	PFDN1	ortholog_one2one	1	1
pfdn2	PFDN2	ortholog_one2one	1	1
pfdn5	PFDN5	ortholog_one2one	1	1
pfdn6	PFDN6	ortholog_one2one	1	1
pfkfb1	PFKFB1	ortholog_one2many	0	1
pfkfb2a	PFKFB2	ortholog_one2many	0	1
pfkfb3	PFKFB3	ortholog_one2one	1	1
pfkfb4a	PFKFB4	ortholog_one2many	0	1
pfkfb4b	PFKFB4	ortholog_one2many	1	1
pfklb	PFKL	ortholog_one2many	1	1
pfkma	PFKM	ortholog_one2many	1	1
pfkmb	PFKM	ortholog_one2many	1	1
pfn1	PFN1	ortholog_one2one	0	1
pgam1a	PGAM1	ortholog_many2many	1	2
pgam1a	PGAM4	ortholog_many2many	1	2
pgam1b	PGAM1	ortholog_many2many	0	2
pgam1b	PGAM4	ortholog_many2many	0	2
pgam2	PGAM2	ortholog_one2one	1	1
pgam5	PGAM5	ortholog_one2one	1	1
pgap2	PGAP2	ortholog_one2one	1	1
pgap3	PGAP3	ortholog_one2one	1	1
pgbd5	PGBD5	ortholog_one2one	1	1
pgd	PGD	ortholog_one2one	1	1
pggt1b	PGGT1B	ortholog_one2one	1	1
pgk1	PGK1	ortholog_one2many	1	2
pgk1	PGK2	ortholog_one2many	1	2
pgls	PGLS	ortholog_one2one	1	1
pglyrp2	PGLYRP2	ortholog_one2many	1	1
pglyrp5	PGLYRP1	ortholog_one2one	0	1
pglyrp6	PGLYRP2	ortholog_one2many	0	1
pgm2	PGM2	ortholog_one2one	1	1
pgm2l1	PGM2L1	ortholog_one2one	1	1
pgm3	PGM3	ortholog_one2one	1	1
pgm5	PGM5	ortholog_one2one	1	1
pgp	PGP	ortholog_one2one	1	1
pgpep1	PGPEP1	ortholog_one2one	1	1
pgr	PGR	ortholog_one2one	1	1
pgrmc1	PGRMC1	ortholog_one2one	1	1
pgrmc2	PGRMC2	ortholog_one2one	1	1
phactr3a	PHACTR3	ortholog_one2many	1	1
phactr3b	PHACTR3	ortholog_one2many	1	1
phactr4b	PHACTR4	ortholog_one2many	0	1
phax	PHAX	ortholog_one2one	1	1
phb	PHB1	ortholog_one2one	1	1
phb2a	PHB2	ortholog_one2many	1	1
phb2b	PHB2	ortholog_one2many	1	1
phc1	SCML1	ortholog_one2many	0	2
phc1	THAP10	ortholog_one2many	0	2
phc2a	PHC3	ortholog_one2many	0	1
phc2b	PHC3	ortholog_one2many	0	1
phex	PHEX	ortholog_one2one	1	1
phf10	PHF10	ortholog_one2one	1	1
phf19	PHF19	ortholog_one2one	1	1
phf2	PHF2	ortholog_one2one	1	1
phf20b	PHF20	ortholog_one2many	0	1
phf23a	PHF23	ortholog_one2many	0	1
phf23b	PHF23	ortholog_one2many	0	1
phf5a	PHF5A	ortholog_one2one	1	1
phf6	PHF6	ortholog_one2one	1	1
phf8	PHF8	ortholog_one2one	1	1
phgdh	PHGDH	ortholog_one2one	1	1
phkg1a	PHKG1	ortholog_one2many	1	1
phkg1b	PHKG1	ortholog_one2many	1	1
phkg2	PHKG2	ortholog_one2one	1	1
phlda1	PHLDA1	ortholog_one2one	1	1
phlda2	PHLDA2	ortholog_one2one	1	1
phlda3	PHLDA3	ortholog_one2one	1	1
phospho1	PHOSPHO1	ortholog_one2one	1	1
phospho2	PHOSPHO2	ortholog_one2one	1	1
phox2a	PHOX2A	ortholog_one2one	1	1
phox2bb	PHOX2B	ortholog_one2one	1	1
phpt1	PHPT1	ortholog_one2one	1	1
phtf2	PHTF2	ortholog_one2one	1	1
phyh	PHYH	ortholog_one2one	1	1
phyhd1	PHYHD1	ortholog_one2one	1	1
phykpl	PHYKPL	ortholog_one2one	1	1
pi15a	PI15	ortholog_one2many	1	1
pi4k2a	PI4K2A	ortholog_one2one	1	1
pi4k2b	PI4K2B	ortholog_one2one	1	1
pi4kaa	PI4KA	ortholog_one2one	1	1
pi4kb	PI4KB	ortholog_one2one	1	1
pias4a	PIAS4	ortholog_one2many	1	1
pias4b	PIAS4	ortholog_one2many	0	1
pibf1	PIBF1	ortholog_one2one	1	1
picalma	PICALM	ortholog_one2many	1	1
picalmb	PICALM	ortholog_one2many	1	1
pick1	PICK1	ortholog_one2one	1	1
pid1	PID1	ortholog_one2one	1	1
pif1	PIF1	ortholog_one2one	1	1
piga	PIGA	ortholog_one2one	1	1
pigb	PIGB	ortholog_one2one	1	1
pigc	PIGC	ortholog_one2one	1	1
pigf	PIGF	ortholog_one2one	1	1
pigh	PIGH	ortholog_one2one	1	1
pigk	PIGK	ortholog_one2one	1	1
pigl	PIGL	ortholog_one2one	1	1
pigm	PIGM	ortholog_one2one	1	1
pign	PIGN	ortholog_one2one	1	1
pigp	PIGP	ortholog_one2one	1	1
pigq	PIGQ	ortholog_one2one	1	1
pigr	FCAMR	ortholog_one2many	0	1
pigrl2.3	FCAMR	ortholog_one2many	0	1
pigs	PIGS	ortholog_one2one	1	1
pigu	PIGU	ortholog_one2one	1	1
pigv	PIGV	ortholog_one2one	1	1
pigw	PIGW	ortholog_one2one	1	1
pigx	PIGX	ortholog_one2one	0	1
pih1d1	PIH1D1	ortholog_one2one	0	1
pih1d2	PIH1D2	ortholog_one2one	0	1
pik3c3	PIK3C3	ortholog_one2one	1	1
pik3cd	PIK3CD	ortholog_one2one	1	1
pik3cg	PIK3CG	ortholog_one2one	1	1
pik3ip1	PIK3IP1	ortholog_one2one	1	1
pik3r1	PIK3R1	ortholog_one2one	1	1
pik3r2	PIK3R2	ortholog_one2one	0	1
pik3r3a	PIK3R3	ortholog_one2many	0	1
pik3r3b	PIK3R3	ortholog_one2many	1	1
pikfyve	PIKFYVE	ortholog_one2one	1	1
pim1	PIM1	ortholog_one2one	1	1
pim3	PIM3	ortholog_one2one	1	1
pin1	PIN1	ortholog_one2one	1	1
pin4	PIN4	ortholog_one2one	1	1
pink1	PINK1	ortholog_one2one	1	1
pinx1	PINX1	ortholog_one2one	1	1
pip4k2aa	PIP4K2A	ortholog_one2many	1	1
pip4k2ca	PIP4K2C	ortholog_one2many	1	1
pip5k1ab	PIP5K1A	ortholog_one2one	1	1
pip5k1ba	PIP5K1B	ortholog_one2many	0	1
pip5k1bb	PIP5K1B	ortholog_one2many	1	1
pir	PIR	ortholog_one2one	1	1
pisd	PISD	ortholog_one2one	1	1
pithd1	PITHD1	ortholog_one2one	1	1
pitpnaa	PITPNA	ortholog_one2many	0	1
pitpnb	PITPNB	ortholog_one2one	1	1
pitrm1	PITRM1	ortholog_one2one	1	1
pitx2	PITX1	ortholog_one2one	0	1
piwil1	PIWIL1	ortholog_one2many	1	2
piwil1	PIWIL3	ortholog_one2many	1	2
piwil2	PIWIL2	ortholog_one2one	1	1
pkd2	PKD2	ortholog_one2one	1	1
pkdcca	PKDCC	ortholog_one2one	1	1
pkib	PKIB	ortholog_one2one	1	1
pkig	PKIG	ortholog_one2one	1	1
pklr	PKLR	ortholog_one2one	1	1
pkmyt1	PKMYT1	ortholog_one2one	0	1
pkn1b	PKN1	ortholog_one2many	1	1
pknox1.1	PKNOX1	ortholog_one2many	1	1
pknox2	PKNOX2	ortholog_one2one	1	1
pkp2	PKP2	ortholog_one2one	0	1
pkp3a	PKP3	ortholog_one2many	0	1
pla1a	PLA1A	ortholog_one2one	0	1
pla2g12a	PLA2G12A	ortholog_one2one	1	1
pla2g12b	PLA2G12B	ortholog_one2one	1	1
pla2g4aa	PLA2G4A	ortholog_one2many	1	1
pla2g6	PLA2G6	ortholog_one2one	1	1
pla2g7	PLA2G7	ortholog_one2one	1	1
plaa	PLAA	ortholog_one2one	1	1
plac8.1	PLAC8	ortholog_one2many	1	1
plag1	PLAG1	ortholog_one2one	1	1
plagl2	OVOL3	ortholog_many2many	0	22
plagl2	PEG3	ortholog_many2many	0	22
plagl2	PLAGL1	ortholog_many2many	0	22
plagl2	PLAGL2	ortholog_many2many	1	22
plagl2	SCAND1	ortholog_many2many	0	22
plagl2	ZKSCAN2	ortholog_many2many	0	22
plagl2	ZNF174	ortholog_many2many	0	22
plagl2	ZNF18	ortholog_many2many	0	22
plagl2	ZNF202	ortholog_many2many	0	22
plagl2	ZNF274	ortholog_many2many	0	22
plagl2	ZNF444	ortholog_many2many	0	22
plagl2	ZNF446	ortholog_many2many	0	22
plagl2	ZNF496	ortholog_many2many	0	22
plagl2	ZNF576	ortholog_many2many	0	22
plagl2	ZNF641	ortholog_many2many	0	22
plagl2	ZNF770	ortholog_many2many	0	22
plagl2	ZSCAN1	ortholog_many2many	0	22
plagl2	ZSCAN18	ortholog_many2many	0	22
plagl2	ZSCAN29	ortholog_many2many	0	22
plagl2	ZSCAN5A	ortholog_many2many	0	22
plagl2	ZSCAN5B	ortholog_many2many	0	22
plagl2	ZSCAN5C	ortholog_many2many	0	22
plagx	OVOL3	ortholog_many2many	0	22
plagx	PEG3	ortholog_many2many	0	22
plagx	PLAGL1	ortholog_many2many	0	22
plagx	PLAGL2	ortholog_many2many	0	22
plagx	SCAND1	ortholog_many2many	0	22
plagx	ZKSCAN2	ortholog_many2many	0	22
plagx	ZNF174	ortholog_many2many	0	22
plagx	ZNF18	ortholog_many2many	0	22
plagx	ZNF202	ortholog_many2many	0	22
plagx	ZNF274	ortholog_many2many	0	22
plagx	ZNF444	ortholog_many2many	0	22
plagx	ZNF446	ortholog_many2many	0	22
plagx	ZNF496	ortholog_many2many	0	22
plagx	ZNF576	ortholog_many2many	0	22
plagx	ZNF641	ortholog_many2many	0	22
plagx	ZNF770	ortholog_many2many	0	22
plagx	ZSCAN1	ortholog_many2many	0	22
plagx	ZSCAN18	ortholog_many2many	0	22
plagx	ZSCAN29	ortholog_many2many	0	22
plagx	ZSCAN5A	ortholog_many2many	0	22
plagx	ZSCAN5B	ortholog_many2many	0	22
plagx	ZSCAN5C	ortholog_many2many	0	22
plaub	PLAU	ortholog_one2one	1	1
plcb3	PLCB3	ortholog_one2one	1	1
plcd1a	PLCD1	ortholog_one2many	1	1
plcd1b	PLCD1	ortholog_one2many	1	1
plcd3a	PLCD3	ortholog_one2many	1	1
plce1	PLCE1	ortholog_one2one	1	1
plcg1	PLCG1	ortholog_one2one	1	1
plcg2	PLCG2	ortholog_one2one	1	1
plcxd3	PLCXD3	ortholog_one2one	1	1
pld1a	PLD1	ortholog_one2many	1	1
pld6	PLD6	ortholog_one2one	0	1
plek	PLEK	ortholog_one2one	1	1
plek2	PLEK2	ortholog_one2one	1	1
plekha1a	PLEKHA1	ortholog_one2many	0	1
plekha3	PLEKHA3	ortholog_one2one	1	1
plekha7a	PLEKHA7	ortholog_one2many	1	1
plekha8	PLEKHA8	ortholog_one2one	1	1
plekhb2	PLEKHB2	ortholog_one2one	1	1
plekhf1	PLEKHF1	ortholog_one2many	1	2
plekhf1	ZFYVE16	ortholog_one2many	0	2
plekhf2	PLEKHF2	ortholog_one2one	1	1
plekhg7	PLEKHG7	ortholog_one2one	0	1
plekhh1	PLEKHH1	ortholog_one2one	1	1
plekhj1	PLEKHJ1	ortholog_one2one	1	1
plekhm1	PLEKHM1	ortholog_one2one	1	1
plekhm2	PLEKHM2	ortholog_one2one	1	1
plg	PLG	ortholog_one2many	1	2
plg	PLGLB2	ortholog_one2many	0	2
plgrkt	PLGRKT	ortholog_one2one	0	1
plin2	PLIN2	ortholog_one2one	1	1
plk2b	PLK2	ortholog_one2many	1	1
plk3	PLK3	ortholog_one2one	1	1
plk4	PLK4	ortholog_one2one	1	1
pllp	PLLP	ortholog_one2one	0	1
plod1a	PLOD1	ortholog_one2one	1	1
plod2	PLOD2	ortholog_one2one	1	1
plod3	PLOD3	ortholog_one2one	1	1
plp1a	PLP1	ortholog_one2many	1	1
plp1b	PLP1	ortholog_one2many	0	1
plrg1	PLRG1	ortholog_one2one	1	1
pls1	PLS1	ortholog_one2one	1	1
pls3	PLS3	ortholog_one2one	1	1
plscr3a	PLSCR2	ortholog_many2many	0	3
plscr3a	PLSCR3	ortholog_many2many	0	3
plscr3a	PLSCR4	ortholog_many2many	0	3
plscr3b	PLSCR2	ortholog_many2many	0	3
plscr3b	PLSCR3	ortholog_many2many	0	3
plscr3b	PLSCR4	ortholog_many2many	0	3
pltp	PLTP	ortholog_one2one	1	1
plxdc1	PLXDC1	ortholog_one2one	0	1
plxna1b	PLXNA1	ortholog_one2many	1	1
plxna4	PLXNA4	ortholog_one2one	1	1
plxnb2b	PLXNB2	ortholog_one2many	0	1
plxnd1	PLXND1	ortholog_one2one	0	1
pm20d1.1	PM20D1	ortholog_one2many	0	1
pm20d1.2	PM20D1	ortholog_one2many	0	1
pmch	PMCH	ortholog_one2many	1	1
pmchl	PMCH	ortholog_one2many	0	1
pmela	PMEL	ortholog_one2many	0	1
pmelb	PMEL	ortholog_one2many	0	1
pmm2	PMM2	ortholog_one2one	1	1
pmp22a	PMP22	ortholog_one2many	0	1
pmp22b	PMP22	ortholog_one2many	1	1
pmpca	PMPCA	ortholog_one2one	1	1
pmpcb	PMPCB	ortholog_one2one	1	1
pms1	PMS1	ortholog_one2one	1	1
pmvk	PMVK	ortholog_one2one	1	1
pnisr	PNISR	ortholog_one2one	1	1
pnkd	PNKD	ortholog_one2one	1	1
pnkp	PNKP	ortholog_one2one	0	1
pnn	PNN	ortholog_one2one	1	1
pno1	PNO1	ortholog_one2one	1	1
pnocb	PNOC	ortholog_one2many	0	1
pnp5a	PNP	ortholog_one2many	1	1
pnp5b	PNP	ortholog_one2many	1	1
pnpla3	PNPLA3	ortholog_one2one	1	1
pnpla4	PNPLA4	ortholog_one2one	1	1
pnpla7a	PNPLA7	ortholog_one2many	0	1
pnpo	PNPO	ortholog_one2one	1	1
pnrc1	PNRC1	ortholog_one2one	0	1
pnrc2	PNRC2	ortholog_one2one	1	1
poc1a	POC1A	ortholog_one2one	1	1
poc1bl	GALNT4	ortholog_one2one	1	1
podxl	PODXL	ortholog_one2one	0	1
pofut1	POFUT1	ortholog_one2one	1	1
pofut2	POFUT2	ortholog_one2one	1	1
poglut1	POGLUT1	ortholog_one2one	1	1
pola1	POLA1	ortholog_one2one	1	1
pola2	POLA2	ortholog_one2one	1	1
polb	POLB	ortholog_one2one	1	1
pold1	POLD1	ortholog_one2one	1	1
pold2	POLD2	ortholog_one2one	1	1
poldip2	POLDIP2	ortholog_one2one	1	1
pole	POLE	ortholog_one2one	1	1
pole2	POLE2	ortholog_one2one	1	1
polh	POLH	ortholog_one2one	1	1
poli	POLI	ortholog_one2one	0	1
poll	POLL	ortholog_one2one	1	1
polm	POLM	ortholog_one2one	0	1
poln	POLN	ortholog_one2one	1	1
polr1b	POLR1B	ortholog_one2one	1	1
polr1c	POLR1C	ortholog_one2one	1	1
polr1d	POLR1D	ortholog_one2one	1	1
polr1e	POLR1E	ortholog_one2one	0	1
polr2b	POLR2B	ortholog_one2many	1	1
polr2c	POLR2C	ortholog_one2one	1	1
polr2d	POLR2D	ortholog_one2one	1	1
polr2eb	POLR2E	ortholog_one2many	1	1
polr2f	POLR2F	ortholog_one2one	1	1
polr2h	POLR2H	ortholog_one2one	1	1
polr2i	POLR2I	ortholog_one2one	1	1
polr2j	POLR2J2	ortholog_one2many	1	2
polr2j	POLR2J3	ortholog_one2many	1	2
polr2k	POLR2K	ortholog_one2one	1	1
polr2l	POLR2L	ortholog_one2one	1	1
polr3a	POLR3A	ortholog_one2one	1	1
polr3c	POLR3C	ortholog_one2one	1	1
polr3e	POLR3E	ortholog_one2one	1	1
polr3f	POLR3F	ortholog_one2one	1	1
polr3h	POLR3H	ortholog_one2one	1	1
polr3k	POLR3K	ortholog_one2one	1	1
pomca	POMC	ortholog_one2many	1	1
pomcb	POMC	ortholog_one2many	0	1
pomgnt1	POMGNT1	ortholog_one2one	1	1
pomgnt2	POMGNT2	ortholog_one2one	1	1
pomk	POMK	ortholog_one2one	1	1
pomp	POMP	ortholog_one2one	1	1
pomt1	POMT1	ortholog_one2one	1	1
pomt2	POMT2	ortholog_one2one	1	1
pon1	PON1	ortholog_many2many	0	3
pon1	PON2	ortholog_many2many	0	3
pon1	PON3	ortholog_many2many	0	3
pon2	PON1	ortholog_many2many	0	3
pon2	PON2	ortholog_many2many	0	3
pon2	PON3	ortholog_many2many	0	3
pop4	POP4	ortholog_one2one	1	1
pop5	POP5	ortholog_one2one	0	1
pop7	POP7	ortholog_one2one	1	1
popdc2	POPDC2	ortholog_one2one	1	1
popdc3	POPDC3	ortholog_one2one	1	1
pora	POR	ortholog_one2many	1	1
porb	POR	ortholog_one2many	1	1
porcn	PORCN	ortholog_one2many	1	1
porcnl	PORCN	ortholog_one2many	1	1
postnb	POSTN	ortholog_one2many	1	1
pot1	POT1	ortholog_one2one	1	1
pou1f1	POU1F1	ortholog_one2one	1	1
pou2f1b	POU2F1	ortholog_one2many	1	1
pou2f3	POU2F3	ortholog_one2one	0	1
pou3f1	POU3F1	ortholog_many2many	1	4
pou3f1	POU5F1	ortholog_many2many	0	4
pou3f1	POU5F1B	ortholog_many2many	0	4
pou3f1	POU5F2	ortholog_many2many	0	4
pou3f2b	POU3F2	ortholog_one2one	1	1
pou4f1	POU4F1	ortholog_one2one	1	1
pou4f2	POU4F2	ortholog_one2one	1	1
pou4f3	POU4F3	ortholog_one2one	1	1
pou5f3	POU3F1	ortholog_many2many	0	4
pou5f3	POU5F1	ortholog_many2many	0	4
pou5f3	POU5F1B	ortholog_many2many	0	4
pou5f3	POU5F2	ortholog_many2many	0	4
pou6f1	POU6F1	ortholog_one2one	1	1
ppa1a	PPA1	ortholog_one2many	0	1
ppa1b	PPA1	ortholog_one2many	0	1
ppa2	PPA2	ortholog_one2one	1	1
ppan	PPAN	ortholog_one2one	1	1
pparaa	PPARA	ortholog_one2many	0	1
pparab	PPARA	ortholog_one2many	1	1
ppardb	PPARD	ortholog_one2many	1	1
ppat	PPAT	ortholog_one2one	1	1
ppcdc	PPCDC	ortholog_one2one	1	1
ppcs	PPCS	ortholog_one2one	1	1
ppdpfa	PPDPF	ortholog_many2many	1	2
ppdpfa	PPDPFL	ortholog_many2many	0	2
ppdpfb	PPDPF	ortholog_many2many	1	2
ppdpfb	PPDPFL	ortholog_many2many	0	2
ppef1	PPEF1	ortholog_one2one	1	1
ppfia2	PPFIA2	ortholog_one2one	1	1
ppfia4	PPFIA4	ortholog_one2one	1	1
ppfibp2b	PPFIBP2	ortholog_one2many	0	1
pphln1	PPHLN1	ortholog_one2one	1	1
ppiaa	PPIA	ortholog_many2many	0	8
ppiaa	PPIAL4A	ortholog_many2many	0	8
ppiaa	PPIAL4C	ortholog_many2many	0	8
ppiaa	PPIAL4D	ortholog_many2many	0	8
ppiaa	PPIAL4E	ortholog_many2many	0	8
ppiaa	PPIAL4F	ortholog_many2many	0	8
ppiaa	PPIAL4G	ortholog_many2many	0	8
ppiaa	PPIAL4H	ortholog_many2many	1	8
ppiab	PPIA	ortholog_many2many	1	8
ppiab	PPIAL4A	ortholog_many2many	0	8
ppiab	PPIAL4C	ortholog_many2many	0	8
ppiab	PPIAL4D	ortholog_many2many	0	8
ppiab	PPIAL4E	ortholog_many2many	0	8
ppiab	PPIAL4F	ortholog_many2many	0	8
ppiab	PPIAL4G	ortholog_many2many	0	8
ppiab	PPIAL4H	ortholog_many2many	0	8
ppib	PPIB	ortholog_one2one	1	1
ppid	PPID	ortholog_one2one	1	1
ppie	PPIE	ortholog_one2one	1	1
ppifa	PPIA	ortholog_many2many	1	8
ppifa	PPIAL4A	ortholog_many2many	1	8
ppifa	PPIAL4C	ortholog_many2many	1	8
ppifa	PPIAL4D	ortholog_many2many	1	8
ppifa	PPIAL4E	ortholog_many2many	1	8
ppifa	PPIAL4F	ortholog_many2many	1	8
ppifa	PPIAL4G	ortholog_many2many	1	8
ppifa	PPIAL4H	ortholog_many2many	0	8
ppifb	PPIF	ortholog_one2one	0	1
ppig	PPIG	ortholog_one2one	1	1
ppih	PPIH	ortholog_one2one	1	1
ppil1	PPIL1	ortholog_one2one	1	1
ppil2	PPIL2	ortholog_one2one	1	1
ppil4	PPIL4	ortholog_one2one	1	1
ppil6	PPIL6	ortholog_one2one	1	1
ppl	PPL	ortholog_one2one	1	1
ppm1aa	PPM1A	ortholog_one2many	1	1
ppm1ab	PPM1A	ortholog_one2many	1	1
ppm1ba	PPM1B	ortholog_one2one	1	1
ppm1da	PPM1D	ortholog_one2many	1	1
ppm1db	PPM1D	ortholog_one2many	1	1
ppm1e	PPM1E	ortholog_one2one	1	1
ppm1f	PPM1F	ortholog_one2one	1	1
ppm1g	PPM1G	ortholog_one2one	1	1
ppm1h	PPM1H	ortholog_many2many	1	4
ppm1h	PPM1J	ortholog_many2many	1	4
ppm1h	PPM1M	ortholog_many2many	0	4
ppm1h	PPM1N	ortholog_many2many	0	4
ppm1la	PPM1L	ortholog_one2many	1	1
ppm1lb	PPM1L	ortholog_one2many	1	1
ppm1na	PPM1J	ortholog_many2many	0	3
ppm1na	PPM1M	ortholog_many2many	0	3
ppm1na	PPM1N	ortholog_many2many	0	3
ppm1nb	PPM1J	ortholog_many2many	0	3
ppm1nb	PPM1M	ortholog_many2many	0	3
ppm1nb	PPM1N	ortholog_many2many	0	3
ppme1	PPME1	ortholog_one2one	1	1
ppox	PPOX	ortholog_one2one	1	1
ppp1cb	PPP1CB	ortholog_one2many	1	1
ppp1cbl	PPP1CB	ortholog_one2many	0	1
ppp1r10	PPP1R10	ortholog_one2one	1	1
ppp1r11	PPP1R11	ortholog_one2one	1	1
ppp1r12a	PPP1R12A	ortholog_one2one	1	1
ppp1r12c	PPP1R12C	ortholog_one2one	0	1
ppp1r13ba	PPP1R13B	ortholog_one2many	1	1
ppp1r13bb	PPP1R13B	ortholog_one2many	1	1
ppp1r13l	PPP1R13L	ortholog_one2one	0	1
ppp1r14aa	PPP1R14A	ortholog_one2many	1	1
ppp1r14ab	PPP1R14A	ortholog_one2many	0	1
ppp1r14ba	PPP1R14B	ortholog_one2many	0	1
ppp1r14bb	PPP1R14B	ortholog_one2many	1	1
ppp1r14c	PPP1R14C	ortholog_one2one	1	1
ppp1r15a	PPP1R15A	ortholog_one2one	0	1
ppp1r1b	PPP1R1B	ortholog_one2one	1	1
ppp1r1c	PPP1R1C	ortholog_one2one	1	1
ppp1r2	PPP1R2	ortholog_one2many	0	2
ppp1r2	PPP1R2B	ortholog_one2many	0	2
ppp1r21	PPP1R21	ortholog_one2one	1	1
ppp1r26	PPP1R26	ortholog_one2one	0	1
ppp1r27b	PPP1R27	ortholog_one2many	1	1
ppp1r37	PPP1R37	ortholog_one2one	1	1
ppp1r3b	PPP1R3B	ortholog_one2one	1	1
ppp1r3ca	PPP1R3C	ortholog_one2many	1	1
ppp1r3cb	PPP1R3C	ortholog_one2many	1	1
ppp1r3da	PPP1R3D	ortholog_one2many	1	1
ppp1r42	PPP1R42	ortholog_one2one	1	1
ppp1r8a	PPP1R8	ortholog_one2many	1	1
ppp1r8b	PPP1R8	ortholog_one2many	0	1
ppp2cb	PPP2CB	ortholog_one2one	1	1
ppp2r2ca	PPP2R2C	ortholog_one2many	1	1
ppp2r2d	PPP2R2D	ortholog_one2one	1	1
ppp2r3c	PPP2R3C	ortholog_one2one	1	1
ppp2r5cb	PPP2R5C	ortholog_one2one	0	1
ppp2r5d	PPP2R5D	ortholog_one2one	1	1
ppp2r5eb	PPP2R5E	ortholog_one2one	1	1
ppp3ccb	PPP3CC	ortholog_one2one	1	1
ppp3r1b	PPP3R1	ortholog_one2many	1	1
ppp4ca	PPP4C	ortholog_one2many	1	1
ppp4cb	PPP4C	ortholog_one2many	1	1
ppp5c	PPP5C	ortholog_one2one	1	1
ppp6c	PPP6C	ortholog_one2one	1	1
ppp6r2a	PPP6R2	ortholog_one2many	1	1
ppp6r3	PPP6R3	ortholog_one2one	1	1
ppt1	PPT1	ortholog_one2one	1	1
pptc7a	PPTC7	ortholog_one2many	1	1
ppwd1	PPWD1	ortholog_one2one	1	1
pqbp1	PQBP1	ortholog_one2one	1	1
praf2	PRAF2	ortholog_one2one	1	1
prc1a	PRC1	ortholog_one2many	1	1
prc1b	PRC1	ortholog_one2many	1	1
prcc	PRCC	ortholog_one2one	0	1
prcp	PRCP	ortholog_one2one	1	1
prdm12b	PRDM12	ortholog_one2one	1	1
prdm14	PRDM14	ortholog_one2one	1	1
prdm1a	PRDM1	ortholog_one2one	1	1
prdm4	PRDM4	ortholog_one2one	1	1
prdm5	PRDM5	ortholog_one2one	1	1
prdm8b	PRDM8	ortholog_one2one	1	1
prdx1	PRDX1	ortholog_one2one	0	1
prdx3	PRDX3	ortholog_one2one	1	1
prdx4	PRDX4	ortholog_one2one	1	1
prdx5	PRDX5	ortholog_one2one	0	1
preb	PREB	ortholog_one2one	1	1
prelid1a	PRELID1	ortholog_one2one	1	1
prep	PREP	ortholog_one2one	1	1
prepl	PREPL	ortholog_one2one	1	1
prg4a	PRG4	ortholog_one2many	0	1
prg4b	PRG4	ortholog_one2many	0	1
prickle1a	PRICKLE1	ortholog_one2many	1	1
prickle1b	PRICKLE1	ortholog_one2many	1	1
prickle2a	PRICKLE2	ortholog_one2many	1	1
prickle2b	PRICKLE2	ortholog_one2many	1	1
prim1	PRIM1	ortholog_one2one	1	1
prim2	PRIM2	ortholog_one2one	1	1
primpol	PRIMPOL	ortholog_one2one	1	1
prkaa1	PRKAA1	ortholog_one2one	1	1
prkab1a	PRKAB1	ortholog_one2many	1	1
prkab1b	PRKAB1	ortholog_one2many	1	1
prkacab	PRKACA	ortholog_many2many	0	3
prkacab	PRKACB	ortholog_many2many	0	3
prkacab	PRKACG	ortholog_many2many	1	3
prkacba	PRKACA	ortholog_many2many	0	3
prkacba	PRKACB	ortholog_many2many	1	3
prkacba	PRKACG	ortholog_many2many	1	3
prkag1	PRKAG1	ortholog_one2one	1	1
prkag2a	PRKAG2	ortholog_one2one	1	1
prkag3b	PRKAG3	ortholog_one2many	0	1
prkar1aa	PRKAR1A	ortholog_one2many	1	1
prkar1ab	PRKAR1A	ortholog_one2many	0	1
prkar1b	PRKAR1B	ortholog_one2one	1	1
prkar2aa	PRKAR2A	ortholog_one2many	1	1
prkar2ab	PRKAR2A	ortholog_one2many	1	1
prkcba	PRKCB	ortholog_one2many	1	1
prkcbb	PRKCB	ortholog_one2many	1	1
prkcbp1l	ZMYND8	ortholog_one2many	1	1
prkcda	PRKCD	ortholog_one2many	1	1
prkcha	PRKCH	ortholog_one2many	1	1
prkchb	PRKCH	ortholog_one2many	1	1
prkcq	PRKCQ	ortholog_one2one	1	1
prkcsh	PRKCSH	ortholog_one2one	1	1
prkcz	PRKCZ	ortholog_one2one	1	1
prkg2	PRKG2	ortholog_one2one	1	1
prkra	PRKRA	ortholog_one2one	1	1
prkrip1	PRKRIP1	ortholog_one2one	1	1
prl	PRL	ortholog_one2one	0	1
prlra	PRLR	ortholog_one2many	1	1
prlrb	PRLR	ortholog_one2many	0	1
prmt1	PRMT1	ortholog_one2one	1	1
prmt2	PRMT2	ortholog_one2one	1	1
prmt3	PRMT3	ortholog_one2one	1	1
prmt5	PRMT5	ortholog_one2one	1	1
prmt6	PRMT6	ortholog_one2one	1	1
prmt7	PRMT7	ortholog_one2one	1	1
prmt8b	PRMT8	ortholog_one2many	0	1
prmt9	PRMT9	ortholog_one2one	1	1
proca	PROC	ortholog_one2many	1	1
prok1	PROK1	ortholog_many2many	1	2
prok1	PROK2	ortholog_many2many	0	2
prom1a	PROM1	ortholog_one2many	1	1
prom1b	PROM1	ortholog_one2many	1	1
prom2	PROM2	ortholog_one2one	0	1
pros1	PROS1	ortholog_one2one	0	1
proser3	PROSER3	ortholog_one2one	0	1
prox1a	PROX1	ortholog_one2one	1	1
prox2	PROX2	ortholog_one2one	1	1
proza	PROZ	ortholog_one2many	0	1
prpf18	PRPF18	ortholog_one2one	1	1
prpf3	PRPF3	ortholog_one2one	1	1
prpf31	PRPF31	ortholog_one2one	1	1
prpf38a	PRPF38A	ortholog_one2one	1	1
prpf39	PRPF39	ortholog_one2one	1	1
prpf4	PRPF4	ortholog_one2one	1	1
prpf40a	PRPF40A	ortholog_one2one	1	1
prpf4ba	PRP4K	ortholog_one2many	1	1
prpf4bb	PRP4K	ortholog_one2many	1	1
prpf6	PRPF6	ortholog_one2one	1	1
prpf8	PRPF8	ortholog_one2one	1	1
prph	PRPH	ortholog_one2one	1	1
prph2a	PRPH2	ortholog_one2many	1	1
prph2b	PRPH2	ortholog_one2many	1	1
prps1a	PRPS1	ortholog_one2many	1	2
prps1a	PRPS1L1	ortholog_one2many	1	2
prpsap1	PRPSAP1	ortholog_one2one	1	1
prpsap2	PRPSAP2	ortholog_one2one	1	1
prr15la	PRR15	ortholog_one2many	0	1
prr15lb	PRR15	ortholog_one2many	0	1
prr16	PRR16	ortholog_one2one	1	1
prrc1	PRRC1	ortholog_one2one	1	1
prrc2a	PRRC2A	ortholog_one2one	0	1
prrg1	PRRG1	ortholog_one2one	0	1
prrg2	PRRG4	ortholog_one2many	0	1
prrg4	PRRG4	ortholog_one2many	1	1
prrx1a	PRRX1	ortholog_one2many	1	1
prrx1b	PRRX1	ortholog_one2many	1	1
prss35	PRSS35	ortholog_one2many	1	1
prune	PRUNE1	ortholog_one2one	1	1
prune2	PRUNE2	ortholog_one2one	0	1
psap	PSAP	ortholog_one2one	0	1
psat1	PSAT1	ortholog_one2one	1	1
psen1	PSEN1	ortholog_one2one	1	1
psen2	PSEN2	ortholog_one2one	1	1
psenen	PSENEN	ortholog_one2one	1	1
pskh1	PSKH1	ortholog_one2one	1	1
psma1	PSMA1	ortholog_one2one	1	1
psma3	PSMA3	ortholog_one2one	1	1
psma4	PSMA4	ortholog_one2one	1	1
psma5	PSMA5	ortholog_one2one	1	1
psma6a	PSMA6	ortholog_one2many	1	1
psma6b	PSMA6	ortholog_one2many	1	1
psma8	PSMA8	ortholog_one2one	1	1
psmb1	PSMB1	ortholog_one2one	1	1
psmb2	PSMB2	ortholog_one2one	1	1
psmb3	PSMB3	ortholog_one2one	1	1
psmb4	PSMB4	ortholog_one2one	1	1
psmb5	PSMB5	ortholog_one2one	1	1
psmb6	PSMB6	ortholog_one2one	1	1
psmb7	PSMB7	ortholog_one2one	1	1
psmb8a	PSMB8	ortholog_one2one	1	1
psmb9a	PSMB9	ortholog_one2one	1	1
psmc1a	PSMC1	ortholog_one2many	1	1
psmc1b	PSMC1	ortholog_one2many	0	1
psmc2	PSMC2	ortholog_one2one	1	1
psmc3	PSMC3	ortholog_one2one	1	1
psmc3ip	PSMC3IP	ortholog_one2one	1	1
psmc4	PSMC4	ortholog_one2one	1	1
psmc5	PSMC5	ortholog_one2one	1	1
psmc6	PSMC6	ortholog_one2one	1	1
psmd1	PSMD1	ortholog_one2one	1	1
psmd10	PSMD10	ortholog_one2one	1	1
psmd11a	PSMD11	ortholog_one2many	1	1
psmd11b	PSMD11	ortholog_one2many	1	1
psmd12	PSMD12	ortholog_one2one	1	1
psmd13	PSMD13	ortholog_one2one	1	1
psmd14	PSMD14	ortholog_one2one	1	1
psmd3	PSMD3	ortholog_one2one	1	1
psmd4a	PSMD4	ortholog_one2many	1	1
psmd4b	PSMD4	ortholog_one2many	0	1
psmd5	PSMD5	ortholog_one2one	1	1
psmd6	PSMD6	ortholog_one2one	1	1
psmd7	PSMD7	ortholog_one2one	1	1
psmd8	PSMD8	ortholog_one2one	1	1
psmd9	PSMD9	ortholog_one2one	1	1
psme1	PSME1	ortholog_one2one	1	1
psme2	PSME2	ortholog_one2one	1	1
psme3	PSME3	ortholog_one2one	1	1
psme4b	PSME4	ortholog_one2many	1	1
psmf1	PSMF1	ortholog_one2one	1	1
psmg1	PSMG1	ortholog_one2one	1	1
psmg2	PSMG2	ortholog_one2one	1	1
psmg3	PSMG3	ortholog_one2one	1	1
pspc1	PSPC1	ortholog_one2one	1	1
psph	PSPH	ortholog_one2one	1	1
pstpip1a	PSTPIP1	ortholog_one2many	1	1
pstpip1b	PSTPIP1	ortholog_one2many	0	1
ptar1	PTAR1	ortholog_one2one	1	1
ptbp1a	PTBP1	ortholog_one2many	1	1
ptbp1b	PTBP1	ortholog_one2many	1	1
ptbp2a	PTBP2	ortholog_one2many	1	1
ptbp2b	PTBP2	ortholog_one2many	1	1
ptcd2	PTCD2	ortholog_one2one	1	1
ptcd3	PTCD3	ortholog_one2one	0	1
ptch1	PTCH1	ortholog_one2many	1	1
ptch2	PTCH2	ortholog_one2one	1	1
ptchd4	PTCHD4	ortholog_one2one	1	1
ptdss1a	PTDSS1	ortholog_one2many	1	1
ptena	PTEN	ortholog_one2many	1	1
ptenb	PTEN	ortholog_one2many	1	1
pter	PTER	ortholog_one2one	1	1
ptf1a	PTF1A	ortholog_one2one	1	1
ptgdsa	PTGDS	ortholog_one2many	0	1
ptger1c	PTGER1	ortholog_one2one	1	1
ptger2a	PTGER2	ortholog_one2many	1	1
ptger2b	PTGER2	ortholog_one2many	1	1
ptger4a	PTGER4	ortholog_one2many	1	1
ptger4b	PTGER4	ortholog_one2many	1	1
ptges	PTGES	ortholog_one2one	1	1
ptges3a	PTGES3	ortholog_one2many	1	1
ptges3b	PTGES3	ortholog_one2many	1	1
ptgesl	PTGES2	ortholog_one2one	1	1
ptgis	PTGIS	ortholog_one2one	1	1
ptgr2	PTGR2	ortholog_one2one	1	1
ptgs1	PTGS1	ortholog_one2one	0	1
ptgs2a	PTGS2	ortholog_one2many	1	1
ptgs2b	PTGS2	ortholog_one2many	1	1
pth1a	PTH	ortholog_one2many	0	1
pth1b	PTH	ortholog_one2many	0	1
pth2	PTH2	ortholog_one2one	0	1
pthlha	PTHLH	ortholog_one2many	0	1
ptk2aa	PTK2	ortholog_one2one	1	1
ptk2bb	PTK2B	ortholog_one2many	1	1
ptk6b	PTK6	ortholog_one2many	0	1
ptk7a	PTK7	ortholog_one2many	1	1
ptn	PTN	ortholog_one2one	1	1
ptp4a1	PTP4A1	ortholog_one2one	1	1
ptp4a2a	PTP4A2	ortholog_one2many	0	1
ptp4a2b	PTP4A2	ortholog_one2many	0	1
ptpmt1	PTPMT1	ortholog_one2one	1	1
ptpn1	PTPN1	ortholog_one2one	0	1
ptpn11a	PTPN11	ortholog_one2one	1	1
ptpn13	PTPN13	ortholog_one2one	1	1
ptpn23a	PTPN23	ortholog_one2many	1	1
ptpn23b	PTPN23	ortholog_one2many	0	1
ptpn2a	PTPN2	ortholog_one2many	0	1
ptpn2b	PTPN2	ortholog_one2many	1	1
ptpn4a	PTPN4	ortholog_one2many	1	1
ptpn4b	PTPN4	ortholog_one2many	1	1
ptpn6	PTPN6	ortholog_one2one	1	1
ptpra	PTPRA	ortholog_one2one	1	1
ptprdb	PTPRD	ortholog_one2many	0	1
ptpreb	PTPRE	ortholog_one2many	1	1
ptprja	PTPRJ	ortholog_one2one	0	1
ptprn2	PTPRN2	ortholog_one2one	1	1
ptprna	PTPRN	ortholog_one2many	0	1
ptpro	PTPRO	ortholog_one2many	0	1
ptprub	PTPRU	ortholog_one2many	1	1
ptrh1	PTRH1	ortholog_one2one	1	1
ptrh2	PTRH2	ortholog_one2one	1	1
ptrhd1	PTRHD1	ortholog_one2one	1	1
pts	PTS	ortholog_one2one	1	1
pttg1	PTTG1	ortholog_one2many	0	2
pttg1	PTTG2	ortholog_one2many	0	2
puf60a	PUF60	ortholog_one2many	0	1
puf60b	PUF60	ortholog_one2many	1	1
pum1	PUM1	ortholog_one2one	1	1
pum2	PUM2	ortholog_one2one	1	1
purba	PURB	ortholog_one2many	1	1
purbb	PURB	ortholog_one2many	1	1
pus1	PUS1	ortholog_one2one	1	1
pus10	PUS10	ortholog_one2one	1	1
pus3	PUS3	ortholog_one2one	1	1
pus7	PUS7	ortholog_one2one	1	1
pus7l	PUS7L	ortholog_one2one	1	1
pvalb5	OCM	ortholog_one2many	0	2
pvalb5	OCM2	ortholog_one2many	1	2
pvalb6	PVALB	ortholog_one2many	1	1
pvalb7	PVALB	ortholog_one2many	0	1
pvrl2l	NCR3	ortholog_many2many	0	4
pvrl2l	NECTIN2	ortholog_many2many	0	4
pvrl2l	PVR	ortholog_many2many	0	4
pvrl2l	TIGIT	ortholog_many2many	0	4
pwp1	PWP1	ortholog_one2one	1	1
pwp2h	PWP2	ortholog_one2one	1	1
pxk	PXK	ortholog_one2one	1	1
pxmp2	PXMP2	ortholog_one2one	0	1
pxna	PXN	ortholog_one2many	1	1
pxylp1	PXYLP1	ortholog_one2one	1	1
pycr1a	PYCR1	ortholog_many2many	1	2
pycr1a	PYCR2	ortholog_many2many	0	2
pycr1b	PYCR1	ortholog_many2many	1	2
pycr1b	PYCR2	ortholog_many2many	1	2
pygb	PYGB	ortholog_one2one	1	1
pygl	PYGL	ortholog_one2one	1	1
pygma	PYGM	ortholog_one2many	1	1
pygmb	PYGM	ortholog_one2many	1	1
pygo1	PYGO1	ortholog_one2one	1	1
pygo2	PYGO2	ortholog_one2one	0	1
pyya	PYY	ortholog_one2many	0	1
qdpra	QDPR	ortholog_one2many	1	1
qki2	QKI	ortholog_one2many	1	1
qpctla	QPCTL	ortholog_one2many	1	1
qrich1	QRICH1	ortholog_one2one	1	1
qrsl1	QRSL1	ortholog_one2one	1	1
qsox1	QSOX1	ortholog_one2one	1	1
qtrt1	QTRT1	ortholog_one2one	1	1
r3hdm4	R3HDM4	ortholog_one2one	1	1
rab10	RAB10	ortholog_one2one	1	1
rab11a	RAB11A	ortholog_one2one	1	1
rab11ba	RAB11B	ortholog_one2one	1	1
rab11fip3	RAB11FIP3	ortholog_one2one	0	1
rab11fip4a	RAB11FIP4	ortholog_one2many	1	1
rab11fip4b	RAB11FIP4	ortholog_one2many	1	1
rab12	RAB12	ortholog_one2one	1	1
rab13	RAB13	ortholog_one2one	1	1
rab14	RAB14	ortholog_one2one	1	1
rab15	RAB15	ortholog_one2one	1	1
rab18b	RAB18	ortholog_one2one	1	1
rab1ab	RAB1B	ortholog_one2many	1	1
rab20	RAB20	ortholog_one2one	1	1
rab22a	RAB22A	ortholog_one2one	1	1
rab23	RAB23	ortholog_one2one	1	1
rab24	RAB24	ortholog_one2one	1	1
rab25a	RAB25	ortholog_one2many	0	1
rab25b	RAB25	ortholog_one2many	0	1
rab27a	RAB27A	ortholog_one2one	1	1
rab2a	RAB2A	ortholog_one2one	1	1
rab30	RAB30	ortholog_one2one	1	1
rab32a	RAB32	ortholog_one2many	1	1
rab33a	RAB33A	ortholog_one2one	1	1
rab34a	RAB34	ortholog_one2one	1	1
rab35b	RAB35	ortholog_one2one	1	1
rab36	RAB36	ortholog_one2one	1	1
rab39ba	RAB39B	ortholog_one2many	1	1
rab39bb	RAB39B	ortholog_one2many	1	1
rab3aa	RAB3A	ortholog_one2many	1	1
rab3ab	RAB3A	ortholog_one2many	1	1
rab3c	RAB3C	ortholog_one2one	1	1
rab3da	RAB3D	ortholog_one2many	0	1
rab3db	RAB3D	ortholog_one2many	0	1
rab3gap1	RAB3GAP1	ortholog_one2one	1	1
rab3gap2	RAB3GAP2	ortholog_one2one	1	1
rab3ip	RAB3IP	ortholog_one2one	1	1
rab40b	RAB40B	ortholog_one2one	1	1
rab40c	RAB40C	ortholog_one2one	1	1
rab42a	RAB39A	ortholog_one2many	0	1
rab43	RAB43	ortholog_one2one	1	1
rab4a	RAB4A	ortholog_one2one	1	1
rab4b	RAB4B	ortholog_one2one	1	1
rab5aa	RAB5A	ortholog_one2many	1	1
rab5ab	RAB5A	ortholog_one2many	1	1
rab5c	RAB5C	ortholog_one2one	1	1
rab6a	RAB6A	ortholog_one2one	1	1
rab8a	RAB8A	ortholog_one2one	1	1
rab8b	RAB8B	ortholog_one2many	1	1
rab9a	RAB9A	ortholog_one2one	1	1
rabac1	RABAC1	ortholog_one2one	1	1
rabep1	RABEP1	ortholog_one2one	1	1
rabep2	RABEP2	ortholog_one2one	0	1
rabepk	RABEPK	ortholog_one2one	1	1
rabgef1	RABGEF1	ortholog_one2one	1	1
rabggta	RABGGTA	ortholog_one2one	1	1
rabggtb	RABGGTB	ortholog_one2one	1	1
rabif	RABIF	ortholog_one2one	1	1
rabl2	RABL2A	ortholog_one2many	1	2
rabl2	RABL2B	ortholog_one2many	1	2
rabl3	RABL3	ortholog_one2one	1	1
rac1a	RAC1	ortholog_one2many	0	1
rac1b	RAC1	ortholog_one2many	1	1
rac2	RAC2	ortholog_one2one	0	1
rac3a	RAC3	ortholog_one2many	1	1
rac3b	RAC3	ortholog_one2many	1	1
racgap1	RACGAP1	ortholog_one2one	1	1
rad1	RAD1	ortholog_one2one	1	1
rad17	RAD17	ortholog_one2one	1	1
rad18	RAD18	ortholog_one2one	1	1
rad21a	RAD21	ortholog_one2many	0	1
rad21b	RAD21	ortholog_one2many	1	1
rad23aa	RAD23A	ortholog_one2one	1	1
rad23b	RAD23B	ortholog_one2one	1	1
rad51	RAD51	ortholog_one2one	1	1
rad51ap1	RAD51AP1	ortholog_one2one	0	1
rad51b	RAD51B	ortholog_one2one	1	1
rad51c	RAD51C	ortholog_one2one	1	1
rad51d	RAD51D	ortholog_one2one	0	1
rad52	RAD52	ortholog_one2one	1	1
rad54l	RAD54L	ortholog_one2one	1	1
radil	RADIL	ortholog_one2one	1	1
rae1	RAE1	ortholog_one2one	1	1
raf1a	RAF1	ortholog_one2many	1	1
raf1b	RAF1	ortholog_one2many	1	1
rag1	RAG1	ortholog_one2one	1	1
rag2	RAG2	ortholog_one2one	1	1
rai14	RAI14	ortholog_one2one	1	1
ralaa	RALA	ortholog_one2many	0	1
ralab	RALA	ortholog_one2many	1	1
ralba	RALB	ortholog_one2one	1	1
ralbp1	RALBP1	ortholog_one2one	1	1
ralgapa1	RALGAPA1	ortholog_one2one	1	1
ralgps1	RALGPS1	ortholog_one2one	1	1
ralgps2	RALGPS2	ortholog_one2one	1	1
raly	RALY	ortholog_one2one	1	1
ramp2	RAMP2	ortholog_one2one	0	1
ran	RAN	ortholog_one2one	1	1
ranbp10	RANBP10	ortholog_one2one	1	1
ranbp3a	RGPD1	ortholog_one2many	0	7
ranbp3a	RGPD2	ortholog_one2many	0	7
ranbp3a	RGPD3	ortholog_one2many	0	7
ranbp3a	RGPD4	ortholog_one2many	0	7
ranbp3a	RGPD5	ortholog_one2many	0	7
ranbp3a	RGPD6	ortholog_one2many	0	7
ranbp3a	RGPD8	ortholog_one2many	0	7
ranbp3b	RANBP3	ortholog_one2one	1	1
ranbp9	RANBP9	ortholog_one2one	1	1
rangap1a	RANGAP1	ortholog_one2many	1	1
rangap1b	RANGAP1	ortholog_one2many	1	1
rangrf	RANGRF	ortholog_one2one	0	1
rap1b	RAP1B	ortholog_one2one	0	1
rap1gap2a	RAP1GAP2	ortholog_one2many	1	1
rap1gap2b	RAP1GAP2	ortholog_one2many	1	1
rap2ab	RAP2A	ortholog_one2many	1	1
rap2b	RAP2B	ortholog_one2one	1	1
rap2c	RAP2C	ortholog_one2one	1	1
rapgef1b	RAPGEF1	ortholog_one2many	1	1
rapgef5b	RAPGEF5	ortholog_one2one	0	1
raph1b	RAPH1	ortholog_one2many	1	1
rapsn	RAPSN	ortholog_one2one	1	1
raraa	NR1I3	ortholog_many2many	0	1
rarab	NR1I3	ortholog_many2many	0	1
rarga	RARG	ortholog_one2many	1	1
rargb	RARG	ortholog_one2many	1	1
rars2	RARS2	ortholog_one2one	1	1
rasa4	RASA4	ortholog_one2many	1	2
rasa4	RASA4B	ortholog_one2many	1	2
rasgef1ba	RASGEF1B	ortholog_one2one	1	1
rasgrf2b	RASGRF2	ortholog_one2many	1	1
rasgrp3	RASGRP3	ortholog_one2one	1	1
rasgrp4	RASGRP4	ortholog_one2one	0	1
rasip1	RASIP1	ortholog_one2one	0	1
rasl11b	RASL11B	ortholog_one2one	1	1
rasl12	RASL12	ortholog_one2one	1	1
rassf1	RASSF1	ortholog_one2one	1	1
rassf2a	RASSF2	ortholog_one2many	1	1
rassf2b	RASSF2	ortholog_one2many	0	1
rassf6	RASSF6	ortholog_one2one	1	1
rassf7b	RASSF7	ortholog_one2many	0	1
rassf8b	RASSF8	ortholog_one2many	1	1
raver1	RAVER1	ortholog_one2one	0	1
rb1	RB1	ortholog_one2one	1	1
rbbp4	RBBP4	ortholog_one2one	1	1
rbbp5	RBBP5	ortholog_one2one	1	1
rbbp8	RBBP8	ortholog_one2one	1	1
rbbp9	RBBP9	ortholog_one2one	1	1
rbck1	RBCK1	ortholog_many2many	1	2
rbck1	SHARPIN	ortholog_many2many	0	2
rbfa	RBFA	ortholog_one2one	0	1
rbfox1	RBFOX1	ortholog_one2one	1	1
rbfox2	RBFOX2	ortholog_one2one	0	1
rbks	RBKS	ortholog_one2one	1	1
rbl1	RBL1	ortholog_one2one	1	1
rbm12	RBM12	ortholog_one2one	1	1
rbm14a	RBM14	ortholog_one2many	0	1
rbm14b	RBM14	ortholog_one2many	0	1
rbm15b	RBM15B	ortholog_one2one	1	1
rbm17	RBM17	ortholog_one2one	1	1
rbm18	RBM18	ortholog_one2one	1	1
rbm19	RBM19	ortholog_one2one	1	1
rbm22	RBM22	ortholog_one2one	1	1
rbm24b	RBM24	ortholog_one2one	1	1
rbm25b	RBM25	ortholog_one2one	1	1
rbm28	RBM28	ortholog_one2one	1	1
rbm34	RBM34	ortholog_one2one	0	1
rbm38	RBM38	ortholog_one2one	1	1
rbm39a	RBM39	ortholog_one2many	1	1
rbm39b	RBM39	ortholog_one2many	0	1
rbm41	RBM41	ortholog_one2one	0	1
rbm45	RBM45	ortholog_one2one	1	1
rbm46	RBM46	ortholog_one2one	1	1
rbm47	RBM47	ortholog_one2one	1	1
rbm48	RBM48	ortholog_one2one	0	1
rbm5	RBM5	ortholog_one2one	1	1
rbm7	RBM7	ortholog_one2one	0	1
rbm8a	RBM8A	ortholog_one2one	1	1
rbms2b	RBMS2	ortholog_one2many	1	1
rbms3	RBMS3	ortholog_one2one	1	1
rbmx2	RBMX2	ortholog_one2one	0	1
rbp2a	RBP2	ortholog_one2many	1	1
rbp2b	RBP2	ortholog_one2many	1	1
rbp4	RBP4	ortholog_one2one	1	1
rbp5	FABP12	ortholog_many2many	0	6
rbp5	FABP4	ortholog_many2many	0	6
rbp5	FABP5	ortholog_many2many	0	6
rbp5	FABP9	ortholog_many2many	0	6
rbp5	PMP2	ortholog_many2many	0	6
rbp5	RBP5	ortholog_many2many	0	6
rbp7b	RBP7	ortholog_one2one	1	1
rbpja	RBPJ	ortholog_one2many	1	1
rbpjb	RBPJ	ortholog_one2many	1	1
rbpms2a	RBPMS2	ortholog_one2many	1	1
rbpms2b	RBPMS2	ortholog_one2many	1	1
rbx1	RBX1	ortholog_one2one	1	1
rcan1a	RCAN1	ortholog_one2many	0	1
rcan2	RCAN2	ortholog_one2one	1	1
rcan3	RCAN3	ortholog_one2one	1	1
rcbtb1	RCBTB1	ortholog_one2one	1	1
rcc1	RCC1	ortholog_one2one	1	1
rcc2	RCC2	ortholog_one2one	1	1
rchy1	RCHY1	ortholog_one2one	1	1
rcl1	RCL1	ortholog_one2one	1	1
rcn2	RCN2	ortholog_one2one	1	1
rcor1	RCOR1	ortholog_one2one	1	1
rcor2	RCOR2	ortholog_one2one	1	1
rcor3	RCOR3	ortholog_one2one	1	1
rcvrna	GUCA1C	ortholog_many2many	0	2
rcvrna	HPCAL4	ortholog_many2many	0	2
rd3	RD3	ortholog_one2one	1	1
rdh10a	RDH10	ortholog_one2many	1	1
rdh10b	RDH10	ortholog_one2many	1	1
rdh12	RDH11	ortholog_one2one	1	1
rdh14a	RDH14	ortholog_one2many	1	1
rdh14b	RDH14	ortholog_one2many	1	1
rdh5	RDH5	ortholog_one2one	0	1
rdh8a	RDH8	ortholog_one2many	1	1
rdh8b	RDH8	ortholog_one2many	1	1
rec8b	REC8	ortholog_one2many	0	1
recql	RECQL	ortholog_one2one	1	1
reep2	REEP2	ortholog_one2one	1	1
reep3a	REEP3	ortholog_one2many	0	1
reep3b	REEP3	ortholog_one2many	1	1
reep5	REEP5	ortholog_one2one	1	1
reep6	REEP6	ortholog_one2one	1	1
rel	REL	ortholog_one2one	1	1
rela	RELA	ortholog_one2one	1	1
rell1	RELL1	ortholog_one2one	0	1
rell2	RELL2	ortholog_one2one	0	1
relt	RELT	ortholog_one2one	0	1
rem2	REM2	ortholog_one2one	0	1
ren	REN	ortholog_one2one	1	1
renbp	RENBP	ortholog_one2one	1	1
reps1	REPS1	ortholog_one2one	1	1
rer1	RER1	ortholog_one2one	1	1
rergla	RERGL	ortholog_one2one	1	1
ret	RET	ortholog_one2one	1	1
rev1	REV1	ortholog_one2one	1	1
rexo1	AEN	ortholog_one2many	0	1
rfc1	RFC1	ortholog_one2one	1	1
rfc2	RFC2	ortholog_one2one	1	1
rfc3	RFC3	ortholog_one2one	1	1
rfc4	RFC4	ortholog_one2one	1	1
rfc5	RFC5	ortholog_one2one	1	1
rfesd	RFESD	ortholog_one2many	1	1
rffl	RFFL	ortholog_one2many	1	1
rfng	RFNG	ortholog_one2one	1	1
rftn2	RFTN2	ortholog_one2one	1	1
rfx1a	RFX8	ortholog_one2many	0	1
rfx2	RFX2	ortholog_one2one	1	1
rfx3	RFX3	ortholog_one2one	0	1
rfx4	RFX4	ortholog_one2one	1	1
rfxank	RFXANK	ortholog_one2one	1	1
rgcc	RGCC	ortholog_one2one	1	1
rgl1	RGL1	ortholog_one2one	1	1
rgma	RGMA	ortholog_one2one	1	1
rgmb	RGMB	ortholog_one2one	1	1
rgn	RGN	ortholog_one2one	1	1
rgp1	RGP1	ortholog_one2one	1	1
rgra	RGR	ortholog_one2many	1	1
rgrb	RGR	ortholog_one2many	1	1
rgs11	RGS11	ortholog_one2one	1	1
rgs17	RGS17	ortholog_one2one	0	1
rgs19	RGS19	ortholog_one2one	1	1
rgs2	RGS2	ortholog_one2one	1	1
rgs20	RGS20	ortholog_one2one	1	1
rgs3a	RGS3	ortholog_one2many	0	1
rgs4	RGS4	ortholog_one2one	1	1
rgs5a	RGS5	ortholog_one2one	1	1
rgs6	RGS6	ortholog_one2one	1	1
rgs7a	RGS7	ortholog_one2many	1	1
rgs7bpa	RGS7BP	ortholog_one2many	1	1
rgs7bpb	RGS7BP	ortholog_one2many	1	1
rgs8	RGS16	ortholog_one2many	0	2
rgs8	RGS8	ortholog_one2many	1	2
rgs9a	RGS9	ortholog_one2many	1	1
rgs9b	RGS9	ortholog_one2many	1	1
rhag	RHAG	ortholog_one2one	1	1
rhbdd1	RHBDD1	ortholog_one2one	1	1
rhbdd3	RHBDD3	ortholog_one2one	1	1
rhbdf1a	RHBDF1	ortholog_one2many	1	1
rhbdl1	RHBDL1	ortholog_one2one	1	1
rhbdl2	RHBDL2	ortholog_one2one	1	1
rhbdl3	RHBDL3	ortholog_one2one	1	1
rhbg	RHBG	ortholog_one2one	1	1
rhcga	RHCG	ortholog_one2many	1	1
rhcgb	RHCG	ortholog_one2many	1	1
rhd	RHCE	ortholog_one2many	1	2
rhd	RHD	ortholog_one2many	0	2
rho	RHO	ortholog_one2many	1	1
rhoaa	RHOA	ortholog_one2many	0	1
rhoac	RHOA	ortholog_one2many	1	1
rhobtb2a	RHOBTB2	ortholog_one2many	1	1
rhof	RHOF	ortholog_one2one	1	1
rhoga	RHOG	ortholog_one2many	1	1
rhogb	RHOG	ortholog_one2many	1	1
rhoj	RHOJ	ortholog_one2one	1	1
rhol	RHO	ortholog_one2many	1	1
rhoq	RHOQ	ortholog_one2one	1	1
rhot1a	RHOT1	ortholog_one2many	1	1
rhot1b	RHOT1	ortholog_one2many	1	1
rhot2	RHOT2	ortholog_one2one	1	1
rhoua	RHOU	ortholog_one2one	1	1
rhov	RHOV	ortholog_one2one	1	1
rhpn2	RHPN2	ortholog_one2one	1	1
ribc1	RIBC1	ortholog_one2one	1	1
ribc2	RIBC2	ortholog_one2one	0	1
ric8a	RIC8A	ortholog_one2one	1	1
ric8b	RIC8B	ortholog_one2one	1	1
rif1	RIF1	ortholog_one2one	1	1
rilpl2	RILPL2	ortholog_one2one	1	1
rimkla	RIMKLA	ortholog_one2one	1	1
rims3	RIMS3	ortholog_one2one	1	1
rint1	RINT1	ortholog_one2one	1	1
riok1	RIOK1	ortholog_one2one	1	1
riok2	RIOK2	ortholog_one2one	1	1
riok3	RIOK3	ortholog_one2one	1	1
ripk1l	RIPK1	ortholog_one2one	0	1
ripk2	RIPK2	ortholog_one2many	1	1
ripk4	RIPK4	ortholog_one2one	1	1
ripply1	RIPPLY2	ortholog_one2one	0	1
ripply3	RIPPLY3	ortholog_one2one	0	1
rit1	RIT1	ortholog_one2one	1	1
rlbp1a	RLBP1	ortholog_one2many	1	1
rlbp1b	RLBP1	ortholog_one2many	1	1
rln3a	RLN3	ortholog_one2many	0	1
rmdn1	RMDN1	ortholog_one2one	1	1
rmdn3	RMDN3	ortholog_one2one	0	1
rmi1	RMI1	ortholog_one2one	1	1
rmnd1	RMND1	ortholog_one2one	1	1
rmnd5b	RMND5B	ortholog_one2one	1	1
rn7sk	RN7SKP156	ortholog_one2many	0	7
rn7sk	RN7SKP160	ortholog_one2many	0	7
rn7sk	RN7SKP174	ortholog_one2many	0	7
rn7sk	RN7SKP175	ortholog_one2many	0	7
rn7sk	RN7SKP293	ortholog_one2many	0	7
rn7sk	RN7SKP62	ortholog_one2many	0	7
rn7sk	RN7SKP80	ortholog_one2many	0	7
rnaseh1	RNASEH1	ortholog_one2one	1	1
rnaseh2a	RNASEH2A	ortholog_one2one	1	1
rnaseh2b	RNASEH2B	ortholog_one2one	1	1
rnaseka	RNASEK	ortholog_one2many	1	1
rnasekb	RNASEK	ortholog_one2many	1	1
rnasel3	RNASE4	ortholog_one2many	0	1
rnaset2	RNASET2	ortholog_one2one	0	1
rnd2	RND2	ortholog_one2one	0	1
rnd3a	RND3	ortholog_one2many	1	1
rnd3b	RND3	ortholog_one2many	1	1
rnf10	RNF10	ortholog_one2one	1	1
rnf103	RNF103	ortholog_one2one	1	1
rnf111	RNF111	ortholog_one2one	1	1
rnf113a	RNF113A	ortholog_one2many	1	2
rnf113a	RNF113B	ortholog_one2many	1	2
rnf114	RNF114	ortholog_one2one	0	1
rnf11b	RNF11	ortholog_one2many	1	1
rnf121	RNF121	ortholog_one2one	1	1
rnf126	RNF126	ortholog_one2one	1	1
rnf128a	RNF128	ortholog_one2one	1	1
rnf13	RNF13	ortholog_one2one	1	1
rnf130	RNF130	ortholog_one2one	1	1
rnf139	RNF139	ortholog_one2one	1	1
rnf14	RNF14	ortholog_one2many	1	1
rnf141	RNF141	ortholog_one2one	1	1
rnf144aa	RNF144A	ortholog_one2one	1	1
rnf144b	RNF144B	ortholog_one2one	0	1
rnf145b	RNF145	ortholog_one2many	0	1
rnf146	RNF146	ortholog_one2one	1	1
rnf150a	RNF150	ortholog_one2one	1	1
rnf152	RNF152	ortholog_one2one	1	1
rnf168	RNF168	ortholog_one2one	0	1
rnf170	RNF170	ortholog_one2one	1	1
rnf175	RNF175	ortholog_one2one	1	1
rnf181	RNF181	ortholog_one2one	1	1
rnf182	RNF182	ortholog_one2one	1	1
rnf185	RNF185	ortholog_one2one	1	1
rnf19b	RNF19B	ortholog_one2one	1	1
rnf2	RNF2	ortholog_one2one	1	1
rnf20	RNF20	ortholog_one2one	1	1
rnf207b	RNF207	ortholog_one2many	1	1
rnf217	RNF217	ortholog_one2one	1	1
rnf220a	RNF220	ortholog_one2many	1	1
rnf24	RNF24	ortholog_one2one	1	1
rnf25	RNF25	ortholog_one2one	0	1
rnf32	RNF32	ortholog_one2one	1	1
rnf34a	RNF34	ortholog_one2many	1	1
rnf34b	RNF34	ortholog_one2many	1	1
rnf40	RNF40	ortholog_one2one	1	1
rnf41	RNF41	ortholog_one2one	1	1
rnf44	RNF44	ortholog_one2one	1	1
rnf7	RNF7	ortholog_one2one	1	1
rnf8	RNF8	ortholog_one2one	0	1
rnft1	RNFT1	ortholog_one2one	1	1
rnft2	RNFT2	ortholog_one2one	1	1
rngtt	RNGTT	ortholog_one2one	1	1
rnls	RNLS	ortholog_one2one	1	1
rnmt	RNMT	ortholog_one2one	1	1
rnpc3	RNPC3	ortholog_one2one	1	1
rnpep	RNPEP	ortholog_one2one	1	1
rnps1	RNPS1	ortholog_one2many	1	1
robo1	ROBO1	ortholog_one2many	1	1
robo2	ROBO2	ortholog_one2one	1	1
robo3	ROBO3	ortholog_one2many	1	1
rock1	ROCK1	ortholog_one2one	1	1
rock2a	ROCK2	ortholog_one2many	1	1
rock2b	ROCK2	ortholog_one2many	1	1
rogdi	ROGDI	ortholog_one2one	1	1
rom1a	ROM1	ortholog_one2many	0	1
rom1b	ROM1	ortholog_one2many	1	1
romo1	ROMO1	ortholog_one2one	1	1
ropn1l	ROPN1L	ortholog_one2one	1	1
roraa	RORA	ortholog_one2one	1	1
rorb	RORB	ortholog_one2one	1	1
rp2	RP2	ortholog_one2one	1	1
rpa1	RPA1	ortholog_one2one	1	1
rpa2	RPA2	ortholog_one2one	1	1
rpa3	RPA3	ortholog_one2one	1	1
rpain	RPAIN	ortholog_one2one	0	1
rpap2	RPAP2	ortholog_one2one	1	1
rpe	RPE	ortholog_one2many	1	2
rpe	RPEL1	ortholog_one2many	1	2
rpe65a	RPE65	ortholog_one2many	1	1
rpe65b	RPE65	ortholog_one2many	1	1
rpe65c	RPE65	ortholog_one2many	1	1
rpf1	RPF1	ortholog_one2one	1	1
rpf2	RPF2	ortholog_one2one	1	1
rpgrip1l	RPGRIP1L	ortholog_one2one	1	1
rpia	RPIA	ortholog_one2one	1	1
rpl10	RPL10	ortholog_one2many	1	2
rpl10	RPL10L	ortholog_one2many	1	2
rpl10a	RPL10A	ortholog_one2one	1	1
rpl11	RPL11	ortholog_one2one	1	1
rpl12	RPL12	ortholog_one2one	1	1
rpl13	RPL13	ortholog_one2one	1	1
rpl13a	RPL13A	ortholog_one2one	1	1
rpl14	RPL14	ortholog_one2one	1	1
rpl15	RPL15	ortholog_one2one	1	1
rpl17	RPL17	ortholog_one2one	1	1
rpl18	RPL18	ortholog_one2one	1	1
rpl18a	RPL18A	ortholog_one2one	1	1
rpl19	RPL19	ortholog_one2one	1	1
rpl21	RPL21	ortholog_one2one	1	1
rpl22	RPL22	ortholog_one2one	1	1
rpl22l1	RPL22L1	ortholog_one2one	1	1
rpl23	RPL23	ortholog_one2one	1	1
rpl23a	RPL23A	ortholog_one2one	1	1
rpl24	RPL24	ortholog_one2one	1	1
rpl26	RPL26	ortholog_one2many	1	2
rpl26	RPL26L1	ortholog_one2many	1	2
rpl27	RPL27	ortholog_one2one	1	1
rpl28	RPL28	ortholog_one2one	1	1
rpl3	RPL3	ortholog_one2one	1	1
rpl30	RPL30	ortholog_one2one	1	1
rpl31	RPL31	ortholog_one2one	1	1
rpl34	RPL34	ortholog_one2one	1	1
rpl35	RPL35	ortholog_one2one	1	1
rpl35a	RPL35A	ortholog_one2one	1	1
rpl36	RPL36	ortholog_one2one	1	1
rpl36a	RPL36AL	ortholog_one2one	1	1
rpl37	RPL37	ortholog_one2one	1	1
rpl38	RPL38	ortholog_one2one	1	1
rpl39	RPL39	ortholog_one2one	1	1
rpl4	RPL4	ortholog_one2one	1	1
rpl5a	RPL5	ortholog_one2many	1	1
rpl5b	RPL5	ortholog_one2many	1	1
rpl6	RPL6	ortholog_one2one	1	1
rpl7	RPL7	ortholog_one2one	1	1
rpl7l1	RPL7L1	ortholog_one2one	1	1
rpl8	RPL8	ortholog_one2one	1	1
rpl9	RPL9	ortholog_one2one	1	1
rplp0	RPLP0	ortholog_one2one	1	1
rplp1	RPLP1	ortholog_one2one	1	1
rpn1	RPN1	ortholog_one2one	1	1
rpn2	RPN2	ortholog_one2one	1	1
rpp14	RPP14	ortholog_one2one	1	1
rpp21	RPP21	ortholog_one2one	0	1
rpp25l	RPP25L	ortholog_one2one	1	1
rpp30	RPP30	ortholog_one2one	1	1
rpp38	RPP38	ortholog_one2one	1	1
rpp40	RPP40	ortholog_one2one	1	1
rprd1b	RPRD1B	ortholog_one2one	1	1
rprd2a	RPRD2	ortholog_one2many	0	1
rprma	RPRM	ortholog_one2many	1	1
rprmb	RPRM	ortholog_one2many	1	1
rprml	RPRML	ortholog_one2one	1	1
rps10	RPS10	ortholog_one2one	1	1
rps11	RPS11	ortholog_one2many	1	1
rps12	RPS12	ortholog_one2one	1	1
rps13	RPS13	ortholog_one2one	1	1
rps14	RPS14	ortholog_one2one	1	1
rps15	RPS15	ortholog_one2one	1	1
rps15a	RPS15A	ortholog_one2one	1	1
rps16	RPS16	ortholog_one2one	1	1
rps18	RPS18	ortholog_one2one	1	1
rps19	RPS19	ortholog_one2one	1	1
rps2	RPS2	ortholog_one2one	1	1
rps21	RPS21	ortholog_one2one	1	1
rps23	RPS23	ortholog_one2one	1	1
rps24	RPS24	ortholog_one2one	1	1
rps25	RPS25	ortholog_one2one	1	1
rps26l	RPS26	ortholog_one2one	1	1
rps28	RPS28	ortholog_one2one	1	1
rps29	RPS29	ortholog_one2one	1	1
rps3	RPS3	ortholog_one2one	1	1
rps3a	RPS3A	ortholog_one2one	1	1
rps4x	RPS4X	ortholog_one2many	1	3
rps4x	RPS4Y1	ortholog_one2many	1	3
rps4x	RPS4Y2	ortholog_one2many	1	3
rps5	RPS5	ortholog_one2one	1	1
rps6	RPS6	ortholog_one2one	1	1
rps6ka1	RPS6KA1	ortholog_one2one	1	1
rps6ka3a	RPS6KA3	ortholog_one2many	1	1
rps6ka3b	RPS6KA3	ortholog_one2many	1	1
rps6ka4	RPS6KA4	ortholog_one2one	1	1
rps6kal	RPS6KA6	ortholog_one2one	0	1
rps7	RPS7	ortholog_one2one	1	1
rps8a	RPS8	ortholog_one2many	1	1
rps8b	RPS8	ortholog_one2many	1	1
rps9	RPS9	ortholog_one2one	1	1
rpsa	RPSA	ortholog_one2many	1	2
rpsa	RPSA2	ortholog_one2many	1	2
rpusd1	RPUSD1	ortholog_one2one	1	1
rpusd4	RPUSD4	ortholog_one2one	1	1
rrad	RRAD	ortholog_one2one	1	1
rraga	RRAGA	ortholog_one2one	1	1
rragca	RRAGC	ortholog_one2many	1	2
rragca	RRAGD	ortholog_one2many	0	2
rras	RRAS	ortholog_one2one	1	1
rras2	RRAS2	ortholog_one2one	1	1
rrbp1a	RRBP1	ortholog_one2many	1	1
rrbp1b	RRBP1	ortholog_one2many	0	1
rrh	RRH	ortholog_one2one	1	1
rrm1	RRM1	ortholog_one2one	1	1
rrm2	RRM2	ortholog_one2many	1	1
rrm2b	RRM2B	ortholog_one2one	1	1
rrp12	RRP12	ortholog_one2one	1	1
rrp15	RRP15	ortholog_one2one	1	1
rrp36	RRP36	ortholog_one2one	0	1
rrp7a	RRP7A	ortholog_one2one	0	1
rrp9	RRP9	ortholog_one2one	1	1
rrs1	RRS1	ortholog_one2one	1	1
rsad1	RSAD1	ortholog_one2one	1	1
rsad2	RSAD2	ortholog_one2one	1	1
rsl24d1	RSL24D1	ortholog_one2one	1	1
rsph3	RSPH3	ortholog_one2one	1	1
rsph9	RSPH9	ortholog_one2one	1	1
rspo1	RSPO1	ortholog_one2one	1	1
rspo2	RSPO2	ortholog_one2one	1	1
rspo3	RSPO3	ortholog_one2one	1	1
rspo4	RSPO4	ortholog_one2one	1	1
rspry1	RSPRY1	ortholog_one2one	1	1
rsrc2	RSRC2	ortholog_one2one	1	1
rtca	RTCA	ortholog_one2one	1	1
rtcb	RTCB	ortholog_one2one	1	1
rtel1	RTEL1	ortholog_one2one	1	1
rtf1	RTF1	ortholog_one2one	1	1
rtn1b	RTN1	ortholog_one2one	0	1
rtn2b	RTN2	ortholog_one2one	0	1
rtn3	RTN3	ortholog_one2one	0	1
rtn4a	RTN4	ortholog_one2one	0	1
rtn4ip1	RTN4IP1	ortholog_one2one	1	1
rtn4r	RTN4R	ortholog_one2one	1	1
rtn4rl1b	RTN4RL1	ortholog_one2many	1	1
rtn4rl2a	RTN4RL2	ortholog_one2many	0	1
rtn4rl2b	RTN4RL2	ortholog_one2many	0	1
rufy2	RUFY2	ortholog_one2one	1	1
rufy3	RUFY3	ortholog_one2one	1	1
rundc3ab	RUNDC3A	ortholog_one2many	1	1
rundc3b	RUNDC3B	ortholog_one2one	1	1
runx1t1	RUNX1T1	ortholog_one2one	1	1
runx2a	RUNX2	ortholog_one2one	1	1
runx3	RUNX3	ortholog_one2one	1	1
ruvbl1	RUVBL1	ortholog_one2one	1	1
ruvbl2	RUVBL2	ortholog_one2one	1	1
rwdd	RWDD4	ortholog_one2one	1	1
rwdd1	RWDD1	ortholog_one2one	1	1
rwdd2b	RWDD2B	ortholog_one2one	1	1
rxfp1	RXFP1	ortholog_one2one	1	1
rxfp2a	RXFP2	ortholog_one2many	1	1
rxfp2b	RXFP2	ortholog_one2many	1	1
rxraa	RXRA	ortholog_one2many	1	1
rxrab	RXRA	ortholog_one2many	1	1
rxrba	RXRB	ortholog_one2many	1	1
rxrbb	RXRB	ortholog_one2many	0	1
rxrgb	RXRG	ortholog_one2many	1	1
rybpa	RYBP	ortholog_one2many	0	1
rybpb	RYBP	ortholog_one2many	1	1
ryk	RYK	ortholog_one2one	1	1
ryr1b	RYR1	ortholog_one2many	1	1
s100a1	S100A1	ortholog_one2one	1	1
s100a10a	CRNN	ortholog_many2many	0	11
s100a10a	S100A14	ortholog_many2many	0	11
s100a10a	S100A2	ortholog_many2many	0	11
s100a10a	S100A3	ortholog_many2many	0	11
s100a10a	S100A4	ortholog_many2many	0	11
s100a10a	S100A5	ortholog_many2many	0	11
s100a10a	S100A7	ortholog_many2many	0	11
s100a10a	S100A7A	ortholog_many2many	0	11
s100a10a	S100A8	ortholog_many2many	0	11
s100a10a	S100A9	ortholog_many2many	0	11
s100a10a	S100G	ortholog_many2many	0	11
s100a10b	S100A12	ortholog_one2one	0	1
s100a11	S100A11	ortholog_one2one	0	1
s100b	S100B	ortholog_one2one	1	1
s100s	CRNN	ortholog_many2many	0	12
s100s	S100A14	ortholog_many2many	0	12
s100s	S100A2	ortholog_many2many	0	12
s100s	S100A3	ortholog_many2many	0	12
s100s	S100A4	ortholog_many2many	0	12
s100s	S100A5	ortholog_many2many	0	12
s100s	S100A6	ortholog_many2many	0	12
s100s	S100A7	ortholog_many2many	0	12
s100s	S100A7A	ortholog_many2many	0	12
s100s	S100A8	ortholog_many2many	0	12
s100s	S100A9	ortholog_many2many	0	12
s100s	S100G	ortholog_many2many	0	12
s100t	CRNN	ortholog_many2many	0	13
s100t	S100A10	ortholog_many2many	0	13
s100t	S100A14	ortholog_many2many	0	13
s100t	S100A2	ortholog_many2many	0	13
s100t	S100A3	ortholog_many2many	0	13
s100t	S100A4	ortholog_many2many	0	13
s100t	S100A5	ortholog_many2many	0	13
s100t	S100A6	ortholog_many2many	0	13
s100t	S100A7	ortholog_many2many	0	13
s100t	S100A7A	ortholog_many2many	0	13
s100t	S100A8	ortholog_many2many	0	13
s100t	S100A9	ortholog_many2many	0	13
s100t	S100G	ortholog_many2many	0	13
s100v2	S100A13	ortholog_one2many	0	1
s100z	S100Z	ortholog_one2one	1	1
s1pr1	S1PR1	ortholog_one2one	1	1
s1pr2	S1PR2	ortholog_one2one	1	1
s1pr4	S1PR4	ortholog_one2one	1	1
s1pr5a	S1PR5	ortholog_one2many	0	1
s1pr5b	S1PR5	ortholog_one2many	1	1
saa	SAA1	ortholog_one2many	1	3
saa	SAA2	ortholog_one2many	1	3
saa	SAA4	ortholog_one2many	1	3
saal1	SAAL1	ortholog_one2one	1	1
sacm1la	SACM1L	ortholog_one2many	1	1
sacm1lb	SACM1L	ortholog_one2many	1	1
sae1	SAE1	ortholog_one2one	1	1
safb	SAFB	ortholog_one2one	0	1
saga	SAG	ortholog_one2many	0	1
sagb	SAG	ortholog_one2many	0	1
sall1a	SALL1	ortholog_one2many	1	1
sall4	SALL4	ortholog_one2one	1	1
samd10a	SAMD10	ortholog_one2many	0	1
samd13	SAMD13	ortholog_one2one	1	1
samd1a	SAMD1	ortholog_one2many	0	1
samd7	SAMD7	ortholog_one2one	1	1
samhd1	SAMHD1	ortholog_one2one	1	1
samm50	SAMM50	ortholog_one2many	1	1
samm50l	SAMM50	ortholog_one2many	0	1
samsn1a	SAMSN1	ortholog_one2many	0	1
samsn1b	SAMSN1	ortholog_one2many	0	1
sap130a	SAP130	ortholog_one2many	1	1
sap130b	SAP130	ortholog_one2many	1	1
sap18	SAP18	ortholog_one2one	1	1
sap30bp	SAP30BP	ortholog_one2one	1	1
sap30l	SAP30L	ortholog_one2many	1	1
saraf	SARAF	ortholog_one2one	0	1
sardh	SARDH	ortholog_one2one	1	1
sarm1	SARM1	ortholog_one2one	1	1
sarnp	SARNP	ortholog_one2one	1	1
sars2	SARS2	ortholog_one2one	1	1
sart3	SART3	ortholog_one2one	1	1
sash1a	SASH1	ortholog_one2many	1	1
sass6	SASS6	ortholog_one2one	1	1
sat1a.1	SAT1	ortholog_one2many	1	1
sat1a.2	SAT1	ortholog_one2many	1	1
sat1b	SAT1	ortholog_one2many	1	1
satb2	SATB2	ortholog_one2one	1	1
sav1	SAV1	ortholog_one2one	1	1
saxo2	SAXO2	ortholog_one2one	1	1
sbds	SBDS	ortholog_one2one	1	1
sbf1	SBF1	ortholog_one2one	1	1
sbno1	SBNO1	ortholog_one2one	1	1
sbno2a	SBNO2	ortholog_one2many	1	1
sc5d	SC5D	ortholog_one2one	1	1
sc:d189	NCR3	ortholog_many2many	0	5
sc:d189	NECTIN2	ortholog_many2many	0	5
sc:d189	PVR	ortholog_many2many	0	5
sc:d189	SMAGP	ortholog_many2many	0	5
sc:d189	TIGIT	ortholog_many2many	0	5
scamp1	SCAMP1	ortholog_one2one	1	1
scamp2	SCAMP2	ortholog_one2many	1	1
scamp2l	SCAMP2	ortholog_one2many	1	1
scamp3	SCAMP3	ortholog_one2one	1	1
scamp4	SCAMP4	ortholog_one2one	1	1
scamp5a	SCAMP5	ortholog_one2many	1	1
scaper	SCAPER	ortholog_one2one	1	1
scara5	SCARA5	ortholog_one2one	0	1
scarb1	SCARB1	ortholog_one2one	1	1
sccpdhb	SCCPDH	ortholog_one2many	0	1
scd	SCD	ortholog_one2many	1	1
scdb	SCD	ortholog_one2many	0	1
scfd1	SCFD1	ortholog_one2one	1	1
scfd2	SCFD2	ortholog_one2many	1	1
scg2b	SCG2	ortholog_one2one	0	1
scg3	SCG3	ortholog_one2one	1	1
scg5	SCG5	ortholog_one2many	1	1
scgn	SCGN	ortholog_one2one	1	1
schip1	SCHIP1	ortholog_one2many	1	1
scin	SCIN	ortholog_one2one	1	1
scly	SCLY	ortholog_one2one	1	1
scmh1	SCMH1	ortholog_one2one	0	1
scn12aa	SCN10A	ortholog_one2many	0	1
scn1ba	SCN1B	ortholog_one2many	1	1
scn1bb	SCN1B	ortholog_one2many	1	1
scn2b	SCN2B	ortholog_one2one	1	1
scn3b	SCN3B	ortholog_one2one	1	1
scn4ba	SCN4B	ortholog_one2many	1	1
scn4bb	SCN4B	ortholog_one2many	1	1
scn8aa	SCN8A	ortholog_one2many	1	1
scn8ab	SCN8A	ortholog_one2many	1	1
scnm1	SCNM1	ortholog_one2one	1	1
sco2	SCO2	ortholog_one2one	1	1
scoca	SCOC	ortholog_one2many	1	1
scocb	SCOC	ortholog_one2many	1	1
scp2a	SCP2D1	ortholog_one2many	0	1
scp2b	SCP2D1	ortholog_one2many	0	1
scpep1	SCPEP1	ortholog_one2one	1	1
scrib	SCRIB	ortholog_one2one	1	1
scrn2	SCRN2	ortholog_one2one	1	1
scrn3	SCRN3	ortholog_one2one	1	1
scrt2	SCRT2	ortholog_one2one	1	1
scube1	SCUBE1	ortholog_one2one	1	1
scube3	SCUBE3	ortholog_one2one	1	1
scxa	SCX	ortholog_one2many	1	1
scyl3	SCYL3	ortholog_one2one	1	1
sdad1	SDAD1	ortholog_one2one	1	1
sdc2	SDC2	ortholog_one2one	0	1
sdc4	SDC4	ortholog_one2one	0	1
sdcbp	SDCBP2	ortholog_one2many	0	1
sdcbp2	SDCBP2	ortholog_one2many	1	1
sde2	SDE2	ortholog_one2one	0	1
sdf2	SDF2	ortholog_one2one	1	1
sdf2l1	SDF2L1	ortholog_one2one	1	1
sdf4	SDF4	ortholog_one2one	1	1
sdha	SDHA	ortholog_one2one	1	1
sdhaf2	SDHAF2	ortholog_one2one	1	1
sdhaf3	SDHAF3	ortholog_one2one	1	1
sdhaf4	SDHAF4	ortholog_one2one	1	1
sdhb	SDHB	ortholog_one2many	1	1
sdhc	SDHC	ortholog_one2one	1	1
sdhda	SDHD	ortholog_one2many	1	1
sdhdb	SDHD	ortholog_one2many	1	1
sdr16c5a	SDR16C5	ortholog_one2many	1	1
sdr16c5b	SDR16C5	ortholog_one2many	1	1
sdr39u1	SDR39U1	ortholog_one2one	1	1
sdr42e1	SDR42E1	ortholog_one2one	1	1
sebox	SEBOX	ortholog_one2one	0	1
sec11a	SEC11A	ortholog_one2one	1	1
sec13	SEC13	ortholog_one2one	1	1
sec14l1	SEC14L1	ortholog_one2many	0	1
sec22a	SEC22A	ortholog_one2one	1	1
sec22ba	SEC22B	ortholog_one2many	1	1
sec22bb	SEC22B	ortholog_one2many	1	1
sec23a	SEC23A	ortholog_one2one	1	1
sec23b	SEC23B	ortholog_one2one	1	1
sec23ip	SEC23IP	ortholog_one2one	1	1
sec24d	SEC24D	ortholog_one2one	1	1
sec31a	SEC31A	ortholog_one2one	1	1
sec61b	SEC61B	ortholog_one2one	1	1
sec61g	SEC61G	ortholog_one2one	1	1
sec62	SEC62	ortholog_one2one	1	1
sec63	SEC63	ortholog_one2one	1	1
seh1l	SEH1L	ortholog_one2one	1	1
sel1l	SEL1L	ortholog_one2one	1	1
selenbp1	SELENBP1	ortholog_one2one	1	1
selp	SELE	ortholog_one2one	1	1
sema3ab	SEMA3A	ortholog_one2one	1	1
sema3b	SEMA3B	ortholog_one2one	1	1
sema3bl	SEMA3G	ortholog_one2one	1	1
sema3d	SEMA3D	ortholog_one2one	1	1
sema3e	SEMA3E	ortholog_one2one	1	1
sema3fa	SEMA3F	ortholog_one2many	1	1
sema4ba	SEMA4B	ortholog_one2many	1	1
sema4c	SEMA4C	ortholog_one2one	1	1
sema5a	SEMA5A	ortholog_one2one	1	1
sema6d	SEMA6D	ortholog_one2one	1	1
senp3a	SENP3	ortholog_one2many	0	1
senp3b	SENP3	ortholog_one2many	0	1
senp7b	SENP7	ortholog_one2many	0	1
senp8	SENP8	ortholog_one2one	1	1
sephs1	SEPHS1	ortholog_one2one	1	1
sepsecs	SEPSECS	ortholog_one2one	1	1
serac1	SERAC1	ortholog_one2one	1	1
serbp1a	SERBP1	ortholog_one2many	1	1
serhl	SERHL2	ortholog_one2one	0	1
serinc1	SERINC1	ortholog_one2one	1	1
serinc2	SERINC2	ortholog_one2many	0	1
serinc5	SERINC5	ortholog_one2one	1	1
serp1	SERP1	ortholog_one2many	1	1
serp2	SERP2	ortholog_one2one	1	1
serpina1	SERPINA4	ortholog_one2many	0	1
serpina10a	SERPINA10	ortholog_one2many	0	1
serpina1l	SERPINA4	ortholog_one2many	0	1
serpinb1	SERPINB1	ortholog_one2many	1	1
serpinb1l1	SERPINB8	ortholog_one2many	1	1
serpinb1l2	SERPINB1	ortholog_one2many	1	1
serpinb1l3	SERPINB8	ortholog_one2many	0	1
serpinb1l4	SERPINB8	ortholog_one2many	0	1
serpinc1	SERPINC1	ortholog_one2one	1	1
serpind1	SERPIND1	ortholog_one2one	1	1
serpine1	SERPINE1	ortholog_one2one	1	1
serpine2	SERPINE2	ortholog_one2one	1	1
serpine3	SERPINE3	ortholog_one2one	1	1
serpinf1	SERPINF1	ortholog_one2one	0	1
serpinf2b	SERPINF2	ortholog_one2many	0	1
serping1	SERPING1	ortholog_one2one	0	1
serpinh1a	SERPINH1	ortholog_one2many	1	1
serpinh1b	SERPINH1	ortholog_one2many	1	1
serpini1	SERPINI1	ortholog_one2one	1	1
sertad2b	SERTAD2	ortholog_one2one	1	1
sesn1	SESN1	ortholog_one2one	1	1
sesn2	SESN2	ortholog_one2one	0	1
sesn3	SESN3	ortholog_one2one	0	1
sestd1	SESTD1	ortholog_one2one	1	1
setb	SET	ortholog_one2one	1	1
setd1ba	SETD1A	ortholog_one2many	0	2
setd1ba	SETD1B	ortholog_one2many	1	2
setd3	SETD3	ortholog_one2one	1	1
setd4	SETD4	ortholog_one2one	1	1
setd6	SETD6	ortholog_one2one	1	1
setd7	SETD7	ortholog_one2one	1	1
setdb1a	SETDB1	ortholog_one2many	0	1
setdb1b	SETDB1	ortholog_one2many	1	1
sf1	SF1	ortholog_one2one	1	1
sf3a1	SF3A1	ortholog_one2one	1	1
sf3a2	SF3A2	ortholog_one2one	1	1
sf3a3	SF3A3	ortholog_one2one	1	1
sf3b2	SF3B2	ortholog_one2one	1	1
sf3b3	SF3B3	ortholog_one2one	1	1
sf3b4	SF3B4	ortholog_one2one	1	1
sf3b5	SF3B5	ortholog_one2one	1	1
sf3b6	SF3B6	ortholog_one2one	1	1
sfpq	SFPQ	ortholog_one2one	0	1
sfr1	SFR1	ortholog_one2one	1	1
sfrp1a	SFRP1	ortholog_one2many	1	1
sfrp1b	SFRP1	ortholog_one2many	1	1
sfrp2	SFRP2	ortholog_one2one	1	1
sfrp5	SFRP5	ortholog_one2one	1	1
sfswap	SFSWAP	ortholog_one2one	1	1
sft2d1	SFT2D1	ortholog_one2one	1	1
sft2d3	SFT2D3	ortholog_one2one	1	1
sftpbb	PSAPL1	ortholog_many2many	0	2
sftpbb	SFTPB	ortholog_many2many	0	2
sfxn1	SFXN1	ortholog_one2one	1	1
sfxn2	SFXN2	ortholog_one2one	1	1
sfxn3	SFXN3	ortholog_one2one	1	1
sfxn4	SFXN4	ortholog_one2one	0	1
sfxn5a	SFXN5	ortholog_one2many	1	1
sfxn5b	SFXN5	ortholog_one2many	1	1
sgcb	SGCB	ortholog_one2one	1	1
sgcd	SGCD	ortholog_one2one	1	1
sgce	SGCE	ortholog_one2one	1	1
sgcg	SGCG	ortholog_one2one	0	1
sgk2a	SGK2	ortholog_one2one	1	1
sgk3	SGK3	ortholog_one2one	1	1
sgpl1	SGPL1	ortholog_one2one	1	1
sgsh	SGSH	ortholog_one2one	1	1
sgsm3	SGSM3	ortholog_one2one	1	1
sgta	SGTA	ortholog_one2one	1	1
sh2b1	SH2B1	ortholog_one2one	0	1
sh2d3cb	SH2D3C	ortholog_one2many	1	1
sh2d5	HP1BP3	ortholog_one2many	0	1
sh3bgr	SH3BGR	ortholog_one2one	0	1
sh3bgrl	SH3BGRL	ortholog_one2one	1	1
sh3bgrl2	SH3BGRL2	ortholog_one2one	1	1
sh3bgrl3	SH3BGRL3	ortholog_one2one	1	1
sh3bp4	SH3BP4	ortholog_one2many	1	1
sh3bp4a	SH3BP4	ortholog_one2many	1	1
sh3bp5la	SH3BP5L	ortholog_one2many	1	1
sh3d19	SH3D19	ortholog_one2one	1	1
sh3d21	SH3D21	ortholog_one2one	0	1
sh3gl1a	SH3GL1	ortholog_one2many	0	1
sh3gl1b	SH3GL1	ortholog_one2many	1	1
sh3gl3a	SH3GL3	ortholog_one2many	0	1
sh3gl3b	SH3GL3	ortholog_one2many	0	1
sh3glb1a	SH3GLB1	ortholog_one2many	1	1
sh3glb1b	SH3GLB1	ortholog_one2many	1	1
sh3glb2a	SH3GLB2	ortholog_one2many	1	1
sh3glb2b	SH3GLB2	ortholog_one2many	1	1
sh3pxd2aa	SH3PXD2A	ortholog_one2many	1	1
sh3rf1	SH3RF1	ortholog_one2one	1	1
shda	SHD	ortholog_one2many	0	1
shdb	SHD	ortholog_one2many	1	1
shha	SHH	ortholog_one2many	1	1
shhb	SHH	ortholog_one2many	1	1
shisa3	SHISA3	ortholog_one2one	1	1
shisa4	SHISA4	ortholog_one2one	1	1
shisa9a	SHISA8	ortholog_one2many	0	1
shisa9b	SHISA8	ortholog_one2many	0	1
shmt1	SHMT1	ortholog_one2one	1	1
shmt2	SHMT2	ortholog_one2one	1	1
shoc2	SHOC2	ortholog_one2one	1	1
shox	SHOX	ortholog_one2one	1	1
shox2	SHOX2	ortholog_one2one	1	1
shq1	SHQ1	ortholog_one2one	1	1
shroom3	SHROOM3	ortholog_one2one	0	1
shrprbck1r	SHARPIN	ortholog_many2many	0	1
shtn1	SHTN1	ortholog_one2one	1	1
si:busm1-105l16.2	MTUS2	ortholog_one2many	0	1
si:busm1-57f23.1	CST1	ortholog_one2many	0	9
si:busm1-57f23.1	CST11	ortholog_one2many	0	9
si:busm1-57f23.1	CST2	ortholog_one2many	0	9
si:busm1-57f23.1	CST4	ortholog_one2many	0	9
si:busm1-57f23.1	CST5	ortholog_one2many	0	9
si:busm1-57f23.1	CST8	ortholog_one2many	0	9
si:busm1-57f23.1	CST9	ortholog_one2many	0	9
si:busm1-57f23.1	CST9L	ortholog_one2many	0	9
si:busm1-57f23.1	CSTL1	ortholog_one2many	0	9
si:ch1073-443f11.2	SMIM22	ortholog_one2one	0	1
si:ch211-10a23.2	CLC	ortholog_many2many	0	7
si:ch211-10a23.2	LGALS13	ortholog_many2many	0	7
si:ch211-10a23.2	LGALS14	ortholog_many2many	0	7
si:ch211-10a23.2	LGALS16	ortholog_many2many	0	7
si:ch211-10a23.2	LGALS9	ortholog_many2many	0	7
si:ch211-10a23.2	LGALS9B	ortholog_many2many	0	7
si:ch211-10a23.2	LGALS9C	ortholog_many2many	0	7
si:ch211-117n7.7	ABHD12B	ortholog_many2many	0	1
si:ch211-121a2.2	DUSP29	ortholog_one2many	0	1
si:ch211-125e6.13	REG1A	ortholog_many2many	0	4
si:ch211-125e6.13	REG1B	ortholog_many2many	0	4
si:ch211-125e6.13	REG3A	ortholog_many2many	0	4
si:ch211-125e6.13	REG3G	ortholog_many2many	0	4
si:ch211-130m23.2	ARRDC5	ortholog_one2many	0	1
si:ch211-137a8.2	SYNE2	ortholog_one2many	0	1
si:ch211-140m22.7	ATP5PF	ortholog_one2many	0	1
si:ch211-147a11.3	C1orf174	ortholog_one2one	0	1
si:ch211-14a17.11	C14orf119	ortholog_one2one	1	1
si:ch211-154o6.3	FBXW12	ortholog_many2many	0	2
si:ch211-154o6.3	WDR64	ortholog_many2many	0	2
si:ch211-160d20.3	C19orf47	ortholog_one2one	1	1
si:ch211-163l21.7	CFAP276	ortholog_one2one	0	1
si:ch211-165d12.4	CD7	ortholog_one2many	0	1
si:ch211-165i18.2	ENDOD1	ortholog_one2many	0	1
si:ch211-185a18.2	KIAA0586	ortholog_one2one	1	1
si:ch211-188c16.1	FYB2	ortholog_one2many	0	1
si:ch211-191d15.2	CHAD	ortholog_many2many	0	6
si:ch211-191d15.2	CHADL	ortholog_many2many	0	6
si:ch211-191d15.2	LGI1	ortholog_many2many	0	6
si:ch211-191d15.2	LGI4	ortholog_many2many	0	6
si:ch211-191d15.2	LRG1	ortholog_many2many	0	6
si:ch211-191d15.2	LRRC26	ortholog_many2many	0	6
si:ch211-214c7.5	C19orf67	ortholog_one2one	0	1
si:ch211-214j8.12	FBXL19	ortholog_one2many	0	1
si:ch211-215a10.4	C6orf136	ortholog_one2one	0	1
si:ch211-222f23.6	NCR3	ortholog_many2many	0	4
si:ch211-222f23.6	PVR	ortholog_many2many	0	4
si:ch211-222f23.6	SMAGP	ortholog_many2many	0	4
si:ch211-222f23.6	TIGIT	ortholog_many2many	0	4
si:ch211-225p5.8	SCN1B	ortholog_one2many	0	1
si:ch211-244b2.3	PARP15	ortholog_one2many	0	1
si:ch211-244b2.4	PARP15	ortholog_one2many	0	1
si:ch211-244o22.2	CDCA2	ortholog_one2one	0	1
si:ch211-259g3.4	BLTP2	ortholog_one2one	1	1
si:ch211-264f5.2	FCAMR	ortholog_one2many	0	1
si:ch211-283h6.4	C2orf68	ortholog_one2one	1	1
si:ch211-284e20.8	FETUB	ortholog_many2many	0	2
si:ch211-284e20.8	HRG	ortholog_many2many	0	2
si:ch211-51h9.6	C22orf39	ortholog_one2one	0	1
si:ch211-66e2.3	ICAM3	ortholog_one2many	0	1
si:ch211-71m22.1	PLSCR2	ortholog_many2many	1	4
si:ch211-71m22.1	PLSCR3	ortholog_many2many	1	4
si:ch211-71m22.1	PLSCR4	ortholog_many2many	1	4
si:ch211-71m22.1	PLSCR5	ortholog_many2many	1	4
si:ch211-71m22.3	PLSCR2	ortholog_many2many	1	3
si:ch211-71m22.3	PLSCR3	ortholog_many2many	0	3
si:ch211-71m22.3	PLSCR4	ortholog_many2many	0	3
si:ch211-79k12.1	AGER	ortholog_one2one	0	1
si:ch211-89o9.4	ZNF638	ortholog_one2many	0	1
si:ch73-111k22.2	C1orf198	ortholog_one2one	1	1
si:ch73-173h19.3	EFEMP1	ortholog_one2many	0	1
si:ch73-208g10.1	ICAM3	ortholog_one2many	0	1
si:ch73-52e5.2	THEM6	ortholog_one2many	1	1
si:dkey-10f21.4	TLCD4	ortholog_one2many	0	1
si:dkey-119f1.1	SMC6	ortholog_one2one	0	1
si:dkey-119m7.4	SLC22A1	ortholog_many2many	0	12
si:dkey-119m7.4	SLC22A10	ortholog_many2many	0	12
si:dkey-119m7.4	SLC22A11	ortholog_many2many	0	12
si:dkey-119m7.4	SLC22A12	ortholog_many2many	0	12
si:dkey-119m7.4	SLC22A14	ortholog_many2many	0	12
si:dkey-119m7.4	SLC22A24	ortholog_many2many	0	12
si:dkey-119m7.4	SLC22A25	ortholog_many2many	0	12
si:dkey-119m7.4	SLC22A3	ortholog_many2many	0	12
si:dkey-119m7.4	SLC22A4	ortholog_many2many	0	12
si:dkey-119m7.4	SLC22A5	ortholog_many2many	0	12
si:dkey-119m7.4	SLC22A6	ortholog_many2many	0	12
si:dkey-119m7.4	SLC22A9	ortholog_many2many	0	12
si:dkey-121a9.3	C1orf53	ortholog_one2one	1	1
si:dkey-15j16.3	NECTIN1	ortholog_one2many	0	1
si:dkey-191c17.2	THTPA	ortholog_one2many	0	1
si:dkey-193c22.1	AADACL2	ortholog_one2many	0	3
si:dkey-193c22.1	AADACL3	ortholog_one2many	0	3
si:dkey-193c22.1	AADACL4	ortholog_one2many	0	3
si:dkey-202l22.3	PRLHR	ortholog_one2one	1	1
si:dkey-211g8.6	FFAR2	ortholog_many2many	1	3
si:dkey-211g8.6	FFAR3	ortholog_many2many	0	3
si:dkey-211g8.6	GPR42	ortholog_many2many	0	3
si:dkey-228a15.1	CTSL	ortholog_many2many	0	2
si:dkey-228a15.1	CTSV	ortholog_many2many	0	2
si:dkey-22o12.2	C3orf70	ortholog_one2many	1	1
si:dkey-241l7.2	REG1A	ortholog_many2many	0	4
si:dkey-241l7.2	REG1B	ortholog_many2many	0	4
si:dkey-241l7.2	REG3A	ortholog_many2many	0	4
si:dkey-241l7.2	REG3G	ortholog_many2many	0	4
si:dkey-246g23.4	SLC16A11	ortholog_one2many	0	1
si:dkey-251i10.3	UTP14A	ortholog_one2many	1	2
si:dkey-251i10.3	UTP14C	ortholog_one2many	1	2
si:dkey-31g6.6	C17orf67	ortholog_one2one	0	1
si:dkey-33c12.4	TTC31	ortholog_one2one	0	1
si:dkey-56d12.4	THAP6	ortholog_many2many	0	1
si:dkey-7j14.6	MS4A1	ortholog_many2many	0	11
si:dkey-7j14.6	MS4A10	ortholog_many2many	0	11
si:dkey-7j14.6	MS4A13	ortholog_many2many	0	11
si:dkey-7j14.6	MS4A14	ortholog_many2many	0	11
si:dkey-7j14.6	MS4A15	ortholog_many2many	0	11
si:dkey-7j14.6	MS4A18	ortholog_many2many	0	11
si:dkey-7j14.6	MS4A2	ortholog_many2many	0	11
si:dkey-7j14.6	MS4A5	ortholog_many2many	0	11
si:dkey-7j14.6	MS4A6A	ortholog_many2many	0	11
si:dkey-7j14.6	MS4A6E	ortholog_many2many	0	11
si:dkey-7j14.6	MS4A7	ortholog_many2many	0	11
si:dkey-88n24.5	MTUS2	ortholog_one2many	0	1
si:dkey-91m11.5	BCR	ortholog_one2many	1	1
si:dkey-97m3.1	FAR2	ortholog_one2one	1	1
si:dkey-9i23.15	TMEM109	ortholog_one2one	0	1
si:dkeyp-104h9.5	KIAA2013	ortholog_one2one	1	1
si:dkeyp-118h3.6	C2orf49	ortholog_one2one	1	1
si:dkeyp-120h9.1	SLC7A13	ortholog_many2many	0	1
si:dkeyp-72a4.1	RASAL1	ortholog_one2one	0	1
si:rp71-81e14.2	CD7	ortholog_one2many	0	1
siae	SIAE	ortholog_one2one	0	1
siah1	SIAH1	ortholog_one2one	1	1
siah2l	SIAH2	ortholog_one2one	1	1
sigirr	SIGIRR	ortholog_one2one	1	1
sigmar1	SIGMAR1	ortholog_one2one	1	1
sik1	SIK1	ortholog_one2one	1	1
sik2a	SIK2	ortholog_one2many	1	1
sim1a	SIM1	ortholog_one2many	1	1
sin3aa	SIN3A	ortholog_one2many	1	1
sin3b	SIN3B	ortholog_one2one	1	1
sipa1l1	SIPA1L1	ortholog_one2one	1	1
sipa1l2	SIPA1L2	ortholog_one2one	1	1
sirt2	SIRT2	ortholog_one2one	1	1
sirt3	SIRT3	ortholog_one2one	1	1
sirt4	SIRT4	ortholog_one2one	1	1
sirt5	SIRT5	ortholog_one2one	1	1
sirt6	SIRT6	ortholog_one2one	1	1
six1a	SIX1	ortholog_one2many	1	1
six1b	SIX1	ortholog_one2many	1	1
six2a	SIX2	ortholog_one2one	1	1
six3a	SIX3	ortholog_one2many	1	1
six3b	SIX3	ortholog_one2many	1	1
six4a	ANHX	ortholog_many2many	0	3
six4a	SIX4	ortholog_many2many	1	3
six4a	SIX5	ortholog_many2many	0	3
six4b	ANHX	ortholog_many2many	0	3
six4b	SIX4	ortholog_many2many	1	3
six4b	SIX5	ortholog_many2many	0	3
six5	SIX5	ortholog_many2many	0	1
six6a	SIX6	ortholog_one2many	1	1
six6b	SIX6	ortholog_one2many	1	1
six7	ANHX	ortholog_many2many	0	1
ska2	SKA2	ortholog_one2one	0	1
ska3	SKA3	ortholog_one2one	0	1
skap1	SKAP1	ortholog_one2one	0	1
skap2	SKAP2	ortholog_one2one	1	1
skia	SKI	ortholog_one2one	1	1
skilb	SKIL	ortholog_one2many	0	1
skor1a	SKOR1	ortholog_one2many	1	1
skor1b	SKOR1	ortholog_one2many	1	1
skp1	SKP1	ortholog_one2one	1	1
skp2	SKP2	ortholog_one2one	1	1
slain1a	SLAIN1	ortholog_one2many	1	1
slain1b	SLAIN1	ortholog_one2many	0	1
slain2	SLAIN2	ortholog_one2one	1	1
slbp	SLBP	ortholog_one2one	0	1
slc10a2	SLC10A2	ortholog_one2one	1	1
slc10a4	SLC10A4	ortholog_one2one	1	1
slc10a7	SLC10A7	ortholog_one2one	1	1
slc11a2	SLC11A2	ortholog_one2one	0	1
slc12a2	SLC12A2	ortholog_one2many	1	1
slc12a3	SLC12A3	ortholog_one2one	1	1
slc12a8	SLC12A8	ortholog_one2one	1	1
slc12a9	SLC12A9	ortholog_one2one	1	1
slc13a1	SLC13A1	ortholog_one2one	1	1
slc13a2	SLC13A2	ortholog_one2one	1	1
slc13a3	SLC13A3	ortholog_one2one	1	1
slc13a4	SLC13A4	ortholog_one2one	1	1
slc13a5a	SLC13A5	ortholog_one2many	1	1
slc14a2	SLC14A1	ortholog_one2many	1	2
slc14a2	SLC14A2	ortholog_one2many	0	2
slc15a1b	SLC15A1	ortholog_one2many	1	1
slc15a2	SLC15A2	ortholog_one2one	1	1
slc15a4	SLC15A4	ortholog_one2one	1	1
slc16a10	SLC16A10	ortholog_one2one	1	1
slc16a12b	SLC16A12	ortholog_one2many	1	1
slc16a2	SLC16A2	ortholog_one2one	0	1
slc16a4	SLC16A4	ortholog_one2one	1	1
slc16a8	SLC16A8	ortholog_one2one	1	1
slc16a9a	SLC16A9	ortholog_one2many	1	1
slc16a9b	SLC16A9	ortholog_one2many	1	1
slc17a5	SLC17A1	ortholog_many2many	0	5
slc17a5	SLC17A2	ortholog_many2many	0	5
slc17a5	SLC17A3	ortholog_many2many	0	5
slc17a5	SLC17A4	ortholog_many2many	0	5
slc17a5	SLC17A5	ortholog_many2many	1	5
slc17a6a	SLC17A6	ortholog_one2many	1	1
slc17a6b	SLC17A6	ortholog_one2many	1	1
slc17a7a	SLC17A7	ortholog_one2many	1	1
slc17a8	SLC17A8	ortholog_one2one	1	1
slc17a9b	SLC17A9	ortholog_one2many	1	1
slc18a2	SLC18A2	ortholog_one2one	1	1
slc18a3a	SLC18A3	ortholog_one2many	1	1
slc18a3b	SLC18A3	ortholog_one2many	1	1
slc18b1	SLC18B1	ortholog_one2one	1	1
slc1a1	SLC1A1	ortholog_one2one	1	1
slc1a2a	SLC1A2	ortholog_one2many	1	1
slc1a2b	SLC1A2	ortholog_one2many	1	1
slc1a3a	SLC1A3	ortholog_one2many	1	1
slc1a3b	SLC1A3	ortholog_one2many	1	1
slc1a4	SLC1A4	ortholog_one2one	1	1
slc1a5	SLC1A5	ortholog_one2one	1	1
slc1a6	SLC1A6	ortholog_one2one	0	1
slc1a7a	SLC1A7	ortholog_one2many	1	1
slc1a7b	SLC1A7	ortholog_one2many	1	1
slc20a1a	SLC20A1	ortholog_one2many	1	1
slc20a1b	SLC20A1	ortholog_one2many	1	1
slc20a2	SLC20A2	ortholog_one2one	1	1
slc22a15	SLC22A10	ortholog_many2many	0	5
slc22a15	SLC22A11	ortholog_many2many	0	5
slc22a15	SLC22A24	ortholog_many2many	0	5
slc22a15	SLC22A25	ortholog_many2many	0	5
slc22a15	SLC22A9	ortholog_many2many	0	5
slc22a16	SLC22A16	ortholog_one2one	0	1
slc22a2	SLC22A2	ortholog_one2one	1	1
slc22a21	SLC22A11	ortholog_many2many	0	3
slc22a21	SLC22A24	ortholog_many2many	0	3
slc22a21	SLC22A25	ortholog_many2many	0	3
slc22a4	SLC22A1	ortholog_many2many	0	12
slc22a4	SLC22A10	ortholog_many2many	0	12
slc22a4	SLC22A11	ortholog_many2many	0	12
slc22a4	SLC22A12	ortholog_many2many	0	12
slc22a4	SLC22A14	ortholog_many2many	0	12
slc22a4	SLC22A24	ortholog_many2many	0	12
slc22a4	SLC22A25	ortholog_many2many	0	12
slc22a4	SLC22A3	ortholog_many2many	0	12
slc22a4	SLC22A4	ortholog_many2many	0	12
slc22a4	SLC22A5	ortholog_many2many	1	12
slc22a4	SLC22A6	ortholog_many2many	0	12
slc22a4	SLC22A9	ortholog_many2many	0	12
slc22a7b.1	SLC22A7	ortholog_one2many	0	1
slc23a1	SLC23A1	ortholog_one2one	1	1
slc24a4a	SLC24A4	ortholog_one2many	1	1
slc24a5	SLC24A5	ortholog_one2one	1	1
slc25a11	SLC25A11	ortholog_one2one	1	1
slc25a12	SLC25A12	ortholog_one2one	1	1
slc25a15a	SLC25A15	ortholog_one2many	1	1
slc25a15b	SLC25A15	ortholog_one2many	1	1
slc25a16	SLC25A16	ortholog_one2one	1	1
slc25a17	SLC25A17	ortholog_one2one	1	1
slc25a19	SLC25A19	ortholog_one2one	1	1
slc25a20	SLC25A20	ortholog_one2one	1	1
slc25a21	SLC25A21	ortholog_one2one	1	1
slc25a23b	SLC25A23	ortholog_one2many	1	1
slc25a24l	SLC25A25	ortholog_one2many	0	1
slc25a25a	SLC25A25	ortholog_one2many	1	1
slc25a25b	SLC25A25	ortholog_one2many	1	1
slc25a26	SLC25A26	ortholog_one2one	1	1
slc25a27	SLC25A27	ortholog_one2one	1	1
slc25a28	SLC25A28	ortholog_one2one	1	1
slc25a29	SLC25A29	ortholog_one2many	1	1
slc25a32a	SLC25A32	ortholog_one2many	1	1
slc25a32b	SLC25A32	ortholog_one2many	1	1
slc25a33	SLC25A33	ortholog_one2one	1	1
slc25a34	SLC25A34	ortholog_one2one	0	1
slc25a35	SLC25A35	ortholog_one2one	1	1
slc25a36a	SLC25A36	ortholog_one2many	1	1
slc25a37	SLC25A37	ortholog_one2one	1	1
slc25a38a	SLC25A38	ortholog_one2many	1	1
slc25a38b	SLC25A38	ortholog_one2many	1	1
slc25a3a	SLC25A3	ortholog_one2many	1	1
slc25a3b	SLC25A3	ortholog_one2many	1	1
slc25a4	SLC25A4	ortholog_one2one	1	1
slc25a42	SLC25A42	ortholog_one2one	1	1
slc25a43	SLC25A43	ortholog_one2one	1	1
slc25a44a	SLC25A44	ortholog_one2many	1	1
slc25a44b	SLC25A44	ortholog_one2many	1	1
slc25a46	SLC25A46	ortholog_one2one	1	1
slc25a47a	SLC25A47	ortholog_one2many	1	1
slc25a47b	SLC25A47	ortholog_one2many	0	1
slc25a48	SLC25A48	ortholog_one2one	1	1
slc25a5	SLC25A5	ortholog_one2one	1	1
slc25a6	SLC25A6	ortholog_one2one	1	1
slc26a1	SLC26A1	ortholog_one2one	1	1
slc26a11	SLC26A11	ortholog_one2one	1	1
slc26a3.2	SLC26A3	ortholog_one2many	1	1
slc26a4	SLC26A4	ortholog_one2one	1	1
slc26a5	SLC26A5	ortholog_one2one	1	1
slc27a1a	SLC27A1	ortholog_one2many	1	1
slc27a1b	SLC27A1	ortholog_one2many	1	1
slc27a2a	ACSL6	ortholog_one2many	0	1
slc27a4	SLC27A4	ortholog_one2one	1	1
slc27a6	SLC27A6	ortholog_one2one	1	1
slc28a1	SLC28A1	ortholog_one2many	1	2
slc28a1	SLC28A2	ortholog_one2many	1	2
slc29a1a	SLC29A1	ortholog_one2many	1	1
slc29a2	SLC29A2	ortholog_one2many	1	1
slc2a10	SLC2A10	ortholog_one2one	1	1
slc2a11b	SLC2A7	ortholog_many2many	0	1
slc2a11l	SLC2A14	ortholog_many2many	0	3
slc2a11l	SLC2A3	ortholog_many2many	0	3
slc2a11l	SLC2A7	ortholog_many2many	0	3
slc2a12	SLC2A12	ortholog_one2one	1	1
slc2a13b	SLC2A13	ortholog_one2many	1	1
slc2a15a	SLC2A7	ortholog_many2many	0	1
slc2a15b	SLC2A7	ortholog_many2many	0	1
slc2a1a	SLC2A1	ortholog_one2many	1	1
slc2a2	SLC2A2	ortholog_one2one	1	1
slc2a5	SLC2A5	ortholog_one2one	1	1
slc2a8	SLC2A8	ortholog_one2one	1	1
slc30a10	SLC30A10	ortholog_one2one	1	1
slc30a1a	SLC30A1	ortholog_one2many	1	1
slc30a1b	SLC30A1	ortholog_one2many	1	1
slc30a2	SLC30A2	ortholog_one2one	1	1
slc30a4	SLC30A4	ortholog_one2one	1	1
slc30a5	SLC30A5	ortholog_one2one	1	1
slc30a7	SLC30A7	ortholog_one2one	1	1
slc30a9	SLC30A9	ortholog_one2one	1	1
slc31a1	SLC31A1	ortholog_one2one	1	1
slc31a2	SLC31A2	ortholog_one2one	0	1
slc32a1	SLC32A1	ortholog_one2one	1	1
slc33a1	SLC33A1	ortholog_one2one	1	1
slc34a2a	SLC34A2	ortholog_one2many	1	1
slc34a2b	SLC34A2	ortholog_one2many	0	1
slc35a1	SLC35A1	ortholog_one2one	1	1
slc35a3a	SLC35A3	ortholog_one2many	1	1
slc35a3b	SLC35A3	ortholog_one2many	1	1
slc35a5	SLC35A5	ortholog_one2one	1	1
slc35b1	SLC35B1	ortholog_one2one	1	1
slc35b2	SLC35B2	ortholog_one2one	1	1
slc35b3	SLC35B3	ortholog_one2one	1	1
slc35b4	SLC35B4	ortholog_one2one	1	1
slc35c1	SLC35C1	ortholog_one2one	1	1
slc35d1a	SLC35D1	ortholog_one2many	1	1
slc35d1b	SLC35D1	ortholog_one2many	1	1
slc35e1	SLC35E1	ortholog_one2one	1	1
slc35e3	SLC35E3	ortholog_one2one	1	1
slc35e4	SLC35E4	ortholog_one2one	1	1
slc35f2	SLC35F2	ortholog_one2many	1	1
slc35f3a	SLC35F3	ortholog_one2many	1	1
slc35f6	SLC35F6	ortholog_one2one	1	1
slc35g2a	SLC35G2	ortholog_one2many	1	1
slc35g2b	SLC35G2	ortholog_one2many	1	1
slc37a1	SLC37A1	ortholog_one2one	1	1
slc37a2	SLC37A2	ortholog_one2one	1	1
slc37a4a	SLC37A4	ortholog_one2one	1	1
slc37a4b	SLC17A1	ortholog_many2many	0	5
slc37a4b	SLC17A2	ortholog_many2many	0	5
slc37a4b	SLC17A3	ortholog_many2many	0	5
slc37a4b	SLC17A4	ortholog_many2many	0	5
slc37a4b	SLC17A5	ortholog_many2many	0	5
slc38a11	SLC38A11	ortholog_one2one	1	1
slc38a2	SLC38A2	ortholog_one2one	1	1
slc38a3a	SLC38A3	ortholog_one2many	1	1
slc38a4	SLC38A4	ortholog_one2one	1	1
slc38a5b	SLC36A2	ortholog_one2many	0	2
slc38a5b	SLC36A3	ortholog_one2many	0	2
slc38a6	SLC38A6	ortholog_one2one	1	1
slc38a7	SLC38A7	ortholog_one2one	1	1
slc38a9	SLC38A9	ortholog_one2one	1	1
slc39a10	SLC39A10	ortholog_one2one	1	1
slc39a13	SLC39A13	ortholog_one2one	1	1
slc39a6	SLC39A6	ortholog_one2one	0	1
slc39a7	SLC39A7	ortholog_one2one	1	1
slc39a9	SLC39A9	ortholog_one2one	1	1
slc3a2a	SLC3A2	ortholog_one2many	0	1
slc3a2b	SLC3A2	ortholog_one2many	1	1
slc40a1	SLC40A1	ortholog_one2one	1	1
slc43a1a	SLC43A1	ortholog_one2many	1	1
slc43a1b	SLC43A1	ortholog_one2many	1	1
slc43a2a	SLC43A2	ortholog_one2many	1	1
slc43a2b	SLC43A2	ortholog_one2many	1	1
slc43a3a	SLC43A3	ortholog_one2many	1	1
slc43a3b	SLC43A3	ortholog_one2many	1	1
slc44a4	SLC44A4	ortholog_one2one	0	1
slc44a5b	SLC44A5	ortholog_one2many	1	1
slc45a1	SLC45A1	ortholog_one2one	1	1
slc45a2	SLC45A2	ortholog_one2one	1	1
slc45a3	SLC45A3	ortholog_one2one	1	1
slc46a1	SLC46A1	ortholog_one2one	1	1
slc47a1	SLC47A1	ortholog_many2many	0	2
slc47a1	SLC47A2	ortholog_many2many	0	2
slc48a1a	SLC48A1	ortholog_one2many	1	1
slc48a1b	SLC48A1	ortholog_one2many	1	1
slc4a11	SLC4A11	ortholog_one2one	1	1
slc4a1a	SLC4A1	ortholog_one2many	1	1
slc4a1b	SLC4A1	ortholog_one2many	1	1
slc4a2a	SLC4A2	ortholog_one2many	1	1
slc4a2b	SLC4A2	ortholog_one2many	1	1
slc4a3	SLC4A3	ortholog_one2one	0	1
slc4a4a	SLC4A4	ortholog_one2many	1	1
slc50a1	SLC50A1	ortholog_one2one	1	1
slc52a2	SLC52A1	ortholog_one2many	1	2
slc52a2	SLC52A2	ortholog_one2many	1	2
slc5a1	SLC5A1	ortholog_one2one	1	1
slc5a11	SLC5A11	ortholog_one2one	1	1
slc5a12	SLC5A12	ortholog_one2one	1	1
slc5a2	SLC5A2	ortholog_one2one	1	1
slc5a3a	SLC5A3	ortholog_many2many	1	1
slc5a5	SLC5A5	ortholog_one2one	1	1
slc5a6a	SLC5A6	ortholog_one2many	1	1
slc5a6b	SLC5A6	ortholog_one2many	1	1
slc5a8l	SLC5A4	ortholog_one2one	0	1
slc5a9	SLC5A9	ortholog_one2one	1	1
slc6a15	SLC6A15	ortholog_one2one	1	1
slc6a17	SLC6A17	ortholog_one2one	1	1
slc6a18	SLC6A18	ortholog_one2one	1	1
slc6a19a.1	SLC6A19	ortholog_one2many	1	1
slc6a19b	SLC6A19	ortholog_one2many	1	1
slc6a1a	SLC6A1	ortholog_one2many	1	1
slc6a1b	SLC6A1	ortholog_one2many	1	1
slc6a3	SLC6A3	ortholog_one2one	1	1
slc6a4a	SLC6A4	ortholog_one2one	1	1
slc6a5	SLC6A5	ortholog_one2one	1	1
slc6a6b	SLC6A6	ortholog_one2many	1	1
slc6a9	SLC6A9	ortholog_one2one	1	1
slc7a2	SLC7A11	ortholog_many2many	0	3
slc7a2	SLC7A13	ortholog_many2many	0	3
slc7a2	SLC7A2	ortholog_many2many	1	3
slc7a4	SLC7A4	ortholog_one2one	1	1
slc7a5	SLC7A5	ortholog_one2one	1	1
slc7a6	SLC7A6	ortholog_one2one	1	1
slc7a6os	SLC7A6OS	ortholog_one2one	1	1
slc7a7	SLC7A7	ortholog_one2one	1	1
slc7a8a	SLC7A8	ortholog_one2many	1	1
slc8a1a	SLC8A1	ortholog_one2many	1	1
slc8a1b	SLC8A1	ortholog_one2many	1	1
slc8a2a	SLC8A2	ortholog_one2many	0	1
slc8a2b	SLC8A2	ortholog_one2many	1	1
slc8a3	SLC8A3	ortholog_one2one	1	1
slc9a2	SLC9A2	ortholog_one2one	1	1
slc9a3.1	SLC9A3	ortholog_one2many	0	1
slc9a3.2	SLC9A3	ortholog_one2many	0	1
slc9a5	SLC9A5	ortholog_one2one	1	1
slc9a6a	SLC9A6	ortholog_one2many	1	1
slc9a6b	SLC9A6	ortholog_one2many	1	1
slc9a7	SLC9A7	ortholog_one2one	1	1
slc9a8	SLC9A8	ortholog_one2one	1	1
slco1c1	SLCO1C1	ortholog_one2one	1	1
slco2a1	SLCO2A1	ortholog_one2one	1	1
slco2b1	SLCO2B1	ortholog_one2one	0	1
slco4a1	SLCO4A1	ortholog_one2one	1	1
slirp	SLIRP	ortholog_one2one	1	1
slit1a	SLIT1	ortholog_one2one	1	1
slit2	SLIT2	ortholog_one2one	1	1
slit3	SLIT3	ortholog_one2one	1	1
slitrk6	SLITRK6	ortholog_one2one	1	1
slka	SLK	ortholog_one2many	1	1
slkb	SLK	ortholog_one2many	1	1
slmapa	SLMAP	ortholog_one2one	1	1
sltm	SLTM	ortholog_one2one	1	1
slu7	SLU7	ortholog_one2one	1	1
slx4ip	SLX4IP	ortholog_one2one	0	1
smad1	SMAD1	ortholog_one2one	1	1
smad3a	SMAD3	ortholog_one2many	1	1
smad3b	SMAD3	ortholog_one2many	1	1
smad5	SMAD5	ortholog_one2one	1	1
smad6a	SMAD6	ortholog_one2many	1	1
smad7	SMAD7	ortholog_one2one	1	1
smap1	SMAP1	ortholog_one2one	1	1
smap2	SMAP2	ortholog_one2one	1	1
smarca1	SMARCA1	ortholog_one2one	0	1
smarca2	SMARCA2	ortholog_one2many	1	1
smarca4a	SMARCA4	ortholog_one2many	1	1
smarcad1a	SMARCAD1	ortholog_one2many	1	1
smarcal1	SMARCAL1	ortholog_one2one	0	1
smarcb1b	SMARCB1	ortholog_one2one	1	1
smarcc1b	SMARCC1	ortholog_one2many	0	1
smarcd1	SMARCD1	ortholog_one2one	1	1
smarcd3b	SMARCD3	ortholog_one2many	1	1
smarce1	SMARCE1	ortholog_one2one	1	1
smc1a	SMC1A	ortholog_one2many	1	1
smc1al	SMC1A	ortholog_one2many	1	1
smc2	SMC2	ortholog_one2one	1	1
smc3	SMC3	ortholog_one2one	1	1
smc4	SMC4	ortholog_one2one	1	1
smc5	SMC5	ortholog_one2one	1	1
smek1	PPP4R3A	ortholog_one2one	1	1
smfn	REXO2	ortholog_one2one	1	1
smg1	SMG1	ortholog_one2one	1	1
smg5	SMG5	ortholog_one2one	1	1
smg7	SMG7	ortholog_one2one	1	1
smim12	SMIM12	ortholog_one2one	1	1
smim14	SMIM14	ortholog_one2one	1	1
smim19	SMIM19	ortholog_one2one	1	1
smim20	SMIM20	ortholog_one2one	1	1
smim7	SMIM7	ortholog_one2one	1	1
smim8	SMIM8	ortholog_one2one	1	1
smkr1	SMKR1	ortholog_one2one	1	1
smn1	SMN1	ortholog_one2many	0	2
smn1	SMN2	ortholog_one2many	0	2
smndc1	SMNDC1	ortholog_one2one	1	1
smo	SMO	ortholog_one2one	1	1
smoc1	SMOC1	ortholog_one2one	1	1
smox	SMOX	ortholog_one2one	1	1
smpd2a	SMPD2	ortholog_one2many	0	1
smpd3	SMPD3	ortholog_one2one	1	1
smpd4	SMPD4	ortholog_one2one	1	1
smpdl3a	SMPDL3A	ortholog_one2one	1	1
smpx	SMPX	ortholog_one2one	1	1
sms	SMS	ortholog_one2one	1	1
smtnl	SMTNL2	ortholog_one2one	1	1
smu1a	SMU1	ortholog_one2many	1	1
smurf1	SMURF1	ortholog_one2many	1	1
smurf2	SMURF2	ortholog_one2one	1	1
smx5	LSM2	ortholog_one2many	1	1
smyd1a	SMYD1	ortholog_one2many	1	1
smyd1b	SMYD1	ortholog_one2many	1	1
smyd2a	SMYD2	ortholog_one2one	1	1
smyd3	SMYD3	ortholog_one2one	1	1
smyd4	SMYD4	ortholog_one2one	0	1
smyd5	SMYD5	ortholog_one2one	1	1
smyhc1	MYH6	ortholog_one2many	0	1
smyhc2	MYH6	ortholog_one2many	0	1
smyhc3	MYH6	ortholog_one2many	1	1
snai1a	SNAI1	ortholog_one2many	0	1
snai1b	SNAI1	ortholog_one2many	0	1
snap23.1	SNAP23	ortholog_one2many	0	1
snap23.2	SNAP23	ortholog_one2many	0	1
snap25a	SNAP25	ortholog_one2many	1	1
snap25b	SNAP25	ortholog_one2many	1	1
snap29	SNAP29	ortholog_one2one	1	1
snap47	SNAP47	ortholog_one2one	1	1
snapc1a	SNAPC1	ortholog_one2many	1	1
snapc1b	SNAPC1	ortholog_one2many	0	1
snapc3	SNAPC3	ortholog_one2one	1	1
snapc4	SNAPC4	ortholog_one2one	0	1
snapc5	SNAPC5	ortholog_one2one	1	1
snapin	SNAPIN	ortholog_one2one	1	1
sncb	SNCB	ortholog_one2one	1	1
sncga	SNCG	ortholog_one2many	1	1
sncgb	SNCG	ortholog_one2many	1	1
snd1	SND1	ortholog_one2one	1	1
snf8	SNF8	ortholog_one2one	1	1
snip1	SLC4A1AP	ortholog_one2one	0	1
snn	SNN	ortholog_one2one	1	1
snrka	SNRK	ortholog_one2one	1	1
snrnp200	SNRNP200	ortholog_one2one	1	1
snrnp25	SNRNP25	ortholog_one2one	1	1
snrnp27	SNRNP27	ortholog_one2one	1	1
snrnp35	SNRNP35	ortholog_one2one	1	1
snrnp40	SNRNP40	ortholog_one2one	1	1
snrnp48	SNRNP48	ortholog_one2one	0	1
snrnp70	SNRNP70	ortholog_one2one	1	1
snrpa	SNRPA	ortholog_one2one	1	1
snrpa1	SNRPA1	ortholog_one2one	1	1
snrpb	SNRPB	ortholog_one2one	1	1
snrpb2	SNRPB2	ortholog_one2one	1	1
snrpc	SNRPC	ortholog_one2one	1	1
snrpd1	SNRPD1	ortholog_one2one	1	1
snrpd2	SNRPD2	ortholog_one2one	1	1
snrpd3	SNRPD3	ortholog_one2many	1	1
snrpd3l	SNRPD3	ortholog_one2many	1	1
snrpe	SNRPE	ortholog_one2one	1	1
snrpf	SNRPF	ortholog_one2one	1	1
snrpg	SNRPG	ortholog_one2one	1	1
sntb1	SNTB1	ortholog_one2one	1	1
sntg2	SNTG2	ortholog_one2one	1	1
snupn	SNUPN	ortholog_one2one	1	1
snw1	SNW1	ortholog_one2one	1	1
snx10a	SNX10	ortholog_one2many	1	1
snx10b	SNX10	ortholog_one2many	0	1
snx11	SNX11	ortholog_one2one	0	1
snx12	SNX12	ortholog_one2one	1	1
snx14	SNX14	ortholog_one2one	1	1
snx15	SNX15	ortholog_one2one	0	1
snx16	SNX16	ortholog_one2one	0	1
snx17	SNX17	ortholog_one2one	1	1
snx18a	SNX18	ortholog_one2many	1	1
snx18b	SNX18	ortholog_one2many	1	1
snx19a	SNX19	ortholog_one2many	1	1
snx1a	SNX1	ortholog_one2many	1	1
snx2	SNX2	ortholog_one2one	1	1
snx21	SNX21	ortholog_one2one	1	1
snx22	SNX22	ortholog_one2one	0	1
snx24	SNX24	ortholog_one2one	1	1
snx25	SNX25	ortholog_one2one	1	1
snx27a	SNX27	ortholog_one2many	1	1
snx27b	SNX27	ortholog_one2many	1	1
snx3	SNX3	ortholog_one2one	1	1
snx30	SNX30	ortholog_one2one	1	1
snx33	SNX33	ortholog_one2one	1	1
snx4	SNX4	ortholog_one2one	1	1
snx5	SNX5	ortholog_one2one	1	1
snx6	SNX6	ortholog_one2one	1	1
snx7	SNX7	ortholog_one2one	1	1
snx9a	SNX9	ortholog_one2many	1	1
snx9b	SNX9	ortholog_one2many	1	1
soat1	SOAT1	ortholog_one2one	1	1
sobpa	SOBP	ortholog_one2many	1	1
sobpb	SOBP	ortholog_one2many	0	1
socs1a	SOCS1	ortholog_one2one	1	1
socs2	SOCS2	ortholog_one2one	1	1
socs3a	SOCS3	ortholog_one2many	1	1
socs3b	SOCS3	ortholog_one2many	1	1
socs4	SOCS4	ortholog_many2many	0	1
socs6b	SOCS6	ortholog_one2many	1	1
socs7	SOCS7	ortholog_one2one	1	1
sod1	SOD1	ortholog_one2one	1	1
sod2	SOD2	ortholog_one2one	1	1
sod3a	SOD3	ortholog_one2many	1	1
sorbs3	SORBS3	ortholog_one2one	0	1
sord	SORD	ortholog_one2one	1	1
sort1a	SORT1	ortholog_one2many	1	1
sort1b	SORT1	ortholog_one2many	1	1
sos1	SOS1	ortholog_one2one	1	1
sostdc1a	SOSTDC1	ortholog_one2one	1	1
soul2	HEBP2	ortholog_one2many	0	1
sowahcb	SOWAHC	ortholog_one2many	1	1
sox10	SOX10	ortholog_one2one	1	1
sox11a	SOX11	ortholog_one2one	1	1
sox14	SOX14	ortholog_one2many	1	1
sox17	SOX17	ortholog_one2one	1	1
sox19a	SOX12	ortholog_many2many	0	3
sox19a	SOX15	ortholog_many2many	0	3
sox19a	SRY	ortholog_many2many	0	3
sox19b	SOX12	ortholog_many2many	0	3
sox19b	SOX15	ortholog_many2many	0	3
sox19b	SRY	ortholog_many2many	0	3
sox1a	SOX1	ortholog_one2many	1	1
sox1b	SOX1	ortholog_one2many	1	1
sox2	SOX2	ortholog_one2one	1	1
sox21b	SOX21	ortholog_one2one	1	1
sox3	SOX3	ortholog_one2one	1	1
sox4a	SOX4	ortholog_one2many	1	1
sox4b	SOX4	ortholog_one2many	1	1
sox5	SOX5	ortholog_one2one	1	1
sox6	SOX6	ortholog_one2one	1	1
sox7	SOX7	ortholog_one2one	1	1
sox8a	SOX8	ortholog_one2many	1	1
sox8b	SOX8	ortholog_one2many	1	1
sox9a	SOX9	ortholog_one2many	1	1
sox9b	SOX9	ortholog_one2many	1	1
sp1	SP1	ortholog_one2many	1	1
sp2	SP2	ortholog_one2one	1	1
sp3a	SP3	ortholog_one2many	1	1
sp4	SP4	ortholog_one2one	1	1
sp5a	SP5	ortholog_one2one	1	1
sp5l	KLF14	ortholog_many2many	0	3
sp5l	KLF17	ortholog_many2many	0	3
sp5l	KLF18	ortholog_many2many	0	3
sp7	SP7	ortholog_one2one	1	1
sp8a	SP8	ortholog_one2many	1	1
sp8b	SP8	ortholog_one2many	1	1
sp9	SP9	ortholog_one2one	1	1
spa17	NRGN	ortholog_one2many	0	1
spag6	SPAG6	ortholog_one2one	1	1
spag7	SPAG7	ortholog_one2one	1	1
spag9a	SPAG9	ortholog_one2many	0	1
spam1	SPAM1	ortholog_one2one	1	1
sparc	SPARC	ortholog_one2one	1	1
sparcl1	SPARCL1	ortholog_one2one	0	1
spast	SPAST	ortholog_one2one	1	1
spata17	SPATA17	ortholog_one2one	1	1
spata18	SPATA18	ortholog_one2one	1	1
spata2	SPATA2	ortholog_one2one	1	1
spata4	SPATA4	ortholog_one2one	1	1
spata6	SPATA6	ortholog_one2one	0	1
spc24	SPC24	ortholog_one2one	0	1
spc25	SPC25	ortholog_one2one	1	1
spcs1	SPCS1	ortholog_one2one	1	1
spcs2	SPCS2	ortholog_one2one	1	1
spcs3	SPCS3	ortholog_one2one	1	1
spdya	SPDYA	ortholog_one2one	1	1
specc1la	SPECC1L	ortholog_one2many	1	1
spef2	SPEF2	ortholog_one2one	0	1
spg11	SPG11	ortholog_one2one	0	1
spg21	SPG21	ortholog_one2one	1	1
sphkap	SPHKAP	ortholog_one2one	1	1
spi1a	SPIB	ortholog_one2one	0	1
spi1b	SPI1	ortholog_one2one	1	1
spice1	SPICE1	ortholog_one2one	0	1
spint1b	EPPIN	ortholog_many2many	0	6
spint1b	LRP11	ortholog_many2many	0	6
spint1b	SPINT1	ortholog_many2many	0	6
spint1b	SPINT4	ortholog_many2many	0	6
spint1b	WFDC6	ortholog_many2many	0	6
spint1b	WFDC8	ortholog_many2many	0	6
spint2	SPINT2	ortholog_one2one	0	1
spire1a	SPIRE1	ortholog_one2many	1	1
spire2	SPIRE2	ortholog_one2one	1	1
spns1	SPNS1	ortholog_one2one	1	1
spns3	SPNS3	ortholog_one2one	1	1
spo11	SPO11	ortholog_one2one	0	1
spon1a	SPON1	ortholog_one2many	1	1
spon1b	SPON1	ortholog_one2many	1	1
spon2b	SPON2	ortholog_one2one	1	1
spop	SPOP	ortholog_one2one	1	1
spopla	SPOPL	ortholog_one2many	1	1
spoplb	SPOPL	ortholog_one2many	1	1
sppl2	SPPL2B	ortholog_one2one	1	1
sppl3	SPPL3	ortholog_one2one	1	1
spra	SPR	ortholog_one2many	1	1
sprb	SPR	ortholog_one2many	1	1
spred1	SPRED1	ortholog_one2one	1	1
spred2b	SPRED2	ortholog_one2one	1	1
spred3	SPRED3	ortholog_one2one	1	1
spry1	SPRY1	ortholog_one2one	1	1
spry2	SPRY2	ortholog_one2one	1	1
spry4	SPRY4	ortholog_one2one	1	1
spryd3	SPRYD3	ortholog_one2one	1	1
spryd4	SPRYD4	ortholog_one2one	1	1
spryd7a	SPRYD7	ortholog_one2many	1	1
spryd7b	SPRYD7	ortholog_one2many	1	1
spsb1	SPSB1	ortholog_one2one	1	1
spsb3a	SPSB3	ortholog_one2one	1	1
spsb4a	SPSB4	ortholog_one2many	1	1
spsb4b	SPSB4	ortholog_one2many	1	1
sptb	SPTB	ortholog_one2one	1	1
sptlc1	SPTLC1	ortholog_one2one	1	1
sptlc2a	SPTLC2	ortholog_one2many	1	1
sptlc2b	SPTLC2	ortholog_one2many	1	1
sptlc3	SPTLC3	ortholog_one2one	1	1
sptssa	SPTSSA	ortholog_one2one	1	1
sptssb	SPTSSB	ortholog_one2one	1	1
spty2d1	SPTY2D1	ortholog_one2one	1	1
sqlea	SQLE	ortholog_one2many	1	1
sqstm1	SQSTM1	ortholog_one2one	1	1
sra1	SRA1	ortholog_one2one	1	1
src	SRC	ortholog_one2one	1	1
srd5a1	SRD5A1	ortholog_one2one	1	1
srd5a2a	SRD5A2	ortholog_one2many	1	1
srd5a2b	SRD5A2	ortholog_one2many	1	1
srd5a3	SRD5A3	ortholog_one2one	1	1
srebf1	SREBF1	ortholog_one2one	1	1
srebf2	SREBF2	ortholog_one2one	0	1
srek1	SREK1	ortholog_one2one	1	1
srek1ip1	SREK1IP1	ortholog_one2one	1	1
srfa	SRF	ortholog_one2many	1	1
srfb	SRF	ortholog_one2many	1	1
srfbp1	SRFBP1	ortholog_one2one	0	1
srgn	SRGN	ortholog_one2one	1	1
sri	SRI	ortholog_one2one	1	1
srm	SRM	ortholog_one2one	1	1
srp14	SRP14	ortholog_one2one	1	1
srp19	SRP19	ortholog_one2one	1	1
srp54	SRP54	ortholog_one2one	1	1
srp68	SRP68	ortholog_one2one	1	1
srp9	SRP9	ortholog_one2one	1	1
srpk1b	SRPK1	ortholog_one2one	0	1
srpx	SRPX	ortholog_one2one	1	1
srrd	SRRD	ortholog_one2one	0	1
srrt	SRRT	ortholog_one2one	1	1
srsf10b	SRSF10	ortholog_one2one	0	1
srsf11	SRSF11	ortholog_one2one	1	1
srsf1a	SRSF1	ortholog_one2many	1	1
srsf1b	SRSF1	ortholog_one2many	1	1
srsf2a	SRSF2	ortholog_many2many	1	2
srsf2a	SRSF8	ortholog_many2many	1	2
srsf2b	SRSF2	ortholog_many2many	1	2
srsf2b	SRSF8	ortholog_many2many	0	2
srsf3a	SRSF3	ortholog_one2many	1	1
srsf3b	SRSF3	ortholog_one2many	1	1
srsf4	SRSF4	ortholog_one2one	1	1
srsf5b	SRSF5	ortholog_one2one	1	1
srsf6a	SRSF6	ortholog_one2many	1	1
srsf6b	SRSF6	ortholog_one2many	1	1
srsf7b	SRSF7	ortholog_one2one	1	1
srsf9	SRSF9	ortholog_one2one	1	1
ss18	SS18	ortholog_one2one	1	1
ss18l2	SS18L2	ortholog_one2one	1	1
ssb	SSB	ortholog_one2one	1	1
ssbp1	SSBP1	ortholog_one2one	1	1
ssbp3a	SSBP3	ortholog_one2many	1	1
ssbp3b	SSBP3	ortholog_one2many	0	1
ssbp4	SSBP4	ortholog_one2many	1	1
ssh2b	SSH2	ortholog_one2many	0	1
sspn	SSPN	ortholog_one2one	1	1
ssr1	SSR1	ortholog_one2one	1	1
ssr2	SSR2	ortholog_one2one	1	1
ssr3	SSR3	ortholog_one2one	1	1
ssr4	SSR4	ortholog_one2one	1	1
ssrp1a	SSRP1	ortholog_one2many	1	1
sst1.1	SST	ortholog_one2many	1	1
sst2	SST	ortholog_one2many	0	1
sstr5	SSTR3	ortholog_one2one	0	1
ssu72	SSU72	ortholog_one2many	1	7
ssu72	SSU72L1	ortholog_one2many	1	7
ssu72	SSU72L2	ortholog_one2many	1	7
ssu72	SSU72L3	ortholog_one2many	1	7
ssu72	SSU72L4	ortholog_one2many	1	7
ssu72	SSU72L5	ortholog_one2many	1	7
ssu72	SSU72L6	ortholog_one2many	1	7
ssx2ipa	SSX2IP	ortholog_one2many	1	1
st13	ST13	ortholog_one2one	1	1
st14a	PRSS22	ortholog_many2many	0	6
st14a	TMPRSS11A	ortholog_many2many	0	6
st14a	TMPRSS11B	ortholog_many2many	0	6
st14a	TMPRSS11D	ortholog_many2many	0	6
st14a	TMPRSS11E	ortholog_many2many	0	6
st14a	TMPRSS11F	ortholog_many2many	0	6
st14b	PRSS22	ortholog_many2many	0	6
st14b	TMPRSS11A	ortholog_many2many	0	6
st14b	TMPRSS11B	ortholog_many2many	0	6
st14b	TMPRSS11D	ortholog_many2many	0	6
st14b	TMPRSS11E	ortholog_many2many	0	6
st14b	TMPRSS11F	ortholog_many2many	0	6
st3gal2	ST3GAL2	ortholog_one2one	1	1
st3gal3a	ST3GAL3	ortholog_one2many	1	1
st3gal3b	ST3GAL3	ortholog_one2many	1	1
st3gal4	ST3GAL4	ortholog_one2one	1	1
st3gal5	ST3GAL5	ortholog_one2one	1	1
st3gal7	C20orf173	ortholog_one2many	0	1
st3gal8	C20orf173	ortholog_one2many	0	1
st6gal1	ST6GAL1	ortholog_one2one	0	1
st6gal2a	ST6GAL2	ortholog_one2many	1	1
st6gal2b	ST6GAL2	ortholog_one2many	0	1
st6galnac1.2	ST6GALNAC1	ortholog_one2many	0	1
st6galnac3	ST6GALNAC3	ortholog_one2one	1	1
st6galnac4	ST6GALNAC4	ortholog_one2one	1	1
st6galnac5b	ST6GALNAC5	ortholog_one2many	1	1
st7l	ST7L	ortholog_one2one	1	1
st8sia1	ST8SIA1	ortholog_one2one	1	1
st8sia2	ST8SIA2	ortholog_one2one	1	1
st8sia3	ST8SIA3	ortholog_one2one	1	1
st8sia4	ST8SIA4	ortholog_one2one	1	1
st8sia5	ST8SIA5	ortholog_one2one	1	1
stab1	STAB1	ortholog_one2one	0	1
stab2	STAB2	ortholog_one2one	0	1
stac3	STAC3	ortholog_one2one	1	1
stam	STAM	ortholog_one2one	1	1
stam2	STAM2	ortholog_one2one	1	1
stambpa	STAMBP	ortholog_one2many	1	1
stambpb	STAMBP	ortholog_one2many	1	1
stap2a	STAP2	ortholog_one2many	0	1
stap2b	STAP2	ortholog_one2many	1	1
star	STAR	ortholog_one2one	1	1
stard10	STARD10	ortholog_one2one	1	1
stard3	STARD3	ortholog_one2one	1	1
stard3nl	STARD3NL	ortholog_one2one	1	1
stard4	STARD4	ortholog_one2one	1	1
stard8	STARD8	ortholog_one2one	1	1
stat1a	STAT1	ortholog_one2many	1	1
stat1b	STAT1	ortholog_one2many	1	1
stat2	STAT2	ortholog_one2one	0	1
stat3	STAT3	ortholog_one2one	1	1
stat4	STAT4	ortholog_one2one	1	1
stat5a	STAT5A	ortholog_many2many	1	2
stat5a	STAT5B	ortholog_many2many	1	2
stat5b	STAT5A	ortholog_many2many	1	2
stat5b	STAT5B	ortholog_many2many	1	2
stat6	STAT6	ortholog_one2one	0	1
stau1	STAU1	ortholog_one2one	1	1
stau2	STAU2	ortholog_one2one	1	1
stc1	STC1	ortholog_one2many	1	1
stc1l	STC1	ortholog_one2many	1	1
stc2a	STC2	ortholog_one2many	1	1
steap4	STEAP4	ortholog_one2one	1	1
stil	STIL	ortholog_one2one	0	1
stim1a	STIM1	ortholog_one2many	1	1
stim1b	STIM1	ortholog_one2many	1	1
stip1	STIP1	ortholog_one2one	1	1
stk11	STK11	ortholog_one2one	1	1
stk11ip	STK11IP	ortholog_one2one	0	1
stk16	STK16	ortholog_one2one	1	1
stk17a	STK17A	ortholog_one2one	1	1
stk17b	STK17B	ortholog_one2one	0	1
stk24a	STK24	ortholog_one2many	1	1
stk24b	STK24	ortholog_one2many	1	1
stk25a	STK25	ortholog_one2many	1	1
stk25b	STK25	ortholog_one2many	1	1
stk26	STK26	ortholog_one2one	0	1
stk3	STK3	ortholog_one2one	1	1
stk33	STK33	ortholog_one2one	1	1
stk35	STK35	ortholog_one2many	1	1
stk35l	STK35	ortholog_one2many	1	1
stk36	STK36	ortholog_one2one	0	1
stk38a	STK38	ortholog_one2many	1	1
stk38l	STK38L	ortholog_one2one	1	1
stmn1a	STMN1	ortholog_one2many	1	1
stmn1b	STMN1	ortholog_one2many	1	1
stmn2a	STMN2	ortholog_one2many	1	1
stmn2b	STMN2	ortholog_one2many	1	1
stmn4	STMN4	ortholog_one2many	1	1
stmn4l	STMN4	ortholog_one2many	1	1
stom	STOM	ortholog_one2one	1	1
stoml1	STOML1	ortholog_one2one	1	1
stoml2	STOML2	ortholog_one2one	1	1
stoml3a	STOML3	ortholog_one2many	0	1
stoml3b	STOML3	ortholog_one2many	1	1
ston2	STON2	ortholog_one2one	1	1
stox1	STOX1	ortholog_one2one	1	1
stpg2	STPG2	ortholog_one2one	0	1
stra6	STRA6	ortholog_one2one	1	1
strada	STRADA	ortholog_one2one	1	1
strap	STRAP	ortholog_one2one	1	1
strip1	STRIP1	ortholog_one2one	1	1
strn	STRN	ortholog_one2one	1	1
strn3	STRN3	ortholog_one2one	1	1
stt3a	STT3A	ortholog_one2one	1	1
stt3b	STT3B	ortholog_one2one	1	1
stub1	STUB1	ortholog_one2one	1	1
stx11a	STX11	ortholog_one2many	1	1
stx11b.1	STX11	ortholog_one2many	1	1
stx11b.2	STX11	ortholog_one2many	1	1
stx12	STX12	ortholog_one2many	1	1
stx17	STX17	ortholog_one2one	1	1
stx18	STX18	ortholog_one2one	1	1
stx1b	STX1B	ortholog_one2one	1	1
stx2a	STX2	ortholog_one2many	0	1
stx3a	STX3	ortholog_one2many	1	1
stx4	STX4	ortholog_one2one	0	1
stx5a	STX5	ortholog_one2many	1	1
stx5al	STX5	ortholog_one2many	1	1
stx6	STX6	ortholog_one2one	1	1
stx8	STX8	ortholog_one2one	1	1
stxbp1a	STXBP1	ortholog_one2many	1	1
stxbp1b	STXBP1	ortholog_one2many	1	1
stxbp2	STXBP2	ortholog_one2one	1	1
stxbp3	STXBP3	ortholog_one2one	0	1
stxbp5a	STXBP5	ortholog_one2many	1	1
stxbp5l	STXBP5L	ortholog_one2one	1	1
stxbp6	STXBP6	ortholog_one2many	1	1
stxbp6l	STXBP6	ortholog_one2many	0	1
styx	STYX	ortholog_one2one	1	1
sub1a	SUB1	ortholog_one2many	1	1
sub1b	SUB1	ortholog_one2many	1	1
sucla2	SUCLA2	ortholog_one2one	1	1
suclg1	SUCLG1	ortholog_one2one	1	1
suds3	SUDS3	ortholog_one2one	1	1
sufu	SUFU	ortholog_one2one	1	1
sugct	SUGCT	ortholog_one2one	1	1
sulf1	SULF1	ortholog_one2one	1	1
sulf2a	ARSF	ortholog_many2many	0	3
sulf2a	ARSH	ortholog_many2many	0	3
sulf2a	ARSL	ortholog_many2many	0	3
sulf2b	SULF2	ortholog_one2one	1	1
sult1st1	SULT1A1	ortholog_many2many	0	6
sult1st1	SULT1A2	ortholog_many2many	0	6
sult1st1	SULT1A3	ortholog_many2many	0	6
sult1st1	SULT1A4	ortholog_many2many	0	6
sult1st1	SULT1E1	ortholog_many2many	0	6
sult1st1	SULT2A1	ortholog_many2many	0	6
sult1st2	SULT1A1	ortholog_many2many	0	6
sult1st2	SULT1A2	ortholog_many2many	0	6
sult1st2	SULT1A3	ortholog_many2many	0	6
sult1st2	SULT1A4	ortholog_many2many	0	6
sult1st2	SULT1E1	ortholog_many2many	0	6
sult1st2	SULT2A1	ortholog_many2many	0	6
sult1st3	SULT1A1	ortholog_many2many	0	6
sult1st3	SULT1A2	ortholog_many2many	0	6
sult1st3	SULT1A3	ortholog_many2many	0	6
sult1st3	SULT1A4	ortholog_many2many	0	6
sult1st3	SULT1E1	ortholog_many2many	0	6
sult1st3	SULT2A1	ortholog_many2many	0	6
sult1st4	SULT1A1	ortholog_many2many	0	6
sult1st4	SULT1A2	ortholog_many2many	0	6
sult1st4	SULT1A3	ortholog_many2many	0	6
sult1st4	SULT1A4	ortholog_many2many	0	6
sult1st4	SULT1E1	ortholog_many2many	0	6
sult1st4	SULT2A1	ortholog_many2many	0	6
sult1st5	SULT1C4	ortholog_one2many	0	1
sult1st6	SULT1C4	ortholog_one2many	0	1
sult2st1	SULT1A1	ortholog_many2many	0	6
sult2st1	SULT1A2	ortholog_many2many	0	6
sult2st1	SULT1A3	ortholog_many2many	0	6
sult2st1	SULT1A4	ortholog_many2many	0	6
sult2st1	SULT1E1	ortholog_many2many	0	6
sult2st1	SULT2A1	ortholog_many2many	0	6
sult2st2	SULT1A1	ortholog_many2many	0	6
sult2st2	SULT1A2	ortholog_many2many	0	6
sult2st2	SULT1A3	ortholog_many2many	0	6
sult2st2	SULT1A4	ortholog_many2many	0	6
sult2st2	SULT1E1	ortholog_many2many	0	6
sult2st2	SULT2A1	ortholog_many2many	0	6
sult2st3	SULT1A1	ortholog_many2many	0	8
sult2st3	SULT1A2	ortholog_many2many	0	8
sult2st3	SULT1A3	ortholog_many2many	0	8
sult2st3	SULT1A4	ortholog_many2many	0	8
sult2st3	SULT1B1	ortholog_many2many	0	8
sult2st3	SULT1C3	ortholog_many2many	0	8
sult2st3	SULT1E1	ortholog_many2many	0	8
sult2st3	SULT2A1	ortholog_many2many	0	8
sult4a1	SULT4A1	ortholog_one2one	1	1
sult5a1	SULT1A1	ortholog_many2many	0	4
sult5a1	SULT1A2	ortholog_many2many	0	4
sult5a1	SULT1A3	ortholog_many2many	0	4
sult5a1	SULT1A4	ortholog_many2many	0	4
sult6b1	SULT6B1	ortholog_one2one	0	1
sumf1	SUMF1	ortholog_one2one	1	1
sumf2	SUMF2	ortholog_one2one	1	1
sumo1	SUMO1	ortholog_one2one	1	1
supt16h	SUPT16H	ortholog_one2one	1	1
supt3h	SUPT3H	ortholog_one2one	1	1
supt4h1	SUPT4H1	ortholog_one2one	1	1
supt5h	SUPT5H	ortholog_one2one	1	1
supt6h	SUPT6H	ortholog_one2one	1	1
supt7l	SUPT7L	ortholog_one2one	1	1
supv3l1	SUPV3L1	ortholog_one2one	1	1
surf1	SURF1	ortholog_one2one	1	1
surf4l	SURF4	ortholog_one2many	1	1
surf6	SURF6	ortholog_one2one	0	1
susd6	SUSD6	ortholog_one2one	1	1
suv39h1a	SUV39H1	ortholog_one2many	1	1
suv39h1b	SUV39H1	ortholog_one2many	1	1
suz12a	SUZ12	ortholog_one2many	1	1
suz12b	SUZ12	ortholog_one2many	1	1
sv2ba	SV2B	ortholog_one2many	0	1
svbp	SVBP	ortholog_one2one	1	1
svila	SVIL	ortholog_one2many	1	1
svopl	SVOPL	ortholog_one2one	0	1
swap70a	SWAP70	ortholog_one2many	1	1
swap70b	SWAP70	ortholog_one2many	1	1
syap1	SYAP1	ortholog_one2one	1	1
sybl1	VAMP7	ortholog_one2one	1	1
sybu	SYBU	ortholog_one2one	0	1
sycp1	SYCP1	ortholog_one2one	1	1
sycp3	FAM9A	ortholog_one2many	0	4
sycp3	FAM9B	ortholog_one2many	0	4
sycp3	FAM9C	ortholog_one2many	0	4
sycp3	SYCP3	ortholog_one2many	1	4
syf2	SYF2	ortholog_one2one	1	1
syk	SYK	ortholog_one2one	1	1
syn2a	SYN2	ortholog_one2one	1	1
syncrip	SYNCRIP	ortholog_one2many	1	1
syncripl	SYNCRIP	ortholog_one2many	0	1
syndig1l	SYNDIG1L	ortholog_one2one	0	1
syne3	SYNE3	ortholog_one2one	0	1
syngr1a	SYNGR1	ortholog_one2many	1	1
syngr2b	SYNGR2	ortholog_one2one	1	1
syngr3a	SYNGR3	ortholog_one2many	1	1
syngr3b	SYNGR3	ortholog_one2many	1	1
synj1	SYNJ1	ortholog_one2one	1	1
synj2bp	SYNJ2BP	ortholog_one2one	0	1
sypa	SYP	ortholog_one2many	1	1
sypb	SYP	ortholog_one2many	1	1
sypl2a	SYPL2	ortholog_one2many	1	1
sypl2b	SYPL2	ortholog_one2many	1	1
sys1	SYS1	ortholog_one2one	1	1
syt10	SYT10	ortholog_one2one	1	1
syt11a	SYT11	ortholog_one2many	1	1
syt11b	SYT11	ortholog_one2many	1	1
syt12	SYT12	ortholog_one2one	1	1
syt13	SYT13	ortholog_one2one	0	1
syt1a	SYT1	ortholog_one2many	1	1
syt1b	SYT1	ortholog_one2many	0	1
syt4	SYT4	ortholog_one2one	1	1
syt7b	SYT7	ortholog_one2many	1	1
syt9b	SYT9	ortholog_one2many	1	1
sytl1	SYTL1	ortholog_one2one	0	1
sytl4	SYTL4	ortholog_one2one	0	1
syvn1	SYVN1	ortholog_one2one	1	1
szrd1	SZRD1	ortholog_one2one	1	1
taar13b	TAAR5	ortholog_one2many	0	1
tab2	TAB2	ortholog_one2one	1	1
tab3	TAB3	ortholog_one2one	1	1
tac1	TAC1	ortholog_one2many	0	1
tac3a	TAC3	ortholog_one2one	0	1
tacc3	TACC3	ortholog_one2one	0	1
taco1	TACO1	ortholog_one2many	0	1
tacr1a	TACR1	ortholog_one2many	1	1
tacr1b	TACR1	ortholog_one2many	1	1
tacr3a	TACR3	ortholog_one2many	1	1
tacr3l	TACR3	ortholog_one2many	1	1
tada2a	TADA2A	ortholog_one2one	1	1
tada2b	TADA2B	ortholog_one2one	1	1
tada3l	TADA3	ortholog_one2one	1	1
taf1	TAF1	ortholog_one2many	1	2
taf1	TAF1L	ortholog_one2many	1	2
taf10	TAF10	ortholog_one2one	1	1
taf11	LINC02218	ortholog_one2many	1	15
taf11	TAF11	ortholog_one2many	1	15
taf11	TAF11L10	ortholog_one2many	0	15
taf11	TAF11L11	ortholog_one2many	1	15
taf11	TAF11L12	ortholog_one2many	0	15
taf11	TAF11L13	ortholog_one2many	0	15
taf11	TAF11L14	ortholog_one2many	0	15
taf11	TAF11L2	ortholog_one2many	0	15
taf11	TAF11L3	ortholog_one2many	0	15
taf11	TAF11L4	ortholog_one2many	0	15
taf11	TAF11L5	ortholog_one2many	0	15
taf11	TAF11L6	ortholog_one2many	0	15
taf11	TAF11L7	ortholog_one2many	0	15
taf11	TAF11L8	ortholog_one2many	0	15
taf11	TAF11L9	ortholog_one2many	0	15
taf12	TAF12	ortholog_one2one	1	1
taf13	TAF13	ortholog_one2one	1	1
taf15	TAF15	ortholog_one2one	0	1
taf1a	TAF1A	ortholog_one2one	1	1
taf1b	TAF1B	ortholog_one2one	1	1
taf2	TAF2	ortholog_one2one	1	1
taf3	TAF3	ortholog_one2one	1	1
taf5	TAF5	ortholog_one2one	1	1
taf5l	TAF5L	ortholog_one2one	1	1
taf6	TAF6	ortholog_one2one	1	1
taf6l	TAF6L	ortholog_one2one	1	1
taf7	TAF7	ortholog_one2one	1	1
taf8	TAF8	ortholog_one2one	1	1
taf9	TAF9	ortholog_one2one	1	1
tagapa	TAGAP	ortholog_one2many	0	1
tagapb	TAGAP	ortholog_one2many	1	1
tagln	TAGLN	ortholog_one2many	1	1
tagln2	TAGLN	ortholog_one2many	1	1
tagln3a	TAGLN3	ortholog_one2one	0	1
tagln3b	ABHD10	ortholog_one2many	1	1
tal1	TAL1	ortholog_one2one	1	1
tal2	TAL2	ortholog_one2one	1	1
taldo1	TALDO1	ortholog_one2one	1	1
tamm41	TAMM41	ortholog_one2one	1	1
tango2	TANGO2	ortholog_one2one	1	1
tank	TANK	ortholog_one2many	1	1
tarbp2	TARBP2	ortholog_one2one	1	1
tasp1	TASP1	ortholog_one2one	1	1
tat	TAT	ortholog_one2one	1	1
tatdn1	TATDN1	ortholog_one2one	1	1
tatdn2	TATDN2	ortholog_one2one	0	1
tax1bp1b	TAX1BP1	ortholog_one2many	1	1
tax1bp3	TAX1BP3	ortholog_one2one	1	1
tbc1d10b	TBC1D10B	ortholog_one2one	1	1
tbc1d15	TBC1D15	ortholog_one2one	1	1
tbc1d16	TBC1D16	ortholog_one2one	1	1
tbc1d17	TBC1D17	ortholog_one2one	1	1
tbc1d19	TBC1D19	ortholog_one2one	1	1
tbc1d20	TBC1D20	ortholog_one2one	1	1
tbc1d22a	TBC1D22A	ortholog_one2one	1	1
tbc1d23	TBC1D23	ortholog_one2one	1	1
tbc1d25	TBC1D25	ortholog_one2one	1	1
tbc1d5	TBC1D5	ortholog_one2one	1	1
tbc1d7	TBC1D7	ortholog_one2one	1	1
tbca	TBCA	ortholog_one2one	1	1
tbcb	TBCB	ortholog_one2one	1	1
tbcc	TBCC	ortholog_one2one	1	1
tbccd1	TBCCD1	ortholog_one2one	1	1
tbce	TBCE	ortholog_one2one	0	1
tbcela	TBCEL	ortholog_one2many	1	1
tbck	TBCK	ortholog_one2one	1	1
tbk1	TBK1	ortholog_one2one	1	1
tbl1x	TBL1X	ortholog_one2many	1	2
tbl1x	TBL1Y	ortholog_one2many	0	2
tbl1xr1a	TBL1XR1	ortholog_one2many	1	1
tbl1xr1b	TBL1XR1	ortholog_one2many	1	1
tbl2	TBL2	ortholog_one2one	1	1
tbl3	TBL3	ortholog_one2one	1	1
tbp	TBP	ortholog_one2one	1	1
tbpl1	TBPL1	ortholog_one2one	1	1
tbpl2	TBPL2	ortholog_one2one	1	1
tbr1b	TBR1	ortholog_one2one	1	1
tbrg1	TBRG1	ortholog_one2one	1	1
tbx1	TBX1	ortholog_one2one	1	1
tbx15	TBX15	ortholog_one2one	1	1
tbx18	TBX18	ortholog_one2one	1	1
tbx20	TBX20	ortholog_one2one	1	1
tbx21	TBX21	ortholog_one2many	1	1
tbx2a	TBX2	ortholog_one2many	1	1
tbx2b	TBX2	ortholog_one2many	1	1
tbx3a	TBX3	ortholog_one2one	1	1
tbx4	TBX4	ortholog_one2one	1	1
tbx5a	TBX5	ortholog_one2one	1	1
tbx6	TBX6	ortholog_one2one	0	1
tbxa2r	TBXA2R	ortholog_one2one	1	1
tbxas1	TBXAS1	ortholog_one2one	1	1
tcap	TCAP	ortholog_one2one	0	1
tcea1	TCEA1	ortholog_one2one	1	1
tcea2	TCEA2	ortholog_one2one	1	1
tcea3	TCEA3	ortholog_one2one	1	1
tcerg1a	TCERG1	ortholog_one2many	1	1
tcf15	TCF15	ortholog_one2one	1	1
tcf21	TCF21	ortholog_one2one	1	1
tcf25	TCF25	ortholog_one2one	1	1
tcf3a	TCF3	ortholog_one2many	0	1
tcf3b	TCF3	ortholog_one2many	0	1
tcf7	TCF7	ortholog_one2one	1	1
tcf7l1a	TCF7L1	ortholog_one2many	1	1
tcf7l1b	TCF7L1	ortholog_one2many	1	1
tcf7l2	TCF7L2	ortholog_one2one	1	1
tcirg1b	TCIRG1	ortholog_one2many	1	1
tcn2	TCN2	ortholog_one2one	0	1
tcp1	TCP1	ortholog_one2one	1	1
tcp11l1	TCP11L1	ortholog_one2one	1	1
tcp11l2	TCP11L2	ortholog_one2one	1	1
tcta	TCTA	ortholog_one2one	0	1
tdg.1	TDG	ortholog_one2many	1	1
tdh2	HSD3B1	ortholog_many2many	0	2
tdh2	HSD3B2	ortholog_many2many	0	2
tdo2a	TDO2	ortholog_one2many	1	1
tdo2b	TDO2	ortholog_one2many	0	1
tdp2b	TDP2	ortholog_one2many	1	1
tdrd1	TDRD1	ortholog_one2one	1	1
tdrd3	TDRD3	ortholog_one2one	1	1
tdrd7a	TDRD7	ortholog_one2many	0	1
tdrd9	TDRD9	ortholog_one2one	1	1
tdrkh	TDRD10	ortholog_one2one	0	1
tead1a	TEAD1	ortholog_one2many	1	1
tead3b	TEAD3	ortholog_one2many	1	1
tec	TEC	ortholog_one2one	0	1
tecpr2	TECPR2	ortholog_one2one	1	1
tecrb	TECR	ortholog_one2many	1	1
tectb	TECTB	ortholog_one2one	1	1
tefa	TEF	ortholog_one2many	1	1
tefb	TEF	ortholog_one2many	1	1
tefm	TEFM	ortholog_one2one	1	1
tek	TEK	ortholog_one2one	0	1
tekt1	TEKT1	ortholog_one2one	1	1
tekt2	TEKT2	ortholog_one2one	1	1
tekt4	MAFIP	ortholog_one2many	0	2
tekt4	TEKT4	ortholog_one2many	1	2
telo2	TELO2	ortholog_one2one	0	1
tenm4	TENM4	ortholog_one2one	1	1
terf2ip	TERF2IP	ortholog_one2one	0	1
terfa	TERF2	ortholog_one2one	0	1
tert	TERT	ortholog_one2one	1	1
tes	TES	ortholog_one2one	1	1
tesca	TESC	ortholog_one2many	1	1
tescb	TESC	ortholog_one2many	1	1
tesk2	TESK2	ortholog_one2one	1	1
tet3	TET3	ortholog_one2one	0	1
tex10	TEX10	ortholog_one2one	1	1
tex2	TEX2	ortholog_one2one	1	1
tex261	TEX261	ortholog_one2one	1	1
tex264a	TEX264	ortholog_one2one	1	1
tfa	LTF	ortholog_one2one	0	1
tfam	TFAM	ortholog_one2one	1	1
tfap2a	TFAP2A	ortholog_one2one	1	1
tfap2b	TFAP2B	ortholog_one2one	1	1
tfap2c	TFAP2C	ortholog_one2one	1	1
tfap2d	TFAP2D	ortholog_one2one	1	1
tfap2e	TFAP2E	ortholog_one2one	1	1
tfb1m	TFB1M	ortholog_one2one	1	1
tfb2m	TFB2M	ortholog_one2one	0	1
tfcp2l1	TFCP2L1	ortholog_one2one	1	1
tfdp1a	TFDP1	ortholog_one2many	1	1
tfdp1b	TFDP1	ortholog_one2many	1	1
tfdp2	TFDP2	ortholog_one2one	0	1
tfe3a	TFE3	ortholog_one2many	1	1
tfe3b	TFE3	ortholog_one2many	0	1
tfeb	TFEB	ortholog_one2one	1	1
tfec	TFEC	ortholog_one2one	1	1
tfg	TFG	ortholog_one2one	1	1
tfip11	TFIP11	ortholog_one2one	1	1
tfpi2	TFPI2	ortholog_one2one	1	1
tfpia	TFPI	ortholog_one2one	1	1
tfr1a	TFRC	ortholog_one2many	0	1
tfr1b	TFRC	ortholog_one2many	0	1
tfr2	TFR2	ortholog_one2one	1	1
tgfa	TGFA	ortholog_one2one	1	1
tgfb1a	TGFB1	ortholog_one2many	0	1
tgfb2	TGFB2	ortholog_one2one	1	1
tgfb3	TGFB3	ortholog_one2one	1	1
tgfbi	TGFBI	ortholog_one2one	1	1
tgfbr1a	TGFBR1	ortholog_one2many	1	1
tgfbr1b	TGFBR1	ortholog_one2many	1	1
tgfbrap1	TGFBRAP1	ortholog_one2one	1	1
tgif1	TGIF1	ortholog_one2one	1	1
tgm1l4	TGM1	ortholog_one2many	1	1
tgm2a	TGM2	ortholog_one2many	1	1
tgm2b	TGM2	ortholog_one2many	1	1
th	TH	ortholog_one2one	1	1
thada	THADA	ortholog_one2one	0	1
thap11	THAP11	ortholog_one2one	1	1
thap4	THAP4	ortholog_one2one	0	1
thap7	THAP7	ortholog_one2one	0	1
thbs3a	THBS3	ortholog_one2many	1	1
thbs3b	THBS3	ortholog_one2many	1	1
thbs4a	THBS4	ortholog_one2many	1	1
thbs4b	THBS4	ortholog_one2many	1	1
them4	THEM4	ortholog_one2one	0	1
thg1l	THG1L	ortholog_one2one	1	1
thnsl2	THNSL2	ortholog_one2one	1	1
thoc1	THOC1	ortholog_one2one	1	1
thoc2	THOC2	ortholog_one2one	1	1
thoc3	THOC3	ortholog_one2one	1	1
thoc5	THOC5	ortholog_one2one	1	1
thoc6	THOC6	ortholog_one2one	1	1
thoc7	THOC7	ortholog_one2one	1	1
thop1	THOP1	ortholog_one2one	1	1
thraa	THRA	ortholog_one2many	1	1
thrap3b	THRAP3	ortholog_one2many	0	1
thrb	THRB	ortholog_one2one	1	1
thsd7aa	THSD7A	ortholog_one2many	1	1
thumpd1	THUMPD1	ortholog_one2one	1	1
thumpd3	THUMPD3	ortholog_one2one	1	1
thy1	THY1	ortholog_one2many	0	1
thyn1	THYN1	ortholog_one2one	1	1
tia1	TIA1	ortholog_one2many	1	1
tia1l	TIA1	ortholog_one2many	0	1
tial1	TIA1	ortholog_one2many	0	1
ticam1	TICAM2	ortholog_one2one	0	1
timeless	TIMELESS	ortholog_one2one	1	1
timm10	TIMM10	ortholog_one2one	1	1
timm10b	TIMM10B	ortholog_one2one	0	1
timm13	TIMM13	ortholog_one2one	1	1
timm17a	TIMM17A	ortholog_one2one	1	1
timm17b	TIMM17B	ortholog_one2one	1	1
timm23a	TIMM23	ortholog_many2many	1	2
timm23a	TIMM23B	ortholog_many2many	0	2
timm44	TIMM44	ortholog_one2one	1	1
timm50	TIMM50	ortholog_one2one	1	1
timm8a	TIMM8A	ortholog_one2one	1	1
timm8b	TIMM8B	ortholog_one2one	1	1
timm9	TIMM9	ortholog_one2one	1	1
timmdc1	TIMMDC1	ortholog_one2one	0	1
timp2a	TIMP2	ortholog_one2many	1	1
timp2b	TIMP2	ortholog_one2many	1	1
tinagl1	CTSF	ortholog_many2many	0	5
tinagl1	CTSL	ortholog_many2many	0	5
tinagl1	CTSV	ortholog_many2many	0	5
tinagl1	CTSW	ortholog_many2many	0	5
tinagl1	TINAG	ortholog_many2many	0	5
tinf2	TINF2	ortholog_one2many	0	1
tiparp	TIPARP	ortholog_one2one	0	1
tipin	TIPIN	ortholog_one2one	0	1
tiprl	TIPRL	ortholog_one2one	1	1
tjp2a	TJP2	ortholog_one2many	1	1
tjp2b	TJP2	ortholog_one2many	1	1
tjp3	TJP3	ortholog_one2one	0	1
tk1	TK1	ortholog_one2one	1	1
tk2	TK2	ortholog_one2one	1	1
tkfc	TKFC	ortholog_one2one	1	1
tktb	TKTL2	ortholog_one2one	1	1
tlcd1	TLCD1	ortholog_one2one	0	1
tlcd2	TLCD2	ortholog_one2one	0	1
tle3a	TLE3	ortholog_one2many	1	1
tle3b	TLE3	ortholog_one2many	1	1
tlk1a	TLK1	ortholog_one2many	1	1
tlk1b	TLK1	ortholog_one2many	1	1
tlk2	TLK2	ortholog_one2one	1	1
tll1	TLL1	ortholog_one2one	1	1
tln1	TLN1	ortholog_one2one	1	1
tln2a	TLN2	ortholog_one2many	1	1
tlr1	TLR6	ortholog_one2one	0	1
tlr2	TLR2	ortholog_one2one	1	1
tlx1	TLX1	ortholog_one2one	1	1
tlx3b	TLX3	ortholog_one2many	1	1
tm2d1	TM2D1	ortholog_one2one	0	1
tm2d2	TM2D2	ortholog_one2one	1	1
tm2d3	TM2D3	ortholog_one2one	1	1
tm4sf4	TM4SF4	ortholog_one2one	1	1
tm4sf5	TM4SF5	ortholog_one2one	1	1
tm7sf2	TM7SF2	ortholog_one2one	1	1
tm9sf1	TM9SF1	ortholog_one2one	1	1
tm9sf2	TM9SF2	ortholog_one2one	1	1
tm9sf3	TM9SF3	ortholog_one2one	1	1
tm9sf4	TM9SF4	ortholog_one2one	1	1
tma16	TMA16	ortholog_one2one	1	1
tmbim4	TMBIM4	ortholog_one2one	1	1
tmc2a	TMC2	ortholog_one2many	1	1
tmcc1b	TMCC1	ortholog_one2many	0	1
tmcc2	TMCC2	ortholog_one2one	1	1
tmcc3	TMCC3	ortholog_one2one	1	1
tmco1	TMCO1	ortholog_one2one	1	1
tmco6	TMCO6	ortholog_one2one	0	1
tmed10	TMED10	ortholog_one2one	1	1
tmed1a	TMED1	ortholog_one2many	1	1
tmed1b	TMED1	ortholog_one2many	1	1
tmed2	TMED2	ortholog_one2one	1	1
tmed3	TMED3	ortholog_one2one	1	1
tmed4	TMED4	ortholog_one2one	1	1
tmed5	TMED5	ortholog_one2one	1	1
tmed7	TMED7	ortholog_one2one	1	1
tmed8	TMED8	ortholog_one2one	1	1
tmed9	TMED9	ortholog_one2one	1	1
tmeff2a	TMEFF2	ortholog_one2many	1	1
tmem106ba	TMEM106B	ortholog_one2many	1	1
tmem106bb	TMEM106B	ortholog_one2many	1	1
tmem106c	TMEM106C	ortholog_one2one	1	1
tmem107	TMEM107	ortholog_one2many	0	1
tmem11	TMEM11	ortholog_one2one	1	1
tmem115	TMEM115	ortholog_one2one	1	1
tmem117	TMEM117	ortholog_one2one	1	1
tmem119b	TMEM119	ortholog_one2one	0	1
tmem120b	TMEM120B	ortholog_one2one	1	1
tmem125b	TMEM125	ortholog_one2one	1	1
tmem126a	TMEM126A	ortholog_one2many	1	2
tmem126a	TMEM126B	ortholog_one2many	0	2
tmem127	TMEM127	ortholog_one2one	1	1
tmem129	TMEM129	ortholog_one2one	1	1
tmem130	TMEM130	ortholog_one2one	0	1
tmem132e	TMEM132E	ortholog_one2one	1	1
tmem134	TMEM134	ortholog_one2one	0	1
tmem135	TMEM135	ortholog_one2one	1	1
tmem141	TMEM141	ortholog_one2one	0	1
tmem144a	TMEM144	ortholog_one2many	1	1
tmem147	TMEM147	ortholog_one2one	1	1
tmem14ca	TMEM14C	ortholog_one2many	1	1
tmem14cb	TMEM14C	ortholog_one2many	0	1
tmem150aa	TMEM150A	ortholog_one2many	1	1
tmem150ab	TMEM150A	ortholog_one2many	1	1
tmem151ba	TMEM151B	ortholog_one2many	1	1
tmem160	TMEM160	ortholog_one2one	1	1
tmem161a	TMEM161A	ortholog_one2one	1	1
tmem161b	TMEM161B	ortholog_one2one	1	1
tmem163a	TMEM163	ortholog_one2many	1	1
tmem165	TMEM165	ortholog_one2one	1	1
tmem167a	TMEM167A	ortholog_one2one	1	1
tmem167b	TMEM167B	ortholog_one2one	1	1
tmem168a	TMEM168	ortholog_one2many	1	1
tmem17	TMEM17	ortholog_one2one	1	1
tmem170a	TMEM170A	ortholog_one2one	1	1
tmem175	TMEM175	ortholog_one2one	1	1
tmem177	TMEM177	ortholog_one2one	1	1
tmem18	TMEM18	ortholog_one2one	1	1
tmem181	TMEM181	ortholog_one2one	1	1
tmem182a	TMEM182	ortholog_one2many	1	1
tmem183a	TMEM183A	ortholog_one2one	1	1
tmem184a	TMEM184A	ortholog_one2one	1	1
tmem184ba	TMEM184B	ortholog_one2many	1	1
tmem184c	TMEM184C	ortholog_one2one	1	1
tmem185	TMEM185A	ortholog_one2one	1	1
tmem186	TMEM186	ortholog_one2one	0	1
tmem192	TMEM192	ortholog_one2one	1	1
tmem200a	TMEM200A	ortholog_one2one	1	1
tmem203	TMEM203	ortholog_one2one	1	1
tmem204	TMEM204	ortholog_one2one	1	1
tmem205	TMEM205	ortholog_one2one	1	1
tmem209	TMEM209	ortholog_one2one	1	1
tmem214	TMEM214	ortholog_one2one	1	1
tmem218	TMEM218	ortholog_one2one	1	1
tmem222a	TMEM222	ortholog_one2many	1	1
tmem223	TMEM223	ortholog_one2one	0	1
tmem229b	TMEM229B	ortholog_one2one	1	1
tmem230a	TMEM230	ortholog_one2many	1	1
tmem230b	TMEM230	ortholog_one2many	1	1
tmem231	TMEM231	ortholog_one2one	1	1
tmem232	TMEM232	ortholog_one2one	1	1
tmem237b	TMEM237	ortholog_one2many	1	1
tmem242	TMEM242	ortholog_one2one	1	1
tmem243a	TMEM243	ortholog_one2many	1	1
tmem243b	TMEM243	ortholog_one2many	1	1
tmem244	TMEM244	ortholog_one2one	1	1
tmem248	TMEM248	ortholog_one2one	1	1
tmem251	LYSET	ortholog_one2one	1	1
tmem254	TMEM254	ortholog_one2one	0	1
tmem256	TMEM256	ortholog_one2one	1	1
tmem258	TMEM258	ortholog_one2one	1	1
tmem263	TMEM263	ortholog_one2one	1	1
tmem26b	TMEM26	ortholog_one2many	1	1
tmem30aa	TMEM30A	ortholog_one2many	1	1
tmem30ab	TMEM30A	ortholog_one2many	1	1
tmem33	TMEM33	ortholog_one2one	1	1
tmem35	TMEM35A	ortholog_one2one	1	1
tmem37	TMEM37	ortholog_one2one	1	1
tmem38a	TMEM38A	ortholog_one2one	1	1
tmem39a	TMEM39A	ortholog_one2one	1	1
tmem39b	TMEM39B	ortholog_one2one	1	1
tmem41ab	TMEM41A	ortholog_one2one	1	1
tmem41b	TMEM41B	ortholog_one2one	1	1
tmem44	TMEM44	ortholog_one2one	1	1
tmem45a	TMEM45A	ortholog_one2one	0	1
tmem45b	TMEM45B	ortholog_one2one	1	1
tmem47	TMEM47	ortholog_one2one	1	1
tmem50a	TMEM50A	ortholog_one2one	1	1
tmem51a	TMEM51	ortholog_one2many	0	1
tmem51b	TMEM51	ortholog_one2many	1	1
tmem53	TMEM53	ortholog_one2one	1	1
tmem54a	TMEM54	ortholog_one2many	0	1
tmem54b	TMEM54	ortholog_one2many	0	1
tmem59	TMEM59	ortholog_one2one	1	1
tmem59l	TMEM59L	ortholog_one2one	0	1
tmem63a	TMEM63A	ortholog_one2one	0	1
tmem63c	TMEM63C	ortholog_one2one	1	1
tmem64	TMEM64	ortholog_one2one	1	1
tmem65	TMEM65	ortholog_one2one	0	1
tmem68	TMEM68	ortholog_one2one	1	1
tmem69	TMEM69	ortholog_one2one	1	1
tmem79a	TMEM79	ortholog_one2many	0	1
tmem82	TMEM82	ortholog_one2one	0	1
tmem86a	TMEM86A	ortholog_one2one	1	1
tmem86b	TMEM86B	ortholog_one2one	0	1
tmem9	TMEM9	ortholog_one2one	1	1
tmem98	TMEM98	ortholog_one2one	1	1
tmem9b	TMEM9B	ortholog_one2one	1	1
tmf1	TMF1	ortholog_one2one	1	1
tmigd1	TMIGD1	ortholog_one2one	0	1
tmod2	TMOD3	ortholog_one2one	1	1
tmod4	TMOD4	ortholog_one2one	1	1
tmpoa	TMPO	ortholog_one2many	0	1
tmpob	TMPO	ortholog_one2many	0	1
tmppe	TMPPE	ortholog_one2one	1	1
tmprss13b	TMPRSS13	ortholog_one2one	0	1
tmprss2	TMPRSS2	ortholog_one2one	1	1
tmtc4	TMTC4	ortholog_one2one	1	1
tmub1	TMUB1	ortholog_one2one	1	1
tmub2	TMUB2	ortholog_one2one	1	1
tmx1	TMX1	ortholog_one2one	1	1
tmx2a	TMX2	ortholog_one2many	1	1
tmx2b	TMX2	ortholog_one2many	1	1
tmx4	TMX4	ortholog_one2one	1	1
tnfaip1	TNFAIP1	ortholog_one2one	1	1
tnfaip2a	TNFAIP2	ortholog_one2many	0	1
tnfaip6	TNFAIP6	ortholog_one2one	1	1
tnfaip8l1	TNFAIP8L1	ortholog_one2one	1	1
tnfaip8l2a	TNFAIP8L2	ortholog_one2many	0	1
tnfaip8l2b	TNFAIP8L2	ortholog_one2many	1	1
tnfaip8l3	TNFAIP8L3	ortholog_one2one	1	1
tnfb	LTA	ortholog_many2many	0	2
tnfb	TNF	ortholog_many2many	0	2
tnfrsf19	TNFRSF19	ortholog_one2one	1	1
tnfrsf1b	CD27	ortholog_many2many	0	13
tnfrsf1b	LTBR	ortholog_many2many	0	13
tnfrsf1b	TNFRSF10A	ortholog_many2many	0	13
tnfrsf1b	TNFRSF10B	ortholog_many2many	0	13
tnfrsf1b	TNFRSF10C	ortholog_many2many	0	13
tnfrsf1b	TNFRSF10D	ortholog_many2many	0	13
tnfrsf1b	TNFRSF11A	ortholog_many2many	0	13
tnfrsf1b	TNFRSF14	ortholog_many2many	0	13
tnfrsf1b	TNFRSF18	ortholog_many2many	0	13
tnfrsf1b	TNFRSF1B	ortholog_many2many	0	13
tnfrsf1b	TNFRSF25	ortholog_many2many	0	13
tnfrsf1b	TNFRSF4	ortholog_many2many	0	13
tnfrsf1b	TNFRSF8	ortholog_many2many	0	13
tnfrsf21	TNFRSF21	ortholog_one2one	1	1
tnfrsfa	CD27	ortholog_many2many	0	12
tnfrsfa	LTBR	ortholog_many2many	0	12
tnfrsfa	TNFRSF10A	ortholog_many2many	0	12
tnfrsfa	TNFRSF10B	ortholog_many2many	0	12
tnfrsfa	TNFRSF10C	ortholog_many2many	0	12
tnfrsfa	TNFRSF10D	ortholog_many2many	0	12
tnfrsfa	TNFRSF11A	ortholog_many2many	0	12
tnfrsfa	TNFRSF14	ortholog_many2many	0	12
tnfrsfa	TNFRSF18	ortholog_many2many	0	12
tnfrsfa	TNFRSF25	ortholog_many2many	0	12
tnfrsfa	TNFRSF4	ortholog_many2many	0	12
tnfrsfa	TNFRSF8	ortholog_many2many	0	12
tnfsf10	TNFSF10	ortholog_one2one	1	1
tnfsf13b	TNFSF13B	ortholog_one2one	0	1
tnika	TNIK	ortholog_one2one	1	1
tnip1	TNIP1	ortholog_one2one	1	1
tnks1bp1	KIAA1671	ortholog_one2many	0	1
tnmd	TNMD	ortholog_one2one	1	1
tnnc1b	TNNC1	ortholog_one2one	1	1
tnni1b	TNNI1	ortholog_one2many	1	1
tnni2a.1	TNNI2	ortholog_one2many	1	1
tnni2a.2	TNNI2	ortholog_one2many	1	1
tnni2a.3	TNNI2	ortholog_one2many	1	1
tnni2a.4	TNNI2	ortholog_one2many	1	1
tnni2b.1	TNNI2	ortholog_one2many	1	1
tnni2b.2	TNNI2	ortholog_one2many	1	1
tnni3k	TNNI3K	ortholog_one2one	1	1
tnnt1	TNNT1	ortholog_one2one	1	1
tnnt2a	TNNT2	ortholog_one2many	1	1
tnnt3a	TNNT3	ortholog_one2many	1	1
tnnt3b	TNNT3	ortholog_one2many	1	1
tnpo3	TNPO3	ortholog_one2one	1	1
tnr	TNR	ortholog_one2one	1	1
tnrc6a	TNRC6A	ortholog_one2one	1	1
tob1a	TOB1	ortholog_one2one	1	1
toe1	TOE1	ortholog_one2one	1	1
tollip	TOLLIP	ortholog_one2one	1	1
tomm22	TOMM22	ortholog_one2one	1	1
tomm34	SPAG1	ortholog_one2one	0	1
tomm40	TOMM40	ortholog_one2many	1	1
tomm40l	TOMM40	ortholog_one2many	0	1
tomm5	TOMM5	ortholog_one2one	1	1
tomm6	TOMM6	ortholog_one2one	0	1
tomm70a	TOMM70	ortholog_one2one	1	1
tonsl	TONSL	ortholog_one2one	1	1
top2a	TOP2A	ortholog_one2one	1	1
top2b	TOP2B	ortholog_one2one	1	1
topbp1	TOPBP1	ortholog_one2one	1	1
toporsa	TOPORS	ortholog_one2many	0	1
tor1	TOR1A	ortholog_one2many	1	2
tor1	TOR1B	ortholog_one2many	1	2
tor2a	TOR2A	ortholog_one2one	0	1
tor3a	TOR3A	ortholog_one2one	1	1
tor4aa	TOR4A	ortholog_one2many	1	1
tox	TOX	ortholog_one2one	1	1
tox2	TOX2	ortholog_one2one	0	1
tox4b	TOX4	ortholog_one2many	0	1
tp53	TP53	ortholog_one2one	1	1
tp53bp1	TP53BP1	ortholog_one2one	1	1
tp53bp2a	TP53BP2	ortholog_one2many	1	1
tp53bp2b	TP53BP2	ortholog_one2many	1	1
tp53i11a	TP53I11	ortholog_one2many	1	1
tp53i11b	TP53I11	ortholog_one2many	1	1
tp53inp1	TP53INP1	ortholog_one2one	1	1
tp53rk	TP53RK	ortholog_one2one	1	1
tp63	TP63	ortholog_one2one	1	1
tp73	TP73	ortholog_one2one	1	1
tpcn2	TPCN2	ortholog_one2one	1	1
tpd52	TPD52	ortholog_one2one	1	1
tpd52l1	TPD52L1	ortholog_one2one	1	1
tpd52l2a	TPD52L2	ortholog_one2many	0	1
tpd52l2b	TPD52L2	ortholog_one2many	1	1
tpgs2	TPGS2	ortholog_one2one	1	1
tph1a	TPH1	ortholog_one2many	1	1
tph1b	TPH1	ortholog_one2many	1	1
tph2	TPH2	ortholog_one2one	1	1
tpi1a	TPI1	ortholog_one2many	1	1
tpi1b	TPI1	ortholog_one2many	1	1
tpk1	TPK1	ortholog_one2one	1	1
tpm1	TPM1	ortholog_one2many	1	1
tpm2	TPM2	ortholog_one2one	1	1
tpm3	TPM3	ortholog_one2one	0	1
tpm4b	TPM4	ortholog_one2one	1	1
tpma	TPM1	ortholog_one2many	1	1
tpmt.1	TPMT	ortholog_one2many	0	1
tpmt.2	TPMT	ortholog_one2many	0	1
tpp1	TPP1	ortholog_one2one	1	1
tpra1	TPRA1	ortholog_one2one	1	1
tprb	TPR	ortholog_one2many	1	1
tprg1	TPRG1	ortholog_one2one	1	1
tprkb	TPRKB	ortholog_one2one	1	1
tpst1	TPST1	ortholog_one2one	1	1
tpst2	TPST2	ortholog_one2one	1	1
tpt1	TPT1	ortholog_one2one	1	1
tpte	TPTE	ortholog_one2many	0	2
tpte	TPTE2	ortholog_one2many	0	2
tra2a	TRA2A	ortholog_one2one	1	1
tra2b	TRA2B	ortholog_one2one	1	1
trabd	TRABD	ortholog_one2one	1	1
tradd	TRADD	ortholog_one2one	0	1
traf1	TRAF1	ortholog_one2one	0	1
traf3ip1	TRAF3IP1	ortholog_one2one	1	1
traf4a	TRAF4	ortholog_one2many	1	1
traf4b	TRAF4	ortholog_one2many	1	1
traf6	TRAF6	ortholog_one2one	1	1
traf7	TRAF7	ortholog_one2one	1	1
trafd1	TRAFD1	ortholog_one2one	0	1
traip	TRAIP	ortholog_one2one	0	1
tram1	TRAM1	ortholog_one2many	1	2
tram1	TRAM1L1	ortholog_one2many	0	2
tram2	TRAM2	ortholog_one2one	1	1
trap1	TRAP1	ortholog_one2one	1	1
trappc1	TRAPPC1	ortholog_one2one	1	1
trappc11	TRAPPC11	ortholog_one2one	1	1
trappc12	TRAPPC12	ortholog_one2one	1	1
trappc13	TRAPPC13	ortholog_one2one	1	1
trappc2l	TRAPPC2L	ortholog_one2one	1	1
trappc3	TRAPPC3	ortholog_one2one	1	1
trappc4	TRAPPC4	ortholog_one2one	1	1
trappc5	TRAPPC5	ortholog_one2one	1	1
trappc6b	TRAPPC6B	ortholog_one2one	1	1
trappc6bl	TRAPPC6A	ortholog_one2one	1	1
trdmt1	TRDMT1	ortholog_one2one	1	1
trh	TRH	ortholog_one2one	1	1
trhrb	TRHR	ortholog_one2many	1	1
trib3	TRIB3	ortholog_one2one	1	1
trim13	TRIM13	ortholog_one2one	1	1
trim23	TRIM23	ortholog_one2one	1	1
trim24	TRIM24	ortholog_one2one	0	1
trim2a	TRIM2	ortholog_one2many	1	1
trim33	TRIM33	ortholog_one2one	1	1
trim36	TRIM36	ortholog_one2one	1	1
trim3b	TRIM3	ortholog_one2many	1	1
trim44	TRIM44	ortholog_one2one	1	1
trim46b	TRIM46	ortholog_one2many	1	1
trim54	TRIM54	ortholog_one2one	1	1
trim55a	TRIM55	ortholog_one2many	0	1
trim55b	TRIM55	ortholog_one2many	1	1
trim71	TRIM71	ortholog_one2one	1	1
trim8a	TRIM8	ortholog_one2many	1	1
trim8b	TRIM8	ortholog_one2many	1	1
trim9	TRIM9	ortholog_one2one	1	1
trioa	TRIO	ortholog_one2many	1	1
triobpb	TRIOBP	ortholog_one2many	0	1
trip10a	TRIP10	ortholog_one2many	1	1
trip10b	TRIP10	ortholog_one2many	1	1
trip11	TRIP11	ortholog_one2one	1	1
trip13	TRIP13	ortholog_one2one	1	1
trip4	TRIP4	ortholog_one2one	1	1
triqk	TRIQK	ortholog_one2one	1	1
trit1	TRIT1	ortholog_one2one	1	1
trmt10b	TRMT10B	ortholog_one2one	1	1
trmt10c	TRMT10C	ortholog_one2one	0	1
trmt11	TRMT11	ortholog_one2one	1	1
trmt112	TRMT112	ortholog_one2one	0	1
trmt13	TRMT13	ortholog_one2one	1	1
trmt2a	TRMT2A	ortholog_one2one	1	1
trmt2b	TRMT2B	ortholog_one2one	1	1
trmt44	TRMT44	ortholog_one2one	1	1
trmt5	TRMT5	ortholog_one2one	1	1
trmt6	TRMT6	ortholog_one2one	1	1
trmt61a	TRMT61A	ortholog_one2one	1	1
trmu	TRMU	ortholog_one2one	1	1
trnau1apa	TRNAU1AP	ortholog_one2one	1	1
trnt1	TRNT1	ortholog_one2one	1	1
trpa1a	TRPA1	ortholog_one2many	0	1
trpa1b	TRPA1	ortholog_one2many	1	1
trpc1	TRPC1	ortholog_one2one	1	1
trpc3	TRPC3	ortholog_one2one	1	1
trpc4a	TRPC4	ortholog_one2many	1	1
trpc4apa	TRPC4AP	ortholog_one2many	1	1
trpc4apb	TRPC4AP	ortholog_one2many	1	1
trpc4b	TRPC4	ortholog_one2many	1	1
trpc5a	TRPC5	ortholog_one2many	1	1
trpc6a	TRPC6	ortholog_one2many	1	1
trpc7a	TRPC7	ortholog_one2many	1	1
trpc7b	TRPC7	ortholog_one2many	1	1
trpm1a	TRPM1	ortholog_one2many	1	1
trpm1b	TRPM1	ortholog_one2many	0	1
trpm2	TRPM2	ortholog_one2one	1	1
trpm4a	TRPM4	ortholog_one2many	0	1
trpm4b.2	TRPM4	ortholog_one2many	0	1
trpm5	TRPM5	ortholog_one2one	1	1
trpm7	TRPM7	ortholog_one2one	1	1
trps1	TRPS1	ortholog_one2one	1	1
trpt1	TRPT1	ortholog_one2one	0	1
trpv1	TRPV2	ortholog_one2one	0	1
trpv4	TRPV4	ortholog_one2one	1	1
trpv6	TRPV6	ortholog_one2one	1	1
trub1	TRUB1	ortholog_one2one	1	1
trub2	TRUB2	ortholog_one2one	0	1
tsc1a	TSC1	ortholog_one2many	1	1
tsc1b	TSC1	ortholog_one2many	1	1
tsc22d1	TSC22D1	ortholog_one2one	1	1
tsen15	TSEN15	ortholog_one2one	0	1
tsen2	TSEN2	ortholog_one2one	0	1
tsen54	TSEN54	ortholog_one2one	1	1
tsfm	TSFM	ortholog_one2one	1	1
tsg101a	TSG101	ortholog_one2many	1	1
tsga10	TSGA10	ortholog_one2one	0	1
tshba	TSHB	ortholog_one2many	1	1
tshr	TSHR	ortholog_one2one	1	1
tshz1	TSHZ1	ortholog_one2one	1	1
tshz3b	TSHZ3	ortholog_one2one	1	1
tsku	TSKU	ortholog_one2one	1	1
tsn	TSN	ortholog_one2one	1	1
tsnax	TSNAX	ortholog_one2one	1	1
tspan11	TSPAN11	ortholog_one2one	1	1
tspan12	TSPAN12	ortholog_one2one	1	1
tspan13a	TSPAN13	ortholog_one2many	1	1
tspan13b	TSPAN13	ortholog_one2many	1	1
tspan14	TSPAN14	ortholog_one2one	1	1
tspan15	TSPAN15	ortholog_one2one	1	1
tspan18a	TSPAN18	ortholog_one2many	1	1
tspan18b	TSPAN18	ortholog_one2many	1	1
tspan2a	TSPAN2	ortholog_one2many	1	1
tspan31	TSPAN31	ortholog_one2one	1	1
tspan3a	TSPAN3	ortholog_one2many	1	1
tspan3b	TSPAN3	ortholog_one2many	1	1
tspan4a	TSPAN4	ortholog_one2one	1	1
tspan7	TSPAN7	ortholog_one2one	1	1
tspan9b	TSPAN9	ortholog_one2many	1	1
tspo	TSPO2	ortholog_one2one	0	1
tsr1	TSR1	ortholog_one2one	0	1
tsr2	TSR2	ortholog_one2one	0	1
tsr3	TSR3	ortholog_one2one	1	1
tssc4	TSSC4	ortholog_one2one	0	1
ttc1	TTC1	ortholog_one2one	1	1
ttc13	TTC13	ortholog_one2one	1	1
ttc14	TTC14	ortholog_one2one	1	1
ttc21b	TTC21B	ortholog_one2one	1	1
ttc27	TTC27	ortholog_one2one	1	1
ttc32	TTC32	ortholog_one2one	1	1
ttc33	TTC33	ortholog_one2one	1	1
ttc36	TTC36	ortholog_one2one	1	1
ttc38	TTC38	ortholog_one2one	1	1
ttc39c	TTC39C	ortholog_one2one	1	1
ttc4	TTC4	ortholog_one2one	1	1
ttc5	TTC5	ortholog_one2one	1	1
ttc7b	TTC7B	ortholog_one2one	1	1
ttc9b	TTC9B	ortholog_one2one	0	1
ttc9c	TTC9C	ortholog_one2one	1	1
ttk	TTK	ortholog_one2one	1	1
ttl	TTL	ortholog_one2one	1	1
ttll1	TTLL1	ortholog_one2one	1	1
ttll11	TTLL11	ortholog_one2one	1	1
ttll12	TTLL12	ortholog_one2one	1	1
ttll2	TTLL2	ortholog_one2one	1	1
ttll3	TTLL3	ortholog_one2one	1	1
ttll6	KPRP	ortholog_one2many	0	2
ttll6	TTLL8	ortholog_one2many	0	2
ttll7	TTLL7	ortholog_one2one	1	1
ttll9	TTLL9	ortholog_one2one	1	1
ttpa	TTPA	ortholog_one2one	1	1
ttpal	TTPAL	ortholog_one2one	1	1
ttr	TTR	ortholog_one2one	1	1
ttyh2	TTYH2	ortholog_one2many	1	1
ttyh2l	TTYH2	ortholog_one2many	1	1
ttyh3b	TTYH3	ortholog_one2many	1	1
tuba1a	TUBA1A	ortholog_one2one	1	1
tuba1b	TUBA1B	ortholog_one2one	1	1
tuba2	TUBA4B	ortholog_one2one	0	1
tuba7l	TUBA3C	ortholog_one2many	0	3
tuba7l	TUBA3D	ortholog_one2many	0	3
tuba7l	TUBA3E	ortholog_one2many	0	3
tuba8l2	TUBA4A	ortholog_one2one	0	1
tubb2	TUBB2A	ortholog_one2many	0	2
tubb2	TUBB2B	ortholog_one2many	1	2
tubb2b	TUBB4B	ortholog_one2many	0	1
tubb4b	TUBB4B	ortholog_one2many	0	1
tubb5	TUBB	ortholog_one2one	0	1
tubb6	TUBB6	ortholog_one2one	0	1
tubd1	TUBD1	ortholog_one2one	1	1
tube1	TUBE1	ortholog_one2one	1	1
tubg1	TUBG1	ortholog_one2one	1	1
tubgcp2	TUBGCP2	ortholog_one2one	1	1
tubgcp3	TUBGCP3	ortholog_one2one	1	1
tubgcp4	TUBGCP4	ortholog_one2one	1	1
tubgcp5	TUBGCP5	ortholog_one2one	1	1
tufm	TUFM	ortholog_one2one	1	1
tuft1a	TUFT1	ortholog_one2one	0	1
tulp4a	TULP4	ortholog_one2many	1	1
tusc2a	TUSC2	ortholog_one2many	1	1
tusc2b	TUSC2	ortholog_one2many	1	1
tusc3	TUSC3	ortholog_one2one	1	1
tut1	TUT1	ortholog_one2one	0	1
tvp23b	TVP23B	ortholog_many2many	1	2
tvp23b	TVP23C	ortholog_many2many	1	2
twf1b	TWF1	ortholog_one2many	1	1
twf2b	TWF2	ortholog_one2many	1	1
twist2	TWIST2	ortholog_one2one	1	1
twsg1a	TWSG1	ortholog_one2many	1	1
txlna	TXLNA	ortholog_one2one	1	1
txlnbb	TXLNB	ortholog_one2many	0	1
txlng	TXLNG	ortholog_one2one	1	1
txn2	TXN2	ortholog_one2one	1	1
txndc12	TXNDC12	ortholog_one2one	1	1
txndc15	TXNDC15	ortholog_one2one	1	1
txndc17	TXNDC17	ortholog_one2one	1	1
txndc5	TXNDC5	ortholog_one2one	1	1
txndc9	TXNDC9	ortholog_one2one	1	1
txnipa	TXNIP	ortholog_one2many	1	1
txnipb	TXNIP	ortholog_one2many	1	1
txnl1	TXNL1	ortholog_one2one	1	1
txnl4b	TXNL4B	ortholog_one2one	1	1
tyms	TYMS	ortholog_one2one	1	1
tyr	TYR	ortholog_one2one	1	1
tyro3	TYRO3	ortholog_one2one	0	1
tyrobp	TYROBP	ortholog_one2one	0	1
tyrp1b	TYRP1	ortholog_one2many	1	1
tysnd1	TYSND1	ortholog_one2one	0	1
tyw1	TYW1	ortholog_one2many	1	2
tyw1	TYW1B	ortholog_one2many	1	2
tyw3	TYW3	ortholog_one2one	1	1
tyw5	TYW5	ortholog_one2one	1	1
u2af1	U2AF1	ortholog_one2one	1	1
u2af2a	U2AF2	ortholog_one2many	1	1
u2af2b	U2AF2	ortholog_one2many	1	1
u2surp	U2SURP	ortholog_one2one	1	1
uap1	UAP1	ortholog_one2one	1	1
uap1l1	UAP1L1	ortholog_one2one	1	1
uba1	UBA7	ortholog_many2many	1	1
uba2	UBA2	ortholog_one2one	1	1
uba3	UBA3	ortholog_one2one	1	1
uba5	UBA5	ortholog_one2one	1	1
uba52	UBA52	ortholog_one2one	1	1
ubac1	UBAC1	ortholog_one2one	1	1
ubac2	UBAC2	ortholog_one2one	1	1
ubald1b	UBALD1	ortholog_one2one	1	1
ubald2	UBALD2	ortholog_one2one	1	1
ubap1	UBAP1	ortholog_one2one	1	1
ubap2a	UBAP2	ortholog_one2many	1	1
ubap2b	UBAP2	ortholog_one2many	0	1
ubap2l	UBAP2L	ortholog_one2one	1	1
ubash3bb	UBASH3B	ortholog_one2many	1	1
ubc	UBC	ortholog_one2one	0	1
ube2a	UBE2A	ortholog_one2one	1	1
ube2b	UBE2B	ortholog_one2one	1	1
ube2c	DNTTIP1	ortholog_one2one	1	1
ube2d1b	UBE2D1	ortholog_one2one	0	1
ube2d2l	UBE2D3	ortholog_one2many	0	1
ube2d3	UBE2D3	ortholog_one2many	1	1
ube2d4	UBE2D4	ortholog_one2one	0	1
ube2e3	UBE2E3	ortholog_one2one	1	1
ube2f	UBE2F	ortholog_one2one	1	1
ube2g1a	UBE2G1	ortholog_one2one	1	1
ube2g2	UBE2G2	ortholog_one2one	1	1
ube2h	UBE2H	ortholog_one2one	1	1
ube2ib	UBE2I	ortholog_one2one	1	1
ube2j1	UBE2J1	ortholog_one2one	1	1
ube2j2	UBE2J2	ortholog_one2one	1	1
ube2ka	UBE2K	ortholog_one2many	1	1
ube2kb	UBE2K	ortholog_one2many	1	1
ube2l3a	UBE2L3	ortholog_many2many	0	2
ube2l3a	UBE2L5	ortholog_many2many	1	2
ube2l3b	UBE2L3	ortholog_many2many	1	2
ube2l3b	UBE2L5	ortholog_many2many	0	2
ube2na	UBE2N	ortholog_many2many	1	2
ube2na	UBE2NL	ortholog_many2many	1	2
ube2nb	UBE2N	ortholog_many2many	1	2
ube2nb	UBE2NL	ortholog_many2many	0	2
ube2q1	UBE2Q2	ortholog_one2many	0	1
ube2q2	UBE2Q2	ortholog_one2many	1	1
ube2s	UBE2S	ortholog_one2one	1	1
ube2t	UBE2T	ortholog_one2one	1	1
ube2v2	UBE2V2	ortholog_one2one	1	1
ube2z	UBE2Z	ortholog_one2one	1	1
ube3a	UBE3A	ortholog_one2one	1	1
ube3b	UBE3B	ortholog_one2one	1	1
ube3c	UBE3C	ortholog_one2one	1	1
ube4b	UBE4B	ortholog_one2one	1	1
ubfd1	UBFD1	ortholog_one2one	1	1
ubiad1	UBIAD1	ortholog_one2one	1	1
ubl3a	UBL3	ortholog_one2one	1	1
ubl7a	UBL7	ortholog_one2many	1	1
ubl7b	UBL7	ortholog_one2many	0	1
ublcp1	UBLCP1	ortholog_one2many	1	1
ubn1	UBN1	ortholog_one2one	0	1
ubn2a	UBN2	ortholog_one2many	0	1
ubn2b	UBN2	ortholog_one2many	0	1
ubp1	UBP1	ortholog_one2one	1	1
ubqln4	UBQLN4	ortholog_one2one	1	1
ubr5	UBR5	ortholog_one2one	1	1
ubr7	UBR7	ortholog_one2many	1	1
ubtd1a	UBTD1	ortholog_one2many	1	1
ubtd1b	UBTD1	ortholog_one2many	1	1
ubtd2	UBTD2	ortholog_one2one	1	1
ubtf	HMGB4	ortholog_many2many	0	5
ubtf	SP100	ortholog_many2many	0	5
ubtf	SP140L	ortholog_many2many	0	5
ubtf	UBTF	ortholog_many2many	1	5
ubtf	UBTFL1	ortholog_many2many	0	5
ubtfl	HMGB4	ortholog_many2many	0	4
ubtfl	SP100	ortholog_many2many	0	4
ubtfl	SP140L	ortholog_many2many	0	4
ubtfl	UBTFL1	ortholog_many2many	0	4
ubxn1	UBXN1	ortholog_one2one	1	1
ubxn10	UBXN10	ortholog_one2one	0	1
ubxn6	UBXN6	ortholog_one2one	1	1
ubxn7	UBXN7	ortholog_one2one	1	1
ubxn8	UBXN8	ortholog_one2one	1	1
uchl1	UCHL1	ortholog_one2one	1	1
uchl3	UCHL3	ortholog_one2one	1	1
uchl5	UCHL5	ortholog_one2one	1	1
uck1	UCK1	ortholog_one2one	1	1
uck2a	UCK2	ortholog_one2many	1	1
uck2b	UCK2	ortholog_one2many	0	1
uckl1a	UCKL1	ortholog_one2many	1	1
ucmaa	UCMA	ortholog_one2many	0	1
ucmab	UCMA	ortholog_one2many	1	1
ucn3l	UCN2	ortholog_one2many	0	2
ucn3l	UCN3	ortholog_one2many	1	2
ucp1	UCP1	ortholog_one2one	1	1
ucp2	UCP2	ortholog_one2one	1	1
uevld	UEVLD	ortholog_one2one	1	1
ufc1	UFC1	ortholog_one2one	1	1
ufd1l	UFD1	ortholog_one2one	1	1
ufl1	UFL1	ortholog_one2one	1	1
ufm1	UFM1	ortholog_one2one	1	1
ufsp1	UFSP1	ortholog_one2one	1	1
ufsp2	UFSP2	ortholog_one2one	1	1
ugcg	UGCG	ortholog_one2one	1	1
ugdh	UGDH	ortholog_one2one	1	1
uggt1	UGGT1	ortholog_one2one	1	1
ugp2a	UGP2	ortholog_one2many	1	1
ugp2b	UGP2	ortholog_one2many	1	1
ugt1ab	UGT1A1	ortholog_one2one	1	1
ugt2b1	UGT1A10	ortholog_many2many	0	19
ugt2b1	UGT1A3	ortholog_many2many	0	19
ugt2b1	UGT1A4	ortholog_many2many	0	19
ugt2b1	UGT1A5	ortholog_many2many	0	19
ugt2b1	UGT1A6	ortholog_many2many	0	19
ugt2b1	UGT1A7	ortholog_many2many	0	19
ugt2b1	UGT1A8	ortholog_many2many	0	19
ugt2b1	UGT1A9	ortholog_many2many	0	19
ugt2b1	UGT2A1	ortholog_many2many	1	19
ugt2b1	UGT2A2	ortholog_many2many	1	19
ugt2b1	UGT2A3	ortholog_many2many	0	19
ugt2b1	UGT2B10	ortholog_many2many	0	19
ugt2b1	UGT2B11	ortholog_many2many	0	19
ugt2b1	UGT2B15	ortholog_many2many	0	19
ugt2b1	UGT2B17	ortholog_many2many	0	19
ugt2b1	UGT2B28	ortholog_many2many	0	19
ugt2b1	UGT2B4	ortholog_many2many	0	19
ugt2b1	UGT2B7	ortholog_many2many	0	19
ugt2b1	UGT3A1	ortholog_many2many	0	19
ugt2b3	UGT1A10	ortholog_many2many	0	19
ugt2b3	UGT1A3	ortholog_many2many	0	19
ugt2b3	UGT1A4	ortholog_many2many	0	19
ugt2b3	UGT1A5	ortholog_many2many	0	19
ugt2b3	UGT1A6	ortholog_many2many	0	19
ugt2b3	UGT1A7	ortholog_many2many	0	19
ugt2b3	UGT1A8	ortholog_many2many	0	19
ugt2b3	UGT1A9	ortholog_many2many	0	19
ugt2b3	UGT2A1	ortholog_many2many	0	19
ugt2b3	UGT2A2	ortholog_many2many	0	19
ugt2b3	UGT2A3	ortholog_many2many	0	19
ugt2b3	UGT2B10	ortholog_many2many	0	19
ugt2b3	UGT2B11	ortholog_many2many	0	19
ugt2b3	UGT2B15	ortholog_many2many	0	19
ugt2b3	UGT2B17	ortholog_many2many	0	19
ugt2b3	UGT2B28	ortholog_many2many	0	19
ugt2b3	UGT2B4	ortholog_many2many	0	19
ugt2b3	UGT2B7	ortholog_many2many	0	19
ugt2b3	UGT3A1	ortholog_many2many	0	19
ugt2b5	UGT1A10	ortholog_many2many	0	19
ugt2b5	UGT1A3	ortholog_many2many	0	19
ugt2b5	UGT1A4	ortholog_many2many	0	19
ugt2b5	UGT1A5	ortholog_many2many	0	19
ugt2b5	UGT1A6	ortholog_many2many	0	19
ugt2b5	UGT1A7	ortholog_many2many	0	19
ugt2b5	UGT1A8	ortholog_many2many	0	19
ugt2b5	UGT1A9	ortholog_many2many	0	19
ugt2b5	UGT2A1	ortholog_many2many	0	19
ugt2b5	UGT2A2	ortholog_many2many	0	19
ugt2b5	UGT2A3	ortholog_many2many	0	19
ugt2b5	UGT2B10	ortholog_many2many	0	19
ugt2b5	UGT2B11	ortholog_many2many	0	19
ugt2b5	UGT2B15	ortholog_many2many	0	19
ugt2b5	UGT2B17	ortholog_many2many	0	19
ugt2b5	UGT2B28	ortholog_many2many	0	19
ugt2b5	UGT2B4	ortholog_many2many	0	19
ugt2b5	UGT2B7	ortholog_many2many	0	19
ugt2b5	UGT3A1	ortholog_many2many	0	19
ugt5a1	UGT1A10	ortholog_many2many	0	19
ugt5a1	UGT1A3	ortholog_many2many	0	19
ugt5a1	UGT1A4	ortholog_many2many	0	19
ugt5a1	UGT1A5	ortholog_many2many	0	19
ugt5a1	UGT1A6	ortholog_many2many	0	19
ugt5a1	UGT1A7	ortholog_many2many	0	19
ugt5a1	UGT1A8	ortholog_many2many	0	19
ugt5a1	UGT1A9	ortholog_many2many	0	19
ugt5a1	UGT2A1	ortholog_many2many	0	19
ugt5a1	UGT2A2	ortholog_many2many	0	19
ugt5a1	UGT2A3	ortholog_many2many	0	19
ugt5a1	UGT2B10	ortholog_many2many	0	19
ugt5a1	UGT2B11	ortholog_many2many	0	19
ugt5a1	UGT2B15	ortholog_many2many	0	19
ugt5a1	UGT2B17	ortholog_many2many	0	19
ugt5a1	UGT2B28	ortholog_many2many	0	19
ugt5a1	UGT2B4	ortholog_many2many	0	19
ugt5a1	UGT2B7	ortholog_many2many	0	19
ugt5a1	UGT3A1	ortholog_many2many	0	19
ugt5a2	UGT1A10	ortholog_many2many	0	19
ugt5a2	UGT1A3	ortholog_many2many	0	19
ugt5a2	UGT1A4	ortholog_many2many	0	19
ugt5a2	UGT1A5	ortholog_many2many	0	19
ugt5a2	UGT1A6	ortholog_many2many	0	19
ugt5a2	UGT1A7	ortholog_many2many	0	19
ugt5a2	UGT1A8	ortholog_many2many	0	19
ugt5a2	UGT1A9	ortholog_many2many	0	19
ugt5a2	UGT2A1	ortholog_many2many	0	19
ugt5a2	UGT2A2	ortholog_many2many	0	19
ugt5a2	UGT2A3	ortholog_many2many	0	19
ugt5a2	UGT2B10	ortholog_many2many	0	19
ugt5a2	UGT2B11	ortholog_many2many	0	19
ugt5a2	UGT2B15	ortholog_many2many	0	19
ugt5a2	UGT2B17	ortholog_many2many	0	19
ugt5a2	UGT2B28	ortholog_many2many	0	19
ugt5a2	UGT2B4	ortholog_many2many	0	19
ugt5a2	UGT2B7	ortholog_many2many	0	19
ugt5a2	UGT3A1	ortholog_many2many	0	19
ugt5b1	UGT1A10	ortholog_many2many	0	19
ugt5b1	UGT1A3	ortholog_many2many	0	19
ugt5b1	UGT1A4	ortholog_many2many	0	19
ugt5b1	UGT1A5	ortholog_many2many	0	19
ugt5b1	UGT1A6	ortholog_many2many	0	19
ugt5b1	UGT1A7	ortholog_many2many	0	19
ugt5b1	UGT1A8	ortholog_many2many	0	19
ugt5b1	UGT1A9	ortholog_many2many	0	19
ugt5b1	UGT2A1	ortholog_many2many	0	19
ugt5b1	UGT2A2	ortholog_many2many	0	19
ugt5b1	UGT2A3	ortholog_many2many	1	19
ugt5b1	UGT2B10	ortholog_many2many	0	19
ugt5b1	UGT2B11	ortholog_many2many	0	19
ugt5b1	UGT2B15	ortholog_many2many	0	19
ugt5b1	UGT2B17	ortholog_many2many	0	19
ugt5b1	UGT2B28	ortholog_many2many	0	19
ugt5b1	UGT2B4	ortholog_many2many	0	19
ugt5b1	UGT2B7	ortholog_many2many	0	19
ugt5b1	UGT3A1	ortholog_many2many	0	19
ugt5b2	UGT1A10	ortholog_many2many	0	19
ugt5b2	UGT1A3	ortholog_many2many	0	19
ugt5b2	UGT1A4	ortholog_many2many	0	19
ugt5b2	UGT1A5	ortholog_many2many	0	19
ugt5b2	UGT1A6	ortholog_many2many	0	19
ugt5b2	UGT1A7	ortholog_many2many	0	19
ugt5b2	UGT1A8	ortholog_many2many	0	19
ugt5b2	UGT1A9	ortholog_many2many	0	19
ugt5b2	UGT2A1	ortholog_many2many	0	19
ugt5b2	UGT2A2	ortholog_many2many	0	19
ugt5b2	UGT2A3	ortholog_many2many	0	19
ugt5b2	UGT2B10	ortholog_many2many	0	19
ugt5b2	UGT2B11	ortholog_many2many	0	19
ugt5b2	UGT2B15	ortholog_many2many	0	19
ugt5b2	UGT2B17	ortholog_many2many	0	19
ugt5b2	UGT2B28	ortholog_many2many	0	19
ugt5b2	UGT2B4	ortholog_many2many	0	19
ugt5b2	UGT2B7	ortholog_many2many	0	19
ugt5b2	UGT3A1	ortholog_many2many	0	19
ugt5b3	UGT1A10	ortholog_many2many	0	19
ugt5b3	UGT1A3	ortholog_many2many	0	19
ugt5b3	UGT1A4	ortholog_many2many	0	19
ugt5b3	UGT1A5	ortholog_many2many	0	19
ugt5b3	UGT1A6	ortholog_many2many	0	19
ugt5b3	UGT1A7	ortholog_many2many	0	19
ugt5b3	UGT1A8	ortholog_many2many	0	19
ugt5b3	UGT1A9	ortholog_many2many	0	19
ugt5b3	UGT2A1	ortholog_many2many	0	19
ugt5b3	UGT2A2	ortholog_many2many	0	19
ugt5b3	UGT2A3	ortholog_many2many	0	19
ugt5b3	UGT2B10	ortholog_many2many	0	19
ugt5b3	UGT2B11	ortholog_many2many	0	19
ugt5b3	UGT2B15	ortholog_many2many	0	19
ugt5b3	UGT2B17	ortholog_many2many	0	19
ugt5b3	UGT2B28	ortholog_many2many	0	19
ugt5b3	UGT2B4	ortholog_many2many	0	19
ugt5b3	UGT2B7	ortholog_many2many	0	19
ugt5b3	UGT3A1	ortholog_many2many	0	19
ugt5b4	UGT1A10	ortholog_many2many	0	19
ugt5b4	UGT1A3	ortholog_many2many	0	19
ugt5b4	UGT1A4	ortholog_many2many	0	19
ugt5b4	UGT1A5	ortholog_many2many	0	19
ugt5b4	UGT1A6	ortholog_many2many	0	19
ugt5b4	UGT1A7	ortholog_many2many	0	19
ugt5b4	UGT1A8	ortholog_many2many	0	19
ugt5b4	UGT1A9	ortholog_many2many	0	19
ugt5b4	UGT2A1	ortholog_many2many	0	19
ugt5b4	UGT2A2	ortholog_many2many	0	19
ugt5b4	UGT2A3	ortholog_many2many	0	19
ugt5b4	UGT2B10	ortholog_many2many	0	19
ugt5b4	UGT2B11	ortholog_many2many	0	19
ugt5b4	UGT2B15	ortholog_many2many	0	19
ugt5b4	UGT2B17	ortholog_many2many	0	19
ugt5b4	UGT2B28	ortholog_many2many	0	19
ugt5b4	UGT2B4	ortholog_many2many	0	19
ugt5b4	UGT2B7	ortholog_many2many	0	19
ugt5b4	UGT3A1	ortholog_many2many	0	19
ugt5c1	UGT1A10	ortholog_many2many	0	19
ugt5c1	UGT1A3	ortholog_many2many	0	19
ugt5c1	UGT1A4	ortholog_many2many	0	19
ugt5c1	UGT1A5	ortholog_many2many	0	19
ugt5c1	UGT1A6	ortholog_many2many	0	19
ugt5c1	UGT1A7	ortholog_many2many	0	19
ugt5c1	UGT1A8	ortholog_many2many	0	19
ugt5c1	UGT1A9	ortholog_many2many	0	19
ugt5c1	UGT2A1	ortholog_many2many	0	19
ugt5c1	UGT2A2	ortholog_many2many	0	19
ugt5c1	UGT2A3	ortholog_many2many	0	19
ugt5c1	UGT2B10	ortholog_many2many	0	19
ugt5c1	UGT2B11	ortholog_many2many	0	19
ugt5c1	UGT2B15	ortholog_many2many	0	19
ugt5c1	UGT2B17	ortholog_many2many	0	19
ugt5c1	UGT2B28	ortholog_many2many	0	19
ugt5c1	UGT2B4	ortholog_many2many	0	19
ugt5c1	UGT2B7	ortholog_many2many	0	19
ugt5c1	UGT3A1	ortholog_many2many	0	19
ugt5c2	UGT1A10	ortholog_many2many	0	19
ugt5c2	UGT1A3	ortholog_many2many	0	19
ugt5c2	UGT1A4	ortholog_many2many	0	19
ugt5c2	UGT1A5	ortholog_many2many	0	19
ugt5c2	UGT1A6	ortholog_many2many	0	19
ugt5c2	UGT1A7	ortholog_many2many	0	19
ugt5c2	UGT1A8	ortholog_many2many	0	19
ugt5c2	UGT1A9	ortholog_many2many	0	19
ugt5c2	UGT2A1	ortholog_many2many	0	19
ugt5c2	UGT2A2	ortholog_many2many	0	19
ugt5c2	UGT2A3	ortholog_many2many	0	19
ugt5c2	UGT2B10	ortholog_many2many	0	19
ugt5c2	UGT2B11	ortholog_many2many	0	19
ugt5c2	UGT2B15	ortholog_many2many	0	19
ugt5c2	UGT2B17	ortholog_many2many	0	19
ugt5c2	UGT2B28	ortholog_many2many	0	19
ugt5c2	UGT2B4	ortholog_many2many	0	19
ugt5c2	UGT2B7	ortholog_many2many	0	19
ugt5c2	UGT3A1	ortholog_many2many	0	19
ugt5c3	UGT1A10	ortholog_many2many	0	19
ugt5c3	UGT1A3	ortholog_many2many	0	19
ugt5c3	UGT1A4	ortholog_many2many	0	19
ugt5c3	UGT1A5	ortholog_many2many	0	19
ugt5c3	UGT1A6	ortholog_many2many	0	19
ugt5c3	UGT1A7	ortholog_many2many	0	19
ugt5c3	UGT1A8	ortholog_many2many	0	19
ugt5c3	UGT1A9	ortholog_many2many	0	19
ugt5c3	UGT2A1	ortholog_many2many	0	19
ugt5c3	UGT2A2	ortholog_many2many	0	19
ugt5c3	UGT2A3	ortholog_many2many	0	19
ugt5c3	UGT2B10	ortholog_many2many	0	19
ugt5c3	UGT2B11	ortholog_many2many	0	19
ugt5c3	UGT2B15	ortholog_many2many	0	19
ugt5c3	UGT2B17	ortholog_many2many	0	19
ugt5c3	UGT2B28	ortholog_many2many	0	19
ugt5c3	UGT2B4	ortholog_many2many	0	19
ugt5c3	UGT2B7	ortholog_many2many	0	19
ugt5c3	UGT3A1	ortholog_many2many	0	19
ugt5d1	UGT1A10	ortholog_many2many	0	19
ugt5d1	UGT1A3	ortholog_many2many	0	19
ugt5d1	UGT1A4	ortholog_many2many	0	19
ugt5d1	UGT1A5	ortholog_many2many	0	19
ugt5d1	UGT1A6	ortholog_many2many	0	19
ugt5d1	UGT1A7	ortholog_many2many	0	19
ugt5d1	UGT1A8	ortholog_many2many	0	19
ugt5d1	UGT1A9	ortholog_many2many	0	19
ugt5d1	UGT2A1	ortholog_many2many	0	19
ugt5d1	UGT2A2	ortholog_many2many	0	19
ugt5d1	UGT2A3	ortholog_many2many	0	19
ugt5d1	UGT2B10	ortholog_many2many	0	19
ugt5d1	UGT2B11	ortholog_many2many	0	19
ugt5d1	UGT2B15	ortholog_many2many	0	19
ugt5d1	UGT2B17	ortholog_many2many	0	19
ugt5d1	UGT2B28	ortholog_many2many	0	19
ugt5d1	UGT2B4	ortholog_many2many	0	19
ugt5d1	UGT2B7	ortholog_many2many	0	19
ugt5d1	UGT3A1	ortholog_many2many	0	19
ugt5e1	UGT1A10	ortholog_many2many	0	19
ugt5e1	UGT1A3	ortholog_many2many	0	19
ugt5e1	UGT1A4	ortholog_many2many	0	19
ugt5e1	UGT1A5	ortholog_many2many	0	19
ugt5e1	UGT1A6	ortholog_many2many	0	19
ugt5e1	UGT1A7	ortholog_many2many	0	19
ugt5e1	UGT1A8	ortholog_many2many	0	19
ugt5e1	UGT1A9	ortholog_many2many	0	19
ugt5e1	UGT2A1	ortholog_many2many	0	19
ugt5e1	UGT2A2	ortholog_many2many	0	19
ugt5e1	UGT2A3	ortholog_many2many	0	19
ugt5e1	UGT2B10	ortholog_many2many	0	19
ugt5e1	UGT2B11	ortholog_many2many	0	19
ugt5e1	UGT2B15	ortholog_many2many	0	19
ugt5e1	UGT2B17	ortholog_many2many	0	19
ugt5e1	UGT2B28	ortholog_many2many	0	19
ugt5e1	UGT2B4	ortholog_many2many	0	19
ugt5e1	UGT2B7	ortholog_many2many	0	19
ugt5e1	UGT3A1	ortholog_many2many	0	19
ugt5f1	UGT1A10	ortholog_many2many	0	19
ugt5f1	UGT1A3	ortholog_many2many	0	19
ugt5f1	UGT1A4	ortholog_many2many	0	19
ugt5f1	UGT1A5	ortholog_many2many	0	19
ugt5f1	UGT1A6	ortholog_many2many	0	19
ugt5f1	UGT1A7	ortholog_many2many	0	19
ugt5f1	UGT1A8	ortholog_many2many	0	19
ugt5f1	UGT1A9	ortholog_many2many	0	19
ugt5f1	UGT2A1	ortholog_many2many	0	19
ugt5f1	UGT2A2	ortholog_many2many	0	19
ugt5f1	UGT2A3	ortholog_many2many	0	19
ugt5f1	UGT2B10	ortholog_many2many	0	19
ugt5f1	UGT2B11	ortholog_many2many	0	19
ugt5f1	UGT2B15	ortholog_many2many	0	19
ugt5f1	UGT2B17	ortholog_many2many	0	19
ugt5f1	UGT2B28	ortholog_many2many	0	19
ugt5f1	UGT2B4	ortholog_many2many	0	19
ugt5f1	UGT2B7	ortholog_many2many	0	19
ugt5f1	UGT3A1	ortholog_many2many	0	19
ugt5g1	UGT1A10	ortholog_many2many	0	19
ugt5g1	UGT1A3	ortholog_many2many	0	19
ugt5g1	UGT1A4	ortholog_many2many	0	19
ugt5g1	UGT1A5	ortholog_many2many	0	19
ugt5g1	UGT1A6	ortholog_many2many	0	19
ugt5g1	UGT1A7	ortholog_many2many	0	19
ugt5g1	UGT1A8	ortholog_many2many	0	19
ugt5g1	UGT1A9	ortholog_many2many	0	19
ugt5g1	UGT2A1	ortholog_many2many	0	19
ugt5g1	UGT2A2	ortholog_many2many	0	19
ugt5g1	UGT2A3	ortholog_many2many	0	19
ugt5g1	UGT2B10	ortholog_many2many	0	19
ugt5g1	UGT2B11	ortholog_many2many	0	19
ugt5g1	UGT2B15	ortholog_many2many	0	19
ugt5g1	UGT2B17	ortholog_many2many	0	19
ugt5g1	UGT2B28	ortholog_many2many	0	19
ugt5g1	UGT2B4	ortholog_many2many	0	19
ugt5g1	UGT2B7	ortholog_many2many	0	19
ugt5g1	UGT3A1	ortholog_many2many	0	19
ugt8	UGT8	ortholog_one2one	1	1
uhmk1	UHMK1	ortholog_one2one	1	1
uhrf1	UHRF1	ortholog_one2one	1	1
ulk1a	ULK1	ortholog_one2many	0	1
ulk3	ULK3	ortholog_one2one	1	1
umps	UMPS	ortholog_one2one	1	1
unc119b	UNC119B	ortholog_one2one	1	1
unc45a	UNC45A	ortholog_one2one	1	1
unc45b	UNC45B	ortholog_one2one	1	1
unc50	UNC50	ortholog_one2one	1	1
unc5b	UNC5B	ortholog_one2one	1	1
unc93a	UNC93A	ortholog_one2one	1	1
unc93b1	UNC93B1	ortholog_one2one	1	1
uncx4.1	UNCX	ortholog_one2many	1	1
unga	UNG	ortholog_one2many	1	1
unk	UNK	ortholog_one2one	1	1
upb1	UPB1	ortholog_one2one	1	1
upf1	UPF1	ortholog_one2one	1	1
upf3a	UPF3A	ortholog_one2one	0	1
upf3b	UPF3B	ortholog_one2one	1	1
upk1a	UPK1A	ortholog_one2one	0	1
upk3b	UPK3B	ortholog_one2many	0	3
upk3b	UPK3BL1	ortholog_one2many	0	3
upk3b	UPK3BL2	ortholog_one2many	0	3
upp1	UPP1	ortholog_one2one	1	1
uprt	UPRT	ortholog_one2one	1	1
uqcc1	UQCC1	ortholog_one2one	1	1
uqcc2	UQCC2	ortholog_one2one	1	1
uqcrb	UQCRB	ortholog_one2one	1	1
uqcrc1	UQCRC1	ortholog_one2one	1	1
uqcrc2b	UQCRC2	ortholog_one2one	1	1
uqcrfs1	UQCRFS1	ortholog_one2one	1	1
uqcrh	UQCRH	ortholog_one2many	1	2
uqcrh	UQCRHL	ortholog_one2many	1	2
uqcrq	UQCRQ	ortholog_one2one	1	1
urb2	URB2	ortholog_one2one	1	1
uri1	URI1	ortholog_one2one	1	1
uroc1	UROC1	ortholog_one2one	1	1
urod	UROD	ortholog_one2one	1	1
uros	UROS	ortholog_one2one	0	1
usb1	USB1	ortholog_one2one	1	1
use1	USE1	ortholog_one2one	1	1
usf1	USF1	ortholog_one2many	1	1
usf1l	USF1	ortholog_one2many	0	1
usf2	USF2	ortholog_one2one	1	1
ush1c	USH1C	ortholog_one2one	1	1
uso1	USO1	ortholog_one2one	1	1
usp1	USP1	ortholog_one2one	1	1
usp12a	USP12	ortholog_one2many	1	1
usp13	USP13	ortholog_one2one	1	1
usp14	USP14	ortholog_one2one	1	1
usp16	USP16	ortholog_one2one	0	1
usp20	USP20	ortholog_one2one	1	1
usp22	USP22	ortholog_one2one	1	1
usp25	USP25	ortholog_one2one	1	1
usp2a	USP2	ortholog_one2one	1	1
usp3	USP3	ortholog_one2one	1	1
usp30	USP30	ortholog_one2many	1	1
usp33	USP33	ortholog_one2one	1	1
usp36	USP36	ortholog_one2one	1	1
usp37	USP37	ortholog_one2one	1	1
usp39	USP39	ortholog_one2one	1	1
usp43a	USP43	ortholog_one2many	1	1
usp44	USP44	ortholog_one2one	1	1
usp47	USP47	ortholog_one2one	1	1
usp49	USP49	ortholog_one2one	1	1
usp5	USP5	ortholog_one2one	1	1
usp6nl	USP6NL	ortholog_one2one	0	1
usp9	USP9X	ortholog_one2many	1	2
usp9	USP9Y	ortholog_one2many	1	2
uspl1	USPL1	ortholog_one2one	0	1
utp15	UTP15	ortholog_one2one	1	1
utp23	UTP23	ortholog_one2one	1	1
utp3	UTP3	ortholog_one2one	0	1
utp6	UTP6	ortholog_one2one	1	1
uts1	UCN	ortholog_one2one	1	1
uts2a	UTS2	ortholog_one2many	0	1
uts2b	UTS2	ortholog_one2many	1	1
uvrag	UVRAG	ortholog_one2one	1	1
uxs1	UXS1	ortholog_one2one	1	1
uxt	UXT	ortholog_one2one	0	1
vac14	VAC14	ortholog_one2one	1	1
vamp3	VAMP3	ortholog_one2one	1	1
vamp4	VAMP4	ortholog_one2one	1	1
vamp5	VAMP5	ortholog_one2one	0	1
vamp8	VAMP8	ortholog_one2one	1	1
vangl1	VANGL1	ortholog_one2one	1	1
vangl2	VANGL2	ortholog_one2one	1	1
vapal	VAPA	ortholog_one2many	0	1
vapb	VAPB	ortholog_one2one	1	1
vars2	VARS2	ortholog_one2one	0	1
vash2	VASH2	ortholog_one2one	1	1
vasna	VASN	ortholog_one2many	1	1
vasnb	VASN	ortholog_one2many	1	1
vaspa	VASP	ortholog_one2many	1	1
vat1	VAT1	ortholog_one2one	1	1
vat1l	VAT1L	ortholog_one2one	1	1
vav3b	VAV3	ortholog_one2many	1	1
vax1	VAX1	ortholog_one2one	1	1
vax2	VAX2	ortholog_one2one	1	1
vbp1	VBP1	ortholog_one2one	1	1
vcanb	VCAN	ortholog_one2many	0	1
vcla	VCL	ortholog_one2many	1	1
vcp	VCP	ortholog_one2one	1	1
vcpkmt	VCPKMT	ortholog_one2one	1	1
vdac1	VDAC1	ortholog_one2one	1	1
vdac2	VDAC2	ortholog_one2one	1	1
vdac3	VDAC3	ortholog_one2many	1	1
vdra	VDR	ortholog_one2many	1	1
vdrb	VDR	ortholog_one2many	1	1
vegfaa	VEGFA	ortholog_one2many	1	1
vegfab	VEGFA	ortholog_one2many	1	1
vegfc	VEGFC	ortholog_one2one	1	1
vent	DLX4	ortholog_many2many	0	2
vent	VENTX	ortholog_many2many	0	2
veph1	VEPH1	ortholog_one2one	1	1
vezf1b	VEZF1	ortholog_one2many	1	1
vgll4b	VGLL4	ortholog_one2many	1	1
vhl	VHL	ortholog_one2many	0	2
vhl	VHLL	ortholog_one2many	0	2
vil1	VIL1	ortholog_one2one	1	1
vim	VIM	ortholog_one2many	1	1
viml	VIM	ortholog_one2many	1	1
vip	VIP	ortholog_one2many	1	1
vipas39	VIPAS39	ortholog_one2one	1	1
vipr1b	VIPR1	ortholog_one2one	1	1
vipr2	VIPR2	ortholog_one2one	1	1
vkorc1l1	VKORC1L1	ortholog_one2one	1	1
vldlr	VLDLR	ortholog_one2one	1	1
vmp1	VMP1	ortholog_one2one	1	1
vox	DLX4	ortholog_many2many	0	1
vps11	VPS11	ortholog_one2one	1	1
vps13a	VPS13A	ortholog_one2one	1	1
vps16	VPS16	ortholog_one2one	1	1
vps18	VPS18	ortholog_one2one	1	1
vps25	VPS25	ortholog_one2one	1	1
vps26a	VPS26A	ortholog_one2one	1	1
vps26b	VPS26B	ortholog_one2many	1	1
vps26bl	VPS26B	ortholog_one2many	1	1
vps28	VPS28	ortholog_one2one	1	1
vps29	VPS29	ortholog_one2one	1	1
vps33a	VPS33A	ortholog_one2one	1	1
vps33b	VPS33B	ortholog_one2one	1	1
vps35	VPS35	ortholog_one2one	1	1
vps36	VPS36	ortholog_one2one	1	1
vps37a	VPS37A	ortholog_one2one	1	1
vps37c	VPS37C	ortholog_one2one	0	1
vps39	VPS39	ortholog_one2one	1	1
vps45	VPS45	ortholog_one2one	1	1
vps4a	VPS4A	ortholog_one2one	1	1
vps51	VPS51	ortholog_one2one	1	1
vps53	VPS53	ortholog_one2one	1	1
vps54	VPS54	ortholog_one2one	1	1
vps8	VPS8	ortholog_one2one	1	1
vps9d1	VPS9D1	ortholog_one2one	1	1
vrk1	VRK1	ortholog_one2one	1	1
vrk2	VRK2	ortholog_one2one	1	1
vrk3	VRK3	ortholog_one2one	0	1
vrtn	VRTN	ortholog_one2one	1	1
vsig8a	VSIG8	ortholog_one2one	0	1
vsig8b	MUC15	ortholog_many2many	0	2
vsig8b	VSIR	ortholog_many2many	0	2
vsnl1a	VSNL1	ortholog_one2many	1	1
vstm4a	VSTM4	ortholog_one2many	1	1
vsx1	VSX1	ortholog_one2one	1	1
vsx2	VSX2	ortholog_one2one	1	1
vta1	VTA1	ortholog_one2one	1	1
vti1a	VTI1A	ortholog_one2one	1	1
vti1b	VTI1B	ortholog_one2one	1	1
vtna	VTN	ortholog_one2many	1	1
vtnb	VTN	ortholog_one2many	1	1
vwa8	VWA8	ortholog_one2one	1	1
vwc2	VWC2	ortholog_one2one	1	1
vwc2l	VWC2L	ortholog_one2one	1	1
vwf	VWF	ortholog_one2one	0	1
waca	WAC	ortholog_one2many	1	1
wacb	WAC	ortholog_one2many	0	1
wars2	WARS2	ortholog_one2one	1	1
wasb	WAS	ortholog_one2many	1	1
wasf2	WASF2	ortholog_one2one	1	1
wasf3b	WASF3	ortholog_one2many	1	1
wash1	WASH6P	ortholog_one2many	1	2
wash1	WASHC1	ortholog_one2many	1	2
wasla	WASL	ortholog_one2many	1	1
waslb	WASL	ortholog_one2many	1	1
wbp1la	WBP1L	ortholog_one2many	1	1
wbp1lb	WBP1L	ortholog_one2many	1	1
wbp2	WBP2	ortholog_one2one	1	1
wbp2nl	WBP2NL	ortholog_one2one	0	1
wdfy1	WDFY1	ortholog_one2one	1	1
wdfy2	WDFY2	ortholog_one2one	1	1
wdhd1	WDHD1	ortholog_one2one	1	1
wdr12	WDR12	ortholog_one2one	1	1
wdr13	WDR13	ortholog_one2one	1	1
wdr17	WDR17	ortholog_one2one	1	1
wdr18	WDR18	ortholog_one2one	1	1
wdr24	WDR24	ortholog_one2one	1	1
wdr26b	WDR26	ortholog_one2many	1	1
wdr3	WDR3	ortholog_one2one	1	1
wdr32	DCAF10	ortholog_one2one	1	1
wdr33	WDR33	ortholog_one2one	0	1
wdr35	WDR35	ortholog_one2one	1	1
wdr36	WDR36	ortholog_one2one	1	1
wdr37	WDR37	ortholog_one2one	1	1
wdr4	WDR4	ortholog_one2one	1	1
wdr41	WDR41	ortholog_one2one	1	1
wdr43	WDR43	ortholog_one2one	1	1
wdr44	WDR44	ortholog_one2one	1	1
wdr45	WDR45	ortholog_one2one	1	1
wdr45b	WDR45B	ortholog_one2one	1	1
wdr46	WDR46	ortholog_one2one	1	1
wdr47b	WDR47	ortholog_one2many	1	1
wdr48a	WDR48	ortholog_one2many	1	1
wdr48b	WDR48	ortholog_one2many	1	1
wdr5	WDR5	ortholog_one2many	1	2
wdr5	WDR5B	ortholog_one2many	1	2
wdr54	FBXW12	ortholog_many2many	0	2
wdr54	WDR54	ortholog_many2many	1	2
wdr55	WDR55	ortholog_one2one	1	1
wdr6	WDR6	ortholog_one2one	1	1
wdr73	WDR73	ortholog_one2one	0	1
wdr74	WDR74	ortholog_one2one	0	1
wdr75	WDR75	ortholog_one2one	1	1
wdr76	WDR76	ortholog_one2one	0	1
wdr82	WDR82	ortholog_one2one	1	1
wdr83	WDR83	ortholog_one2one	1	1
wdr89	WDR89	ortholog_one2one	1	1
wdr91	WDR91	ortholog_one2one	1	1
wdsub1	WDSUB1	ortholog_one2one	1	1
wdtc1	WDTC1	ortholog_one2one	1	1
wee1	WEE1	ortholog_one2one	1	1
wee2	WEE2	ortholog_one2one	1	1
wfdc1	WFDC1	ortholog_one2one	1	1
wfikkn1	EPPIN	ortholog_many2many	0	6
wfikkn1	LRP11	ortholog_many2many	0	6
wfikkn1	SPINT1	ortholog_many2many	0	6
wfikkn1	SPINT4	ortholog_many2many	0	6
wfikkn1	WFDC6	ortholog_many2many	0	6
wfikkn1	WFDC8	ortholog_many2many	0	6
wif1	WIF1	ortholog_one2one	1	1
wipf1a	WIPF1	ortholog_one2one	1	1
wipf2b	WIPF2	ortholog_one2many	1	1
wipi1	WIPI1	ortholog_one2one	1	1
wipi2	WIPI2	ortholog_one2one	1	1
wls	WLS	ortholog_one2one	1	1
wnt1	WNT1	ortholog_one2one	1	1
wnt10a	WNT10A	ortholog_one2one	1	1
wnt10b	WNT10B	ortholog_one2one	1	1
wnt11	WNT11	ortholog_one2one	1	1
wnt16	WNT16	ortholog_one2one	1	1
wnt2	WNT2	ortholog_one2one	0	1
wnt2bb	WNT2B	ortholog_one2one	1	1
wnt3	WNT3	ortholog_one2one	0	1
wnt3a	WNT3A	ortholog_one2one	1	1
wnt5a	WNT5A	ortholog_one2one	1	1
wnt5b	WNT5B	ortholog_one2one	1	1
wnt7aa	WNT7A	ortholog_one2many	1	1
wnt8a	WNT8A	ortholog_one2many	1	1
wnt8b	WNT8B	ortholog_one2one	1	1
wnt9a	WNT9A	ortholog_one2one	1	1
wnt9b	WNT9B	ortholog_one2one	1	1
wrap53	WRAP53	ortholog_one2one	1	1
wrap73	WRAP73	ortholog_one2one	1	1
wrnip1	WRNIP1	ortholog_one2one	1	1
wsb1	WSB1	ortholog_one2one	1	1
wsb2	WSB2	ortholog_one2one	1	1
wscd2	WSCD2	ortholog_one2one	1	1
wt1a	WT1	ortholog_one2one	1	1
wtap	WTAP	ortholog_one2one	1	1
wtip	WTIP	ortholog_one2one	1	1
wwc3	WWC3	ortholog_one2one	1	1
wwox	WWOX	ortholog_one2one	1	1
wwtr1	WWTR1	ortholog_one2one	1	1
xab2	XAB2	ortholog_one2one	1	1
xbp1	XBP1	ortholog_one2one	1	1
xiap	XIAP	ortholog_one2one	1	1
xirp1	XIRP1	ortholog_one2one	0	1
xk	XK	ortholog_one2one	1	1
xkr6b	XKR6	ortholog_one2many	1	1
xkr8.3	XKR8	ortholog_one2many	1	1
xkr9	XKR9	ortholog_one2one	1	1
xkrx	XKR3	ortholog_one2many	0	2
xkrx	XKRX	ortholog_one2many	1	2
xpa	XPA	ortholog_one2one	1	1
xpc	XPC	ortholog_one2one	1	1
xpnpep1	XPNPEP1	ortholog_one2one	1	1
xpnpep2	XPNPEP2	ortholog_one2one	1	1
xpnpep3	XPNPEP3	ortholog_one2one	1	1
xpo4	XPO4	ortholog_one2one	1	1
xpo6	XPO6	ortholog_one2one	1	1
xpo7	XPO7	ortholog_one2one	1	1
xpot	XPOT	ortholog_one2one	1	1
xrcc3	XRCC3	ortholog_one2one	1	1
xrcc5	XRCC5	ortholog_one2one	1	1
xrcc6	XRCC6	ortholog_one2one	1	1
xrn1	XRN1	ortholog_one2one	1	1
xrn2	XRN2	ortholog_one2one	1	1
xylb	XYLB	ortholog_one2one	1	1
xylt1	XYLT1	ortholog_one2one	1	1
xylt2	XYLT2	ortholog_one2one	1	1
yaf2	YAF2	ortholog_one2one	1	1
yap1	YAP1	ortholog_one2one	1	1
yars2	YARS2	ortholog_one2one	1	1
ybey	YBEY	ortholog_one2many	1	1
ybx1	YBX1	ortholog_one2one	1	1
ydjc	YDJC	ortholog_one2one	1	1
yeats4	YEATS4	ortholog_one2one	1	1
yes1	YES1	ortholog_one2one	1	1
yif1a	YIF1A	ortholog_one2one	1	1
yif1b	YIF1B	ortholog_one2one	1	1
yipf1	YIPF1	ortholog_one2one	1	1
yipf2	YIPF2	ortholog_one2one	1	1
yipf3	YIPF3	ortholog_one2one	1	1
yipf4	YIPF4	ortholog_one2one	1	1
yipf5	YIPF5	ortholog_one2one	1	1
yipf6	YIPF6	ortholog_one2one	1	1
yjefn3	YJEFN3	ortholog_one2one	1	1
ykt6	YKT6	ortholog_one2one	1	1
yme1l1b	YME1L1	ortholog_one2many	1	1
yod1	YOD1	ortholog_one2one	1	1
ypel1	YPEL1	ortholog_one2one	1	1
ypel3	YPEL3	ortholog_one2one	1	1
yrdc	YRDC	ortholog_one2one	1	1
yrk	FGR	ortholog_one2one	1	1
ythdc1	YTHDC1	ortholog_one2one	1	1
ythdf1	YTHDF1	ortholog_one2one	1	1
ythdf2	YTHDF2	ortholog_one2one	1	1
ythdf3	YTHDF3	ortholog_one2one	1	1
ywhaba	YWHAB	ortholog_one2many	1	1
ywhabb	YWHAB	ortholog_one2many	1	1
ywhae1	YWHAE	ortholog_one2one	1	1
ywhag1	YWHAG	ortholog_one2many	1	1
ywhah	YWHAH	ortholog_one2one	1	1
ywhaqa	YWHAQ	ortholog_one2many	1	1
ywhaqb	YWHAQ	ortholog_one2many	0	1
yy1a	YY1	ortholog_one2one	1	1
zap70	ZAP70	ortholog_one2one	1	1
zar1	ZAR1	ortholog_one2one	1	1
zar1l	ZAR1L	ortholog_one2one	1	1
zbed4	ZBED4	ortholog_one2one	1	1
zbtb1	ZBTB1	ortholog_one2one	1	1
zbtb10	ZBTB10	ortholog_one2one	1	1
zbtb11	ZBTB11	ortholog_one2one	1	1
zbtb12.1	ZBTB12	ortholog_one2many	0	1
zbtb12.2	ZBTB12	ortholog_one2many	0	1
zbtb14	ZBTB14	ortholog_one2many	1	1
zbtb16a	ZBTB16	ortholog_one2many	1	1
zbtb18	ZBTB18	ortholog_one2one	1	1
zbtb20	ZBTB20	ortholog_one2one	1	1
zbtb24	ZBTB24	ortholog_one2one	1	1
zbtb2a	ZBTB2	ortholog_one2many	1	1
zbtb2b	ZBTB2	ortholog_one2many	1	1
zbtb33	ZBTB33	ortholog_one2one	1	1
zbtb34	ZBTB34	ortholog_one2one	1	1
zbtb37	ZBTB37	ortholog_one2one	1	1
zbtb43	ZBTB43	ortholog_one2one	1	1
zbtb44	ZBTB44	ortholog_one2one	1	1
zbtb49	ZBTB49	ortholog_one2one	1	1
zbtb8a	ZBTB8A	ortholog_one2one	1	1
zbtb8b	C17orf113	ortholog_one2one	0	1
zbtb8os	ZBTB8OS	ortholog_one2one	1	1
zc2hc1a	ZC2HC1A	ortholog_one2one	1	1
zc3h10	ZC3H10	ortholog_one2one	1	1
zc3h11a	C12orf50	ortholog_one2many	0	4
zc3h11a	ZC3H11A	ortholog_one2many	0	4
zc3h11a	ZC3H11B	ortholog_one2many	0	4
zc3h11a	ZC3H11C	ortholog_one2many	0	4
zc3h13	ZC3H13	ortholog_one2one	1	1
zc3h14	ZC3H14	ortholog_one2one	0	1
zc3h15	ZC3H15	ortholog_one2one	1	1
zc3h18	ZC3H18	ortholog_one2one	1	1
zc3h7a	ZC3H7A	ortholog_one2one	1	1
zc3hc1	ZC3HC1	ortholog_one2one	1	1
zc4h2	ZC4H2	ortholog_one2one	1	1
zcchc10	ZCCHC10	ortholog_one2one	1	1
zcchc17	ZCCHC17	ortholog_one2one	1	1
zcchc24	ZCCHC24	ortholog_one2one	1	1
zcchc4	ZCCHC4	ortholog_one2one	1	1
zcchc7	ZCCHC7	ortholog_one2one	1	1
zcchc8	ZCCHC8	ortholog_one2one	1	1
zcchc9	ZCCHC9	ortholog_one2one	1	1
zcrb1	ZCRB1	ortholog_one2one	1	1
zdhhc13	ZDHHC13	ortholog_one2one	1	1
zdhhc14	ZDHHC14	ortholog_one2one	1	1
zdhhc15b	ZDHHC15	ortholog_one2one	1	1
zdhhc16a	ZDHHC16	ortholog_one2many	1	1
zdhhc16b	ZDHHC16	ortholog_one2many	1	1
zdhhc17	ZDHHC17	ortholog_one2one	1	1
zdhhc18a	ZDHHC18	ortholog_one2many	1	1
zdhhc18b	ZDHHC18	ortholog_one2many	1	1
zdhhc2	ZDHHC2	ortholog_one2one	1	1
zdhhc20a	ZDHHC20	ortholog_one2many	0	1
zdhhc23b	ZDHHC23	ortholog_one2many	1	1
zdhhc3a	ZDHHC3	ortholog_one2one	1	1
zdhhc4	ZDHHC4	ortholog_one2one	1	1
zdhhc5a	ZDHHC5	ortholog_one2many	1	1
zdhhc6	ZDHHC6	ortholog_one2one	1	1
zdhhc7	ZDHHC7	ortholog_one2one	1	1
zdhhc8b	ZDHHC8	ortholog_one2one	1	1
zdhhc9	ZDHHC9	ortholog_one2one	1	1
zeb1b	ZEB1	ortholog_one2many	1	1
zeb2b	ZEB2	ortholog_one2one	1	1
zer1	ZER1	ortholog_one2one	1	1
zfand1	ZFAND1	ortholog_one2one	1	1
zfand2a	ZFAND2B	ortholog_one2one	1	1
zfand3	ZFAND3	ortholog_one2one	1	1
zfand4	ZFAND4	ortholog_one2one	1	1
zfp36l1a	ZFP36L1	ortholog_one2many	1	1
zfp36l1b	ZFP36L1	ortholog_one2many	1	1
zfp36l2	ZFP36L2	ortholog_one2one	1	1
zfpl1	ZFPL1	ortholog_one2one	1	1
zfpm1	ZFPM1	ortholog_one2one	1	1
zfpm2a	ZFPM2	ortholog_one2one	1	1
zfr	ZFR	ortholog_one2one	1	1
zfyve19	ZFYVE19	ortholog_one2one	1	1
zfyve21	ZFYVE21	ortholog_one2one	1	1
zfyve26	ZFYVE26	ortholog_one2one	1	1
zfyve27	ZFYVE27	ortholog_one2one	1	1
zfyve28	ZFYVE28	ortholog_one2one	1	1
zgc:100846	C9orf72	ortholog_one2one	1	1
zgc:100868	KLK15	ortholog_many2many	0	3
zgc:100868	PRSS33	ortholog_many2many	0	3
zgc:100868	PRSS48	ortholog_many2many	0	3
zgc:100918	RAB7A	ortholog_one2many	1	1
zgc:101016	C9orf85	ortholog_one2one	1	1
zgc:101040	NAT1	ortholog_many2many	1	2
zgc:101040	NAT2	ortholog_many2many	1	2
zgc:101564	FAM72A	ortholog_one2many	1	4
zgc:101564	FAM72B	ortholog_one2many	1	4
zgc:101564	FAM72C	ortholog_one2many	1	4
zgc:101564	FAM72D	ortholog_one2many	1	4
zgc:101663	MGAT4D	ortholog_one2one	0	1
zgc:101664	SHLD3	ortholog_one2one	0	1
zgc:101699	PLA2G4C	ortholog_one2many	0	1
zgc:101715	C19orf12	ortholog_one2many	1	1
zgc:101716	C8orf76	ortholog_one2one	0	1
zgc:101765	AKR1B10	ortholog_many2many	0	8
zgc:101765	AKR1B15	ortholog_many2many	0	8
zgc:101765	AKR1C1	ortholog_many2many	0	8
zgc:101765	AKR1C2	ortholog_many2many	0	8
zgc:101765	AKR1C3	ortholog_many2many	0	8
zgc:101765	AKR1C4	ortholog_many2many	0	8
zgc:101765	AKR1C8	ortholog_many2many	0	8
zgc:101765	AKR7A3	ortholog_many2many	0	8
zgc:101851	C2orf76	ortholog_one2one	1	1
zgc:101858	CBR3	ortholog_many2many	0	4
zgc:101858	DHRS2	ortholog_many2many	0	4
zgc:101858	DHRS4	ortholog_many2many	0	4
zgc:101858	DHRS4L2	ortholog_many2many	0	4
zgc:103438	CTSL	ortholog_many2many	0	2
zgc:103438	CTSV	ortholog_many2many	0	2
zgc:103482	HABP4	ortholog_one2one	0	1
zgc:103508	BACC1	ortholog_one2many	1	1
zgc:103692	C9orf78	ortholog_one2one	1	1
zgc:103759	NUDT16	ortholog_one2many	0	2
zgc:103759	NUDT16L1	ortholog_one2many	0	2
zgc:109982	RDH8	ortholog_one2many	1	1
zgc:110006	C21orf91	ortholog_one2one	1	1
zgc:110045	PCBP3	ortholog_one2one	0	1
zgc:110158	SSBP4	ortholog_one2many	1	1
zgc:110216	H1-6	ortholog_one2many	0	1
zgc:110239	CTSL	ortholog_many2many	0	2
zgc:110239	CTSV	ortholog_many2many	0	2
zgc:110353	ARRDC5	ortholog_one2many	0	1
zgc:110366	AKR1B10	ortholog_many2many	0	8
zgc:110366	AKR1B15	ortholog_many2many	0	8
zgc:110366	AKR1C1	ortholog_many2many	0	8
zgc:110366	AKR1C2	ortholog_many2many	0	8
zgc:110366	AKR1C3	ortholog_many2many	0	8
zgc:110366	AKR1C4	ortholog_many2many	0	8
zgc:110366	AKR1C8	ortholog_many2many	0	8
zgc:110366	AKR7A3	ortholog_many2many	0	8
zgc:110425	H1-6	ortholog_one2many	0	1
zgc:110626	ARRDC5	ortholog_one2many	0	1
zgc:110782	AKR1B10	ortholog_many2many	0	8
zgc:110782	AKR1B15	ortholog_many2many	0	8
zgc:110782	AKR1C1	ortholog_many2many	0	8
zgc:110782	AKR1C2	ortholog_many2many	0	8
zgc:110782	AKR1C3	ortholog_many2many	0	8
zgc:110782	AKR1C4	ortholog_many2many	0	8
zgc:110782	AKR1C8	ortholog_many2many	0	8
zgc:110782	AKR7A3	ortholog_many2many	0	8
zgc:111986	C6orf62	ortholog_one2one	1	1
zgc:112023	PLCXD1	ortholog_one2one	0	1
zgc:112038	TPSAB1	ortholog_many2many	0	4
zgc:112038	TPSB2	ortholog_many2many	0	4
zgc:112038	TPSD1	ortholog_many2many	0	4
zgc:112038	TPSG1	ortholog_many2many	0	4
zgc:112052	C19orf12	ortholog_one2many	1	1
zgc:112146	CBR3	ortholog_many2many	0	5
zgc:112146	DHRS2	ortholog_many2many	0	5
zgc:112146	DHRS4	ortholog_many2many	0	5
zgc:112146	DHRS4L2	ortholog_many2many	0	5
zgc:112146	HSD11B1	ortholog_many2many	0	5
zgc:112148	TVP23B	ortholog_many2many	0	2
zgc:112148	TVP23C	ortholog_many2many	0	2
zgc:112163	C1orf74	ortholog_one2one	0	1
zgc:112185	C8orf33	ortholog_one2one	0	1
zgc:112234	H2BC1	ortholog_one2many	0	1
zgc:112255	C1orf50	ortholog_one2one	1	1
zgc:112271	BOLA2	ortholog_one2many	1	2
zgc:112271	BOLA2B	ortholog_one2many	1	2
zgc:112416	C21orf58	ortholog_one2one	0	1
zgc:112962	TOR1AIP1	ortholog_many2many	0	2
zgc:112962	TOR1AIP2	ortholog_many2many	0	2
zgc:112982	BCLAF3	ortholog_one2one	0	1
zgc:112998	ZNF100	ortholog_many2many	0	17
zgc:112998	ZNF114	ortholog_many2many	0	17
zgc:112998	ZNF253	ortholog_many2many	0	17
zgc:112998	ZNF257	ortholog_many2many	0	17
zgc:112998	ZNF273	ortholog_many2many	0	17
zgc:112998	ZNF430	ortholog_many2many	0	17
zgc:112998	ZNF431	ortholog_many2many	0	17
zgc:112998	ZNF479	ortholog_many2many	0	17
zgc:112998	ZNF626	ortholog_many2many	0	17
zgc:112998	ZNF66	ortholog_many2many	0	17
zgc:112998	ZNF675	ortholog_many2many	0	17
zgc:112998	ZNF680	ortholog_many2many	0	17
zgc:112998	ZNF723	ortholog_many2many	0	17
zgc:112998	ZNF730	ortholog_many2many	0	17
zgc:112998	ZNF737	ortholog_many2many	0	17
zgc:112998	ZNF92	ortholog_many2many	0	17
zgc:112998	ZNF98	ortholog_many2many	0	17
zgc:113019	THAP6	ortholog_many2many	0	1
zgc:113054	DHRS2	ortholog_many2many	0	1
zgc:113184	TANK	ortholog_one2many	0	1
zgc:113263	TINF2	ortholog_one2many	0	1
zgc:113337	NCR3	ortholog_many2many	0	5
zgc:113337	NECTIN2	ortholog_many2many	0	5
zgc:113337	PVR	ortholog_many2many	0	5
zgc:113337	SMAGP	ortholog_many2many	0	5
zgc:113337	TIGIT	ortholog_many2many	0	5
zgc:113423	BEND2	ortholog_one2many	0	1
zgc:113425	MS4A10	ortholog_many2many	0	10
zgc:113425	MS4A13	ortholog_many2many	0	10
zgc:113425	MS4A14	ortholog_many2many	0	10
zgc:113425	MS4A15	ortholog_many2many	0	10
zgc:113425	MS4A18	ortholog_many2many	0	10
zgc:113425	MS4A2	ortholog_many2many	0	10
zgc:113425	MS4A5	ortholog_many2many	0	10
zgc:113425	MS4A6A	ortholog_many2many	0	10
zgc:113425	MS4A6E	ortholog_many2many	0	10
zgc:113425	MS4A7	ortholog_many2many	0	10
zgc:114041	SLC16A11	ortholog_one2many	0	1
zgc:114046	H2BC1	ortholog_one2many	0	1
zgc:114188	RPS17	ortholog_one2one	1	1
zgc:123103	CTSL	ortholog_many2many	0	2
zgc:123103	CTSV	ortholog_many2many	0	2
zgc:123105	KIAA1191	ortholog_one2one	1	1
zgc:123217	KLK15	ortholog_many2many	0	3
zgc:123217	PRSS33	ortholog_many2many	0	3
zgc:123217	PRSS48	ortholog_many2many	0	3
zgc:123284	CBR3	ortholog_many2many	0	5
zgc:123284	DHRS2	ortholog_many2many	0	5
zgc:123284	DHRS4	ortholog_many2many	0	5
zgc:123284	DHRS4L2	ortholog_many2many	0	5
zgc:123284	HSD11B1	ortholog_many2many	0	5
zgc:123295	TPSAB1	ortholog_many2many	0	4
zgc:123295	TPSB2	ortholog_many2many	0	4
zgc:123295	TPSD1	ortholog_many2many	0	4
zgc:123295	TPSG1	ortholog_many2many	0	4
zgc:123297	BTN2A1	ortholog_one2many	0	1
zgc:123305	LPIN3	ortholog_one2one	0	1
zgc:123321	YIPF7	ortholog_one2one	0	1
zgc:136333	CYP27A1	ortholog_one2many	1	1
zgc:136472	PDIA2	ortholog_many2many	0	2
zgc:136472	PDILT	ortholog_many2many	0	2
zgc:136864	C19orf53	ortholog_one2one	0	1
zgc:136872	CAPN14	ortholog_one2many	0	1
zgc:136971	DPP4	ortholog_one2many	0	1
zgc:152774	MORC4	ortholog_many2many	0	1
zgc:152948	C18orf54	ortholog_one2one	0	1
zgc:152968	AEN	ortholog_one2many	0	1
zgc:153031	DHFR	ortholog_many2many	0	2
zgc:153031	DHFR2	ortholog_many2many	0	2
zgc:153115	KLF14	ortholog_many2many	0	4
zgc:153115	KLF16	ortholog_many2many	0	4
zgc:153115	KLF17	ortholog_many2many	0	4
zgc:153115	KLF18	ortholog_many2many	0	4
zgc:153142	C10orf53	ortholog_one2one	1	1
zgc:153184	RCSD1	ortholog_one2many	0	1
zgc:153219	ITLN2	ortholog_one2many	0	1
zgc:153240	C17orf75	ortholog_one2one	1	1
zgc:153292	ARL14EPL	ortholog_many2many	0	3
zgc:153292	THAP2	ortholog_many2many	0	3
zgc:153292	THAP6	ortholog_many2many	0	3
zgc:153352	C5orf34	ortholog_one2one	0	1
zgc:153383	FAM177A1	ortholog_one2many	1	1
zgc:153405	H1-6	ortholog_one2many	0	1
zgc:153409	H4C15	ortholog_one2many	0	1
zgc:153521	C2orf69	ortholog_one2one	1	1
zgc:153615	SCHIP1	ortholog_one2many	1	1
zgc:153704	LCN1	ortholog_many2many	0	12
zgc:153704	LCN10	ortholog_many2many	0	12
zgc:153704	LCN12	ortholog_many2many	0	12
zgc:153704	LCN15	ortholog_many2many	0	12
zgc:153704	LCN2	ortholog_many2many	0	12
zgc:153704	LCN6	ortholog_many2many	0	12
zgc:153704	LCN8	ortholog_many2many	0	12
zgc:153704	LCN9	ortholog_many2many	0	12
zgc:153704	LCNL1	ortholog_many2many	0	12
zgc:153704	OBP2A	ortholog_many2many	0	12
zgc:153704	OBP2B	ortholog_many2many	0	12
zgc:153704	PAEP	ortholog_many2many	0	12
zgc:153867	MYL6	ortholog_many2many	1	2
zgc:153867	MYL6B	ortholog_many2many	1	2
zgc:153913	LRTM2	ortholog_one2many	0	1
zgc:153932	GP2	ortholog_one2many	0	1
zgc:153968	TPSAB1	ortholog_many2many	0	4
zgc:153968	TPSB2	ortholog_many2many	0	4
zgc:153968	TPSD1	ortholog_many2many	0	4
zgc:153968	TPSG1	ortholog_many2many	0	4
zgc:154046	CRAT	ortholog_one2many	1	1
zgc:154077	FERRY3	ortholog_one2one	1	1
zgc:154125	C17orf99	ortholog_many2many	0	2
zgc:154125	MILR1	ortholog_many2many	0	2
zgc:158258	C1orf116	ortholog_one2many	0	1
zgc:158260	FAM47E	ortholog_one2one	0	1
zgc:158343	IER3	ortholog_one2one	0	1
zgc:158376	FBXL19	ortholog_one2many	0	1
zgc:158398	TMEM219	ortholog_one2one	0	1
zgc:158423	SLC3A2	ortholog_one2many	0	1
zgc:158482	SLC27A5	ortholog_one2many	0	1
zgc:158785	MARCHF3	ortholog_one2one	1	1
zgc:158803	LUC7L2	ortholog_one2one	0	1
zgc:158868	DHRS2	ortholog_many2many	0	1
zgc:161973	FBXO15	ortholog_one2many	0	1
zgc:162025	C12orf43	ortholog_one2one	0	1
zgc:162184	CAPN14	ortholog_one2many	0	1
zgc:162193	TCAF1	ortholog_many2many	1	3
zgc:162193	TCAF2	ortholog_many2many	0	3
zgc:162193	TCAF2C	ortholog_many2many	0	3
zgc:162255	C6orf89	ortholog_one2one	0	1
zgc:162634	PYURF	ortholog_one2one	1	1
zgc:162707	C3orf70	ortholog_one2many	1	1
zgc:162858	AP1S1	ortholog_one2one	1	1
zgc:162898	C15orf61	ortholog_one2one	1	1
zgc:162928	C8orf34	ortholog_one2one	1	1
zgc:163030	CST3	ortholog_one2many	0	1
zgc:163061	H1-6	ortholog_one2many	0	1
zgc:163083	CBR3	ortholog_many2many	0	5
zgc:163083	DHRS2	ortholog_many2many	0	5
zgc:163083	DHRS4	ortholog_many2many	0	5
zgc:163083	DHRS4L2	ortholog_many2many	0	5
zgc:163083	HSD11B1	ortholog_many2many	0	5
zgc:163143	ARL14EPL	ortholog_many2many	0	3
zgc:163143	THAP2	ortholog_many2many	0	3
zgc:163143	THAP6	ortholog_many2many	0	3
zgc:165423	TPSAB1	ortholog_many2many	0	4
zgc:165423	TPSB2	ortholog_many2many	0	4
zgc:165423	TPSD1	ortholog_many2many	0	4
zgc:165423	TPSG1	ortholog_many2many	0	4
zgc:165555	H4C2	ortholog_many2many	0	2
zgc:165555	H4C4	ortholog_many2many	0	2
zgc:165582	FUT9	ortholog_one2many	1	1
zgc:171482	KRCC1	ortholog_one2one	0	1
zgc:171534	ENDOD1	ortholog_one2many	0	1
zgc:171740	RFFL	ortholog_one2many	1	1
zgc:172053	REG1A	ortholog_many2many	0	4
zgc:172053	REG1B	ortholog_many2many	0	4
zgc:172053	REG3A	ortholog_many2many	0	4
zgc:172053	REG3G	ortholog_many2many	0	4
zgc:172065	SEPTIN14	ortholog_one2many	0	1
zgc:172075	SEPTIN14	ortholog_one2many	0	1
zgc:172136	FRMD1	ortholog_one2many	1	1
zgc:172145	FTHL17	ortholog_many2many	0	3
zgc:172145	FTL	ortholog_many2many	0	3
zgc:172145	FTMT	ortholog_many2many	0	3
zgc:172282	LRFN3	ortholog_one2one	0	1
zgc:172295	GK	ortholog_one2many	1	3
zgc:172295	GK2	ortholog_one2many	1	3
zgc:172295	GK3	ortholog_one2many	1	3
zgc:173486	ZFP41	ortholog_one2many	0	1
zgc:173552	H3-7	ortholog_one2many	0	1
zgc:173585	H2BC1	ortholog_one2many	0	1
zgc:173587	H2BC1	ortholog_one2many	0	1
zgc:173729	SERPINB8	ortholog_one2many	0	1
zgc:174719	MTUS2	ortholog_one2many	0	1
zgc:174904	CLEC4F	ortholog_one2one	0	1
zgc:174928	ZNF22	ortholog_one2many	0	1
zgc:175280	SLC7A13	ortholog_many2many	0	1
zgc:194392	C1orf115	ortholog_one2many	0	1
zgc:194621	EPSTI1	ortholog_one2many	0	1
zgc:194989	H2BC1	ortholog_one2many	0	1
zgc:195077	SEPTIN14	ortholog_one2many	0	1
zgc:195212	TOP6BL	ortholog_one2one	0	1
zgc:198329	CEACAM19	ortholog_many2many	0	2
zgc:198329	VSTM5	ortholog_many2many	0	2
zgc:55461	TUBB4B	ortholog_one2many	1	1
zgc:55733	RALYL	ortholog_one2many	0	1
zgc:55781	C7orf25	ortholog_one2one	1	1
zgc:55943	C1orf21	ortholog_one2many	0	1
zgc:56095	FTHL17	ortholog_many2many	0	3
zgc:56095	FTL	ortholog_many2many	0	3
zgc:56095	FTMT	ortholog_many2many	0	3
zgc:56106	C11orf58	ortholog_one2one	1	1
zgc:56235	VDAC3	ortholog_one2many	0	1
zgc:56556	C5orf22	ortholog_one2one	1	1
zgc:56596	UBL4A	ortholog_one2one	1	1
zgc:56622	AKR1B10	ortholog_many2many	0	9
zgc:56622	AKR1B15	ortholog_many2many	0	9
zgc:56622	AKR1C1	ortholog_many2many	0	9
zgc:56622	AKR1C2	ortholog_many2many	0	9
zgc:56622	AKR1C3	ortholog_many2many	0	9
zgc:56622	AKR1C4	ortholog_many2many	0	9
zgc:56622	AKR1C8	ortholog_many2many	0	9
zgc:56622	AKR7A2	ortholog_many2many	0	9
zgc:56622	AKR7A3	ortholog_many2many	0	9
zgc:63470	C11orf68	ortholog_one2one	1	1
zgc:63587	SEPTIN14	ortholog_one2many	0	1
zgc:63882	C1orf35	ortholog_one2one	1	1
zgc:64002	INMT	ortholog_one2many	0	2
zgc:64002	NNMT	ortholog_one2many	0	2
zgc:64051	CD53	ortholog_one2one	0	1
zgc:64189	TSC22D3	ortholog_one2one	0	1
zgc:65894	TUBB4B	ortholog_one2many	0	1
zgc:65997	CBR3	ortholog_many2many	0	2
zgc:65997	DHRS2	ortholog_many2many	0	2
zgc:66472	CTCFL	ortholog_many2many	0	27
zgc:66472	ZFP92	ortholog_many2many	0	27
zgc:66472	ZNF107	ortholog_many2many	0	27
zgc:66472	ZNF160	ortholog_many2many	0	27
zgc:66472	ZNF181	ortholog_many2many	0	27
zgc:66472	ZNF184	ortholog_many2many	0	27
zgc:66472	ZNF208	ortholog_many2many	0	27
zgc:66472	ZNF282	ortholog_many2many	0	27
zgc:66472	ZNF302	ortholog_many2many	0	27
zgc:66472	ZNF347	ortholog_many2many	0	27
zgc:66472	ZNF420	ortholog_many2many	0	27
zgc:66472	ZNF473	ortholog_many2many	0	27
zgc:66472	ZNF48	ortholog_many2many	0	27
zgc:66472	ZNF497	ortholog_many2many	0	27
zgc:66472	ZNF569	ortholog_many2many	0	27
zgc:66472	ZNF574	ortholog_many2many	0	27
zgc:66472	ZNF594	ortholog_many2many	0	27
zgc:66472	ZNF665	ortholog_many2many	0	27
zgc:66472	ZNF688	ortholog_many2many	0	27
zgc:66472	ZNF689	ortholog_many2many	0	27
zgc:66472	ZNF729	ortholog_many2many	0	27
zgc:66472	ZNF747	ortholog_many2many	0	27
zgc:66472	ZNF764	ortholog_many2many	0	27
zgc:66472	ZNF785	ortholog_many2many	0	27
zgc:66472	ZNF84	ortholog_many2many	0	27
zgc:66472	ZNF91	ortholog_many2many	0	27
zgc:66472	ZNF99	ortholog_many2many	0	27
zgc:66473	SEPTIN14	ortholog_one2many	0	1
zgc:66474	HIC1	ortholog_one2many	0	1
zgc:66479	GOLIM4	ortholog_one2one	0	1
zgc:66484	IL4I1	ortholog_many2many	0	2
zgc:66484	MAOB	ortholog_many2many	0	2
zgc:77056	KIAA1143	ortholog_one2one	1	1
zgc:77058	C5orf24	ortholog_one2many	1	1
zgc:77650	ARF5	ortholog_one2many	1	1
zgc:77739	C4orf33	ortholog_one2one	1	1
zgc:77752	PTPDC1	ortholog_one2one	0	1
zgc:77784	ROBO3	ortholog_one2many	0	1
zgc:77929	C6orf120	ortholog_one2one	1	1
zgc:77938	ADH1A	ortholog_many2many	0	7
zgc:77938	ADH1B	ortholog_many2many	0	7
zgc:77938	ADH1C	ortholog_many2many	0	7
zgc:77938	ADH4	ortholog_many2many	0	7
zgc:77938	ADH5	ortholog_many2many	0	7
zgc:77938	ADH6	ortholog_many2many	1	7
zgc:77938	ADH7	ortholog_many2many	0	7
zgc:85932	CAPNS2	ortholog_one2many	0	1
zgc:85936	ANKLE1	ortholog_one2one	0	1
zgc:86811	AK6	ortholog_one2one	1	1
zgc:92040	PRODH2	ortholog_one2one	0	1
zgc:92140	C1orf21	ortholog_one2many	0	1
zgc:92161	CBR3	ortholog_many2many	0	5
zgc:92161	DHRS2	ortholog_many2many	0	5
zgc:92161	DHRS4	ortholog_many2many	0	5
zgc:92161	DHRS4L2	ortholog_many2many	0	5
zgc:92161	HSD11B1	ortholog_many2many	0	5
zgc:92313	TPSAB1	ortholog_many2many	0	4
zgc:92313	TPSB2	ortholog_many2many	0	4
zgc:92313	TPSD1	ortholog_many2many	0	4
zgc:92313	TPSG1	ortholog_many2many	0	4
zgc:92429	ITGB1BP2	ortholog_one2one	0	1
zgc:92664	BACC1	ortholog_one2many	1	1
zgc:92744	SERP1	ortholog_one2many	1	1
zgc:92749	ELOVL3	ortholog_one2many	0	1
zgc:92818	C16orf87	ortholog_one2one	1	1
zglp1	ZGLP1	ortholog_one2one	0	1
zgpat	ZGPAT	ortholog_one2one	1	1
zic1	ZIC1	ortholog_one2one	1	1
zic2a	ZIC2	ortholog_one2many	1	1
zic2b	ZIC2	ortholog_one2many	1	1
zic3	ZIC3	ortholog_one2one	1	1
zic4	ZIC4	ortholog_one2one	1	1
zic5	ZIC5	ortholog_one2one	1	1
zic6	ZXDA	ortholog_many2many	0	3
zic6	ZXDB	ortholog_many2many	0	3
zic6	ZXDC	ortholog_many2many	0	3
zmat2	ZMAT2	ortholog_one2one	1	1
zmat5	ZMAT5	ortholog_one2one	0	1
zmiz1a	ZMIZ1	ortholog_one2many	1	1
zmp:0000001138	B2M	ortholog_one2one	0	1
zmpste24	ZMPSTE24	ortholog_one2one	1	1
zmynd10	ZMYND10	ortholog_one2one	1	1
zmynd11	ZMYND11	ortholog_one2one	1	1
zmynd19	ZMYND19	ortholog_one2one	1	1
znf131	ZNF131	ortholog_one2one	1	1
znf143a	ZNF143	ortholog_one2many	1	1
znf143b	ZNF143	ortholog_one2many	1	1
znf148	ZNF148	ortholog_one2one	1	1
znf185	ZNF185	ortholog_one2one	0	1
znf207a	ZNF207	ortholog_one2one	1	1
znf236	ZNF236	ortholog_one2one	1	1
znf277	ZNF277	ortholog_one2one	1	1
znf281b	ZNF281	ortholog_one2many	1	1
znf292a	ZNF292	ortholog_one2many	0	1
znf292b	ZNF292	ortholog_one2many	1	1
znf296	ZNF296	ortholog_one2one	0	1
znf326	ZNF326	ortholog_one2one	1	1
znf330	ZNF330	ortholog_one2one	1	1
znf341	ZNF341	ortholog_one2one	1	1
znf346	ZNF346	ortholog_one2one	0	1
znf362a	ZNF362	ortholog_one2many	1	1
znf362b	ZNF362	ortholog_one2many	1	1
znf367	ZNF367	ortholog_one2one	1	1
znf385b	ZNF385B	ortholog_one2one	1	1
znf395a	ZNF395	ortholog_one2many	1	1
znf395b	ZNF395	ortholog_one2many	1	1
znf410	ZNF410	ortholog_one2one	1	1
znf414	ZNF414	ortholog_one2one	0	1
znf438	ZNF438	ortholog_one2one	1	1
znf503	ZNF503	ortholog_one2one	1	1
znf511	ZNF511	ortholog_one2one	1	1
znf516	ZNF219	ortholog_one2one	0	1
znf574	ZNF212	ortholog_one2many	0	5
znf574	ZNF662	ortholog_one2many	0	5
znf574	ZNF667	ortholog_one2many	0	5
znf574	ZNF671	ortholog_one2many	0	5
znf574	ZNF783	ortholog_one2many	0	5
znf592	ZNF592	ortholog_one2one	1	1
znf593	ZNF593	ortholog_one2one	0	1
znf598	ZNF598	ortholog_one2one	1	1
znf609a	ZNF609	ortholog_one2many	1	1
znf644a	ZNF644	ortholog_one2many	0	1
znf692	ZFP91	ortholog_one2many	0	1
znf703	ZNF703	ortholog_one2one	1	1
znf704	ZNF704	ortholog_one2one	1	1
znf706	ZNF706	ortholog_one2one	1	1
znf710a	ZNF710	ortholog_one2many	1	1
znf711	ZNF711	ortholog_one2one	1	1
znf740b	ZNF740	ortholog_one2one	0	1
znf750	ZNF750	ortholog_one2one	0	1
znf76	ZNF76	ortholog_one2one	1	1
znf800b	ZNF800	ortholog_one2many	0	1
znf804a	ZNF804A	ortholog_one2one	1	1
znf831	ZNF831	ortholog_one2one	0	1
znf865	ZNF865	ortholog_one2many	0	1
znfl2a	ZBTB2	ortholog_one2many	0	1
znhit1	ZNHIT1	ortholog_one2one	1	1
znhit2	ZNHIT2	ortholog_one2one	0	1
znhit3	ZNHIT3	ortholog_one2one	1	1
znrf1	ZNRF1	ortholog_one2one	1	1
znrf2b	ZNRF2	ortholog_one2one	1	1
znrf3	ZNRF3	ortholog_one2one	1	1
zp2.1	C16orf96	ortholog_many2many	0	1
zp2.2	C16orf96	ortholog_many2many	0	1
zp2.3	C16orf96	ortholog_many2many	0	1
zp2.5	C16orf96	ortholog_many2many	0	1
zp2.6	C16orf96	ortholog_many2many	0	1
zp2l1	C16orf96	ortholog_many2many	0	1
zp2l2	C16orf96	ortholog_many2many	0	1
zp3	POMZP3	ortholog_many2many	0	2
zp3	ZP3	ortholog_many2many	0	2
zp3.2	POMZP3	ortholog_many2many	0	2
zp3.2	ZP3	ortholog_many2many	0	2
zp3a.1	POMZP3	ortholog_many2many	0	2
zp3a.1	ZP3	ortholog_many2many	0	2
zp3a.2	POMZP3	ortholog_many2many	0	2
zp3a.2	ZP3	ortholog_many2many	0	2
zp3b	POMZP3	ortholog_many2many	0	2
zp3b	ZP3	ortholog_many2many	0	2
zpld1a	ZPLD1	ortholog_one2many	1	1
zpr1	ZPR1	ortholog_one2one	1	1
zranb1b	ZRANB1	ortholog_one2many	1	1
zranb2	ZRANB2	ortholog_one2one	1	1
zswim2	ZSWIM2	ortholog_one2one	1	1
zswim5	ZSWIM5	ortholog_one2one	1	1
zswim6	ZSWIM6	ortholog_one2one	1	1
zswim7	ZSWIM7	ortholog_one2one	0	1
zswim8	ZSWIM8	ortholog_one2one	1	1
zw10	ZW10	ortholog_one2one	1	1
zwilch	ZWILCH	ortholog_one2one	1	1
zyg11	ZYG11A	ortholog_many2many	1	2
zyg11	ZYG11B	ortholog_many2many	1	2
zyx	ZYX	ortholog_one2one	1	1
zzz3	ZZZ3	ortholog_one2one	1	1
